schema	tiler.apple-numerical-behaviour/v4
probe.repository_base_revision	38b276b4b15ac92abffa92bfaa5b79d067892c84
probe.harness_sha256	4df75f4345f5b29d95fbabed78bb19c34605552f04c3d436fd31c4fc3cef394d
probe.host_source_sha256	2018fb0ed7029d19bcd2188bf070b00da32c5dbdf328cf68c905390b40f14758
probe.matrix	exhaustive
probe.fixed_flags	-std=metal3.1
probe.default_fp32_functions	precise
probe.entry_point	tiler_probe
probe.operands	00000001 00400000 007fffff 00800000 80400000 80000000 3eb97ef9 3f800000
probe.runtime_fixed_options	lang=3.1
probe.runtime_paired_optimization	-O2
probe.guard_layers.offline_with_device	emitted-arithmetic execution-witness
probe.guard_layers.offline_without_device	emitted-arithmetic
probe.guard_layers.runtime	execution-witness
probe.offline_flag_without_runtime_counterpart.0	-target: MTLCompileOptions has no target property; the runtime compiler targets the device and OS it is running on, which is why a runtime case is attributed to the family whose execution environment compiled it
probe.offline_flag_without_runtime_counterpart.1	-ffp-contract: MTLCompileOptions has no contraction property; the source-level `#pragma METAL fp contract(...)` is accepted by this front end but changing the source would break the byte-identical pairing the comparison depends on
probe.offline_flag_without_runtime_counterpart.2	-O0/-O1/-O3/-Os: MTLLibraryOptimizationLevel offers Default and Size only, so four of the five offline optimization levels have no runtime counterpart
environment.date_utc	2026-07-25T15:57:23Z
environment.os_version	27.0
environment.os_build	26A5388g
environment.machine	arm64
environment.xcode	Xcode 26.6 Build version 17F113
environment.family.macos.metal_platform	MetalPlatform::MacOs
environment.family.macos.sdk	macosx
environment.family.macos.sdk_version	26.5
environment.family.macos.sdk_build	25F70
environment.family.macos.requested_target	air64-apple-macos13.0
environment.family.macos.metal_version	Apple metal version 32023.883 (metalfe-32023.883)
environment.family.macos.metallib_version	AIR-LLD 32023.883 (metalfe-32023.883) (compatible with legacy metallib linker)
environment.family.macos.execution	macos-host-gpu
environment.family.macos.emitted_triple	air64_v26-apple-macosx14.0.0
environment.family.macos.device	Apple M4 Max
environment.family.macos.device_registry_id	4294968621
environment.family.macos.runtime_compiler	Apple metal version 32023.921 (metalfe-32023.921)
environment.family.macos.runtime_compiler_images	/System/Library/PrivateFrameworks/GPUCompiler.framework/Versions/32023/Libraries/libGPUCompilerUtils.dylib /System/Library/PrivateFrameworks/GPUCompiler.framework/Versions/32023/Libraries/libllvm-flatbuffers.dylib
environment.family.macos.runtime_compiler_build	metalfe-32023.921
environment.family.ios-device.metal_platform	MetalPlatform::IOsDevice
environment.family.ios-device.sdk	iphoneos
environment.family.ios-device.sdk_version	26.5
environment.family.ios-device.sdk_build	23F81a
environment.family.ios-device.requested_target	air64-apple-ios16.0
environment.family.ios-device.metal_version	Apple metal version 32023.883 (metalfe-32023.883)
environment.family.ios-device.metallib_version	AIR-LLD 32023.883 (metalfe-32023.883) (compatible with legacy metallib linker)
environment.family.ios-device.execution	unavailable:no iOS device is attached to this host; closing it needs a physical iPhone or iPad and a dispatch run on that device's own GPU
environment.family.ios-device.emitted_triple	air64_v26-apple-ios17.0.0
environment.family.ios-device.device	unavailable:no iOS device is attached to this host; closing it needs a physical iPhone or iPad and a dispatch run on that device's own GPU
environment.family.ios-device.device_registry_id	unavailable:no iOS device is attached to this host; closing it needs a physical iPhone or iPad and a dispatch run on that device's own GPU
environment.family.ios-device.runtime_compiler	unavailable:no iOS device is attached to this host; closing it needs a physical iPhone or iPad and a dispatch run on that device's own GPU
environment.family.ios-device.runtime_compiler_images	unavailable:no iOS device is attached to this host; closing it needs a physical iPhone or iPad and a dispatch run on that device's own GPU
environment.family.ios-device.runtime_compiler_build	unavailable:no iOS device is attached to this host; closing it needs a physical iPhone or iPad and a dispatch run on that device's own GPU
environment.family.ios-simulator.metal_platform	MetalPlatform::IOsSimulator
environment.family.ios-simulator.sdk	iphonesimulator
environment.family.ios-simulator.sdk_version	26.5
environment.family.ios-simulator.sdk_build	23F81a
environment.family.ios-simulator.requested_target	air64-apple-ios16.0-simulator
environment.family.ios-simulator.metal_version	Apple metal version 32023.883 (metalfe-32023.883)
environment.family.ios-simulator.metallib_version	AIR-LLD 32023.883 (metalfe-32023.883) (compatible with legacy metallib linker)
environment.family.ios-simulator.execution	ios-simulator-runtime
environment.family.ios-simulator.emitted_triple	air64_v26-apple-ios17.0.0-simulator
environment.family.ios-simulator.device	Apple iOS simulator GPU
environment.family.ios-simulator.device_registry_id	4294968621
environment.family.ios-simulator.runtime_compiler	unavailable:dispatch of the archive-support probe failed with 134: +[MTLLoader sliceIDForDevice:legacyDriverVersion:airntDriverVersion:]:692: failed assertion `Target device architecture is nil' Child process terminated with signal 6: Abort trap
environment.family.ios-simulator.runtime_compiler_images	/Library/Developer/CoreSimulator/Volumes/iOS_23A8464/Library/Developer/CoreSimulator/Profiles/Runtimes/iOS 26.0.simruntime/Contents/Resources/RuntimeRoot/System/Library/PrivateFrameworks/GPUCompiler.framework/Libraries/libGPUCompilerUtils.dylib
environment.family.ios-simulator.runtime_compiler_build	metalfe-32023.830.1
environment.family.ios-simulator.simulator_runtime	iOS 26.0 26.0.1 build 23A8464
environment.family.ios-simulator.simulator_device	iPad (A16)
environment.family.ios-simulator.simulator_device_udid	98099F5C-B40B-4F82-A924-593334EA261B
environment.family.ios-simulator.simulator_booted_by_probe	false
hazard.cross_family_load.ios-device_module_on_macos_gpu	loaded and ran; results 00000000 00000000 00000000 01000000 80000000 80000000 3f397ef9 40000000
case.ios-device.add_smallest_normal.fast.O0.contract-off.compile_options	air.compile.denorms_disable air.compile.fast_math_enable air.compile.framebuffer_fetch_enable
case.ios-device.add_smallest_normal.fast.O0.contract-off.float_operations	fadd+reassoc+nnan+ninf+nsz+arcp+afn
case.ios-device.add_smallest_normal.fast.O2.contract-off.compile_options	air.compile.denorms_disable air.compile.fast_math_enable air.compile.framebuffer_fetch_enable
case.ios-device.add_smallest_normal.fast.O2.contract-off.float_operations	fadd+reassoc+nnan+ninf+nsz+arcp+afn
case.ios-device.add_smallest_normal.relaxed.O0.contract-off.compile_options	air.compile.denorms_disable air.compile.fast_math_disable air.compile.framebuffer_fetch_enable
case.ios-device.add_smallest_normal.relaxed.O0.contract-off.float_operations	fadd+reassoc+nsz+arcp+afn
case.ios-device.add_smallest_normal.relaxed.O2.contract-off.compile_options	air.compile.denorms_disable air.compile.fast_math_disable air.compile.framebuffer_fetch_enable
case.ios-device.add_smallest_normal.relaxed.O2.contract-off.float_operations	fadd+reassoc+nsz+arcp+afn
case.ios-device.add_smallest_normal.safe.O0.contract-off.compile_options	air.compile.denorms_disable air.compile.fast_math_disable air.compile.framebuffer_fetch_enable
case.ios-device.add_smallest_normal.safe.O0.contract-off.float_operations	fadd
case.ios-device.add_smallest_normal.safe.O2.contract-off.compile_options	air.compile.denorms_disable air.compile.fast_math_disable air.compile.framebuffer_fetch_enable
case.ios-device.add_smallest_normal.safe.O2.contract-off.float_operations	fadd
case.ios-device.contraction_pair.safe.O2.contract-fast.compile_options	air.compile.denorms_disable air.compile.fast_math_disable air.compile.framebuffer_fetch_enable
case.ios-device.contraction_pair.safe.O2.contract-fast.float_operations	fmul+contract fadd+contract
case.ios-device.contraction_pair.safe.O2.contract-off.compile_options	air.compile.denorms_disable air.compile.fast_math_disable air.compile.framebuffer_fetch_enable
case.ios-device.contraction_pair.safe.O2.contract-off.float_operations	fmul fadd
case.ios-device.contraction_pair.safe.O2.contract-on.compile_options	air.compile.denorms_disable air.compile.fast_math_disable air.compile.framebuffer_fetch_enable
case.ios-device.contraction_pair.safe.O2.contract-on.float_operations	fmul fadd
case.ios-device.contraction_pair_canonicalized.safe.O2.contract-fast.compile_options	air.compile.denorms_disable air.compile.fast_math_disable air.compile.framebuffer_fetch_enable
case.ios-device.contraction_pair_canonicalized.safe.O2.contract-fast.float_operations	fmul+contract fadd+contract
case.ios-device.contraction_pair_canonicalized.safe.O2.contract-off.compile_options	air.compile.denorms_disable air.compile.fast_math_disable air.compile.framebuffer_fetch_enable
case.ios-device.contraction_pair_canonicalized.safe.O2.contract-off.float_operations	fmul fadd
case.ios-device.contraction_pair_canonicalized.safe.O2.contract-on.compile_options	air.compile.denorms_disable air.compile.fast_math_disable air.compile.framebuffer_fetch_enable
case.ios-device.contraction_pair_canonicalized.safe.O2.contract-on.float_operations	fmul fadd
case.ios-device.divide_by_half.safe.O2.contract-off.compile_options	air.compile.denorms_disable air.compile.fast_math_disable air.compile.framebuffer_fetch_enable
case.ios-device.divide_by_half.safe.O2.contract-off.float_operations	fmul
case.ios-device.divide_by_three.fast.O2.contract-off.compile_options	air.compile.denorms_disable air.compile.fast_math_enable air.compile.framebuffer_fetch_enable
case.ios-device.divide_by_three.fast.O2.contract-off.float_operations	fmul+reassoc+nnan+ninf+nsz+arcp+afn
case.ios-device.divide_by_three.relaxed.O2.contract-off.compile_options	air.compile.denorms_disable air.compile.fast_math_disable air.compile.framebuffer_fetch_enable
case.ios-device.divide_by_three.relaxed.O2.contract-off.float_operations	fmul+reassoc+nsz+arcp+afn
case.ios-device.divide_by_three.safe.O2.contract-off.compile_options	air.compile.denorms_disable air.compile.fast_math_disable air.compile.framebuffer_fetch_enable
case.ios-device.divide_by_three.safe.O2.contract-off.float_operations	fdiv
case.ios-device.divide_by_three_eighths.fast.O2.contract-off.compile_options	air.compile.denorms_disable air.compile.fast_math_enable air.compile.framebuffer_fetch_enable
case.ios-device.divide_by_three_eighths.fast.O2.contract-off.float_operations	fmul+reassoc+nnan+ninf+nsz+arcp+afn
case.ios-device.divide_by_three_eighths.relaxed.O2.contract-off.compile_options	air.compile.denorms_disable air.compile.fast_math_disable air.compile.framebuffer_fetch_enable
case.ios-device.divide_by_three_eighths.relaxed.O2.contract-off.float_operations	fmul+reassoc+nsz+arcp+afn
case.ios-device.divide_by_three_eighths.safe.O2.contract-off.compile_options	air.compile.denorms_disable air.compile.fast_math_disable air.compile.framebuffer_fetch_enable
case.ios-device.divide_by_three_eighths.safe.O2.contract-off.float_operations	fdiv
case.ios-device.divide_by_two.safe.O2.contract-off.compile_options	air.compile.denorms_disable air.compile.fast_math_disable air.compile.framebuffer_fetch_enable
case.ios-device.divide_by_two.safe.O2.contract-off.float_operations	fmul
case.ios-device.fused_pair.safe.O2.contract-fast.compile_options	air.compile.denorms_disable air.compile.fast_math_disable air.compile.framebuffer_fetch_enable
case.ios-device.fused_pair.safe.O2.contract-fast.float_operations	air.fma.f32+contract
case.ios-device.fused_pair.safe.O2.contract-off.compile_options	air.compile.denorms_disable air.compile.fast_math_disable air.compile.framebuffer_fetch_enable
case.ios-device.fused_pair.safe.O2.contract-off.float_operations	air.fma.f32
case.ios-device.fused_pair.safe.O2.contract-on.compile_options	air.compile.denorms_disable air.compile.fast_math_disable air.compile.framebuffer_fetch_enable
case.ios-device.fused_pair.safe.O2.contract-on.float_operations	air.fma.f32
case.ios-device.materialize.fast.O2.contract-off.compile_options	air.compile.denorms_disable air.compile.fast_math_enable air.compile.framebuffer_fetch_enable
case.ios-device.materialize.fast.O2.contract-off.float_operations	
case.ios-device.materialize.relaxed.O2.contract-off.compile_options	air.compile.denorms_disable air.compile.fast_math_disable air.compile.framebuffer_fetch_enable
case.ios-device.materialize.relaxed.O2.contract-off.float_operations	
case.ios-device.materialize.safe.O2.contract-off.compile_options	air.compile.denorms_disable air.compile.fast_math_disable air.compile.framebuffer_fetch_enable
case.ios-device.materialize.safe.O2.contract-off.float_operations	
case.ios-device.multiply_half.fast.O0.contract-off.compile_options	air.compile.denorms_disable air.compile.fast_math_enable air.compile.framebuffer_fetch_enable
case.ios-device.multiply_half.fast.O0.contract-off.float_operations	fmul+reassoc+nnan+ninf+nsz+arcp+afn
case.ios-device.multiply_half.fast.O1.contract-off.compile_options	air.compile.denorms_disable air.compile.fast_math_enable air.compile.framebuffer_fetch_enable
case.ios-device.multiply_half.fast.O1.contract-off.float_operations	fmul+reassoc+nnan+ninf+nsz+arcp+afn
case.ios-device.multiply_half.fast.O2.contract-off.compile_options	air.compile.denorms_disable air.compile.fast_math_enable air.compile.framebuffer_fetch_enable
case.ios-device.multiply_half.fast.O2.contract-off.float_operations	fmul+reassoc+nnan+ninf+nsz+arcp+afn
case.ios-device.multiply_half.fast.O2.contract-off.fpfun-fast.compile_options	air.compile.denorms_disable air.compile.fast_math_enable air.compile.framebuffer_fetch_enable
case.ios-device.multiply_half.fast.O2.contract-off.fpfun-fast.float_operations	fmul+reassoc+nnan+ninf+nsz+arcp+afn
case.ios-device.multiply_half.fast.O3.contract-off.compile_options	air.compile.denorms_disable air.compile.fast_math_enable air.compile.framebuffer_fetch_enable
case.ios-device.multiply_half.fast.O3.contract-off.float_operations	fmul+reassoc+nnan+ninf+nsz+arcp+afn
case.ios-device.multiply_half.fast.Os.contract-off.compile_options	air.compile.denorms_disable air.compile.fast_math_enable air.compile.framebuffer_fetch_enable
case.ios-device.multiply_half.fast.Os.contract-off.float_operations	fmul+reassoc+nnan+ninf+nsz+arcp+afn
case.ios-device.multiply_half.relaxed.O0.contract-off.compile_options	air.compile.denorms_disable air.compile.fast_math_disable air.compile.framebuffer_fetch_enable
case.ios-device.multiply_half.relaxed.O0.contract-off.float_operations	fmul+reassoc+nsz+arcp+afn
case.ios-device.multiply_half.relaxed.O1.contract-off.compile_options	air.compile.denorms_disable air.compile.fast_math_disable air.compile.framebuffer_fetch_enable
case.ios-device.multiply_half.relaxed.O1.contract-off.float_operations	fmul+reassoc+nsz+arcp+afn
case.ios-device.multiply_half.relaxed.O2.contract-off.compile_options	air.compile.denorms_disable air.compile.fast_math_disable air.compile.framebuffer_fetch_enable
case.ios-device.multiply_half.relaxed.O2.contract-off.float_operations	fmul+reassoc+nsz+arcp+afn
case.ios-device.multiply_half.relaxed.O2.contract-off.fpfun-fast.compile_options	air.compile.denorms_disable air.compile.fast_math_disable air.compile.framebuffer_fetch_enable
case.ios-device.multiply_half.relaxed.O2.contract-off.fpfun-fast.float_operations	fmul+reassoc+nsz+arcp+afn
case.ios-device.multiply_half.relaxed.O3.contract-off.compile_options	air.compile.denorms_disable air.compile.fast_math_disable air.compile.framebuffer_fetch_enable
case.ios-device.multiply_half.relaxed.O3.contract-off.float_operations	fmul+reassoc+nsz+arcp+afn
case.ios-device.multiply_half.relaxed.Os.contract-off.compile_options	air.compile.denorms_disable air.compile.fast_math_disable air.compile.framebuffer_fetch_enable
case.ios-device.multiply_half.relaxed.Os.contract-off.float_operations	fmul+reassoc+nsz+arcp+afn
case.ios-device.multiply_half.safe.O0.contract-off.compile_options	air.compile.denorms_disable air.compile.fast_math_disable air.compile.framebuffer_fetch_enable
case.ios-device.multiply_half.safe.O0.contract-off.float_operations	fmul
case.ios-device.multiply_half.safe.O1.contract-off.compile_options	air.compile.denorms_disable air.compile.fast_math_disable air.compile.framebuffer_fetch_enable
case.ios-device.multiply_half.safe.O1.contract-off.float_operations	fmul
case.ios-device.multiply_half.safe.O2.contract-off.compile_options	air.compile.denorms_disable air.compile.fast_math_disable air.compile.framebuffer_fetch_enable
case.ios-device.multiply_half.safe.O2.contract-off.float_operations	fmul
case.ios-device.multiply_half.safe.O2.contract-off.fpfun-fast.compile_options	air.compile.denorms_disable air.compile.fast_math_disable air.compile.framebuffer_fetch_enable
case.ios-device.multiply_half.safe.O2.contract-off.fpfun-fast.float_operations	fmul
case.ios-device.multiply_half.safe.O3.contract-off.compile_options	air.compile.denorms_disable air.compile.fast_math_disable air.compile.framebuffer_fetch_enable
case.ios-device.multiply_half.safe.O3.contract-off.float_operations	fmul
case.ios-device.multiply_half.safe.Os.contract-off.compile_options	air.compile.denorms_disable air.compile.fast_math_disable air.compile.framebuffer_fetch_enable
case.ios-device.multiply_half.safe.Os.contract-off.float_operations	fmul
case.ios-device.multiply_one.fast.O0.contract-off.compile_options	air.compile.denorms_disable air.compile.fast_math_enable air.compile.framebuffer_fetch_enable
case.ios-device.multiply_one.fast.O0.contract-off.float_operations	fmul+reassoc+nnan+ninf+nsz+arcp+afn
case.ios-device.multiply_one.fast.O1.contract-off.compile_options	air.compile.denorms_disable air.compile.fast_math_enable air.compile.framebuffer_fetch_enable
case.ios-device.multiply_one.fast.O1.contract-off.float_operations	
case.ios-device.multiply_one.fast.O2.contract-off.compile_options	air.compile.denorms_disable air.compile.fast_math_enable air.compile.framebuffer_fetch_enable
case.ios-device.multiply_one.fast.O2.contract-off.float_operations	
case.ios-device.multiply_one.fast.O3.contract-off.compile_options	air.compile.denorms_disable air.compile.fast_math_enable air.compile.framebuffer_fetch_enable
case.ios-device.multiply_one.fast.O3.contract-off.float_operations	
case.ios-device.multiply_one.fast.Os.contract-off.compile_options	air.compile.denorms_disable air.compile.fast_math_enable air.compile.framebuffer_fetch_enable
case.ios-device.multiply_one.fast.Os.contract-off.float_operations	
case.ios-device.multiply_one.relaxed.O0.contract-off.compile_options	air.compile.denorms_disable air.compile.fast_math_disable air.compile.framebuffer_fetch_enable
case.ios-device.multiply_one.relaxed.O0.contract-off.float_operations	fmul+reassoc+nsz+arcp+afn
case.ios-device.multiply_one.relaxed.O1.contract-off.compile_options	air.compile.denorms_disable air.compile.fast_math_disable air.compile.framebuffer_fetch_enable
case.ios-device.multiply_one.relaxed.O1.contract-off.float_operations	
case.ios-device.multiply_one.relaxed.O2.contract-off.compile_options	air.compile.denorms_disable air.compile.fast_math_disable air.compile.framebuffer_fetch_enable
case.ios-device.multiply_one.relaxed.O2.contract-off.float_operations	
case.ios-device.multiply_one.relaxed.O3.contract-off.compile_options	air.compile.denorms_disable air.compile.fast_math_disable air.compile.framebuffer_fetch_enable
case.ios-device.multiply_one.relaxed.O3.contract-off.float_operations	
case.ios-device.multiply_one.relaxed.Os.contract-off.compile_options	air.compile.denorms_disable air.compile.fast_math_disable air.compile.framebuffer_fetch_enable
case.ios-device.multiply_one.relaxed.Os.contract-off.float_operations	
case.ios-device.multiply_one.safe.O0.contract-off.compile_options	air.compile.denorms_disable air.compile.fast_math_disable air.compile.framebuffer_fetch_enable
case.ios-device.multiply_one.safe.O0.contract-off.float_operations	fmul
case.ios-device.multiply_one.safe.O1.contract-off.compile_options	air.compile.denorms_disable air.compile.fast_math_disable air.compile.framebuffer_fetch_enable
case.ios-device.multiply_one.safe.O1.contract-off.float_operations	
case.ios-device.multiply_one.safe.O2.contract-off.compile_options	air.compile.denorms_disable air.compile.fast_math_disable air.compile.framebuffer_fetch_enable
case.ios-device.multiply_one.safe.O2.contract-off.float_operations	
case.ios-device.multiply_one.safe.O3.contract-off.compile_options	air.compile.denorms_disable air.compile.fast_math_disable air.compile.framebuffer_fetch_enable
case.ios-device.multiply_one.safe.O3.contract-off.float_operations	
case.ios-device.multiply_one.safe.Os.contract-off.compile_options	air.compile.denorms_disable air.compile.fast_math_disable air.compile.framebuffer_fetch_enable
case.ios-device.multiply_one.safe.Os.contract-off.float_operations	
case.ios-device.multiply_two.fast.O0.contract-off.compile_options	air.compile.denorms_disable air.compile.fast_math_enable air.compile.framebuffer_fetch_enable
case.ios-device.multiply_two.fast.O0.contract-off.float_operations	fmul+reassoc+nnan+ninf+nsz+arcp+afn
case.ios-device.multiply_two.fast.O1.contract-off.compile_options	air.compile.denorms_disable air.compile.fast_math_enable air.compile.framebuffer_fetch_enable
case.ios-device.multiply_two.fast.O1.contract-off.float_operations	fmul+reassoc+nnan+ninf+nsz+arcp+afn
case.ios-device.multiply_two.fast.O2.contract-off.compile_options	air.compile.denorms_disable air.compile.fast_math_enable air.compile.framebuffer_fetch_enable
case.ios-device.multiply_two.fast.O2.contract-off.float_operations	fmul+reassoc+nnan+ninf+nsz+arcp+afn
case.ios-device.multiply_two.fast.O2.contract-off.fpfun-fast.compile_options	air.compile.denorms_disable air.compile.fast_math_enable air.compile.framebuffer_fetch_enable
case.ios-device.multiply_two.fast.O2.contract-off.fpfun-fast.float_operations	fmul+reassoc+nnan+ninf+nsz+arcp+afn
case.ios-device.multiply_two.fast.O3.contract-off.compile_options	air.compile.denorms_disable air.compile.fast_math_enable air.compile.framebuffer_fetch_enable
case.ios-device.multiply_two.fast.O3.contract-off.float_operations	fmul+reassoc+nnan+ninf+nsz+arcp+afn
case.ios-device.multiply_two.fast.Os.contract-off.compile_options	air.compile.denorms_disable air.compile.fast_math_enable air.compile.framebuffer_fetch_enable
case.ios-device.multiply_two.fast.Os.contract-off.float_operations	fmul+reassoc+nnan+ninf+nsz+arcp+afn
case.ios-device.multiply_two.relaxed.O0.contract-off.compile_options	air.compile.denorms_disable air.compile.fast_math_disable air.compile.framebuffer_fetch_enable
case.ios-device.multiply_two.relaxed.O0.contract-off.float_operations	fmul+reassoc+nsz+arcp+afn
case.ios-device.multiply_two.relaxed.O1.contract-off.compile_options	air.compile.denorms_disable air.compile.fast_math_disable air.compile.framebuffer_fetch_enable
case.ios-device.multiply_two.relaxed.O1.contract-off.float_operations	fmul+reassoc+nsz+arcp+afn
case.ios-device.multiply_two.relaxed.O2.contract-off.compile_options	air.compile.denorms_disable air.compile.fast_math_disable air.compile.framebuffer_fetch_enable
case.ios-device.multiply_two.relaxed.O2.contract-off.float_operations	fmul+reassoc+nsz+arcp+afn
case.ios-device.multiply_two.relaxed.O2.contract-off.fpfun-fast.compile_options	air.compile.denorms_disable air.compile.fast_math_disable air.compile.framebuffer_fetch_enable
case.ios-device.multiply_two.relaxed.O2.contract-off.fpfun-fast.float_operations	fmul+reassoc+nsz+arcp+afn
case.ios-device.multiply_two.relaxed.O3.contract-off.compile_options	air.compile.denorms_disable air.compile.fast_math_disable air.compile.framebuffer_fetch_enable
case.ios-device.multiply_two.relaxed.O3.contract-off.float_operations	fmul+reassoc+nsz+arcp+afn
case.ios-device.multiply_two.relaxed.Os.contract-off.compile_options	air.compile.denorms_disable air.compile.fast_math_disable air.compile.framebuffer_fetch_enable
case.ios-device.multiply_two.relaxed.Os.contract-off.float_operations	fmul+reassoc+nsz+arcp+afn
case.ios-device.multiply_two.safe.O0.contract-off.compile_options	air.compile.denorms_disable air.compile.fast_math_disable air.compile.framebuffer_fetch_enable
case.ios-device.multiply_two.safe.O0.contract-off.float_operations	fmul
case.ios-device.multiply_two.safe.O1.contract-off.compile_options	air.compile.denorms_disable air.compile.fast_math_disable air.compile.framebuffer_fetch_enable
case.ios-device.multiply_two.safe.O1.contract-off.float_operations	fmul
case.ios-device.multiply_two.safe.O2.contract-off.compile_options	air.compile.denorms_disable air.compile.fast_math_disable air.compile.framebuffer_fetch_enable
case.ios-device.multiply_two.safe.O2.contract-off.float_operations	fmul
case.ios-device.multiply_two.safe.O2.contract-off.fpfun-fast.compile_options	air.compile.denorms_disable air.compile.fast_math_disable air.compile.framebuffer_fetch_enable
case.ios-device.multiply_two.safe.O2.contract-off.fpfun-fast.float_operations	fmul
case.ios-device.multiply_two.safe.O3.contract-off.compile_options	air.compile.denorms_disable air.compile.fast_math_disable air.compile.framebuffer_fetch_enable
case.ios-device.multiply_two.safe.O3.contract-off.float_operations	fmul
case.ios-device.multiply_two.safe.Os.contract-off.compile_options	air.compile.denorms_disable air.compile.fast_math_disable air.compile.framebuffer_fetch_enable
case.ios-device.multiply_two.safe.Os.contract-off.float_operations	fmul
case.ios-device.reassociation_chain.fast.O2.contract-off.compile_options	air.compile.denorms_disable air.compile.fast_math_enable air.compile.framebuffer_fetch_enable
case.ios-device.reassociation_chain.fast.O2.contract-off.float_operations	fadd+reassoc+nnan+ninf+nsz+arcp+afn
case.ios-device.reassociation_chain.relaxed.O2.contract-off.compile_options	air.compile.denorms_disable air.compile.fast_math_disable air.compile.framebuffer_fetch_enable
case.ios-device.reassociation_chain.relaxed.O2.contract-off.float_operations	fadd+reassoc+nsz+arcp+afn
case.ios-device.reassociation_chain.safe.O2.contract-off.compile_options	air.compile.denorms_disable air.compile.fast_math_disable air.compile.framebuffer_fetch_enable
case.ios-device.reassociation_chain.safe.O2.contract-off.float_operations	fadd fadd
case.ios-device.scale_one_bias_zero.fast.O0.contract-off.compile_options	air.compile.denorms_disable air.compile.fast_math_enable air.compile.framebuffer_fetch_enable
case.ios-device.scale_one_bias_zero.fast.O0.contract-off.float_operations	fmul+reassoc+nnan+ninf+nsz+arcp+afn fadd+reassoc+nnan+ninf+nsz+arcp+afn
case.ios-device.scale_one_bias_zero.fast.O1.contract-off.compile_options	air.compile.denorms_disable air.compile.fast_math_enable air.compile.framebuffer_fetch_enable
case.ios-device.scale_one_bias_zero.fast.O1.contract-off.float_operations	
case.ios-device.scale_one_bias_zero.fast.O2.contract-off.compile_options	air.compile.denorms_disable air.compile.fast_math_enable air.compile.framebuffer_fetch_enable
case.ios-device.scale_one_bias_zero.fast.O2.contract-off.float_operations	
case.ios-device.scale_one_bias_zero.fast.O2.contract-off.fpfun-fast.compile_options	air.compile.denorms_disable air.compile.fast_math_enable air.compile.framebuffer_fetch_enable
case.ios-device.scale_one_bias_zero.fast.O2.contract-off.fpfun-fast.float_operations	
case.ios-device.scale_one_bias_zero.fast.O3.contract-off.compile_options	air.compile.denorms_disable air.compile.fast_math_enable air.compile.framebuffer_fetch_enable
case.ios-device.scale_one_bias_zero.fast.O3.contract-off.float_operations	
case.ios-device.scale_one_bias_zero.fast.Os.contract-off.compile_options	air.compile.denorms_disable air.compile.fast_math_enable air.compile.framebuffer_fetch_enable
case.ios-device.scale_one_bias_zero.fast.Os.contract-off.float_operations	
case.ios-device.scale_one_bias_zero.relaxed.O0.contract-off.compile_options	air.compile.denorms_disable air.compile.fast_math_disable air.compile.framebuffer_fetch_enable
case.ios-device.scale_one_bias_zero.relaxed.O0.contract-off.float_operations	fmul+reassoc+nsz+arcp+afn fadd+reassoc+nsz+arcp+afn
case.ios-device.scale_one_bias_zero.relaxed.O1.contract-off.compile_options	air.compile.denorms_disable air.compile.fast_math_disable air.compile.framebuffer_fetch_enable
case.ios-device.scale_one_bias_zero.relaxed.O1.contract-off.float_operations	
case.ios-device.scale_one_bias_zero.relaxed.O2.contract-off.compile_options	air.compile.denorms_disable air.compile.fast_math_disable air.compile.framebuffer_fetch_enable
case.ios-device.scale_one_bias_zero.relaxed.O2.contract-off.float_operations	
case.ios-device.scale_one_bias_zero.relaxed.O2.contract-off.fpfun-fast.compile_options	air.compile.denorms_disable air.compile.fast_math_disable air.compile.framebuffer_fetch_enable
case.ios-device.scale_one_bias_zero.relaxed.O2.contract-off.fpfun-fast.float_operations	
case.ios-device.scale_one_bias_zero.relaxed.O3.contract-off.compile_options	air.compile.denorms_disable air.compile.fast_math_disable air.compile.framebuffer_fetch_enable
case.ios-device.scale_one_bias_zero.relaxed.O3.contract-off.float_operations	
case.ios-device.scale_one_bias_zero.relaxed.Os.contract-off.compile_options	air.compile.denorms_disable air.compile.fast_math_disable air.compile.framebuffer_fetch_enable
case.ios-device.scale_one_bias_zero.relaxed.Os.contract-off.float_operations	
case.ios-device.scale_one_bias_zero.safe.O0.contract-off.compile_options	air.compile.denorms_disable air.compile.fast_math_disable air.compile.framebuffer_fetch_enable
case.ios-device.scale_one_bias_zero.safe.O0.contract-off.float_operations	fmul fadd
case.ios-device.scale_one_bias_zero.safe.O1.contract-off.compile_options	air.compile.denorms_disable air.compile.fast_math_disable air.compile.framebuffer_fetch_enable
case.ios-device.scale_one_bias_zero.safe.O1.contract-off.float_operations	fadd
case.ios-device.scale_one_bias_zero.safe.O2.contract-off.compile_options	air.compile.denorms_disable air.compile.fast_math_disable air.compile.framebuffer_fetch_enable
case.ios-device.scale_one_bias_zero.safe.O2.contract-off.float_operations	fadd
case.ios-device.scale_one_bias_zero.safe.O2.contract-off.fpfun-fast.compile_options	air.compile.denorms_disable air.compile.fast_math_disable air.compile.framebuffer_fetch_enable
case.ios-device.scale_one_bias_zero.safe.O2.contract-off.fpfun-fast.float_operations	fadd
case.ios-device.scale_one_bias_zero.safe.O3.contract-off.compile_options	air.compile.denorms_disable air.compile.fast_math_disable air.compile.framebuffer_fetch_enable
case.ios-device.scale_one_bias_zero.safe.O3.contract-off.float_operations	fadd
case.ios-device.scale_one_bias_zero.safe.Os.contract-off.compile_options	air.compile.denorms_disable air.compile.fast_math_disable air.compile.framebuffer_fetch_enable
case.ios-device.scale_one_bias_zero.safe.Os.contract-off.float_operations	fadd
case.ios-device.scale_two_bias_one.fast.O2.contract-fast.compile_options	air.compile.denorms_disable air.compile.fast_math_enable air.compile.framebuffer_fetch_enable
case.ios-device.scale_two_bias_one.fast.O2.contract-fast.float_operations	fmul+fast fadd+fast
case.ios-device.scale_two_bias_one.fast.O2.contract-off.compile_options	air.compile.denorms_disable air.compile.fast_math_enable air.compile.framebuffer_fetch_enable
case.ios-device.scale_two_bias_one.fast.O2.contract-off.float_operations	fmul+reassoc+nnan+ninf+nsz+arcp+afn fadd+reassoc+nnan+ninf+nsz+arcp+afn
case.ios-device.scale_two_bias_one.fast.O2.contract-on.compile_options	air.compile.denorms_disable air.compile.fast_math_enable air.compile.framebuffer_fetch_enable
case.ios-device.scale_two_bias_one.fast.O2.contract-on.float_operations	fmul+reassoc+nnan+ninf+nsz+arcp+afn fadd+reassoc+nnan+ninf+nsz+arcp+afn
case.ios-device.scale_two_bias_one.relaxed.O2.contract-fast.compile_options	air.compile.denorms_disable air.compile.fast_math_disable air.compile.framebuffer_fetch_enable
case.ios-device.scale_two_bias_one.relaxed.O2.contract-fast.float_operations	fmul+reassoc+nsz+arcp+contract+afn fadd+reassoc+nsz+arcp+contract+afn
case.ios-device.scale_two_bias_one.relaxed.O2.contract-off.compile_options	air.compile.denorms_disable air.compile.fast_math_disable air.compile.framebuffer_fetch_enable
case.ios-device.scale_two_bias_one.relaxed.O2.contract-off.float_operations	fmul+reassoc+nsz+arcp+afn fadd+reassoc+nsz+arcp+afn
case.ios-device.scale_two_bias_one.relaxed.O2.contract-on.compile_options	air.compile.denorms_disable air.compile.fast_math_disable air.compile.framebuffer_fetch_enable
case.ios-device.scale_two_bias_one.relaxed.O2.contract-on.float_operations	fmul+reassoc+nsz+arcp+afn fadd+reassoc+nsz+arcp+afn
case.ios-device.scale_two_bias_one.safe.O2.contract-fast.compile_options	air.compile.denorms_disable air.compile.fast_math_disable air.compile.framebuffer_fetch_enable
case.ios-device.scale_two_bias_one.safe.O2.contract-fast.float_operations	fmul+contract fadd+contract
case.ios-device.scale_two_bias_one.safe.O2.contract-off.compile_options	air.compile.denorms_disable air.compile.fast_math_disable air.compile.framebuffer_fetch_enable
case.ios-device.scale_two_bias_one.safe.O2.contract-off.float_operations	fmul fadd
case.ios-device.scale_two_bias_one.safe.O2.contract-on.compile_options	air.compile.denorms_disable air.compile.fast_math_disable air.compile.framebuffer_fetch_enable
case.ios-device.scale_two_bias_one.safe.O2.contract-on.float_operations	fmul fadd
case.ios-simulator.add_smallest_normal.fast.O0.contract-off.compile_options	air.compile.denorms_disable air.compile.fast_math_enable air.compile.framebuffer_fetch_enable
case.ios-simulator.add_smallest_normal.fast.O0.contract-off.float_operations	fadd+reassoc+nnan+ninf+nsz+arcp+afn
case.ios-simulator.add_smallest_normal.fast.O0.contract-off.results	00800000 00800000 00800000 01000000 00800000 00800000 3eb97ef9 3f800000
case.ios-simulator.add_smallest_normal.fast.O2.contract-off.compile_options	air.compile.denorms_disable air.compile.fast_math_enable air.compile.framebuffer_fetch_enable
case.ios-simulator.add_smallest_normal.fast.O2.contract-off.float_operations	fadd+reassoc+nnan+ninf+nsz+arcp+afn
case.ios-simulator.add_smallest_normal.fast.O2.contract-off.results	00800000 00800000 00800000 01000000 00800000 00800000 3eb97ef9 3f800000
case.ios-simulator.add_smallest_normal.relaxed.O0.contract-off.compile_options	air.compile.denorms_disable air.compile.fast_math_disable air.compile.framebuffer_fetch_enable
case.ios-simulator.add_smallest_normal.relaxed.O0.contract-off.float_operations	fadd+reassoc+nsz+arcp+afn
case.ios-simulator.add_smallest_normal.relaxed.O0.contract-off.results	00800000 00800000 00800000 01000000 00800000 00800000 3eb97ef9 3f800000
case.ios-simulator.add_smallest_normal.relaxed.O2.contract-off.compile_options	air.compile.denorms_disable air.compile.fast_math_disable air.compile.framebuffer_fetch_enable
case.ios-simulator.add_smallest_normal.relaxed.O2.contract-off.float_operations	fadd+reassoc+nsz+arcp+afn
case.ios-simulator.add_smallest_normal.relaxed.O2.contract-off.results	00800000 00800000 00800000 01000000 00800000 00800000 3eb97ef9 3f800000
case.ios-simulator.add_smallest_normal.runtime.fast.opt-default.applied_options	math=fast,fpfun=precise,lang=3.1,opt=default
case.ios-simulator.add_smallest_normal.runtime.fast.opt-default.archived_options	unavailable:dispatch of the archive-support probe failed with 134: +[MTLLoader sliceIDForDevice:legacyDriverVersion:airntDriverVersion:]:692: failed assertion `Target device architecture is nil' Child process terminated with signal 6: Abort trap
case.ios-simulator.add_smallest_normal.runtime.fast.opt-default.results	00800000 00800000 00800000 01000000 00800000 00800000 3eb97ef9 3f800000
case.ios-simulator.add_smallest_normal.runtime.fast.opt-size.applied_options	math=fast,fpfun=precise,lang=3.1,opt=size
case.ios-simulator.add_smallest_normal.runtime.fast.opt-size.archived_options	unavailable:dispatch of the archive-support probe failed with 134: +[MTLLoader sliceIDForDevice:legacyDriverVersion:airntDriverVersion:]:692: failed assertion `Target device architecture is nil' Child process terminated with signal 6: Abort trap
case.ios-simulator.add_smallest_normal.runtime.fast.opt-size.results	00800000 00800000 00800000 01000000 00800000 00800000 3eb97ef9 3f800000
case.ios-simulator.add_smallest_normal.runtime.relaxed.opt-default.applied_options	math=relaxed,fpfun=precise,lang=3.1,opt=default
case.ios-simulator.add_smallest_normal.runtime.relaxed.opt-default.archived_options	unavailable:dispatch of the archive-support probe failed with 134: +[MTLLoader sliceIDForDevice:legacyDriverVersion:airntDriverVersion:]:692: failed assertion `Target device architecture is nil' Child process terminated with signal 6: Abort trap
case.ios-simulator.add_smallest_normal.runtime.relaxed.opt-default.results	00800000 00800000 00800000 01000000 00800000 00800000 3eb97ef9 3f800000
case.ios-simulator.add_smallest_normal.runtime.relaxed.opt-size.applied_options	math=relaxed,fpfun=precise,lang=3.1,opt=size
case.ios-simulator.add_smallest_normal.runtime.relaxed.opt-size.archived_options	unavailable:dispatch of the archive-support probe failed with 134: +[MTLLoader sliceIDForDevice:legacyDriverVersion:airntDriverVersion:]:692: failed assertion `Target device architecture is nil' Child process terminated with signal 6: Abort trap
case.ios-simulator.add_smallest_normal.runtime.relaxed.opt-size.results	00800000 00800000 00800000 01000000 00800000 00800000 3eb97ef9 3f800000
case.ios-simulator.add_smallest_normal.runtime.safe.opt-default.applied_options	math=safe,fpfun=precise,lang=3.1,opt=default
case.ios-simulator.add_smallest_normal.runtime.safe.opt-default.archived_options	unavailable:dispatch of the archive-support probe failed with 134: +[MTLLoader sliceIDForDevice:legacyDriverVersion:airntDriverVersion:]:692: failed assertion `Target device architecture is nil' Child process terminated with signal 6: Abort trap
case.ios-simulator.add_smallest_normal.runtime.safe.opt-default.results	00800000 00800000 00800000 01000000 00800000 00800000 3eb97ef9 3f800000
case.ios-simulator.add_smallest_normal.runtime.safe.opt-size.applied_options	math=safe,fpfun=precise,lang=3.1,opt=size
case.ios-simulator.add_smallest_normal.runtime.safe.opt-size.archived_options	unavailable:dispatch of the archive-support probe failed with 134: +[MTLLoader sliceIDForDevice:legacyDriverVersion:airntDriverVersion:]:692: failed assertion `Target device architecture is nil' Child process terminated with signal 6: Abort trap
case.ios-simulator.add_smallest_normal.runtime.safe.opt-size.results	00800000 00800000 00800000 01000000 00800000 00800000 3eb97ef9 3f800000
case.ios-simulator.add_smallest_normal.safe.O0.contract-off.compile_options	air.compile.denorms_disable air.compile.fast_math_disable air.compile.framebuffer_fetch_enable
case.ios-simulator.add_smallest_normal.safe.O0.contract-off.float_operations	fadd
case.ios-simulator.add_smallest_normal.safe.O0.contract-off.results	00800000 00800000 00800000 01000000 00800000 00800000 3eb97ef9 3f800000
case.ios-simulator.add_smallest_normal.safe.O2.contract-off.compile_options	air.compile.denorms_disable air.compile.fast_math_disable air.compile.framebuffer_fetch_enable
case.ios-simulator.add_smallest_normal.safe.O2.contract-off.float_operations	fadd
case.ios-simulator.add_smallest_normal.safe.O2.contract-off.results	00800000 00800000 00800000 01000000 00800000 00800000 3eb97ef9 3f800000
case.ios-simulator.contraction_pair.runtime.safe.opt-default.applied_options	math=safe,fpfun=precise,lang=3.1,opt=default
case.ios-simulator.contraction_pair.runtime.safe.opt-default.archived_options	unavailable:dispatch of the archive-support probe failed with 134: +[MTLLoader sliceIDForDevice:legacyDriverVersion:airntDriverVersion:]:692: failed assertion `Target device architecture is nil' Child process terminated with signal 6: Abort trap
case.ios-simulator.contraction_pair.runtime.safe.opt-default.results	3f800000 3f800000 3f800000 3f800000 3f800000 3f800000 3fc58f9e 40200000
case.ios-simulator.contraction_pair.runtime.safe.opt-size.applied_options	math=safe,fpfun=precise,lang=3.1,opt=size
case.ios-simulator.contraction_pair.runtime.safe.opt-size.archived_options	unavailable:dispatch of the archive-support probe failed with 134: +[MTLLoader sliceIDForDevice:legacyDriverVersion:airntDriverVersion:]:692: failed assertion `Target device architecture is nil' Child process terminated with signal 6: Abort trap
case.ios-simulator.contraction_pair.runtime.safe.opt-size.results	3f800000 3f800000 3f800000 3f800000 3f800000 3f800000 3fc58f9e 40200000
case.ios-simulator.contraction_pair.safe.O2.contract-fast.compile_options	air.compile.denorms_disable air.compile.fast_math_disable air.compile.framebuffer_fetch_enable
case.ios-simulator.contraction_pair.safe.O2.contract-fast.float_operations	fmul+contract fadd+contract
case.ios-simulator.contraction_pair.safe.O2.contract-fast.results	3f800000 3f800000 3f800000 3f800000 3f800000 3f800000 3fc58f9d 40200000
case.ios-simulator.contraction_pair.safe.O2.contract-off.compile_options	air.compile.denorms_disable air.compile.fast_math_disable air.compile.framebuffer_fetch_enable
case.ios-simulator.contraction_pair.safe.O2.contract-off.float_operations	fmul fadd
case.ios-simulator.contraction_pair.safe.O2.contract-off.results	3f800000 3f800000 3f800000 3f800000 3f800000 3f800000 3fc58f9e 40200000
case.ios-simulator.contraction_pair.safe.O2.contract-on.compile_options	air.compile.denorms_disable air.compile.fast_math_disable air.compile.framebuffer_fetch_enable
case.ios-simulator.contraction_pair.safe.O2.contract-on.float_operations	fmul fadd
case.ios-simulator.contraction_pair.safe.O2.contract-on.results	3f800000 3f800000 3f800000 3f800000 3f800000 3f800000 3fc58f9e 40200000
case.ios-simulator.contraction_pair_canonicalized.runtime.safe.opt-default.applied_options	math=safe,fpfun=precise,lang=3.1,opt=default
case.ios-simulator.contraction_pair_canonicalized.runtime.safe.opt-default.archived_options	unavailable:dispatch of the archive-support probe failed with 134: +[MTLLoader sliceIDForDevice:legacyDriverVersion:airntDriverVersion:]:692: failed assertion `Target device architecture is nil' Child process terminated with signal 6: Abort trap
case.ios-simulator.contraction_pair_canonicalized.runtime.safe.opt-default.results	3f800000 3f800000 3f800000 3f800000 3f800000 3f800000 3fc58f9e 40200000
case.ios-simulator.contraction_pair_canonicalized.runtime.safe.opt-size.applied_options	math=safe,fpfun=precise,lang=3.1,opt=size
case.ios-simulator.contraction_pair_canonicalized.runtime.safe.opt-size.archived_options	unavailable:dispatch of the archive-support probe failed with 134: +[MTLLoader sliceIDForDevice:legacyDriverVersion:airntDriverVersion:]:692: failed assertion `Target device architecture is nil' Child process terminated with signal 6: Abort trap
case.ios-simulator.contraction_pair_canonicalized.runtime.safe.opt-size.results	3f800000 3f800000 3f800000 3f800000 3f800000 3f800000 3fc58f9e 40200000
case.ios-simulator.contraction_pair_canonicalized.safe.O2.contract-fast.compile_options	air.compile.denorms_disable air.compile.fast_math_disable air.compile.framebuffer_fetch_enable
case.ios-simulator.contraction_pair_canonicalized.safe.O2.contract-fast.float_operations	fmul+contract fadd+contract
case.ios-simulator.contraction_pair_canonicalized.safe.O2.contract-fast.results	3f800000 3f800000 3f800000 3f800000 3f800000 3f800000 3fc58f9e 40200000
case.ios-simulator.contraction_pair_canonicalized.safe.O2.contract-off.compile_options	air.compile.denorms_disable air.compile.fast_math_disable air.compile.framebuffer_fetch_enable
case.ios-simulator.contraction_pair_canonicalized.safe.O2.contract-off.float_operations	fmul fadd
case.ios-simulator.contraction_pair_canonicalized.safe.O2.contract-off.results	3f800000 3f800000 3f800000 3f800000 3f800000 3f800000 3fc58f9e 40200000
case.ios-simulator.contraction_pair_canonicalized.safe.O2.contract-on.compile_options	air.compile.denorms_disable air.compile.fast_math_disable air.compile.framebuffer_fetch_enable
case.ios-simulator.contraction_pair_canonicalized.safe.O2.contract-on.float_operations	fmul fadd
case.ios-simulator.contraction_pair_canonicalized.safe.O2.contract-on.results	3f800000 3f800000 3f800000 3f800000 3f800000 3f800000 3fc58f9e 40200000
case.ios-simulator.divide_by_half.runtime.safe.opt-default.applied_options	math=safe,fpfun=precise,lang=3.1,opt=default
case.ios-simulator.divide_by_half.runtime.safe.opt-default.archived_options	unavailable:dispatch of the archive-support probe failed with 134: +[MTLLoader sliceIDForDevice:legacyDriverVersion:airntDriverVersion:]:692: failed assertion `Target device architecture is nil' Child process terminated with signal 6: Abort trap
case.ios-simulator.divide_by_half.runtime.safe.opt-default.results	00000000 00000000 00000000 01000000 80000000 80000000 3f397ef9 40000000
case.ios-simulator.divide_by_half.runtime.safe.opt-size.applied_options	math=safe,fpfun=precise,lang=3.1,opt=size
case.ios-simulator.divide_by_half.runtime.safe.opt-size.archived_options	unavailable:dispatch of the archive-support probe failed with 134: +[MTLLoader sliceIDForDevice:legacyDriverVersion:airntDriverVersion:]:692: failed assertion `Target device architecture is nil' Child process terminated with signal 6: Abort trap
case.ios-simulator.divide_by_half.runtime.safe.opt-size.results	00000000 00000000 00000000 01000000 80000000 80000000 3f397ef9 40000000
case.ios-simulator.divide_by_half.safe.O2.contract-off.compile_options	air.compile.denorms_disable air.compile.fast_math_disable air.compile.framebuffer_fetch_enable
case.ios-simulator.divide_by_half.safe.O2.contract-off.float_operations	fmul
case.ios-simulator.divide_by_half.safe.O2.contract-off.results	00000000 00000000 00000000 01000000 80000000 80000000 3f397ef9 40000000
case.ios-simulator.divide_by_three.fast.O2.contract-off.compile_options	air.compile.denorms_disable air.compile.fast_math_enable air.compile.framebuffer_fetch_enable
case.ios-simulator.divide_by_three.fast.O2.contract-off.float_operations	fmul+reassoc+nnan+ninf+nsz+arcp+afn
case.ios-simulator.divide_by_three.fast.O2.contract-off.results	00000000 00000000 00000000 00000000 80000000 80000000 3df753f7 3eaaaaab
case.ios-simulator.divide_by_three.relaxed.O2.contract-off.compile_options	air.compile.denorms_disable air.compile.fast_math_disable air.compile.framebuffer_fetch_enable
case.ios-simulator.divide_by_three.relaxed.O2.contract-off.float_operations	fmul+reassoc+nsz+arcp+afn
case.ios-simulator.divide_by_three.relaxed.O2.contract-off.results	00000000 00000000 00000000 00000000 80000000 80000000 3df753f7 3eaaaaab
case.ios-simulator.divide_by_three.runtime.fast.opt-default.applied_options	math=fast,fpfun=precise,lang=3.1,opt=default
case.ios-simulator.divide_by_three.runtime.fast.opt-default.archived_options	unavailable:dispatch of the archive-support probe failed with 134: +[MTLLoader sliceIDForDevice:legacyDriverVersion:airntDriverVersion:]:692: failed assertion `Target device architecture is nil' Child process terminated with signal 6: Abort trap
case.ios-simulator.divide_by_three.runtime.fast.opt-default.results	00000000 00000000 00000000 00000000 80000000 80000000 3df753f7 3eaaaaab
case.ios-simulator.divide_by_three.runtime.fast.opt-size.applied_options	math=fast,fpfun=precise,lang=3.1,opt=size
case.ios-simulator.divide_by_three.runtime.fast.opt-size.archived_options	unavailable:dispatch of the archive-support probe failed with 134: +[MTLLoader sliceIDForDevice:legacyDriverVersion:airntDriverVersion:]:692: failed assertion `Target device architecture is nil' Child process terminated with signal 6: Abort trap
case.ios-simulator.divide_by_three.runtime.fast.opt-size.results	00000000 00000000 00000000 00000000 80000000 80000000 3df753f7 3eaaaaab
case.ios-simulator.divide_by_three.runtime.relaxed.opt-default.applied_options	math=relaxed,fpfun=precise,lang=3.1,opt=default
case.ios-simulator.divide_by_three.runtime.relaxed.opt-default.archived_options	unavailable:dispatch of the archive-support probe failed with 134: +[MTLLoader sliceIDForDevice:legacyDriverVersion:airntDriverVersion:]:692: failed assertion `Target device architecture is nil' Child process terminated with signal 6: Abort trap
case.ios-simulator.divide_by_three.runtime.relaxed.opt-default.results	00000000 00000000 00000000 00000000 80000000 80000000 3df753f7 3eaaaaab
case.ios-simulator.divide_by_three.runtime.relaxed.opt-size.applied_options	math=relaxed,fpfun=precise,lang=3.1,opt=size
case.ios-simulator.divide_by_three.runtime.relaxed.opt-size.archived_options	unavailable:dispatch of the archive-support probe failed with 134: +[MTLLoader sliceIDForDevice:legacyDriverVersion:airntDriverVersion:]:692: failed assertion `Target device architecture is nil' Child process terminated with signal 6: Abort trap
case.ios-simulator.divide_by_three.runtime.relaxed.opt-size.results	00000000 00000000 00000000 00000000 80000000 80000000 3df753f7 3eaaaaab
case.ios-simulator.divide_by_three.runtime.safe.opt-default.applied_options	math=safe,fpfun=precise,lang=3.1,opt=default
case.ios-simulator.divide_by_three.runtime.safe.opt-default.archived_options	unavailable:dispatch of the archive-support probe failed with 134: +[MTLLoader sliceIDForDevice:legacyDriverVersion:airntDriverVersion:]:692: failed assertion `Target device architecture is nil' Child process terminated with signal 6: Abort trap
case.ios-simulator.divide_by_three.runtime.safe.opt-default.results	00000000 00000000 00000000 00000000 80000000 80000000 3df753f7 3eaaaaab
case.ios-simulator.divide_by_three.runtime.safe.opt-size.applied_options	math=safe,fpfun=precise,lang=3.1,opt=size
case.ios-simulator.divide_by_three.runtime.safe.opt-size.archived_options	unavailable:dispatch of the archive-support probe failed with 134: +[MTLLoader sliceIDForDevice:legacyDriverVersion:airntDriverVersion:]:692: failed assertion `Target device architecture is nil' Child process terminated with signal 6: Abort trap
case.ios-simulator.divide_by_three.runtime.safe.opt-size.results	00000000 00000000 00000000 00000000 80000000 80000000 3df753f7 3eaaaaab
case.ios-simulator.divide_by_three.safe.O2.contract-off.compile_options	air.compile.denorms_disable air.compile.fast_math_disable air.compile.framebuffer_fetch_enable
case.ios-simulator.divide_by_three.safe.O2.contract-off.float_operations	fdiv
case.ios-simulator.divide_by_three.safe.O2.contract-off.results	00000000 00000000 00000000 00000000 80000000 80000000 3df753f7 3eaaaaab
case.ios-simulator.divide_by_three_eighths.fast.O2.contract-off.compile_options	air.compile.denorms_disable air.compile.fast_math_enable air.compile.framebuffer_fetch_enable
case.ios-simulator.divide_by_three_eighths.fast.O2.contract-off.float_operations	fmul+reassoc+nnan+ninf+nsz+arcp+afn
case.ios-simulator.divide_by_three_eighths.fast.O2.contract-off.results	00000000 00000000 00000000 012aaaab 80000000 80000000 3f7753f7 402aaaab
case.ios-simulator.divide_by_three_eighths.relaxed.O2.contract-off.compile_options	air.compile.denorms_disable air.compile.fast_math_disable air.compile.framebuffer_fetch_enable
case.ios-simulator.divide_by_three_eighths.relaxed.O2.contract-off.float_operations	fmul+reassoc+nsz+arcp+afn
case.ios-simulator.divide_by_three_eighths.relaxed.O2.contract-off.results	00000000 00000000 00000000 012aaaab 80000000 80000000 3f7753f7 402aaaab
case.ios-simulator.divide_by_three_eighths.runtime.fast.opt-default.applied_options	math=fast,fpfun=precise,lang=3.1,opt=default
case.ios-simulator.divide_by_three_eighths.runtime.fast.opt-default.archived_options	unavailable:dispatch of the archive-support probe failed with 134: +[MTLLoader sliceIDForDevice:legacyDriverVersion:airntDriverVersion:]:692: failed assertion `Target device architecture is nil' Child process terminated with signal 6: Abort trap
case.ios-simulator.divide_by_three_eighths.runtime.fast.opt-default.results	00000000 00000000 00000000 012aaaab 80000000 80000000 3f7753f7 402aaaab
case.ios-simulator.divide_by_three_eighths.runtime.fast.opt-size.applied_options	math=fast,fpfun=precise,lang=3.1,opt=size
case.ios-simulator.divide_by_three_eighths.runtime.fast.opt-size.archived_options	unavailable:dispatch of the archive-support probe failed with 134: +[MTLLoader sliceIDForDevice:legacyDriverVersion:airntDriverVersion:]:692: failed assertion `Target device architecture is nil' Child process terminated with signal 6: Abort trap
case.ios-simulator.divide_by_three_eighths.runtime.fast.opt-size.results	00000000 00000000 00000000 012aaaab 80000000 80000000 3f7753f7 402aaaab
case.ios-simulator.divide_by_three_eighths.runtime.relaxed.opt-default.applied_options	math=relaxed,fpfun=precise,lang=3.1,opt=default
case.ios-simulator.divide_by_three_eighths.runtime.relaxed.opt-default.archived_options	unavailable:dispatch of the archive-support probe failed with 134: +[MTLLoader sliceIDForDevice:legacyDriverVersion:airntDriverVersion:]:692: failed assertion `Target device architecture is nil' Child process terminated with signal 6: Abort trap
case.ios-simulator.divide_by_three_eighths.runtime.relaxed.opt-default.results	00000000 00000000 00000000 012aaaab 80000000 80000000 3f7753f7 402aaaab
case.ios-simulator.divide_by_three_eighths.runtime.relaxed.opt-size.applied_options	math=relaxed,fpfun=precise,lang=3.1,opt=size
case.ios-simulator.divide_by_three_eighths.runtime.relaxed.opt-size.archived_options	unavailable:dispatch of the archive-support probe failed with 134: +[MTLLoader sliceIDForDevice:legacyDriverVersion:airntDriverVersion:]:692: failed assertion `Target device architecture is nil' Child process terminated with signal 6: Abort trap
case.ios-simulator.divide_by_three_eighths.runtime.relaxed.opt-size.results	00000000 00000000 00000000 012aaaab 80000000 80000000 3f7753f7 402aaaab
case.ios-simulator.divide_by_three_eighths.runtime.safe.opt-default.applied_options	math=safe,fpfun=precise,lang=3.1,opt=default
case.ios-simulator.divide_by_three_eighths.runtime.safe.opt-default.archived_options	unavailable:dispatch of the archive-support probe failed with 134: +[MTLLoader sliceIDForDevice:legacyDriverVersion:airntDriverVersion:]:692: failed assertion `Target device architecture is nil' Child process terminated with signal 6: Abort trap
case.ios-simulator.divide_by_three_eighths.runtime.safe.opt-default.results	00000000 00000000 00000000 012aaaab 80000000 80000000 3f7753f7 402aaaab
case.ios-simulator.divide_by_three_eighths.runtime.safe.opt-size.applied_options	math=safe,fpfun=precise,lang=3.1,opt=size
case.ios-simulator.divide_by_three_eighths.runtime.safe.opt-size.archived_options	unavailable:dispatch of the archive-support probe failed with 134: +[MTLLoader sliceIDForDevice:legacyDriverVersion:airntDriverVersion:]:692: failed assertion `Target device architecture is nil' Child process terminated with signal 6: Abort trap
case.ios-simulator.divide_by_three_eighths.runtime.safe.opt-size.results	00000000 00000000 00000000 012aaaab 80000000 80000000 3f7753f7 402aaaab
case.ios-simulator.divide_by_three_eighths.safe.O2.contract-off.compile_options	air.compile.denorms_disable air.compile.fast_math_disable air.compile.framebuffer_fetch_enable
case.ios-simulator.divide_by_three_eighths.safe.O2.contract-off.float_operations	fdiv
case.ios-simulator.divide_by_three_eighths.safe.O2.contract-off.results	00000000 00000000 00000000 012aaaab 80000000 80000000 3f7753f7 402aaaab
case.ios-simulator.divide_by_two.runtime.safe.opt-default.applied_options	math=safe,fpfun=precise,lang=3.1,opt=default
case.ios-simulator.divide_by_two.runtime.safe.opt-default.archived_options	unavailable:dispatch of the archive-support probe failed with 134: +[MTLLoader sliceIDForDevice:legacyDriverVersion:airntDriverVersion:]:692: failed assertion `Target device architecture is nil' Child process terminated with signal 6: Abort trap
case.ios-simulator.divide_by_two.runtime.safe.opt-default.results	00000000 00000000 00000000 00000000 80000000 80000000 3e397ef9 3f000000
case.ios-simulator.divide_by_two.runtime.safe.opt-size.applied_options	math=safe,fpfun=precise,lang=3.1,opt=size
case.ios-simulator.divide_by_two.runtime.safe.opt-size.archived_options	unavailable:dispatch of the archive-support probe failed with 134: +[MTLLoader sliceIDForDevice:legacyDriverVersion:airntDriverVersion:]:692: failed assertion `Target device architecture is nil' Child process terminated with signal 6: Abort trap
case.ios-simulator.divide_by_two.runtime.safe.opt-size.results	00000000 00000000 00000000 00000000 80000000 80000000 3e397ef9 3f000000
case.ios-simulator.divide_by_two.safe.O2.contract-off.compile_options	air.compile.denorms_disable air.compile.fast_math_disable air.compile.framebuffer_fetch_enable
case.ios-simulator.divide_by_two.safe.O2.contract-off.float_operations	fmul
case.ios-simulator.divide_by_two.safe.O2.contract-off.results	00000000 00000000 00000000 00000000 80000000 80000000 3e397ef9 3f000000
case.ios-simulator.fused_pair.runtime.safe.opt-default.applied_options	math=safe,fpfun=precise,lang=3.1,opt=default
case.ios-simulator.fused_pair.runtime.safe.opt-default.archived_options	unavailable:dispatch of the archive-support probe failed with 134: +[MTLLoader sliceIDForDevice:legacyDriverVersion:airntDriverVersion:]:692: failed assertion `Target device architecture is nil' Child process terminated with signal 6: Abort trap
case.ios-simulator.fused_pair.runtime.safe.opt-default.results	3f800000 3f800000 3f800000 3f800000 3f800000 3f800000 3fc58f9d 40200000
case.ios-simulator.fused_pair.runtime.safe.opt-size.applied_options	math=safe,fpfun=precise,lang=3.1,opt=size
case.ios-simulator.fused_pair.runtime.safe.opt-size.archived_options	unavailable:dispatch of the archive-support probe failed with 134: +[MTLLoader sliceIDForDevice:legacyDriverVersion:airntDriverVersion:]:692: failed assertion `Target device architecture is nil' Child process terminated with signal 6: Abort trap
case.ios-simulator.fused_pair.runtime.safe.opt-size.results	3f800000 3f800000 3f800000 3f800000 3f800000 3f800000 3fc58f9d 40200000
case.ios-simulator.fused_pair.safe.O2.contract-fast.compile_options	air.compile.denorms_disable air.compile.fast_math_disable air.compile.framebuffer_fetch_enable
case.ios-simulator.fused_pair.safe.O2.contract-fast.float_operations	air.fma.f32+contract
case.ios-simulator.fused_pair.safe.O2.contract-fast.results	3f800000 3f800000 3f800000 3f800000 3f800000 3f800000 3fc58f9d 40200000
case.ios-simulator.fused_pair.safe.O2.contract-off.compile_options	air.compile.denorms_disable air.compile.fast_math_disable air.compile.framebuffer_fetch_enable
case.ios-simulator.fused_pair.safe.O2.contract-off.float_operations	air.fma.f32
case.ios-simulator.fused_pair.safe.O2.contract-off.results	3f800000 3f800000 3f800000 3f800000 3f800000 3f800000 3fc58f9d 40200000
case.ios-simulator.fused_pair.safe.O2.contract-on.compile_options	air.compile.denorms_disable air.compile.fast_math_disable air.compile.framebuffer_fetch_enable
case.ios-simulator.fused_pair.safe.O2.contract-on.float_operations	air.fma.f32
case.ios-simulator.fused_pair.safe.O2.contract-on.results	3f800000 3f800000 3f800000 3f800000 3f800000 3f800000 3fc58f9d 40200000
case.ios-simulator.materialize.fast.O2.contract-off.compile_options	air.compile.denorms_disable air.compile.fast_math_enable air.compile.framebuffer_fetch_enable
case.ios-simulator.materialize.fast.O2.contract-off.float_operations	
case.ios-simulator.materialize.fast.O2.contract-off.results	00000001 00400000 007fffff 00800000 80400000 80000000 3eb97ef9 3f800000
case.ios-simulator.materialize.relaxed.O2.contract-off.compile_options	air.compile.denorms_disable air.compile.fast_math_disable air.compile.framebuffer_fetch_enable
case.ios-simulator.materialize.relaxed.O2.contract-off.float_operations	
case.ios-simulator.materialize.relaxed.O2.contract-off.results	00000001 00400000 007fffff 00800000 80400000 80000000 3eb97ef9 3f800000
case.ios-simulator.materialize.runtime.fast.opt-default.applied_options	math=fast,fpfun=precise,lang=3.1,opt=default
case.ios-simulator.materialize.runtime.fast.opt-default.archived_options	unavailable:dispatch of the archive-support probe failed with 134: +[MTLLoader sliceIDForDevice:legacyDriverVersion:airntDriverVersion:]:692: failed assertion `Target device architecture is nil' Child process terminated with signal 6: Abort trap
case.ios-simulator.materialize.runtime.fast.opt-default.results	00000001 00400000 007fffff 00800000 80400000 80000000 3eb97ef9 3f800000
case.ios-simulator.materialize.runtime.fast.opt-size.applied_options	math=fast,fpfun=precise,lang=3.1,opt=size
case.ios-simulator.materialize.runtime.fast.opt-size.archived_options	unavailable:dispatch of the archive-support probe failed with 134: +[MTLLoader sliceIDForDevice:legacyDriverVersion:airntDriverVersion:]:692: failed assertion `Target device architecture is nil' Child process terminated with signal 6: Abort trap
case.ios-simulator.materialize.runtime.fast.opt-size.results	00000001 00400000 007fffff 00800000 80400000 80000000 3eb97ef9 3f800000
case.ios-simulator.materialize.runtime.relaxed.opt-default.applied_options	math=relaxed,fpfun=precise,lang=3.1,opt=default
case.ios-simulator.materialize.runtime.relaxed.opt-default.archived_options	unavailable:dispatch of the archive-support probe failed with 134: +[MTLLoader sliceIDForDevice:legacyDriverVersion:airntDriverVersion:]:692: failed assertion `Target device architecture is nil' Child process terminated with signal 6: Abort trap
case.ios-simulator.materialize.runtime.relaxed.opt-default.results	00000001 00400000 007fffff 00800000 80400000 80000000 3eb97ef9 3f800000
case.ios-simulator.materialize.runtime.relaxed.opt-size.applied_options	math=relaxed,fpfun=precise,lang=3.1,opt=size
case.ios-simulator.materialize.runtime.relaxed.opt-size.archived_options	unavailable:dispatch of the archive-support probe failed with 134: +[MTLLoader sliceIDForDevice:legacyDriverVersion:airntDriverVersion:]:692: failed assertion `Target device architecture is nil' Child process terminated with signal 6: Abort trap
case.ios-simulator.materialize.runtime.relaxed.opt-size.results	00000001 00400000 007fffff 00800000 80400000 80000000 3eb97ef9 3f800000
case.ios-simulator.materialize.runtime.safe.opt-default.applied_options	math=safe,fpfun=precise,lang=3.1,opt=default
case.ios-simulator.materialize.runtime.safe.opt-default.archived_options	unavailable:dispatch of the archive-support probe failed with 134: +[MTLLoader sliceIDForDevice:legacyDriverVersion:airntDriverVersion:]:692: failed assertion `Target device architecture is nil' Child process terminated with signal 6: Abort trap
case.ios-simulator.materialize.runtime.safe.opt-default.results	00000001 00400000 007fffff 00800000 80400000 80000000 3eb97ef9 3f800000
case.ios-simulator.materialize.runtime.safe.opt-size.applied_options	math=safe,fpfun=precise,lang=3.1,opt=size
case.ios-simulator.materialize.runtime.safe.opt-size.archived_options	unavailable:dispatch of the archive-support probe failed with 134: +[MTLLoader sliceIDForDevice:legacyDriverVersion:airntDriverVersion:]:692: failed assertion `Target device architecture is nil' Child process terminated with signal 6: Abort trap
case.ios-simulator.materialize.runtime.safe.opt-size.results	00000001 00400000 007fffff 00800000 80400000 80000000 3eb97ef9 3f800000
case.ios-simulator.materialize.safe.O2.contract-off.compile_options	air.compile.denorms_disable air.compile.fast_math_disable air.compile.framebuffer_fetch_enable
case.ios-simulator.materialize.safe.O2.contract-off.float_operations	
case.ios-simulator.materialize.safe.O2.contract-off.results	00000001 00400000 007fffff 00800000 80400000 80000000 3eb97ef9 3f800000
case.ios-simulator.multiply_half.fast.O0.contract-off.compile_options	air.compile.denorms_disable air.compile.fast_math_enable air.compile.framebuffer_fetch_enable
case.ios-simulator.multiply_half.fast.O0.contract-off.float_operations	fmul+reassoc+nnan+ninf+nsz+arcp+afn
case.ios-simulator.multiply_half.fast.O0.contract-off.results	00000000 00000000 00000000 00000000 80000000 80000000 3e397ef9 3f000000
case.ios-simulator.multiply_half.fast.O1.contract-off.compile_options	air.compile.denorms_disable air.compile.fast_math_enable air.compile.framebuffer_fetch_enable
case.ios-simulator.multiply_half.fast.O1.contract-off.float_operations	fmul+reassoc+nnan+ninf+nsz+arcp+afn
case.ios-simulator.multiply_half.fast.O1.contract-off.results	00000000 00000000 00000000 00000000 80000000 80000000 3e397ef9 3f000000
case.ios-simulator.multiply_half.fast.O2.contract-off.compile_options	air.compile.denorms_disable air.compile.fast_math_enable air.compile.framebuffer_fetch_enable
case.ios-simulator.multiply_half.fast.O2.contract-off.float_operations	fmul+reassoc+nnan+ninf+nsz+arcp+afn
case.ios-simulator.multiply_half.fast.O2.contract-off.results	00000000 00000000 00000000 00000000 80000000 80000000 3e397ef9 3f000000
case.ios-simulator.multiply_half.fast.O2.contract-off.fpfun-fast.compile_options	air.compile.denorms_disable air.compile.fast_math_enable air.compile.framebuffer_fetch_enable
case.ios-simulator.multiply_half.fast.O2.contract-off.fpfun-fast.float_operations	fmul+reassoc+nnan+ninf+nsz+arcp+afn
case.ios-simulator.multiply_half.fast.O2.contract-off.fpfun-fast.results	00000000 00000000 00000000 00000000 80000000 80000000 3e397ef9 3f000000
case.ios-simulator.multiply_half.fast.O3.contract-off.compile_options	air.compile.denorms_disable air.compile.fast_math_enable air.compile.framebuffer_fetch_enable
case.ios-simulator.multiply_half.fast.O3.contract-off.float_operations	fmul+reassoc+nnan+ninf+nsz+arcp+afn
case.ios-simulator.multiply_half.fast.O3.contract-off.results	00000000 00000000 00000000 00000000 80000000 80000000 3e397ef9 3f000000
case.ios-simulator.multiply_half.fast.Os.contract-off.compile_options	air.compile.denorms_disable air.compile.fast_math_enable air.compile.framebuffer_fetch_enable
case.ios-simulator.multiply_half.fast.Os.contract-off.float_operations	fmul+reassoc+nnan+ninf+nsz+arcp+afn
case.ios-simulator.multiply_half.fast.Os.contract-off.results	00000000 00000000 00000000 00000000 80000000 80000000 3e397ef9 3f000000
case.ios-simulator.multiply_half.relaxed.O0.contract-off.compile_options	air.compile.denorms_disable air.compile.fast_math_disable air.compile.framebuffer_fetch_enable
case.ios-simulator.multiply_half.relaxed.O0.contract-off.float_operations	fmul+reassoc+nsz+arcp+afn
case.ios-simulator.multiply_half.relaxed.O0.contract-off.results	00000000 00000000 00000000 00000000 80000000 80000000 3e397ef9 3f000000
case.ios-simulator.multiply_half.relaxed.O1.contract-off.compile_options	air.compile.denorms_disable air.compile.fast_math_disable air.compile.framebuffer_fetch_enable
case.ios-simulator.multiply_half.relaxed.O1.contract-off.float_operations	fmul+reassoc+nsz+arcp+afn
case.ios-simulator.multiply_half.relaxed.O1.contract-off.results	00000000 00000000 00000000 00000000 80000000 80000000 3e397ef9 3f000000
case.ios-simulator.multiply_half.relaxed.O2.contract-off.compile_options	air.compile.denorms_disable air.compile.fast_math_disable air.compile.framebuffer_fetch_enable
case.ios-simulator.multiply_half.relaxed.O2.contract-off.float_operations	fmul+reassoc+nsz+arcp+afn
case.ios-simulator.multiply_half.relaxed.O2.contract-off.results	00000000 00000000 00000000 00000000 80000000 80000000 3e397ef9 3f000000
case.ios-simulator.multiply_half.relaxed.O2.contract-off.fpfun-fast.compile_options	air.compile.denorms_disable air.compile.fast_math_disable air.compile.framebuffer_fetch_enable
case.ios-simulator.multiply_half.relaxed.O2.contract-off.fpfun-fast.float_operations	fmul+reassoc+nsz+arcp+afn
case.ios-simulator.multiply_half.relaxed.O2.contract-off.fpfun-fast.results	00000000 00000000 00000000 00000000 80000000 80000000 3e397ef9 3f000000
case.ios-simulator.multiply_half.relaxed.O3.contract-off.compile_options	air.compile.denorms_disable air.compile.fast_math_disable air.compile.framebuffer_fetch_enable
case.ios-simulator.multiply_half.relaxed.O3.contract-off.float_operations	fmul+reassoc+nsz+arcp+afn
case.ios-simulator.multiply_half.relaxed.O3.contract-off.results	00000000 00000000 00000000 00000000 80000000 80000000 3e397ef9 3f000000
case.ios-simulator.multiply_half.relaxed.Os.contract-off.compile_options	air.compile.denorms_disable air.compile.fast_math_disable air.compile.framebuffer_fetch_enable
case.ios-simulator.multiply_half.relaxed.Os.contract-off.float_operations	fmul+reassoc+nsz+arcp+afn
case.ios-simulator.multiply_half.relaxed.Os.contract-off.results	00000000 00000000 00000000 00000000 80000000 80000000 3e397ef9 3f000000
case.ios-simulator.multiply_half.runtime.fast.opt-default.applied_options	math=fast,fpfun=precise,lang=3.1,opt=default
case.ios-simulator.multiply_half.runtime.fast.opt-default.archived_options	unavailable:dispatch of the archive-support probe failed with 134: +[MTLLoader sliceIDForDevice:legacyDriverVersion:airntDriverVersion:]:692: failed assertion `Target device architecture is nil' Child process terminated with signal 6: Abort trap
case.ios-simulator.multiply_half.runtime.fast.opt-default.results	00000000 00000000 00000000 00000000 80000000 80000000 3e397ef9 3f000000
case.ios-simulator.multiply_half.runtime.fast.opt-default.fpfun-fast.applied_options	math=fast,fpfun=fast,lang=3.1,opt=default
case.ios-simulator.multiply_half.runtime.fast.opt-default.fpfun-fast.archived_options	unavailable:dispatch of the archive-support probe failed with 134: +[MTLLoader sliceIDForDevice:legacyDriverVersion:airntDriverVersion:]:692: failed assertion `Target device architecture is nil' Child process terminated with signal 6: Abort trap
case.ios-simulator.multiply_half.runtime.fast.opt-default.fpfun-fast.results	00000000 00000000 00000000 00000000 80000000 80000000 3e397ef9 3f000000
case.ios-simulator.multiply_half.runtime.fast.opt-size.applied_options	math=fast,fpfun=precise,lang=3.1,opt=size
case.ios-simulator.multiply_half.runtime.fast.opt-size.archived_options	unavailable:dispatch of the archive-support probe failed with 134: +[MTLLoader sliceIDForDevice:legacyDriverVersion:airntDriverVersion:]:692: failed assertion `Target device architecture is nil' Child process terminated with signal 6: Abort trap
case.ios-simulator.multiply_half.runtime.fast.opt-size.results	00000000 00000000 00000000 00000000 80000000 80000000 3e397ef9 3f000000
case.ios-simulator.multiply_half.runtime.fast.opt-size.fpfun-fast.applied_options	math=fast,fpfun=fast,lang=3.1,opt=size
case.ios-simulator.multiply_half.runtime.fast.opt-size.fpfun-fast.archived_options	unavailable:dispatch of the archive-support probe failed with 134: +[MTLLoader sliceIDForDevice:legacyDriverVersion:airntDriverVersion:]:692: failed assertion `Target device architecture is nil' Child process terminated with signal 6: Abort trap
case.ios-simulator.multiply_half.runtime.fast.opt-size.fpfun-fast.results	00000000 00000000 00000000 00000000 80000000 80000000 3e397ef9 3f000000
case.ios-simulator.multiply_half.runtime.relaxed.opt-default.applied_options	math=relaxed,fpfun=precise,lang=3.1,opt=default
case.ios-simulator.multiply_half.runtime.relaxed.opt-default.archived_options	unavailable:dispatch of the archive-support probe failed with 134: +[MTLLoader sliceIDForDevice:legacyDriverVersion:airntDriverVersion:]:692: failed assertion `Target device architecture is nil' Child process terminated with signal 6: Abort trap
case.ios-simulator.multiply_half.runtime.relaxed.opt-default.results	00000000 00000000 00000000 00000000 80000000 80000000 3e397ef9 3f000000
case.ios-simulator.multiply_half.runtime.relaxed.opt-default.fpfun-fast.applied_options	math=relaxed,fpfun=fast,lang=3.1,opt=default
case.ios-simulator.multiply_half.runtime.relaxed.opt-default.fpfun-fast.archived_options	unavailable:dispatch of the archive-support probe failed with 134: +[MTLLoader sliceIDForDevice:legacyDriverVersion:airntDriverVersion:]:692: failed assertion `Target device architecture is nil' Child process terminated with signal 6: Abort trap
case.ios-simulator.multiply_half.runtime.relaxed.opt-default.fpfun-fast.results	00000000 00000000 00000000 00000000 80000000 80000000 3e397ef9 3f000000
case.ios-simulator.multiply_half.runtime.relaxed.opt-size.applied_options	math=relaxed,fpfun=precise,lang=3.1,opt=size
case.ios-simulator.multiply_half.runtime.relaxed.opt-size.archived_options	unavailable:dispatch of the archive-support probe failed with 134: +[MTLLoader sliceIDForDevice:legacyDriverVersion:airntDriverVersion:]:692: failed assertion `Target device architecture is nil' Child process terminated with signal 6: Abort trap
case.ios-simulator.multiply_half.runtime.relaxed.opt-size.results	00000000 00000000 00000000 00000000 80000000 80000000 3e397ef9 3f000000
case.ios-simulator.multiply_half.runtime.relaxed.opt-size.fpfun-fast.applied_options	math=relaxed,fpfun=fast,lang=3.1,opt=size
case.ios-simulator.multiply_half.runtime.relaxed.opt-size.fpfun-fast.archived_options	unavailable:dispatch of the archive-support probe failed with 134: +[MTLLoader sliceIDForDevice:legacyDriverVersion:airntDriverVersion:]:692: failed assertion `Target device architecture is nil' Child process terminated with signal 6: Abort trap
case.ios-simulator.multiply_half.runtime.relaxed.opt-size.fpfun-fast.results	00000000 00000000 00000000 00000000 80000000 80000000 3e397ef9 3f000000
case.ios-simulator.multiply_half.runtime.safe.opt-default.applied_options	math=safe,fpfun=precise,lang=3.1,opt=default
case.ios-simulator.multiply_half.runtime.safe.opt-default.archived_options	unavailable:dispatch of the archive-support probe failed with 134: +[MTLLoader sliceIDForDevice:legacyDriverVersion:airntDriverVersion:]:692: failed assertion `Target device architecture is nil' Child process terminated with signal 6: Abort trap
case.ios-simulator.multiply_half.runtime.safe.opt-default.results	00000000 00000000 00000000 00000000 80000000 80000000 3e397ef9 3f000000
case.ios-simulator.multiply_half.runtime.safe.opt-default.fpfun-fast.applied_options	math=safe,fpfun=fast,lang=3.1,opt=default
case.ios-simulator.multiply_half.runtime.safe.opt-default.fpfun-fast.archived_options	unavailable:dispatch of the archive-support probe failed with 134: +[MTLLoader sliceIDForDevice:legacyDriverVersion:airntDriverVersion:]:692: failed assertion `Target device architecture is nil' Child process terminated with signal 6: Abort trap
case.ios-simulator.multiply_half.runtime.safe.opt-default.fpfun-fast.results	00000000 00000000 00000000 00000000 80000000 80000000 3e397ef9 3f000000
case.ios-simulator.multiply_half.runtime.safe.opt-size.applied_options	math=safe,fpfun=precise,lang=3.1,opt=size
case.ios-simulator.multiply_half.runtime.safe.opt-size.archived_options	unavailable:dispatch of the archive-support probe failed with 134: +[MTLLoader sliceIDForDevice:legacyDriverVersion:airntDriverVersion:]:692: failed assertion `Target device architecture is nil' Child process terminated with signal 6: Abort trap
case.ios-simulator.multiply_half.runtime.safe.opt-size.results	00000000 00000000 00000000 00000000 80000000 80000000 3e397ef9 3f000000
case.ios-simulator.multiply_half.runtime.safe.opt-size.fpfun-fast.applied_options	math=safe,fpfun=fast,lang=3.1,opt=size
case.ios-simulator.multiply_half.runtime.safe.opt-size.fpfun-fast.archived_options	unavailable:dispatch of the archive-support probe failed with 134: +[MTLLoader sliceIDForDevice:legacyDriverVersion:airntDriverVersion:]:692: failed assertion `Target device architecture is nil' Child process terminated with signal 6: Abort trap
case.ios-simulator.multiply_half.runtime.safe.opt-size.fpfun-fast.results	00000000 00000000 00000000 00000000 80000000 80000000 3e397ef9 3f000000
case.ios-simulator.multiply_half.safe.O0.contract-off.compile_options	air.compile.denorms_disable air.compile.fast_math_disable air.compile.framebuffer_fetch_enable
case.ios-simulator.multiply_half.safe.O0.contract-off.float_operations	fmul
case.ios-simulator.multiply_half.safe.O0.contract-off.results	00000000 00000000 00000000 00000000 80000000 80000000 3e397ef9 3f000000
case.ios-simulator.multiply_half.safe.O1.contract-off.compile_options	air.compile.denorms_disable air.compile.fast_math_disable air.compile.framebuffer_fetch_enable
case.ios-simulator.multiply_half.safe.O1.contract-off.float_operations	fmul
case.ios-simulator.multiply_half.safe.O1.contract-off.results	00000000 00000000 00000000 00000000 80000000 80000000 3e397ef9 3f000000
case.ios-simulator.multiply_half.safe.O2.contract-off.compile_options	air.compile.denorms_disable air.compile.fast_math_disable air.compile.framebuffer_fetch_enable
case.ios-simulator.multiply_half.safe.O2.contract-off.float_operations	fmul
case.ios-simulator.multiply_half.safe.O2.contract-off.results	00000000 00000000 00000000 00000000 80000000 80000000 3e397ef9 3f000000
case.ios-simulator.multiply_half.safe.O2.contract-off.fpfun-fast.compile_options	air.compile.denorms_disable air.compile.fast_math_disable air.compile.framebuffer_fetch_enable
case.ios-simulator.multiply_half.safe.O2.contract-off.fpfun-fast.float_operations	fmul
case.ios-simulator.multiply_half.safe.O2.contract-off.fpfun-fast.results	00000000 00000000 00000000 00000000 80000000 80000000 3e397ef9 3f000000
case.ios-simulator.multiply_half.safe.O3.contract-off.compile_options	air.compile.denorms_disable air.compile.fast_math_disable air.compile.framebuffer_fetch_enable
case.ios-simulator.multiply_half.safe.O3.contract-off.float_operations	fmul
case.ios-simulator.multiply_half.safe.O3.contract-off.results	00000000 00000000 00000000 00000000 80000000 80000000 3e397ef9 3f000000
case.ios-simulator.multiply_half.safe.Os.contract-off.compile_options	air.compile.denorms_disable air.compile.fast_math_disable air.compile.framebuffer_fetch_enable
case.ios-simulator.multiply_half.safe.Os.contract-off.float_operations	fmul
case.ios-simulator.multiply_half.safe.Os.contract-off.results	00000000 00000000 00000000 00000000 80000000 80000000 3e397ef9 3f000000
case.ios-simulator.multiply_one.fast.O0.contract-off.compile_options	air.compile.denorms_disable air.compile.fast_math_enable air.compile.framebuffer_fetch_enable
case.ios-simulator.multiply_one.fast.O0.contract-off.float_operations	fmul+reassoc+nnan+ninf+nsz+arcp+afn
case.ios-simulator.multiply_one.fast.O0.contract-off.results	00000001 00400000 007fffff 00800000 80400000 80000000 3eb97ef9 3f800000
case.ios-simulator.multiply_one.fast.O1.contract-off.compile_options	air.compile.denorms_disable air.compile.fast_math_enable air.compile.framebuffer_fetch_enable
case.ios-simulator.multiply_one.fast.O1.contract-off.float_operations	
case.ios-simulator.multiply_one.fast.O1.contract-off.results	00000001 00400000 007fffff 00800000 80400000 80000000 3eb97ef9 3f800000
case.ios-simulator.multiply_one.fast.O2.contract-off.compile_options	air.compile.denorms_disable air.compile.fast_math_enable air.compile.framebuffer_fetch_enable
case.ios-simulator.multiply_one.fast.O2.contract-off.float_operations	
case.ios-simulator.multiply_one.fast.O2.contract-off.results	00000001 00400000 007fffff 00800000 80400000 80000000 3eb97ef9 3f800000
case.ios-simulator.multiply_one.fast.O3.contract-off.compile_options	air.compile.denorms_disable air.compile.fast_math_enable air.compile.framebuffer_fetch_enable
case.ios-simulator.multiply_one.fast.O3.contract-off.float_operations	
case.ios-simulator.multiply_one.fast.O3.contract-off.results	00000001 00400000 007fffff 00800000 80400000 80000000 3eb97ef9 3f800000
case.ios-simulator.multiply_one.fast.Os.contract-off.compile_options	air.compile.denorms_disable air.compile.fast_math_enable air.compile.framebuffer_fetch_enable
case.ios-simulator.multiply_one.fast.Os.contract-off.float_operations	
case.ios-simulator.multiply_one.fast.Os.contract-off.results	00000001 00400000 007fffff 00800000 80400000 80000000 3eb97ef9 3f800000
case.ios-simulator.multiply_one.relaxed.O0.contract-off.compile_options	air.compile.denorms_disable air.compile.fast_math_disable air.compile.framebuffer_fetch_enable
case.ios-simulator.multiply_one.relaxed.O0.contract-off.float_operations	fmul+reassoc+nsz+arcp+afn
case.ios-simulator.multiply_one.relaxed.O0.contract-off.results	00000001 00400000 007fffff 00800000 80400000 80000000 3eb97ef9 3f800000
case.ios-simulator.multiply_one.relaxed.O1.contract-off.compile_options	air.compile.denorms_disable air.compile.fast_math_disable air.compile.framebuffer_fetch_enable
case.ios-simulator.multiply_one.relaxed.O1.contract-off.float_operations	
case.ios-simulator.multiply_one.relaxed.O1.contract-off.results	00000001 00400000 007fffff 00800000 80400000 80000000 3eb97ef9 3f800000
case.ios-simulator.multiply_one.relaxed.O2.contract-off.compile_options	air.compile.denorms_disable air.compile.fast_math_disable air.compile.framebuffer_fetch_enable
case.ios-simulator.multiply_one.relaxed.O2.contract-off.float_operations	
case.ios-simulator.multiply_one.relaxed.O2.contract-off.results	00000001 00400000 007fffff 00800000 80400000 80000000 3eb97ef9 3f800000
case.ios-simulator.multiply_one.relaxed.O3.contract-off.compile_options	air.compile.denorms_disable air.compile.fast_math_disable air.compile.framebuffer_fetch_enable
case.ios-simulator.multiply_one.relaxed.O3.contract-off.float_operations	
case.ios-simulator.multiply_one.relaxed.O3.contract-off.results	00000001 00400000 007fffff 00800000 80400000 80000000 3eb97ef9 3f800000
case.ios-simulator.multiply_one.relaxed.Os.contract-off.compile_options	air.compile.denorms_disable air.compile.fast_math_disable air.compile.framebuffer_fetch_enable
case.ios-simulator.multiply_one.relaxed.Os.contract-off.float_operations	
case.ios-simulator.multiply_one.relaxed.Os.contract-off.results	00000001 00400000 007fffff 00800000 80400000 80000000 3eb97ef9 3f800000
case.ios-simulator.multiply_one.runtime.fast.opt-default.applied_options	math=fast,fpfun=precise,lang=3.1,opt=default
case.ios-simulator.multiply_one.runtime.fast.opt-default.archived_options	unavailable:dispatch of the archive-support probe failed with 134: +[MTLLoader sliceIDForDevice:legacyDriverVersion:airntDriverVersion:]:692: failed assertion `Target device architecture is nil' Child process terminated with signal 6: Abort trap
case.ios-simulator.multiply_one.runtime.fast.opt-default.results	00000001 00400000 007fffff 00800000 80400000 80000000 3eb97ef9 3f800000
case.ios-simulator.multiply_one.runtime.fast.opt-size.applied_options	math=fast,fpfun=precise,lang=3.1,opt=size
case.ios-simulator.multiply_one.runtime.fast.opt-size.archived_options	unavailable:dispatch of the archive-support probe failed with 134: +[MTLLoader sliceIDForDevice:legacyDriverVersion:airntDriverVersion:]:692: failed assertion `Target device architecture is nil' Child process terminated with signal 6: Abort trap
case.ios-simulator.multiply_one.runtime.fast.opt-size.results	00000001 00400000 007fffff 00800000 80400000 80000000 3eb97ef9 3f800000
case.ios-simulator.multiply_one.runtime.relaxed.opt-default.applied_options	math=relaxed,fpfun=precise,lang=3.1,opt=default
case.ios-simulator.multiply_one.runtime.relaxed.opt-default.archived_options	unavailable:dispatch of the archive-support probe failed with 134: +[MTLLoader sliceIDForDevice:legacyDriverVersion:airntDriverVersion:]:692: failed assertion `Target device architecture is nil' Child process terminated with signal 6: Abort trap
case.ios-simulator.multiply_one.runtime.relaxed.opt-default.results	00000001 00400000 007fffff 00800000 80400000 80000000 3eb97ef9 3f800000
case.ios-simulator.multiply_one.runtime.relaxed.opt-size.applied_options	math=relaxed,fpfun=precise,lang=3.1,opt=size
case.ios-simulator.multiply_one.runtime.relaxed.opt-size.archived_options	unavailable:dispatch of the archive-support probe failed with 134: +[MTLLoader sliceIDForDevice:legacyDriverVersion:airntDriverVersion:]:692: failed assertion `Target device architecture is nil' Child process terminated with signal 6: Abort trap
case.ios-simulator.multiply_one.runtime.relaxed.opt-size.results	00000001 00400000 007fffff 00800000 80400000 80000000 3eb97ef9 3f800000
case.ios-simulator.multiply_one.runtime.safe.opt-default.applied_options	math=safe,fpfun=precise,lang=3.1,opt=default
case.ios-simulator.multiply_one.runtime.safe.opt-default.archived_options	unavailable:dispatch of the archive-support probe failed with 134: +[MTLLoader sliceIDForDevice:legacyDriverVersion:airntDriverVersion:]:692: failed assertion `Target device architecture is nil' Child process terminated with signal 6: Abort trap
case.ios-simulator.multiply_one.runtime.safe.opt-default.results	00000001 00400000 007fffff 00800000 80400000 80000000 3eb97ef9 3f800000
case.ios-simulator.multiply_one.runtime.safe.opt-size.applied_options	math=safe,fpfun=precise,lang=3.1,opt=size
case.ios-simulator.multiply_one.runtime.safe.opt-size.archived_options	unavailable:dispatch of the archive-support probe failed with 134: +[MTLLoader sliceIDForDevice:legacyDriverVersion:airntDriverVersion:]:692: failed assertion `Target device architecture is nil' Child process terminated with signal 6: Abort trap
case.ios-simulator.multiply_one.runtime.safe.opt-size.results	00000001 00400000 007fffff 00800000 80400000 80000000 3eb97ef9 3f800000
case.ios-simulator.multiply_one.safe.O0.contract-off.compile_options	air.compile.denorms_disable air.compile.fast_math_disable air.compile.framebuffer_fetch_enable
case.ios-simulator.multiply_one.safe.O0.contract-off.float_operations	fmul
case.ios-simulator.multiply_one.safe.O0.contract-off.results	00000001 00400000 007fffff 00800000 80400000 80000000 3eb97ef9 3f800000
case.ios-simulator.multiply_one.safe.O1.contract-off.compile_options	air.compile.denorms_disable air.compile.fast_math_disable air.compile.framebuffer_fetch_enable
case.ios-simulator.multiply_one.safe.O1.contract-off.float_operations	
case.ios-simulator.multiply_one.safe.O1.contract-off.results	00000001 00400000 007fffff 00800000 80400000 80000000 3eb97ef9 3f800000
case.ios-simulator.multiply_one.safe.O2.contract-off.compile_options	air.compile.denorms_disable air.compile.fast_math_disable air.compile.framebuffer_fetch_enable
case.ios-simulator.multiply_one.safe.O2.contract-off.float_operations	
case.ios-simulator.multiply_one.safe.O2.contract-off.results	00000001 00400000 007fffff 00800000 80400000 80000000 3eb97ef9 3f800000
case.ios-simulator.multiply_one.safe.O3.contract-off.compile_options	air.compile.denorms_disable air.compile.fast_math_disable air.compile.framebuffer_fetch_enable
case.ios-simulator.multiply_one.safe.O3.contract-off.float_operations	
case.ios-simulator.multiply_one.safe.O3.contract-off.results	00000001 00400000 007fffff 00800000 80400000 80000000 3eb97ef9 3f800000
case.ios-simulator.multiply_one.safe.Os.contract-off.compile_options	air.compile.denorms_disable air.compile.fast_math_disable air.compile.framebuffer_fetch_enable
case.ios-simulator.multiply_one.safe.Os.contract-off.float_operations	
case.ios-simulator.multiply_one.safe.Os.contract-off.results	00000001 00400000 007fffff 00800000 80400000 80000000 3eb97ef9 3f800000
case.ios-simulator.multiply_two.fast.O0.contract-off.compile_options	air.compile.denorms_disable air.compile.fast_math_enable air.compile.framebuffer_fetch_enable
case.ios-simulator.multiply_two.fast.O0.contract-off.float_operations	fmul+reassoc+nnan+ninf+nsz+arcp+afn
case.ios-simulator.multiply_two.fast.O0.contract-off.results	00000000 00000000 00000000 01000000 80000000 80000000 3f397ef9 40000000
case.ios-simulator.multiply_two.fast.O1.contract-off.compile_options	air.compile.denorms_disable air.compile.fast_math_enable air.compile.framebuffer_fetch_enable
case.ios-simulator.multiply_two.fast.O1.contract-off.float_operations	fmul+reassoc+nnan+ninf+nsz+arcp+afn
case.ios-simulator.multiply_two.fast.O1.contract-off.results	00000000 00000000 00000000 01000000 80000000 80000000 3f397ef9 40000000
case.ios-simulator.multiply_two.fast.O2.contract-off.compile_options	air.compile.denorms_disable air.compile.fast_math_enable air.compile.framebuffer_fetch_enable
case.ios-simulator.multiply_two.fast.O2.contract-off.float_operations	fmul+reassoc+nnan+ninf+nsz+arcp+afn
case.ios-simulator.multiply_two.fast.O2.contract-off.results	00000000 00000000 00000000 01000000 80000000 80000000 3f397ef9 40000000
case.ios-simulator.multiply_two.fast.O2.contract-off.fpfun-fast.compile_options	air.compile.denorms_disable air.compile.fast_math_enable air.compile.framebuffer_fetch_enable
case.ios-simulator.multiply_two.fast.O2.contract-off.fpfun-fast.float_operations	fmul+reassoc+nnan+ninf+nsz+arcp+afn
case.ios-simulator.multiply_two.fast.O2.contract-off.fpfun-fast.results	00000000 00000000 00000000 01000000 80000000 80000000 3f397ef9 40000000
case.ios-simulator.multiply_two.fast.O3.contract-off.compile_options	air.compile.denorms_disable air.compile.fast_math_enable air.compile.framebuffer_fetch_enable
case.ios-simulator.multiply_two.fast.O3.contract-off.float_operations	fmul+reassoc+nnan+ninf+nsz+arcp+afn
case.ios-simulator.multiply_two.fast.O3.contract-off.results	00000000 00000000 00000000 01000000 80000000 80000000 3f397ef9 40000000
case.ios-simulator.multiply_two.fast.Os.contract-off.compile_options	air.compile.denorms_disable air.compile.fast_math_enable air.compile.framebuffer_fetch_enable
case.ios-simulator.multiply_two.fast.Os.contract-off.float_operations	fmul+reassoc+nnan+ninf+nsz+arcp+afn
case.ios-simulator.multiply_two.fast.Os.contract-off.results	00000000 00000000 00000000 01000000 80000000 80000000 3f397ef9 40000000
case.ios-simulator.multiply_two.relaxed.O0.contract-off.compile_options	air.compile.denorms_disable air.compile.fast_math_disable air.compile.framebuffer_fetch_enable
case.ios-simulator.multiply_two.relaxed.O0.contract-off.float_operations	fmul+reassoc+nsz+arcp+afn
case.ios-simulator.multiply_two.relaxed.O0.contract-off.results	00000000 00000000 00000000 01000000 80000000 80000000 3f397ef9 40000000
case.ios-simulator.multiply_two.relaxed.O1.contract-off.compile_options	air.compile.denorms_disable air.compile.fast_math_disable air.compile.framebuffer_fetch_enable
case.ios-simulator.multiply_two.relaxed.O1.contract-off.float_operations	fmul+reassoc+nsz+arcp+afn
case.ios-simulator.multiply_two.relaxed.O1.contract-off.results	00000000 00000000 00000000 01000000 80000000 80000000 3f397ef9 40000000
case.ios-simulator.multiply_two.relaxed.O2.contract-off.compile_options	air.compile.denorms_disable air.compile.fast_math_disable air.compile.framebuffer_fetch_enable
case.ios-simulator.multiply_two.relaxed.O2.contract-off.float_operations	fmul+reassoc+nsz+arcp+afn
case.ios-simulator.multiply_two.relaxed.O2.contract-off.results	00000000 00000000 00000000 01000000 80000000 80000000 3f397ef9 40000000
case.ios-simulator.multiply_two.relaxed.O2.contract-off.fpfun-fast.compile_options	air.compile.denorms_disable air.compile.fast_math_disable air.compile.framebuffer_fetch_enable
case.ios-simulator.multiply_two.relaxed.O2.contract-off.fpfun-fast.float_operations	fmul+reassoc+nsz+arcp+afn
case.ios-simulator.multiply_two.relaxed.O2.contract-off.fpfun-fast.results	00000000 00000000 00000000 01000000 80000000 80000000 3f397ef9 40000000
case.ios-simulator.multiply_two.relaxed.O3.contract-off.compile_options	air.compile.denorms_disable air.compile.fast_math_disable air.compile.framebuffer_fetch_enable
case.ios-simulator.multiply_two.relaxed.O3.contract-off.float_operations	fmul+reassoc+nsz+arcp+afn
case.ios-simulator.multiply_two.relaxed.O3.contract-off.results	00000000 00000000 00000000 01000000 80000000 80000000 3f397ef9 40000000
case.ios-simulator.multiply_two.relaxed.Os.contract-off.compile_options	air.compile.denorms_disable air.compile.fast_math_disable air.compile.framebuffer_fetch_enable
case.ios-simulator.multiply_two.relaxed.Os.contract-off.float_operations	fmul+reassoc+nsz+arcp+afn
case.ios-simulator.multiply_two.relaxed.Os.contract-off.results	00000000 00000000 00000000 01000000 80000000 80000000 3f397ef9 40000000
case.ios-simulator.multiply_two.runtime.fast.opt-default.applied_options	math=fast,fpfun=precise,lang=3.1,opt=default
case.ios-simulator.multiply_two.runtime.fast.opt-default.archived_options	unavailable:dispatch of the archive-support probe failed with 134: +[MTLLoader sliceIDForDevice:legacyDriverVersion:airntDriverVersion:]:692: failed assertion `Target device architecture is nil' Child process terminated with signal 6: Abort trap
case.ios-simulator.multiply_two.runtime.fast.opt-default.results	00000000 00000000 00000000 01000000 80000000 80000000 3f397ef9 40000000
case.ios-simulator.multiply_two.runtime.fast.opt-default.fpfun-fast.applied_options	math=fast,fpfun=fast,lang=3.1,opt=default
case.ios-simulator.multiply_two.runtime.fast.opt-default.fpfun-fast.archived_options	unavailable:dispatch of the archive-support probe failed with 134: +[MTLLoader sliceIDForDevice:legacyDriverVersion:airntDriverVersion:]:692: failed assertion `Target device architecture is nil' Child process terminated with signal 6: Abort trap
case.ios-simulator.multiply_two.runtime.fast.opt-default.fpfun-fast.results	00000000 00000000 00000000 01000000 80000000 80000000 3f397ef9 40000000
case.ios-simulator.multiply_two.runtime.fast.opt-size.applied_options	math=fast,fpfun=precise,lang=3.1,opt=size
case.ios-simulator.multiply_two.runtime.fast.opt-size.archived_options	unavailable:dispatch of the archive-support probe failed with 134: +[MTLLoader sliceIDForDevice:legacyDriverVersion:airntDriverVersion:]:692: failed assertion `Target device architecture is nil' Child process terminated with signal 6: Abort trap
case.ios-simulator.multiply_two.runtime.fast.opt-size.results	00000000 00000000 00000000 01000000 80000000 80000000 3f397ef9 40000000
case.ios-simulator.multiply_two.runtime.fast.opt-size.fpfun-fast.applied_options	math=fast,fpfun=fast,lang=3.1,opt=size
case.ios-simulator.multiply_two.runtime.fast.opt-size.fpfun-fast.archived_options	unavailable:dispatch of the archive-support probe failed with 134: +[MTLLoader sliceIDForDevice:legacyDriverVersion:airntDriverVersion:]:692: failed assertion `Target device architecture is nil' Child process terminated with signal 6: Abort trap
case.ios-simulator.multiply_two.runtime.fast.opt-size.fpfun-fast.results	00000000 00000000 00000000 01000000 80000000 80000000 3f397ef9 40000000
case.ios-simulator.multiply_two.runtime.relaxed.opt-default.applied_options	math=relaxed,fpfun=precise,lang=3.1,opt=default
case.ios-simulator.multiply_two.runtime.relaxed.opt-default.archived_options	unavailable:dispatch of the archive-support probe failed with 134: +[MTLLoader sliceIDForDevice:legacyDriverVersion:airntDriverVersion:]:692: failed assertion `Target device architecture is nil' Child process terminated with signal 6: Abort trap
case.ios-simulator.multiply_two.runtime.relaxed.opt-default.results	00000000 00000000 00000000 01000000 80000000 80000000 3f397ef9 40000000
case.ios-simulator.multiply_two.runtime.relaxed.opt-default.fpfun-fast.applied_options	math=relaxed,fpfun=fast,lang=3.1,opt=default
case.ios-simulator.multiply_two.runtime.relaxed.opt-default.fpfun-fast.archived_options	unavailable:dispatch of the archive-support probe failed with 134: +[MTLLoader sliceIDForDevice:legacyDriverVersion:airntDriverVersion:]:692: failed assertion `Target device architecture is nil' Child process terminated with signal 6: Abort trap
case.ios-simulator.multiply_two.runtime.relaxed.opt-default.fpfun-fast.results	00000000 00000000 00000000 01000000 80000000 80000000 3f397ef9 40000000
case.ios-simulator.multiply_two.runtime.relaxed.opt-size.applied_options	math=relaxed,fpfun=precise,lang=3.1,opt=size
case.ios-simulator.multiply_two.runtime.relaxed.opt-size.archived_options	unavailable:dispatch of the archive-support probe failed with 134: +[MTLLoader sliceIDForDevice:legacyDriverVersion:airntDriverVersion:]:692: failed assertion `Target device architecture is nil' Child process terminated with signal 6: Abort trap
case.ios-simulator.multiply_two.runtime.relaxed.opt-size.results	00000000 00000000 00000000 01000000 80000000 80000000 3f397ef9 40000000
case.ios-simulator.multiply_two.runtime.relaxed.opt-size.fpfun-fast.applied_options	math=relaxed,fpfun=fast,lang=3.1,opt=size
case.ios-simulator.multiply_two.runtime.relaxed.opt-size.fpfun-fast.archived_options	unavailable:dispatch of the archive-support probe failed with 134: +[MTLLoader sliceIDForDevice:legacyDriverVersion:airntDriverVersion:]:692: failed assertion `Target device architecture is nil' Child process terminated with signal 6: Abort trap
case.ios-simulator.multiply_two.runtime.relaxed.opt-size.fpfun-fast.results	00000000 00000000 00000000 01000000 80000000 80000000 3f397ef9 40000000
case.ios-simulator.multiply_two.runtime.safe.opt-default.applied_options	math=safe,fpfun=precise,lang=3.1,opt=default
case.ios-simulator.multiply_two.runtime.safe.opt-default.archived_options	unavailable:dispatch of the archive-support probe failed with 134: +[MTLLoader sliceIDForDevice:legacyDriverVersion:airntDriverVersion:]:692: failed assertion `Target device architecture is nil' Child process terminated with signal 6: Abort trap
case.ios-simulator.multiply_two.runtime.safe.opt-default.results	00000000 00000000 00000000 01000000 80000000 80000000 3f397ef9 40000000
case.ios-simulator.multiply_two.runtime.safe.opt-default.fpfun-fast.applied_options	math=safe,fpfun=fast,lang=3.1,opt=default
case.ios-simulator.multiply_two.runtime.safe.opt-default.fpfun-fast.archived_options	unavailable:dispatch of the archive-support probe failed with 134: +[MTLLoader sliceIDForDevice:legacyDriverVersion:airntDriverVersion:]:692: failed assertion `Target device architecture is nil' Child process terminated with signal 6: Abort trap
case.ios-simulator.multiply_two.runtime.safe.opt-default.fpfun-fast.results	00000000 00000000 00000000 01000000 80000000 80000000 3f397ef9 40000000
case.ios-simulator.multiply_two.runtime.safe.opt-size.applied_options	math=safe,fpfun=precise,lang=3.1,opt=size
case.ios-simulator.multiply_two.runtime.safe.opt-size.archived_options	unavailable:dispatch of the archive-support probe failed with 134: +[MTLLoader sliceIDForDevice:legacyDriverVersion:airntDriverVersion:]:692: failed assertion `Target device architecture is nil' Child process terminated with signal 6: Abort trap
case.ios-simulator.multiply_two.runtime.safe.opt-size.results	00000000 00000000 00000000 01000000 80000000 80000000 3f397ef9 40000000
case.ios-simulator.multiply_two.runtime.safe.opt-size.fpfun-fast.applied_options	math=safe,fpfun=fast,lang=3.1,opt=size
case.ios-simulator.multiply_two.runtime.safe.opt-size.fpfun-fast.archived_options	unavailable:dispatch of the archive-support probe failed with 134: +[MTLLoader sliceIDForDevice:legacyDriverVersion:airntDriverVersion:]:692: failed assertion `Target device architecture is nil' Child process terminated with signal 6: Abort trap
case.ios-simulator.multiply_two.runtime.safe.opt-size.fpfun-fast.results	00000000 00000000 00000000 01000000 80000000 80000000 3f397ef9 40000000
case.ios-simulator.multiply_two.safe.O0.contract-off.compile_options	air.compile.denorms_disable air.compile.fast_math_disable air.compile.framebuffer_fetch_enable
case.ios-simulator.multiply_two.safe.O0.contract-off.float_operations	fmul
case.ios-simulator.multiply_two.safe.O0.contract-off.results	00000000 00000000 00000000 01000000 80000000 80000000 3f397ef9 40000000
case.ios-simulator.multiply_two.safe.O1.contract-off.compile_options	air.compile.denorms_disable air.compile.fast_math_disable air.compile.framebuffer_fetch_enable
case.ios-simulator.multiply_two.safe.O1.contract-off.float_operations	fmul
case.ios-simulator.multiply_two.safe.O1.contract-off.results	00000000 00000000 00000000 01000000 80000000 80000000 3f397ef9 40000000
case.ios-simulator.multiply_two.safe.O2.contract-off.compile_options	air.compile.denorms_disable air.compile.fast_math_disable air.compile.framebuffer_fetch_enable
case.ios-simulator.multiply_two.safe.O2.contract-off.float_operations	fmul
case.ios-simulator.multiply_two.safe.O2.contract-off.results	00000000 00000000 00000000 01000000 80000000 80000000 3f397ef9 40000000
case.ios-simulator.multiply_two.safe.O2.contract-off.fpfun-fast.compile_options	air.compile.denorms_disable air.compile.fast_math_disable air.compile.framebuffer_fetch_enable
case.ios-simulator.multiply_two.safe.O2.contract-off.fpfun-fast.float_operations	fmul
case.ios-simulator.multiply_two.safe.O2.contract-off.fpfun-fast.results	00000000 00000000 00000000 01000000 80000000 80000000 3f397ef9 40000000
case.ios-simulator.multiply_two.safe.O3.contract-off.compile_options	air.compile.denorms_disable air.compile.fast_math_disable air.compile.framebuffer_fetch_enable
case.ios-simulator.multiply_two.safe.O3.contract-off.float_operations	fmul
case.ios-simulator.multiply_two.safe.O3.contract-off.results	00000000 00000000 00000000 01000000 80000000 80000000 3f397ef9 40000000
case.ios-simulator.multiply_two.safe.Os.contract-off.compile_options	air.compile.denorms_disable air.compile.fast_math_disable air.compile.framebuffer_fetch_enable
case.ios-simulator.multiply_two.safe.Os.contract-off.float_operations	fmul
case.ios-simulator.multiply_two.safe.Os.contract-off.results	00000000 00000000 00000000 01000000 80000000 80000000 3f397ef9 40000000
case.ios-simulator.reassociation_chain.fast.O2.contract-off.compile_options	air.compile.denorms_disable air.compile.fast_math_enable air.compile.framebuffer_fetch_enable
case.ios-simulator.reassociation_chain.fast.O2.contract-off.float_operations	fadd+reassoc+nnan+ninf+nsz+arcp+afn
case.ios-simulator.reassociation_chain.fast.O2.contract-off.results	34000000 34000000 34000000 34000000 34000000 34000000 3eb97efd 3f800001
case.ios-simulator.reassociation_chain.relaxed.O2.contract-off.compile_options	air.compile.denorms_disable air.compile.fast_math_disable air.compile.framebuffer_fetch_enable
case.ios-simulator.reassociation_chain.relaxed.O2.contract-off.float_operations	fadd+reassoc+nsz+arcp+afn
case.ios-simulator.reassociation_chain.relaxed.O2.contract-off.results	34000000 34000000 34000000 34000000 34000000 34000000 3eb97efd 3f800001
case.ios-simulator.reassociation_chain.runtime.fast.opt-default.applied_options	math=fast,fpfun=precise,lang=3.1,opt=default
case.ios-simulator.reassociation_chain.runtime.fast.opt-default.archived_options	unavailable:dispatch of the archive-support probe failed with 134: +[MTLLoader sliceIDForDevice:legacyDriverVersion:airntDriverVersion:]:692: failed assertion `Target device architecture is nil' Child process terminated with signal 6: Abort trap
case.ios-simulator.reassociation_chain.runtime.fast.opt-default.results	34000000 34000000 34000000 34000000 34000000 34000000 3eb97efd 3f800001
case.ios-simulator.reassociation_chain.runtime.fast.opt-size.applied_options	math=fast,fpfun=precise,lang=3.1,opt=size
case.ios-simulator.reassociation_chain.runtime.fast.opt-size.archived_options	unavailable:dispatch of the archive-support probe failed with 134: +[MTLLoader sliceIDForDevice:legacyDriverVersion:airntDriverVersion:]:692: failed assertion `Target device architecture is nil' Child process terminated with signal 6: Abort trap
case.ios-simulator.reassociation_chain.runtime.fast.opt-size.results	34000000 34000000 34000000 34000000 34000000 34000000 3eb97efd 3f800001
case.ios-simulator.reassociation_chain.runtime.relaxed.opt-default.applied_options	math=relaxed,fpfun=precise,lang=3.1,opt=default
case.ios-simulator.reassociation_chain.runtime.relaxed.opt-default.archived_options	unavailable:dispatch of the archive-support probe failed with 134: +[MTLLoader sliceIDForDevice:legacyDriverVersion:airntDriverVersion:]:692: failed assertion `Target device architecture is nil' Child process terminated with signal 6: Abort trap
case.ios-simulator.reassociation_chain.runtime.relaxed.opt-default.results	34000000 34000000 34000000 34000000 34000000 34000000 3eb97efd 3f800001
case.ios-simulator.reassociation_chain.runtime.relaxed.opt-size.applied_options	math=relaxed,fpfun=precise,lang=3.1,opt=size
case.ios-simulator.reassociation_chain.runtime.relaxed.opt-size.archived_options	unavailable:dispatch of the archive-support probe failed with 134: +[MTLLoader sliceIDForDevice:legacyDriverVersion:airntDriverVersion:]:692: failed assertion `Target device architecture is nil' Child process terminated with signal 6: Abort trap
case.ios-simulator.reassociation_chain.runtime.relaxed.opt-size.results	34000000 34000000 34000000 34000000 34000000 34000000 3eb97efd 3f800001
case.ios-simulator.reassociation_chain.runtime.safe.opt-default.applied_options	math=safe,fpfun=precise,lang=3.1,opt=default
case.ios-simulator.reassociation_chain.runtime.safe.opt-default.archived_options	unavailable:dispatch of the archive-support probe failed with 134: +[MTLLoader sliceIDForDevice:legacyDriverVersion:airntDriverVersion:]:692: failed assertion `Target device architecture is nil' Child process terminated with signal 6: Abort trap
case.ios-simulator.reassociation_chain.runtime.safe.opt-default.results	34000000 34000000 34000000 34000000 34000000 34000000 3eb97efd 3f800000
case.ios-simulator.reassociation_chain.runtime.safe.opt-size.applied_options	math=safe,fpfun=precise,lang=3.1,opt=size
case.ios-simulator.reassociation_chain.runtime.safe.opt-size.archived_options	unavailable:dispatch of the archive-support probe failed with 134: +[MTLLoader sliceIDForDevice:legacyDriverVersion:airntDriverVersion:]:692: failed assertion `Target device architecture is nil' Child process terminated with signal 6: Abort trap
case.ios-simulator.reassociation_chain.runtime.safe.opt-size.results	34000000 34000000 34000000 34000000 34000000 34000000 3eb97efd 3f800000
case.ios-simulator.reassociation_chain.safe.O2.contract-off.compile_options	air.compile.denorms_disable air.compile.fast_math_disable air.compile.framebuffer_fetch_enable
case.ios-simulator.reassociation_chain.safe.O2.contract-off.float_operations	fadd fadd
case.ios-simulator.reassociation_chain.safe.O2.contract-off.results	34000000 34000000 34000000 34000000 34000000 34000000 3eb97efd 3f800000
case.ios-simulator.scale_one_bias_zero.fast.O0.contract-off.compile_options	air.compile.denorms_disable air.compile.fast_math_enable air.compile.framebuffer_fetch_enable
case.ios-simulator.scale_one_bias_zero.fast.O0.contract-off.float_operations	fmul+reassoc+nnan+ninf+nsz+arcp+afn fadd+reassoc+nnan+ninf+nsz+arcp+afn
case.ios-simulator.scale_one_bias_zero.fast.O0.contract-off.results	00000001 00400000 007fffff 00800000 80400000 80000000 3eb97ef9 3f800000
case.ios-simulator.scale_one_bias_zero.fast.O1.contract-off.compile_options	air.compile.denorms_disable air.compile.fast_math_enable air.compile.framebuffer_fetch_enable
case.ios-simulator.scale_one_bias_zero.fast.O1.contract-off.float_operations	
case.ios-simulator.scale_one_bias_zero.fast.O1.contract-off.results	00000001 00400000 007fffff 00800000 80400000 80000000 3eb97ef9 3f800000
case.ios-simulator.scale_one_bias_zero.fast.O2.contract-off.compile_options	air.compile.denorms_disable air.compile.fast_math_enable air.compile.framebuffer_fetch_enable
case.ios-simulator.scale_one_bias_zero.fast.O2.contract-off.float_operations	
case.ios-simulator.scale_one_bias_zero.fast.O2.contract-off.results	00000001 00400000 007fffff 00800000 80400000 80000000 3eb97ef9 3f800000
case.ios-simulator.scale_one_bias_zero.fast.O2.contract-off.fpfun-fast.compile_options	air.compile.denorms_disable air.compile.fast_math_enable air.compile.framebuffer_fetch_enable
case.ios-simulator.scale_one_bias_zero.fast.O2.contract-off.fpfun-fast.float_operations	
case.ios-simulator.scale_one_bias_zero.fast.O2.contract-off.fpfun-fast.results	00000001 00400000 007fffff 00800000 80400000 80000000 3eb97ef9 3f800000
case.ios-simulator.scale_one_bias_zero.fast.O3.contract-off.compile_options	air.compile.denorms_disable air.compile.fast_math_enable air.compile.framebuffer_fetch_enable
case.ios-simulator.scale_one_bias_zero.fast.O3.contract-off.float_operations	
case.ios-simulator.scale_one_bias_zero.fast.O3.contract-off.results	00000001 00400000 007fffff 00800000 80400000 80000000 3eb97ef9 3f800000
case.ios-simulator.scale_one_bias_zero.fast.Os.contract-off.compile_options	air.compile.denorms_disable air.compile.fast_math_enable air.compile.framebuffer_fetch_enable
case.ios-simulator.scale_one_bias_zero.fast.Os.contract-off.float_operations	
case.ios-simulator.scale_one_bias_zero.fast.Os.contract-off.results	00000001 00400000 007fffff 00800000 80400000 80000000 3eb97ef9 3f800000
case.ios-simulator.scale_one_bias_zero.relaxed.O0.contract-off.compile_options	air.compile.denorms_disable air.compile.fast_math_disable air.compile.framebuffer_fetch_enable
case.ios-simulator.scale_one_bias_zero.relaxed.O0.contract-off.float_operations	fmul+reassoc+nsz+arcp+afn fadd+reassoc+nsz+arcp+afn
case.ios-simulator.scale_one_bias_zero.relaxed.O0.contract-off.results	00000001 00400000 007fffff 00800000 80400000 80000000 3eb97ef9 3f800000
case.ios-simulator.scale_one_bias_zero.relaxed.O1.contract-off.compile_options	air.compile.denorms_disable air.compile.fast_math_disable air.compile.framebuffer_fetch_enable
case.ios-simulator.scale_one_bias_zero.relaxed.O1.contract-off.float_operations	
case.ios-simulator.scale_one_bias_zero.relaxed.O1.contract-off.results	00000001 00400000 007fffff 00800000 80400000 80000000 3eb97ef9 3f800000
case.ios-simulator.scale_one_bias_zero.relaxed.O2.contract-off.compile_options	air.compile.denorms_disable air.compile.fast_math_disable air.compile.framebuffer_fetch_enable
case.ios-simulator.scale_one_bias_zero.relaxed.O2.contract-off.float_operations	
case.ios-simulator.scale_one_bias_zero.relaxed.O2.contract-off.results	00000001 00400000 007fffff 00800000 80400000 80000000 3eb97ef9 3f800000
case.ios-simulator.scale_one_bias_zero.relaxed.O2.contract-off.fpfun-fast.compile_options	air.compile.denorms_disable air.compile.fast_math_disable air.compile.framebuffer_fetch_enable
case.ios-simulator.scale_one_bias_zero.relaxed.O2.contract-off.fpfun-fast.float_operations	
case.ios-simulator.scale_one_bias_zero.relaxed.O2.contract-off.fpfun-fast.results	00000001 00400000 007fffff 00800000 80400000 80000000 3eb97ef9 3f800000
case.ios-simulator.scale_one_bias_zero.relaxed.O3.contract-off.compile_options	air.compile.denorms_disable air.compile.fast_math_disable air.compile.framebuffer_fetch_enable
case.ios-simulator.scale_one_bias_zero.relaxed.O3.contract-off.float_operations	
case.ios-simulator.scale_one_bias_zero.relaxed.O3.contract-off.results	00000001 00400000 007fffff 00800000 80400000 80000000 3eb97ef9 3f800000
case.ios-simulator.scale_one_bias_zero.relaxed.Os.contract-off.compile_options	air.compile.denorms_disable air.compile.fast_math_disable air.compile.framebuffer_fetch_enable
case.ios-simulator.scale_one_bias_zero.relaxed.Os.contract-off.float_operations	
case.ios-simulator.scale_one_bias_zero.relaxed.Os.contract-off.results	00000001 00400000 007fffff 00800000 80400000 80000000 3eb97ef9 3f800000
case.ios-simulator.scale_one_bias_zero.runtime.fast.opt-default.applied_options	math=fast,fpfun=precise,lang=3.1,opt=default
case.ios-simulator.scale_one_bias_zero.runtime.fast.opt-default.archived_options	unavailable:dispatch of the archive-support probe failed with 134: +[MTLLoader sliceIDForDevice:legacyDriverVersion:airntDriverVersion:]:692: failed assertion `Target device architecture is nil' Child process terminated with signal 6: Abort trap
case.ios-simulator.scale_one_bias_zero.runtime.fast.opt-default.results	00000001 00400000 007fffff 00800000 80400000 80000000 3eb97ef9 3f800000
case.ios-simulator.scale_one_bias_zero.runtime.fast.opt-default.fpfun-fast.applied_options	math=fast,fpfun=fast,lang=3.1,opt=default
case.ios-simulator.scale_one_bias_zero.runtime.fast.opt-default.fpfun-fast.archived_options	unavailable:dispatch of the archive-support probe failed with 134: +[MTLLoader sliceIDForDevice:legacyDriverVersion:airntDriverVersion:]:692: failed assertion `Target device architecture is nil' Child process terminated with signal 6: Abort trap
case.ios-simulator.scale_one_bias_zero.runtime.fast.opt-default.fpfun-fast.results	00000001 00400000 007fffff 00800000 80400000 80000000 3eb97ef9 3f800000
case.ios-simulator.scale_one_bias_zero.runtime.fast.opt-size.applied_options	math=fast,fpfun=precise,lang=3.1,opt=size
case.ios-simulator.scale_one_bias_zero.runtime.fast.opt-size.archived_options	unavailable:dispatch of the archive-support probe failed with 134: +[MTLLoader sliceIDForDevice:legacyDriverVersion:airntDriverVersion:]:692: failed assertion `Target device architecture is nil' Child process terminated with signal 6: Abort trap
case.ios-simulator.scale_one_bias_zero.runtime.fast.opt-size.results	00000001 00400000 007fffff 00800000 80400000 80000000 3eb97ef9 3f800000
case.ios-simulator.scale_one_bias_zero.runtime.fast.opt-size.fpfun-fast.applied_options	math=fast,fpfun=fast,lang=3.1,opt=size
case.ios-simulator.scale_one_bias_zero.runtime.fast.opt-size.fpfun-fast.archived_options	unavailable:dispatch of the archive-support probe failed with 134: +[MTLLoader sliceIDForDevice:legacyDriverVersion:airntDriverVersion:]:692: failed assertion `Target device architecture is nil' Child process terminated with signal 6: Abort trap
case.ios-simulator.scale_one_bias_zero.runtime.fast.opt-size.fpfun-fast.results	00000001 00400000 007fffff 00800000 80400000 80000000 3eb97ef9 3f800000
case.ios-simulator.scale_one_bias_zero.runtime.relaxed.opt-default.applied_options	math=relaxed,fpfun=precise,lang=3.1,opt=default
case.ios-simulator.scale_one_bias_zero.runtime.relaxed.opt-default.archived_options	unavailable:dispatch of the archive-support probe failed with 134: +[MTLLoader sliceIDForDevice:legacyDriverVersion:airntDriverVersion:]:692: failed assertion `Target device architecture is nil' Child process terminated with signal 6: Abort trap
case.ios-simulator.scale_one_bias_zero.runtime.relaxed.opt-default.results	00000001 00400000 007fffff 00800000 80400000 80000000 3eb97ef9 3f800000
case.ios-simulator.scale_one_bias_zero.runtime.relaxed.opt-default.fpfun-fast.applied_options	math=relaxed,fpfun=fast,lang=3.1,opt=default
case.ios-simulator.scale_one_bias_zero.runtime.relaxed.opt-default.fpfun-fast.archived_options	unavailable:dispatch of the archive-support probe failed with 134: +[MTLLoader sliceIDForDevice:legacyDriverVersion:airntDriverVersion:]:692: failed assertion `Target device architecture is nil' Child process terminated with signal 6: Abort trap
case.ios-simulator.scale_one_bias_zero.runtime.relaxed.opt-default.fpfun-fast.results	00000001 00400000 007fffff 00800000 80400000 80000000 3eb97ef9 3f800000
case.ios-simulator.scale_one_bias_zero.runtime.relaxed.opt-size.applied_options	math=relaxed,fpfun=precise,lang=3.1,opt=size
case.ios-simulator.scale_one_bias_zero.runtime.relaxed.opt-size.archived_options	unavailable:dispatch of the archive-support probe failed with 134: +[MTLLoader sliceIDForDevice:legacyDriverVersion:airntDriverVersion:]:692: failed assertion `Target device architecture is nil' Child process terminated with signal 6: Abort trap
case.ios-simulator.scale_one_bias_zero.runtime.relaxed.opt-size.results	00000001 00400000 007fffff 00800000 80400000 80000000 3eb97ef9 3f800000
case.ios-simulator.scale_one_bias_zero.runtime.relaxed.opt-size.fpfun-fast.applied_options	math=relaxed,fpfun=fast,lang=3.1,opt=size
case.ios-simulator.scale_one_bias_zero.runtime.relaxed.opt-size.fpfun-fast.archived_options	unavailable:dispatch of the archive-support probe failed with 134: +[MTLLoader sliceIDForDevice:legacyDriverVersion:airntDriverVersion:]:692: failed assertion `Target device architecture is nil' Child process terminated with signal 6: Abort trap
case.ios-simulator.scale_one_bias_zero.runtime.relaxed.opt-size.fpfun-fast.results	00000001 00400000 007fffff 00800000 80400000 80000000 3eb97ef9 3f800000
case.ios-simulator.scale_one_bias_zero.runtime.safe.opt-default.applied_options	math=safe,fpfun=precise,lang=3.1,opt=default
case.ios-simulator.scale_one_bias_zero.runtime.safe.opt-default.archived_options	unavailable:dispatch of the archive-support probe failed with 134: +[MTLLoader sliceIDForDevice:legacyDriverVersion:airntDriverVersion:]:692: failed assertion `Target device architecture is nil' Child process terminated with signal 6: Abort trap
case.ios-simulator.scale_one_bias_zero.runtime.safe.opt-default.results	00000000 00000000 00000000 00800000 00000000 00000000 3eb97ef9 3f800000
case.ios-simulator.scale_one_bias_zero.runtime.safe.opt-default.fpfun-fast.applied_options	math=safe,fpfun=fast,lang=3.1,opt=default
case.ios-simulator.scale_one_bias_zero.runtime.safe.opt-default.fpfun-fast.archived_options	unavailable:dispatch of the archive-support probe failed with 134: +[MTLLoader sliceIDForDevice:legacyDriverVersion:airntDriverVersion:]:692: failed assertion `Target device architecture is nil' Child process terminated with signal 6: Abort trap
case.ios-simulator.scale_one_bias_zero.runtime.safe.opt-default.fpfun-fast.results	00000000 00000000 00000000 00800000 00000000 00000000 3eb97ef9 3f800000
case.ios-simulator.scale_one_bias_zero.runtime.safe.opt-size.applied_options	math=safe,fpfun=precise,lang=3.1,opt=size
case.ios-simulator.scale_one_bias_zero.runtime.safe.opt-size.archived_options	unavailable:dispatch of the archive-support probe failed with 134: +[MTLLoader sliceIDForDevice:legacyDriverVersion:airntDriverVersion:]:692: failed assertion `Target device architecture is nil' Child process terminated with signal 6: Abort trap
case.ios-simulator.scale_one_bias_zero.runtime.safe.opt-size.results	00000000 00000000 00000000 00800000 00000000 00000000 3eb97ef9 3f800000
case.ios-simulator.scale_one_bias_zero.runtime.safe.opt-size.fpfun-fast.applied_options	math=safe,fpfun=fast,lang=3.1,opt=size
case.ios-simulator.scale_one_bias_zero.runtime.safe.opt-size.fpfun-fast.archived_options	unavailable:dispatch of the archive-support probe failed with 134: +[MTLLoader sliceIDForDevice:legacyDriverVersion:airntDriverVersion:]:692: failed assertion `Target device architecture is nil' Child process terminated with signal 6: Abort trap
case.ios-simulator.scale_one_bias_zero.runtime.safe.opt-size.fpfun-fast.results	00000000 00000000 00000000 00800000 00000000 00000000 3eb97ef9 3f800000
case.ios-simulator.scale_one_bias_zero.safe.O0.contract-off.compile_options	air.compile.denorms_disable air.compile.fast_math_disable air.compile.framebuffer_fetch_enable
case.ios-simulator.scale_one_bias_zero.safe.O0.contract-off.float_operations	fmul fadd
case.ios-simulator.scale_one_bias_zero.safe.O0.contract-off.results	00000000 00000000 00000000 00800000 00000000 00000000 3eb97ef9 3f800000
case.ios-simulator.scale_one_bias_zero.safe.O1.contract-off.compile_options	air.compile.denorms_disable air.compile.fast_math_disable air.compile.framebuffer_fetch_enable
case.ios-simulator.scale_one_bias_zero.safe.O1.contract-off.float_operations	fadd
case.ios-simulator.scale_one_bias_zero.safe.O1.contract-off.results	00000000 00000000 00000000 00800000 00000000 00000000 3eb97ef9 3f800000
case.ios-simulator.scale_one_bias_zero.safe.O2.contract-off.compile_options	air.compile.denorms_disable air.compile.fast_math_disable air.compile.framebuffer_fetch_enable
case.ios-simulator.scale_one_bias_zero.safe.O2.contract-off.float_operations	fadd
case.ios-simulator.scale_one_bias_zero.safe.O2.contract-off.results	00000000 00000000 00000000 00800000 00000000 00000000 3eb97ef9 3f800000
case.ios-simulator.scale_one_bias_zero.safe.O2.contract-off.fpfun-fast.compile_options	air.compile.denorms_disable air.compile.fast_math_disable air.compile.framebuffer_fetch_enable
case.ios-simulator.scale_one_bias_zero.safe.O2.contract-off.fpfun-fast.float_operations	fadd
case.ios-simulator.scale_one_bias_zero.safe.O2.contract-off.fpfun-fast.results	00000000 00000000 00000000 00800000 00000000 00000000 3eb97ef9 3f800000
case.ios-simulator.scale_one_bias_zero.safe.O3.contract-off.compile_options	air.compile.denorms_disable air.compile.fast_math_disable air.compile.framebuffer_fetch_enable
case.ios-simulator.scale_one_bias_zero.safe.O3.contract-off.float_operations	fadd
case.ios-simulator.scale_one_bias_zero.safe.O3.contract-off.results	00000000 00000000 00000000 00800000 00000000 00000000 3eb97ef9 3f800000
case.ios-simulator.scale_one_bias_zero.safe.Os.contract-off.compile_options	air.compile.denorms_disable air.compile.fast_math_disable air.compile.framebuffer_fetch_enable
case.ios-simulator.scale_one_bias_zero.safe.Os.contract-off.float_operations	fadd
case.ios-simulator.scale_one_bias_zero.safe.Os.contract-off.results	00000000 00000000 00000000 00800000 00000000 00000000 3eb97ef9 3f800000
case.ios-simulator.scale_two_bias_one.fast.O2.contract-fast.compile_options	air.compile.denorms_disable air.compile.fast_math_enable air.compile.framebuffer_fetch_enable
case.ios-simulator.scale_two_bias_one.fast.O2.contract-fast.float_operations	fmul+fast fadd+fast
case.ios-simulator.scale_two_bias_one.fast.O2.contract-fast.results	3f800000 3f800000 3f800000 3f800000 3f800000 3f800000 3fdcbf7c 40400000
case.ios-simulator.scale_two_bias_one.fast.O2.contract-off.compile_options	air.compile.denorms_disable air.compile.fast_math_enable air.compile.framebuffer_fetch_enable
case.ios-simulator.scale_two_bias_one.fast.O2.contract-off.float_operations	fmul+reassoc+nnan+ninf+nsz+arcp+afn fadd+reassoc+nnan+ninf+nsz+arcp+afn
case.ios-simulator.scale_two_bias_one.fast.O2.contract-off.results	3f800000 3f800000 3f800000 3f800000 3f800000 3f800000 3fdcbf7c 40400000
case.ios-simulator.scale_two_bias_one.fast.O2.contract-on.compile_options	air.compile.denorms_disable air.compile.fast_math_enable air.compile.framebuffer_fetch_enable
case.ios-simulator.scale_two_bias_one.fast.O2.contract-on.float_operations	fmul+reassoc+nnan+ninf+nsz+arcp+afn fadd+reassoc+nnan+ninf+nsz+arcp+afn
case.ios-simulator.scale_two_bias_one.fast.O2.contract-on.results	3f800000 3f800000 3f800000 3f800000 3f800000 3f800000 3fdcbf7c 40400000
case.ios-simulator.scale_two_bias_one.relaxed.O2.contract-fast.compile_options	air.compile.denorms_disable air.compile.fast_math_disable air.compile.framebuffer_fetch_enable
case.ios-simulator.scale_two_bias_one.relaxed.O2.contract-fast.float_operations	fmul+reassoc+nsz+arcp+contract+afn fadd+reassoc+nsz+arcp+contract+afn
case.ios-simulator.scale_two_bias_one.relaxed.O2.contract-fast.results	3f800000 3f800000 3f800000 3f800000 3f800000 3f800000 3fdcbf7c 40400000
case.ios-simulator.scale_two_bias_one.relaxed.O2.contract-off.compile_options	air.compile.denorms_disable air.compile.fast_math_disable air.compile.framebuffer_fetch_enable
case.ios-simulator.scale_two_bias_one.relaxed.O2.contract-off.float_operations	fmul+reassoc+nsz+arcp+afn fadd+reassoc+nsz+arcp+afn
case.ios-simulator.scale_two_bias_one.relaxed.O2.contract-off.results	3f800000 3f800000 3f800000 3f800000 3f800000 3f800000 3fdcbf7c 40400000
case.ios-simulator.scale_two_bias_one.relaxed.O2.contract-on.compile_options	air.compile.denorms_disable air.compile.fast_math_disable air.compile.framebuffer_fetch_enable
case.ios-simulator.scale_two_bias_one.relaxed.O2.contract-on.float_operations	fmul+reassoc+nsz+arcp+afn fadd+reassoc+nsz+arcp+afn
case.ios-simulator.scale_two_bias_one.relaxed.O2.contract-on.results	3f800000 3f800000 3f800000 3f800000 3f800000 3f800000 3fdcbf7c 40400000
case.ios-simulator.scale_two_bias_one.runtime.fast.opt-default.applied_options	math=fast,fpfun=precise,lang=3.1,opt=default
case.ios-simulator.scale_two_bias_one.runtime.fast.opt-default.archived_options	unavailable:dispatch of the archive-support probe failed with 134: +[MTLLoader sliceIDForDevice:legacyDriverVersion:airntDriverVersion:]:692: failed assertion `Target device architecture is nil' Child process terminated with signal 6: Abort trap
case.ios-simulator.scale_two_bias_one.runtime.fast.opt-default.results	3f800000 3f800000 3f800000 3f800000 3f800000 3f800000 3fdcbf7c 40400000
case.ios-simulator.scale_two_bias_one.runtime.fast.opt-size.applied_options	math=fast,fpfun=precise,lang=3.1,opt=size
case.ios-simulator.scale_two_bias_one.runtime.fast.opt-size.archived_options	unavailable:dispatch of the archive-support probe failed with 134: +[MTLLoader sliceIDForDevice:legacyDriverVersion:airntDriverVersion:]:692: failed assertion `Target device architecture is nil' Child process terminated with signal 6: Abort trap
case.ios-simulator.scale_two_bias_one.runtime.fast.opt-size.results	3f800000 3f800000 3f800000 3f800000 3f800000 3f800000 3fdcbf7c 40400000
case.ios-simulator.scale_two_bias_one.runtime.relaxed.opt-default.applied_options	math=relaxed,fpfun=precise,lang=3.1,opt=default
case.ios-simulator.scale_two_bias_one.runtime.relaxed.opt-default.archived_options	unavailable:dispatch of the archive-support probe failed with 134: +[MTLLoader sliceIDForDevice:legacyDriverVersion:airntDriverVersion:]:692: failed assertion `Target device architecture is nil' Child process terminated with signal 6: Abort trap
case.ios-simulator.scale_two_bias_one.runtime.relaxed.opt-default.results	3f800000 3f800000 3f800000 3f800000 3f800000 3f800000 3fdcbf7c 40400000
case.ios-simulator.scale_two_bias_one.runtime.relaxed.opt-size.applied_options	math=relaxed,fpfun=precise,lang=3.1,opt=size
case.ios-simulator.scale_two_bias_one.runtime.relaxed.opt-size.archived_options	unavailable:dispatch of the archive-support probe failed with 134: +[MTLLoader sliceIDForDevice:legacyDriverVersion:airntDriverVersion:]:692: failed assertion `Target device architecture is nil' Child process terminated with signal 6: Abort trap
case.ios-simulator.scale_two_bias_one.runtime.relaxed.opt-size.results	3f800000 3f800000 3f800000 3f800000 3f800000 3f800000 3fdcbf7c 40400000
case.ios-simulator.scale_two_bias_one.runtime.safe.opt-default.applied_options	math=safe,fpfun=precise,lang=3.1,opt=default
case.ios-simulator.scale_two_bias_one.runtime.safe.opt-default.archived_options	unavailable:dispatch of the archive-support probe failed with 134: +[MTLLoader sliceIDForDevice:legacyDriverVersion:airntDriverVersion:]:692: failed assertion `Target device architecture is nil' Child process terminated with signal 6: Abort trap
case.ios-simulator.scale_two_bias_one.runtime.safe.opt-default.results	3f800000 3f800000 3f800000 3f800000 3f800000 3f800000 3fdcbf7c 40400000
case.ios-simulator.scale_two_bias_one.runtime.safe.opt-size.applied_options	math=safe,fpfun=precise,lang=3.1,opt=size
case.ios-simulator.scale_two_bias_one.runtime.safe.opt-size.archived_options	unavailable:dispatch of the archive-support probe failed with 134: +[MTLLoader sliceIDForDevice:legacyDriverVersion:airntDriverVersion:]:692: failed assertion `Target device architecture is nil' Child process terminated with signal 6: Abort trap
case.ios-simulator.scale_two_bias_one.runtime.safe.opt-size.results	3f800000 3f800000 3f800000 3f800000 3f800000 3f800000 3fdcbf7c 40400000
case.ios-simulator.scale_two_bias_one.safe.O2.contract-fast.compile_options	air.compile.denorms_disable air.compile.fast_math_disable air.compile.framebuffer_fetch_enable
case.ios-simulator.scale_two_bias_one.safe.O2.contract-fast.float_operations	fmul+contract fadd+contract
case.ios-simulator.scale_two_bias_one.safe.O2.contract-fast.results	3f800000 3f800000 3f800000 3f800000 3f800000 3f800000 3fdcbf7c 40400000
case.ios-simulator.scale_two_bias_one.safe.O2.contract-off.compile_options	air.compile.denorms_disable air.compile.fast_math_disable air.compile.framebuffer_fetch_enable
case.ios-simulator.scale_two_bias_one.safe.O2.contract-off.float_operations	fmul fadd
case.ios-simulator.scale_two_bias_one.safe.O2.contract-off.results	3f800000 3f800000 3f800000 3f800000 3f800000 3f800000 3fdcbf7c 40400000
case.ios-simulator.scale_two_bias_one.safe.O2.contract-on.compile_options	air.compile.denorms_disable air.compile.fast_math_disable air.compile.framebuffer_fetch_enable
case.ios-simulator.scale_two_bias_one.safe.O2.contract-on.float_operations	fmul fadd
case.ios-simulator.scale_two_bias_one.safe.O2.contract-on.results	3f800000 3f800000 3f800000 3f800000 3f800000 3f800000 3fdcbf7c 40400000
case.macos.add_smallest_normal.fast.O0.contract-off.compile_options	air.compile.denorms_disable air.compile.fast_math_enable air.compile.framebuffer_fetch_enable
case.macos.add_smallest_normal.fast.O0.contract-off.float_operations	fadd+reassoc+nnan+ninf+nsz+arcp+afn
case.macos.add_smallest_normal.fast.O0.contract-off.results	00800000 00800000 00800000 01000000 00800000 00800000 3eb97ef9 3f800000
case.macos.add_smallest_normal.fast.O2.contract-off.compile_options	air.compile.denorms_disable air.compile.fast_math_enable air.compile.framebuffer_fetch_enable
case.macos.add_smallest_normal.fast.O2.contract-off.float_operations	fadd+reassoc+nnan+ninf+nsz+arcp+afn
case.macos.add_smallest_normal.fast.O2.contract-off.results	00800000 00800000 00800000 01000000 00800000 00800000 3eb97ef9 3f800000
case.macos.add_smallest_normal.relaxed.O0.contract-off.compile_options	air.compile.denorms_disable air.compile.fast_math_disable air.compile.framebuffer_fetch_enable
case.macos.add_smallest_normal.relaxed.O0.contract-off.float_operations	fadd+reassoc+nsz+arcp+afn
case.macos.add_smallest_normal.relaxed.O0.contract-off.results	00800000 00800000 00800000 01000000 00800000 00800000 3eb97ef9 3f800000
case.macos.add_smallest_normal.relaxed.O2.contract-off.compile_options	air.compile.denorms_disable air.compile.fast_math_disable air.compile.framebuffer_fetch_enable
case.macos.add_smallest_normal.relaxed.O2.contract-off.float_operations	fadd+reassoc+nsz+arcp+afn
case.macos.add_smallest_normal.relaxed.O2.contract-off.results	00800000 00800000 00800000 01000000 00800000 00800000 3eb97ef9 3f800000
case.macos.add_smallest_normal.runtime.fast.opt-default.applied_options	math=fast,fpfun=precise,lang=3.1,opt=default
case.macos.add_smallest_normal.runtime.fast.opt-default.archived_options	air.compile.denorms_disable air.compile.fast_math_enable air.compile.framebuffer_fetch_enable
case.macos.add_smallest_normal.runtime.fast.opt-default.results	00800000 00800000 00800000 01000000 00800000 00800000 3eb97ef9 3f800000
case.macos.add_smallest_normal.runtime.fast.opt-size.applied_options	math=fast,fpfun=precise,lang=3.1,opt=size
case.macos.add_smallest_normal.runtime.fast.opt-size.archived_options	air.compile.denorms_disable air.compile.fast_math_enable air.compile.framebuffer_fetch_enable
case.macos.add_smallest_normal.runtime.fast.opt-size.results	00800000 00800000 00800000 01000000 00800000 00800000 3eb97ef9 3f800000
case.macos.add_smallest_normal.runtime.relaxed.opt-default.applied_options	math=relaxed,fpfun=precise,lang=3.1,opt=default
case.macos.add_smallest_normal.runtime.relaxed.opt-default.archived_options	air.compile.denorms_disable air.compile.fast_math_disable air.compile.framebuffer_fetch_enable
case.macos.add_smallest_normal.runtime.relaxed.opt-default.results	00800000 00800000 00800000 01000000 00800000 00800000 3eb97ef9 3f800000
case.macos.add_smallest_normal.runtime.relaxed.opt-size.applied_options	math=relaxed,fpfun=precise,lang=3.1,opt=size
case.macos.add_smallest_normal.runtime.relaxed.opt-size.archived_options	air.compile.denorms_disable air.compile.fast_math_disable air.compile.framebuffer_fetch_enable
case.macos.add_smallest_normal.runtime.relaxed.opt-size.results	00800000 00800000 00800000 01000000 00800000 00800000 3eb97ef9 3f800000
case.macos.add_smallest_normal.runtime.safe.opt-default.applied_options	math=safe,fpfun=precise,lang=3.1,opt=default
case.macos.add_smallest_normal.runtime.safe.opt-default.archived_options	air.compile.denorms_disable air.compile.fast_math_disable air.compile.framebuffer_fetch_enable
case.macos.add_smallest_normal.runtime.safe.opt-default.results	00800000 00800000 00800000 01000000 00800000 00800000 3eb97ef9 3f800000
case.macos.add_smallest_normal.runtime.safe.opt-size.applied_options	math=safe,fpfun=precise,lang=3.1,opt=size
case.macos.add_smallest_normal.runtime.safe.opt-size.archived_options	air.compile.denorms_disable air.compile.fast_math_disable air.compile.framebuffer_fetch_enable
case.macos.add_smallest_normal.runtime.safe.opt-size.results	00800000 00800000 00800000 01000000 00800000 00800000 3eb97ef9 3f800000
case.macos.add_smallest_normal.safe.O0.contract-off.compile_options	air.compile.denorms_disable air.compile.fast_math_disable air.compile.framebuffer_fetch_enable
case.macos.add_smallest_normal.safe.O0.contract-off.float_operations	fadd
case.macos.add_smallest_normal.safe.O0.contract-off.results	00800000 00800000 00800000 01000000 00800000 00800000 3eb97ef9 3f800000
case.macos.add_smallest_normal.safe.O2.contract-off.compile_options	air.compile.denorms_disable air.compile.fast_math_disable air.compile.framebuffer_fetch_enable
case.macos.add_smallest_normal.safe.O2.contract-off.float_operations	fadd
case.macos.add_smallest_normal.safe.O2.contract-off.results	00800000 00800000 00800000 01000000 00800000 00800000 3eb97ef9 3f800000
case.macos.contraction_pair.runtime.safe.opt-default.applied_options	math=safe,fpfun=precise,lang=3.1,opt=default
case.macos.contraction_pair.runtime.safe.opt-default.archived_options	air.compile.denorms_disable air.compile.fast_math_disable air.compile.framebuffer_fetch_enable
case.macos.contraction_pair.runtime.safe.opt-default.results	3f800000 3f800000 3f800000 3f800000 3f800000 3f800000 3fc58f9e 40200000
case.macos.contraction_pair.runtime.safe.opt-size.applied_options	math=safe,fpfun=precise,lang=3.1,opt=size
case.macos.contraction_pair.runtime.safe.opt-size.archived_options	air.compile.denorms_disable air.compile.fast_math_disable air.compile.framebuffer_fetch_enable
case.macos.contraction_pair.runtime.safe.opt-size.results	3f800000 3f800000 3f800000 3f800000 3f800000 3f800000 3fc58f9e 40200000
case.macos.contraction_pair.safe.O2.contract-fast.compile_options	air.compile.denorms_disable air.compile.fast_math_disable air.compile.framebuffer_fetch_enable
case.macos.contraction_pair.safe.O2.contract-fast.float_operations	fmul+contract fadd+contract
case.macos.contraction_pair.safe.O2.contract-fast.results	3f800000 3f800000 3f800000 3f800000 3f800000 3f800000 3fc58f9d 40200000
case.macos.contraction_pair.safe.O2.contract-off.compile_options	air.compile.denorms_disable air.compile.fast_math_disable air.compile.framebuffer_fetch_enable
case.macos.contraction_pair.safe.O2.contract-off.float_operations	fmul fadd
case.macos.contraction_pair.safe.O2.contract-off.results	3f800000 3f800000 3f800000 3f800000 3f800000 3f800000 3fc58f9e 40200000
case.macos.contraction_pair.safe.O2.contract-on.compile_options	air.compile.denorms_disable air.compile.fast_math_disable air.compile.framebuffer_fetch_enable
case.macos.contraction_pair.safe.O2.contract-on.float_operations	fmul fadd
case.macos.contraction_pair.safe.O2.contract-on.results	3f800000 3f800000 3f800000 3f800000 3f800000 3f800000 3fc58f9e 40200000
case.macos.contraction_pair_canonicalized.runtime.safe.opt-default.applied_options	math=safe,fpfun=precise,lang=3.1,opt=default
case.macos.contraction_pair_canonicalized.runtime.safe.opt-default.archived_options	air.compile.denorms_disable air.compile.fast_math_disable air.compile.framebuffer_fetch_enable
case.macos.contraction_pair_canonicalized.runtime.safe.opt-default.results	3f800000 3f800000 3f800000 3f800000 3f800000 3f800000 3fc58f9e 40200000
case.macos.contraction_pair_canonicalized.runtime.safe.opt-size.applied_options	math=safe,fpfun=precise,lang=3.1,opt=size
case.macos.contraction_pair_canonicalized.runtime.safe.opt-size.archived_options	air.compile.denorms_disable air.compile.fast_math_disable air.compile.framebuffer_fetch_enable
case.macos.contraction_pair_canonicalized.runtime.safe.opt-size.results	3f800000 3f800000 3f800000 3f800000 3f800000 3f800000 3fc58f9e 40200000
case.macos.contraction_pair_canonicalized.safe.O2.contract-fast.compile_options	air.compile.denorms_disable air.compile.fast_math_disable air.compile.framebuffer_fetch_enable
case.macos.contraction_pair_canonicalized.safe.O2.contract-fast.float_operations	fmul+contract fadd+contract
case.macos.contraction_pair_canonicalized.safe.O2.contract-fast.results	3f800000 3f800000 3f800000 3f800000 3f800000 3f800000 3fc58f9e 40200000
case.macos.contraction_pair_canonicalized.safe.O2.contract-off.compile_options	air.compile.denorms_disable air.compile.fast_math_disable air.compile.framebuffer_fetch_enable
case.macos.contraction_pair_canonicalized.safe.O2.contract-off.float_operations	fmul fadd
case.macos.contraction_pair_canonicalized.safe.O2.contract-off.results	3f800000 3f800000 3f800000 3f800000 3f800000 3f800000 3fc58f9e 40200000
case.macos.contraction_pair_canonicalized.safe.O2.contract-on.compile_options	air.compile.denorms_disable air.compile.fast_math_disable air.compile.framebuffer_fetch_enable
case.macos.contraction_pair_canonicalized.safe.O2.contract-on.float_operations	fmul fadd
case.macos.contraction_pair_canonicalized.safe.O2.contract-on.results	3f800000 3f800000 3f800000 3f800000 3f800000 3f800000 3fc58f9e 40200000
case.macos.divide_by_half.runtime.safe.opt-default.applied_options	math=safe,fpfun=precise,lang=3.1,opt=default
case.macos.divide_by_half.runtime.safe.opt-default.archived_options	air.compile.denorms_disable air.compile.fast_math_disable air.compile.framebuffer_fetch_enable
case.macos.divide_by_half.runtime.safe.opt-default.results	00000000 00000000 00000000 01000000 80000000 80000000 3f397ef9 40000000
case.macos.divide_by_half.runtime.safe.opt-size.applied_options	math=safe,fpfun=precise,lang=3.1,opt=size
case.macos.divide_by_half.runtime.safe.opt-size.archived_options	air.compile.denorms_disable air.compile.fast_math_disable air.compile.framebuffer_fetch_enable
case.macos.divide_by_half.runtime.safe.opt-size.results	00000000 00000000 00000000 01000000 80000000 80000000 3f397ef9 40000000
case.macos.divide_by_half.safe.O2.contract-off.compile_options	air.compile.denorms_disable air.compile.fast_math_disable air.compile.framebuffer_fetch_enable
case.macos.divide_by_half.safe.O2.contract-off.float_operations	fmul
case.macos.divide_by_half.safe.O2.contract-off.results	00000000 00000000 00000000 01000000 80000000 80000000 3f397ef9 40000000
case.macos.divide_by_three.fast.O2.contract-off.compile_options	air.compile.denorms_disable air.compile.fast_math_enable air.compile.framebuffer_fetch_enable
case.macos.divide_by_three.fast.O2.contract-off.float_operations	fmul+reassoc+nnan+ninf+nsz+arcp+afn
case.macos.divide_by_three.fast.O2.contract-off.results	00000000 00000000 00000000 00000000 80000000 80000000 3df753f7 3eaaaaab
case.macos.divide_by_three.relaxed.O2.contract-off.compile_options	air.compile.denorms_disable air.compile.fast_math_disable air.compile.framebuffer_fetch_enable
case.macos.divide_by_three.relaxed.O2.contract-off.float_operations	fmul+reassoc+nsz+arcp+afn
case.macos.divide_by_three.relaxed.O2.contract-off.results	00000000 00000000 00000000 00000000 80000000 80000000 3df753f7 3eaaaaab
case.macos.divide_by_three.runtime.fast.opt-default.applied_options	math=fast,fpfun=precise,lang=3.1,opt=default
case.macos.divide_by_three.runtime.fast.opt-default.archived_options	air.compile.denorms_disable air.compile.fast_math_enable air.compile.framebuffer_fetch_enable
case.macos.divide_by_three.runtime.fast.opt-default.results	00000000 00000000 00000000 00000000 80000000 80000000 3df753f7 3eaaaaab
case.macos.divide_by_three.runtime.fast.opt-size.applied_options	math=fast,fpfun=precise,lang=3.1,opt=size
case.macos.divide_by_three.runtime.fast.opt-size.archived_options	air.compile.denorms_disable air.compile.fast_math_enable air.compile.framebuffer_fetch_enable
case.macos.divide_by_three.runtime.fast.opt-size.results	00000000 00000000 00000000 00000000 80000000 80000000 3df753f7 3eaaaaab
case.macos.divide_by_three.runtime.relaxed.opt-default.applied_options	math=relaxed,fpfun=precise,lang=3.1,opt=default
case.macos.divide_by_three.runtime.relaxed.opt-default.archived_options	air.compile.denorms_disable air.compile.fast_math_disable air.compile.framebuffer_fetch_enable
case.macos.divide_by_three.runtime.relaxed.opt-default.results	00000000 00000000 00000000 00000000 80000000 80000000 3df753f7 3eaaaaab
case.macos.divide_by_three.runtime.relaxed.opt-size.applied_options	math=relaxed,fpfun=precise,lang=3.1,opt=size
case.macos.divide_by_three.runtime.relaxed.opt-size.archived_options	air.compile.denorms_disable air.compile.fast_math_disable air.compile.framebuffer_fetch_enable
case.macos.divide_by_three.runtime.relaxed.opt-size.results	00000000 00000000 00000000 00000000 80000000 80000000 3df753f7 3eaaaaab
case.macos.divide_by_three.runtime.safe.opt-default.applied_options	math=safe,fpfun=precise,lang=3.1,opt=default
case.macos.divide_by_three.runtime.safe.opt-default.archived_options	air.compile.denorms_disable air.compile.fast_math_disable air.compile.framebuffer_fetch_enable
case.macos.divide_by_three.runtime.safe.opt-default.results	00000000 00000000 00000000 00000000 80000000 80000000 3df753f7 3eaaaaab
case.macos.divide_by_three.runtime.safe.opt-size.applied_options	math=safe,fpfun=precise,lang=3.1,opt=size
case.macos.divide_by_three.runtime.safe.opt-size.archived_options	air.compile.denorms_disable air.compile.fast_math_disable air.compile.framebuffer_fetch_enable
case.macos.divide_by_three.runtime.safe.opt-size.results	00000000 00000000 00000000 00000000 80000000 80000000 3df753f7 3eaaaaab
case.macos.divide_by_three.safe.O2.contract-off.compile_options	air.compile.denorms_disable air.compile.fast_math_disable air.compile.framebuffer_fetch_enable
case.macos.divide_by_three.safe.O2.contract-off.float_operations	fdiv
case.macos.divide_by_three.safe.O2.contract-off.results	00000000 00000000 00000000 00000000 80000000 80000000 3df753f7 3eaaaaab
case.macos.divide_by_three_eighths.fast.O2.contract-off.compile_options	air.compile.denorms_disable air.compile.fast_math_enable air.compile.framebuffer_fetch_enable
case.macos.divide_by_three_eighths.fast.O2.contract-off.float_operations	fmul+reassoc+nnan+ninf+nsz+arcp+afn
case.macos.divide_by_three_eighths.fast.O2.contract-off.results	00000000 00000000 00000000 012aaaab 80000000 80000000 3f7753f7 402aaaab
case.macos.divide_by_three_eighths.relaxed.O2.contract-off.compile_options	air.compile.denorms_disable air.compile.fast_math_disable air.compile.framebuffer_fetch_enable
case.macos.divide_by_three_eighths.relaxed.O2.contract-off.float_operations	fmul+reassoc+nsz+arcp+afn
case.macos.divide_by_three_eighths.relaxed.O2.contract-off.results	00000000 00000000 00000000 012aaaab 80000000 80000000 3f7753f7 402aaaab
case.macos.divide_by_three_eighths.runtime.fast.opt-default.applied_options	math=fast,fpfun=precise,lang=3.1,opt=default
case.macos.divide_by_three_eighths.runtime.fast.opt-default.archived_options	air.compile.denorms_disable air.compile.fast_math_enable air.compile.framebuffer_fetch_enable
case.macos.divide_by_three_eighths.runtime.fast.opt-default.results	00000000 00000000 00000000 012aaaab 80000000 80000000 3f7753f7 402aaaab
case.macos.divide_by_three_eighths.runtime.fast.opt-size.applied_options	math=fast,fpfun=precise,lang=3.1,opt=size
case.macos.divide_by_three_eighths.runtime.fast.opt-size.archived_options	air.compile.denorms_disable air.compile.fast_math_enable air.compile.framebuffer_fetch_enable
case.macos.divide_by_three_eighths.runtime.fast.opt-size.results	00000000 00000000 00000000 012aaaab 80000000 80000000 3f7753f7 402aaaab
case.macos.divide_by_three_eighths.runtime.relaxed.opt-default.applied_options	math=relaxed,fpfun=precise,lang=3.1,opt=default
case.macos.divide_by_three_eighths.runtime.relaxed.opt-default.archived_options	air.compile.denorms_disable air.compile.fast_math_disable air.compile.framebuffer_fetch_enable
case.macos.divide_by_three_eighths.runtime.relaxed.opt-default.results	00000000 00000000 00000000 012aaaab 80000000 80000000 3f7753f7 402aaaab
case.macos.divide_by_three_eighths.runtime.relaxed.opt-size.applied_options	math=relaxed,fpfun=precise,lang=3.1,opt=size
case.macos.divide_by_three_eighths.runtime.relaxed.opt-size.archived_options	air.compile.denorms_disable air.compile.fast_math_disable air.compile.framebuffer_fetch_enable
case.macos.divide_by_three_eighths.runtime.relaxed.opt-size.results	00000000 00000000 00000000 012aaaab 80000000 80000000 3f7753f7 402aaaab
case.macos.divide_by_three_eighths.runtime.safe.opt-default.applied_options	math=safe,fpfun=precise,lang=3.1,opt=default
case.macos.divide_by_three_eighths.runtime.safe.opt-default.archived_options	air.compile.denorms_disable air.compile.fast_math_disable air.compile.framebuffer_fetch_enable
case.macos.divide_by_three_eighths.runtime.safe.opt-default.results	00000000 00000000 00000000 012aaaab 80000000 80000000 3f7753f7 402aaaab
case.macos.divide_by_three_eighths.runtime.safe.opt-size.applied_options	math=safe,fpfun=precise,lang=3.1,opt=size
case.macos.divide_by_three_eighths.runtime.safe.opt-size.archived_options	air.compile.denorms_disable air.compile.fast_math_disable air.compile.framebuffer_fetch_enable
case.macos.divide_by_three_eighths.runtime.safe.opt-size.results	00000000 00000000 00000000 012aaaab 80000000 80000000 3f7753f7 402aaaab
case.macos.divide_by_three_eighths.safe.O2.contract-off.compile_options	air.compile.denorms_disable air.compile.fast_math_disable air.compile.framebuffer_fetch_enable
case.macos.divide_by_three_eighths.safe.O2.contract-off.float_operations	fdiv
case.macos.divide_by_three_eighths.safe.O2.contract-off.results	00000000 00000000 00000000 012aaaab 80000000 80000000 3f7753f7 402aaaab
case.macos.divide_by_two.runtime.safe.opt-default.applied_options	math=safe,fpfun=precise,lang=3.1,opt=default
case.macos.divide_by_two.runtime.safe.opt-default.archived_options	air.compile.denorms_disable air.compile.fast_math_disable air.compile.framebuffer_fetch_enable
case.macos.divide_by_two.runtime.safe.opt-default.results	00000000 00000000 00000000 00000000 80000000 80000000 3e397ef9 3f000000
case.macos.divide_by_two.runtime.safe.opt-size.applied_options	math=safe,fpfun=precise,lang=3.1,opt=size
case.macos.divide_by_two.runtime.safe.opt-size.archived_options	air.compile.denorms_disable air.compile.fast_math_disable air.compile.framebuffer_fetch_enable
case.macos.divide_by_two.runtime.safe.opt-size.results	00000000 00000000 00000000 00000000 80000000 80000000 3e397ef9 3f000000
case.macos.divide_by_two.safe.O2.contract-off.compile_options	air.compile.denorms_disable air.compile.fast_math_disable air.compile.framebuffer_fetch_enable
case.macos.divide_by_two.safe.O2.contract-off.float_operations	fmul
case.macos.divide_by_two.safe.O2.contract-off.results	00000000 00000000 00000000 00000000 80000000 80000000 3e397ef9 3f000000
case.macos.fused_pair.runtime.safe.opt-default.applied_options	math=safe,fpfun=precise,lang=3.1,opt=default
case.macos.fused_pair.runtime.safe.opt-default.archived_options	air.compile.denorms_disable air.compile.fast_math_disable air.compile.framebuffer_fetch_enable
case.macos.fused_pair.runtime.safe.opt-default.results	3f800000 3f800000 3f800000 3f800000 3f800000 3f800000 3fc58f9d 40200000
case.macos.fused_pair.runtime.safe.opt-size.applied_options	math=safe,fpfun=precise,lang=3.1,opt=size
case.macos.fused_pair.runtime.safe.opt-size.archived_options	air.compile.denorms_disable air.compile.fast_math_disable air.compile.framebuffer_fetch_enable
case.macos.fused_pair.runtime.safe.opt-size.results	3f800000 3f800000 3f800000 3f800000 3f800000 3f800000 3fc58f9d 40200000
case.macos.fused_pair.safe.O2.contract-fast.compile_options	air.compile.denorms_disable air.compile.fast_math_disable air.compile.framebuffer_fetch_enable
case.macos.fused_pair.safe.O2.contract-fast.float_operations	air.fma.f32+contract
case.macos.fused_pair.safe.O2.contract-fast.results	3f800000 3f800000 3f800000 3f800000 3f800000 3f800000 3fc58f9d 40200000
case.macos.fused_pair.safe.O2.contract-off.compile_options	air.compile.denorms_disable air.compile.fast_math_disable air.compile.framebuffer_fetch_enable
case.macos.fused_pair.safe.O2.contract-off.float_operations	air.fma.f32
case.macos.fused_pair.safe.O2.contract-off.results	3f800000 3f800000 3f800000 3f800000 3f800000 3f800000 3fc58f9d 40200000
case.macos.fused_pair.safe.O2.contract-on.compile_options	air.compile.denorms_disable air.compile.fast_math_disable air.compile.framebuffer_fetch_enable
case.macos.fused_pair.safe.O2.contract-on.float_operations	air.fma.f32
case.macos.fused_pair.safe.O2.contract-on.results	3f800000 3f800000 3f800000 3f800000 3f800000 3f800000 3fc58f9d 40200000
case.macos.materialize.fast.O2.contract-off.compile_options	air.compile.denorms_disable air.compile.fast_math_enable air.compile.framebuffer_fetch_enable
case.macos.materialize.fast.O2.contract-off.float_operations	
case.macos.materialize.fast.O2.contract-off.results	00000001 00400000 007fffff 00800000 80400000 80000000 3eb97ef9 3f800000
case.macos.materialize.relaxed.O2.contract-off.compile_options	air.compile.denorms_disable air.compile.fast_math_disable air.compile.framebuffer_fetch_enable
case.macos.materialize.relaxed.O2.contract-off.float_operations	
case.macos.materialize.relaxed.O2.contract-off.results	00000001 00400000 007fffff 00800000 80400000 80000000 3eb97ef9 3f800000
case.macos.materialize.runtime.fast.opt-default.applied_options	math=fast,fpfun=precise,lang=3.1,opt=default
case.macos.materialize.runtime.fast.opt-default.archived_options	air.compile.denorms_disable air.compile.fast_math_enable air.compile.framebuffer_fetch_enable
case.macos.materialize.runtime.fast.opt-default.results	00000001 00400000 007fffff 00800000 80400000 80000000 3eb97ef9 3f800000
case.macos.materialize.runtime.fast.opt-size.applied_options	math=fast,fpfun=precise,lang=3.1,opt=size
case.macos.materialize.runtime.fast.opt-size.archived_options	air.compile.denorms_disable air.compile.fast_math_enable air.compile.framebuffer_fetch_enable
case.macos.materialize.runtime.fast.opt-size.results	00000001 00400000 007fffff 00800000 80400000 80000000 3eb97ef9 3f800000
case.macos.materialize.runtime.relaxed.opt-default.applied_options	math=relaxed,fpfun=precise,lang=3.1,opt=default
case.macos.materialize.runtime.relaxed.opt-default.archived_options	air.compile.denorms_disable air.compile.fast_math_disable air.compile.framebuffer_fetch_enable
case.macos.materialize.runtime.relaxed.opt-default.results	00000001 00400000 007fffff 00800000 80400000 80000000 3eb97ef9 3f800000
case.macos.materialize.runtime.relaxed.opt-size.applied_options	math=relaxed,fpfun=precise,lang=3.1,opt=size
case.macos.materialize.runtime.relaxed.opt-size.archived_options	air.compile.denorms_disable air.compile.fast_math_disable air.compile.framebuffer_fetch_enable
case.macos.materialize.runtime.relaxed.opt-size.results	00000001 00400000 007fffff 00800000 80400000 80000000 3eb97ef9 3f800000
case.macos.materialize.runtime.safe.opt-default.applied_options	math=safe,fpfun=precise,lang=3.1,opt=default
case.macos.materialize.runtime.safe.opt-default.archived_options	air.compile.denorms_disable air.compile.fast_math_disable air.compile.framebuffer_fetch_enable
case.macos.materialize.runtime.safe.opt-default.results	00000001 00400000 007fffff 00800000 80400000 80000000 3eb97ef9 3f800000
case.macos.materialize.runtime.safe.opt-size.applied_options	math=safe,fpfun=precise,lang=3.1,opt=size
case.macos.materialize.runtime.safe.opt-size.archived_options	air.compile.denorms_disable air.compile.fast_math_disable air.compile.framebuffer_fetch_enable
case.macos.materialize.runtime.safe.opt-size.results	00000001 00400000 007fffff 00800000 80400000 80000000 3eb97ef9 3f800000
case.macos.materialize.safe.O2.contract-off.compile_options	air.compile.denorms_disable air.compile.fast_math_disable air.compile.framebuffer_fetch_enable
case.macos.materialize.safe.O2.contract-off.float_operations	
case.macos.materialize.safe.O2.contract-off.results	00000001 00400000 007fffff 00800000 80400000 80000000 3eb97ef9 3f800000
case.macos.multiply_half.fast.O0.contract-off.compile_options	air.compile.denorms_disable air.compile.fast_math_enable air.compile.framebuffer_fetch_enable
case.macos.multiply_half.fast.O0.contract-off.float_operations	fmul+reassoc+nnan+ninf+nsz+arcp+afn
case.macos.multiply_half.fast.O0.contract-off.results	00000000 00000000 00000000 00000000 80000000 80000000 3e397ef9 3f000000
case.macos.multiply_half.fast.O1.contract-off.compile_options	air.compile.denorms_disable air.compile.fast_math_enable air.compile.framebuffer_fetch_enable
case.macos.multiply_half.fast.O1.contract-off.float_operations	fmul+reassoc+nnan+ninf+nsz+arcp+afn
case.macos.multiply_half.fast.O1.contract-off.results	00000000 00000000 00000000 00000000 80000000 80000000 3e397ef9 3f000000
case.macos.multiply_half.fast.O2.contract-off.compile_options	air.compile.denorms_disable air.compile.fast_math_enable air.compile.framebuffer_fetch_enable
case.macos.multiply_half.fast.O2.contract-off.float_operations	fmul+reassoc+nnan+ninf+nsz+arcp+afn
case.macos.multiply_half.fast.O2.contract-off.results	00000000 00000000 00000000 00000000 80000000 80000000 3e397ef9 3f000000
case.macos.multiply_half.fast.O2.contract-off.fpfun-fast.compile_options	air.compile.denorms_disable air.compile.fast_math_enable air.compile.framebuffer_fetch_enable
case.macos.multiply_half.fast.O2.contract-off.fpfun-fast.float_operations	fmul+reassoc+nnan+ninf+nsz+arcp+afn
case.macos.multiply_half.fast.O2.contract-off.fpfun-fast.results	00000000 00000000 00000000 00000000 80000000 80000000 3e397ef9 3f000000
case.macos.multiply_half.fast.O3.contract-off.compile_options	air.compile.denorms_disable air.compile.fast_math_enable air.compile.framebuffer_fetch_enable
case.macos.multiply_half.fast.O3.contract-off.float_operations	fmul+reassoc+nnan+ninf+nsz+arcp+afn
case.macos.multiply_half.fast.O3.contract-off.results	00000000 00000000 00000000 00000000 80000000 80000000 3e397ef9 3f000000
case.macos.multiply_half.fast.Os.contract-off.compile_options	air.compile.denorms_disable air.compile.fast_math_enable air.compile.framebuffer_fetch_enable
case.macos.multiply_half.fast.Os.contract-off.float_operations	fmul+reassoc+nnan+ninf+nsz+arcp+afn
case.macos.multiply_half.fast.Os.contract-off.results	00000000 00000000 00000000 00000000 80000000 80000000 3e397ef9 3f000000
case.macos.multiply_half.relaxed.O0.contract-off.compile_options	air.compile.denorms_disable air.compile.fast_math_disable air.compile.framebuffer_fetch_enable
case.macos.multiply_half.relaxed.O0.contract-off.float_operations	fmul+reassoc+nsz+arcp+afn
case.macos.multiply_half.relaxed.O0.contract-off.results	00000000 00000000 00000000 00000000 80000000 80000000 3e397ef9 3f000000
case.macos.multiply_half.relaxed.O1.contract-off.compile_options	air.compile.denorms_disable air.compile.fast_math_disable air.compile.framebuffer_fetch_enable
case.macos.multiply_half.relaxed.O1.contract-off.float_operations	fmul+reassoc+nsz+arcp+afn
case.macos.multiply_half.relaxed.O1.contract-off.results	00000000 00000000 00000000 00000000 80000000 80000000 3e397ef9 3f000000
case.macos.multiply_half.relaxed.O2.contract-off.compile_options	air.compile.denorms_disable air.compile.fast_math_disable air.compile.framebuffer_fetch_enable
case.macos.multiply_half.relaxed.O2.contract-off.float_operations	fmul+reassoc+nsz+arcp+afn
case.macos.multiply_half.relaxed.O2.contract-off.results	00000000 00000000 00000000 00000000 80000000 80000000 3e397ef9 3f000000
case.macos.multiply_half.relaxed.O2.contract-off.fpfun-fast.compile_options	air.compile.denorms_disable air.compile.fast_math_disable air.compile.framebuffer_fetch_enable
case.macos.multiply_half.relaxed.O2.contract-off.fpfun-fast.float_operations	fmul+reassoc+nsz+arcp+afn
case.macos.multiply_half.relaxed.O2.contract-off.fpfun-fast.results	00000000 00000000 00000000 00000000 80000000 80000000 3e397ef9 3f000000
case.macos.multiply_half.relaxed.O3.contract-off.compile_options	air.compile.denorms_disable air.compile.fast_math_disable air.compile.framebuffer_fetch_enable
case.macos.multiply_half.relaxed.O3.contract-off.float_operations	fmul+reassoc+nsz+arcp+afn
case.macos.multiply_half.relaxed.O3.contract-off.results	00000000 00000000 00000000 00000000 80000000 80000000 3e397ef9 3f000000
case.macos.multiply_half.relaxed.Os.contract-off.compile_options	air.compile.denorms_disable air.compile.fast_math_disable air.compile.framebuffer_fetch_enable
case.macos.multiply_half.relaxed.Os.contract-off.float_operations	fmul+reassoc+nsz+arcp+afn
case.macos.multiply_half.relaxed.Os.contract-off.results	00000000 00000000 00000000 00000000 80000000 80000000 3e397ef9 3f000000
case.macos.multiply_half.runtime.fast.opt-default.applied_options	math=fast,fpfun=precise,lang=3.1,opt=default
case.macos.multiply_half.runtime.fast.opt-default.archived_options	air.compile.denorms_disable air.compile.fast_math_enable air.compile.framebuffer_fetch_enable
case.macos.multiply_half.runtime.fast.opt-default.results	00000000 00000000 00000000 00000000 80000000 80000000 3e397ef9 3f000000
case.macos.multiply_half.runtime.fast.opt-default.fpfun-fast.applied_options	math=fast,fpfun=fast,lang=3.1,opt=default
case.macos.multiply_half.runtime.fast.opt-default.fpfun-fast.archived_options	air.compile.denorms_disable air.compile.fast_math_enable air.compile.framebuffer_fetch_enable
case.macos.multiply_half.runtime.fast.opt-default.fpfun-fast.results	00000000 00000000 00000000 00000000 80000000 80000000 3e397ef9 3f000000
case.macos.multiply_half.runtime.fast.opt-size.applied_options	math=fast,fpfun=precise,lang=3.1,opt=size
case.macos.multiply_half.runtime.fast.opt-size.archived_options	air.compile.denorms_disable air.compile.fast_math_enable air.compile.framebuffer_fetch_enable
case.macos.multiply_half.runtime.fast.opt-size.results	00000000 00000000 00000000 00000000 80000000 80000000 3e397ef9 3f000000
case.macos.multiply_half.runtime.fast.opt-size.fpfun-fast.applied_options	math=fast,fpfun=fast,lang=3.1,opt=size
case.macos.multiply_half.runtime.fast.opt-size.fpfun-fast.archived_options	air.compile.denorms_disable air.compile.fast_math_enable air.compile.framebuffer_fetch_enable
case.macos.multiply_half.runtime.fast.opt-size.fpfun-fast.results	00000000 00000000 00000000 00000000 80000000 80000000 3e397ef9 3f000000
case.macos.multiply_half.runtime.relaxed.opt-default.applied_options	math=relaxed,fpfun=precise,lang=3.1,opt=default
case.macos.multiply_half.runtime.relaxed.opt-default.archived_options	air.compile.denorms_disable air.compile.fast_math_disable air.compile.framebuffer_fetch_enable
case.macos.multiply_half.runtime.relaxed.opt-default.results	00000000 00000000 00000000 00000000 80000000 80000000 3e397ef9 3f000000
case.macos.multiply_half.runtime.relaxed.opt-default.fpfun-fast.applied_options	math=relaxed,fpfun=fast,lang=3.1,opt=default
case.macos.multiply_half.runtime.relaxed.opt-default.fpfun-fast.archived_options	air.compile.denorms_disable air.compile.fast_math_disable air.compile.framebuffer_fetch_enable
case.macos.multiply_half.runtime.relaxed.opt-default.fpfun-fast.results	00000000 00000000 00000000 00000000 80000000 80000000 3e397ef9 3f000000
case.macos.multiply_half.runtime.relaxed.opt-size.applied_options	math=relaxed,fpfun=precise,lang=3.1,opt=size
case.macos.multiply_half.runtime.relaxed.opt-size.archived_options	air.compile.denorms_disable air.compile.fast_math_disable air.compile.framebuffer_fetch_enable
case.macos.multiply_half.runtime.relaxed.opt-size.results	00000000 00000000 00000000 00000000 80000000 80000000 3e397ef9 3f000000
case.macos.multiply_half.runtime.relaxed.opt-size.fpfun-fast.applied_options	math=relaxed,fpfun=fast,lang=3.1,opt=size
case.macos.multiply_half.runtime.relaxed.opt-size.fpfun-fast.archived_options	air.compile.denorms_disable air.compile.fast_math_disable air.compile.framebuffer_fetch_enable
case.macos.multiply_half.runtime.relaxed.opt-size.fpfun-fast.results	00000000 00000000 00000000 00000000 80000000 80000000 3e397ef9 3f000000
case.macos.multiply_half.runtime.safe.opt-default.applied_options	math=safe,fpfun=precise,lang=3.1,opt=default
case.macos.multiply_half.runtime.safe.opt-default.archived_options	air.compile.denorms_disable air.compile.fast_math_disable air.compile.framebuffer_fetch_enable
case.macos.multiply_half.runtime.safe.opt-default.results	00000000 00000000 00000000 00000000 80000000 80000000 3e397ef9 3f000000
case.macos.multiply_half.runtime.safe.opt-default.fpfun-fast.applied_options	math=safe,fpfun=fast,lang=3.1,opt=default
case.macos.multiply_half.runtime.safe.opt-default.fpfun-fast.archived_options	air.compile.denorms_disable air.compile.fast_math_disable air.compile.framebuffer_fetch_enable
case.macos.multiply_half.runtime.safe.opt-default.fpfun-fast.results	00000000 00000000 00000000 00000000 80000000 80000000 3e397ef9 3f000000
case.macos.multiply_half.runtime.safe.opt-size.applied_options	math=safe,fpfun=precise,lang=3.1,opt=size
case.macos.multiply_half.runtime.safe.opt-size.archived_options	air.compile.denorms_disable air.compile.fast_math_disable air.compile.framebuffer_fetch_enable
case.macos.multiply_half.runtime.safe.opt-size.results	00000000 00000000 00000000 00000000 80000000 80000000 3e397ef9 3f000000
case.macos.multiply_half.runtime.safe.opt-size.fpfun-fast.applied_options	math=safe,fpfun=fast,lang=3.1,opt=size
case.macos.multiply_half.runtime.safe.opt-size.fpfun-fast.archived_options	air.compile.denorms_disable air.compile.fast_math_disable air.compile.framebuffer_fetch_enable
case.macos.multiply_half.runtime.safe.opt-size.fpfun-fast.results	00000000 00000000 00000000 00000000 80000000 80000000 3e397ef9 3f000000
case.macos.multiply_half.safe.O0.contract-off.compile_options	air.compile.denorms_disable air.compile.fast_math_disable air.compile.framebuffer_fetch_enable
case.macos.multiply_half.safe.O0.contract-off.float_operations	fmul
case.macos.multiply_half.safe.O0.contract-off.results	00000000 00000000 00000000 00000000 80000000 80000000 3e397ef9 3f000000
case.macos.multiply_half.safe.O1.contract-off.compile_options	air.compile.denorms_disable air.compile.fast_math_disable air.compile.framebuffer_fetch_enable
case.macos.multiply_half.safe.O1.contract-off.float_operations	fmul
case.macos.multiply_half.safe.O1.contract-off.results	00000000 00000000 00000000 00000000 80000000 80000000 3e397ef9 3f000000
case.macos.multiply_half.safe.O2.contract-off.compile_options	air.compile.denorms_disable air.compile.fast_math_disable air.compile.framebuffer_fetch_enable
case.macos.multiply_half.safe.O2.contract-off.float_operations	fmul
case.macos.multiply_half.safe.O2.contract-off.results	00000000 00000000 00000000 00000000 80000000 80000000 3e397ef9 3f000000
case.macos.multiply_half.safe.O2.contract-off.fpfun-fast.compile_options	air.compile.denorms_disable air.compile.fast_math_disable air.compile.framebuffer_fetch_enable
case.macos.multiply_half.safe.O2.contract-off.fpfun-fast.float_operations	fmul
case.macos.multiply_half.safe.O2.contract-off.fpfun-fast.results	00000000 00000000 00000000 00000000 80000000 80000000 3e397ef9 3f000000
case.macos.multiply_half.safe.O3.contract-off.compile_options	air.compile.denorms_disable air.compile.fast_math_disable air.compile.framebuffer_fetch_enable
case.macos.multiply_half.safe.O3.contract-off.float_operations	fmul
case.macos.multiply_half.safe.O3.contract-off.results	00000000 00000000 00000000 00000000 80000000 80000000 3e397ef9 3f000000
case.macos.multiply_half.safe.Os.contract-off.compile_options	air.compile.denorms_disable air.compile.fast_math_disable air.compile.framebuffer_fetch_enable
case.macos.multiply_half.safe.Os.contract-off.float_operations	fmul
case.macos.multiply_half.safe.Os.contract-off.results	00000000 00000000 00000000 00000000 80000000 80000000 3e397ef9 3f000000
case.macos.multiply_one.fast.O0.contract-off.compile_options	air.compile.denorms_disable air.compile.fast_math_enable air.compile.framebuffer_fetch_enable
case.macos.multiply_one.fast.O0.contract-off.float_operations	fmul+reassoc+nnan+ninf+nsz+arcp+afn
case.macos.multiply_one.fast.O0.contract-off.results	00000001 00400000 007fffff 00800000 80400000 80000000 3eb97ef9 3f800000
case.macos.multiply_one.fast.O1.contract-off.compile_options	air.compile.denorms_disable air.compile.fast_math_enable air.compile.framebuffer_fetch_enable
case.macos.multiply_one.fast.O1.contract-off.float_operations	
case.macos.multiply_one.fast.O1.contract-off.results	00000001 00400000 007fffff 00800000 80400000 80000000 3eb97ef9 3f800000
case.macos.multiply_one.fast.O2.contract-off.compile_options	air.compile.denorms_disable air.compile.fast_math_enable air.compile.framebuffer_fetch_enable
case.macos.multiply_one.fast.O2.contract-off.float_operations	
case.macos.multiply_one.fast.O2.contract-off.results	00000001 00400000 007fffff 00800000 80400000 80000000 3eb97ef9 3f800000
case.macos.multiply_one.fast.O3.contract-off.compile_options	air.compile.denorms_disable air.compile.fast_math_enable air.compile.framebuffer_fetch_enable
case.macos.multiply_one.fast.O3.contract-off.float_operations	
case.macos.multiply_one.fast.O3.contract-off.results	00000001 00400000 007fffff 00800000 80400000 80000000 3eb97ef9 3f800000
case.macos.multiply_one.fast.Os.contract-off.compile_options	air.compile.denorms_disable air.compile.fast_math_enable air.compile.framebuffer_fetch_enable
case.macos.multiply_one.fast.Os.contract-off.float_operations	
case.macos.multiply_one.fast.Os.contract-off.results	00000001 00400000 007fffff 00800000 80400000 80000000 3eb97ef9 3f800000
case.macos.multiply_one.relaxed.O0.contract-off.compile_options	air.compile.denorms_disable air.compile.fast_math_disable air.compile.framebuffer_fetch_enable
case.macos.multiply_one.relaxed.O0.contract-off.float_operations	fmul+reassoc+nsz+arcp+afn
case.macos.multiply_one.relaxed.O0.contract-off.results	00000001 00400000 007fffff 00800000 80400000 80000000 3eb97ef9 3f800000
case.macos.multiply_one.relaxed.O1.contract-off.compile_options	air.compile.denorms_disable air.compile.fast_math_disable air.compile.framebuffer_fetch_enable
case.macos.multiply_one.relaxed.O1.contract-off.float_operations	
case.macos.multiply_one.relaxed.O1.contract-off.results	00000001 00400000 007fffff 00800000 80400000 80000000 3eb97ef9 3f800000
case.macos.multiply_one.relaxed.O2.contract-off.compile_options	air.compile.denorms_disable air.compile.fast_math_disable air.compile.framebuffer_fetch_enable
case.macos.multiply_one.relaxed.O2.contract-off.float_operations	
case.macos.multiply_one.relaxed.O2.contract-off.results	00000001 00400000 007fffff 00800000 80400000 80000000 3eb97ef9 3f800000
case.macos.multiply_one.relaxed.O3.contract-off.compile_options	air.compile.denorms_disable air.compile.fast_math_disable air.compile.framebuffer_fetch_enable
case.macos.multiply_one.relaxed.O3.contract-off.float_operations	
case.macos.multiply_one.relaxed.O3.contract-off.results	00000001 00400000 007fffff 00800000 80400000 80000000 3eb97ef9 3f800000
case.macos.multiply_one.relaxed.Os.contract-off.compile_options	air.compile.denorms_disable air.compile.fast_math_disable air.compile.framebuffer_fetch_enable
case.macos.multiply_one.relaxed.Os.contract-off.float_operations	
case.macos.multiply_one.relaxed.Os.contract-off.results	00000001 00400000 007fffff 00800000 80400000 80000000 3eb97ef9 3f800000
case.macos.multiply_one.runtime.fast.opt-default.applied_options	math=fast,fpfun=precise,lang=3.1,opt=default
case.macos.multiply_one.runtime.fast.opt-default.archived_options	air.compile.denorms_disable air.compile.fast_math_enable air.compile.framebuffer_fetch_enable
case.macos.multiply_one.runtime.fast.opt-default.results	00000001 00400000 007fffff 00800000 80400000 80000000 3eb97ef9 3f800000
case.macos.multiply_one.runtime.fast.opt-size.applied_options	math=fast,fpfun=precise,lang=3.1,opt=size
case.macos.multiply_one.runtime.fast.opt-size.archived_options	air.compile.denorms_disable air.compile.fast_math_enable air.compile.framebuffer_fetch_enable
case.macos.multiply_one.runtime.fast.opt-size.results	00000001 00400000 007fffff 00800000 80400000 80000000 3eb97ef9 3f800000
case.macos.multiply_one.runtime.relaxed.opt-default.applied_options	math=relaxed,fpfun=precise,lang=3.1,opt=default
case.macos.multiply_one.runtime.relaxed.opt-default.archived_options	air.compile.denorms_disable air.compile.fast_math_disable air.compile.framebuffer_fetch_enable
case.macos.multiply_one.runtime.relaxed.opt-default.results	00000001 00400000 007fffff 00800000 80400000 80000000 3eb97ef9 3f800000
case.macos.multiply_one.runtime.relaxed.opt-size.applied_options	math=relaxed,fpfun=precise,lang=3.1,opt=size
case.macos.multiply_one.runtime.relaxed.opt-size.archived_options	air.compile.denorms_disable air.compile.fast_math_disable air.compile.framebuffer_fetch_enable
case.macos.multiply_one.runtime.relaxed.opt-size.results	00000001 00400000 007fffff 00800000 80400000 80000000 3eb97ef9 3f800000
case.macos.multiply_one.runtime.safe.opt-default.applied_options	math=safe,fpfun=precise,lang=3.1,opt=default
case.macos.multiply_one.runtime.safe.opt-default.archived_options	air.compile.denorms_disable air.compile.fast_math_disable air.compile.framebuffer_fetch_enable
case.macos.multiply_one.runtime.safe.opt-default.results	00000001 00400000 007fffff 00800000 80400000 80000000 3eb97ef9 3f800000
case.macos.multiply_one.runtime.safe.opt-size.applied_options	math=safe,fpfun=precise,lang=3.1,opt=size
case.macos.multiply_one.runtime.safe.opt-size.archived_options	air.compile.denorms_disable air.compile.fast_math_disable air.compile.framebuffer_fetch_enable
case.macos.multiply_one.runtime.safe.opt-size.results	00000001 00400000 007fffff 00800000 80400000 80000000 3eb97ef9 3f800000
case.macos.multiply_one.safe.O0.contract-off.compile_options	air.compile.denorms_disable air.compile.fast_math_disable air.compile.framebuffer_fetch_enable
case.macos.multiply_one.safe.O0.contract-off.float_operations	fmul
case.macos.multiply_one.safe.O0.contract-off.results	00000001 00400000 007fffff 00800000 80400000 80000000 3eb97ef9 3f800000
case.macos.multiply_one.safe.O1.contract-off.compile_options	air.compile.denorms_disable air.compile.fast_math_disable air.compile.framebuffer_fetch_enable
case.macos.multiply_one.safe.O1.contract-off.float_operations	
case.macos.multiply_one.safe.O1.contract-off.results	00000001 00400000 007fffff 00800000 80400000 80000000 3eb97ef9 3f800000
case.macos.multiply_one.safe.O2.contract-off.compile_options	air.compile.denorms_disable air.compile.fast_math_disable air.compile.framebuffer_fetch_enable
case.macos.multiply_one.safe.O2.contract-off.float_operations	
case.macos.multiply_one.safe.O2.contract-off.results	00000001 00400000 007fffff 00800000 80400000 80000000 3eb97ef9 3f800000
case.macos.multiply_one.safe.O3.contract-off.compile_options	air.compile.denorms_disable air.compile.fast_math_disable air.compile.framebuffer_fetch_enable
case.macos.multiply_one.safe.O3.contract-off.float_operations	
case.macos.multiply_one.safe.O3.contract-off.results	00000001 00400000 007fffff 00800000 80400000 80000000 3eb97ef9 3f800000
case.macos.multiply_one.safe.Os.contract-off.compile_options	air.compile.denorms_disable air.compile.fast_math_disable air.compile.framebuffer_fetch_enable
case.macos.multiply_one.safe.Os.contract-off.float_operations	
case.macos.multiply_one.safe.Os.contract-off.results	00000001 00400000 007fffff 00800000 80400000 80000000 3eb97ef9 3f800000
case.macos.multiply_two.fast.O0.contract-off.compile_options	air.compile.denorms_disable air.compile.fast_math_enable air.compile.framebuffer_fetch_enable
case.macos.multiply_two.fast.O0.contract-off.float_operations	fmul+reassoc+nnan+ninf+nsz+arcp+afn
case.macos.multiply_two.fast.O0.contract-off.results	00000000 00000000 00000000 01000000 80000000 80000000 3f397ef9 40000000
case.macos.multiply_two.fast.O1.contract-off.compile_options	air.compile.denorms_disable air.compile.fast_math_enable air.compile.framebuffer_fetch_enable
case.macos.multiply_two.fast.O1.contract-off.float_operations	fmul+reassoc+nnan+ninf+nsz+arcp+afn
case.macos.multiply_two.fast.O1.contract-off.results	00000000 00000000 00000000 01000000 80000000 80000000 3f397ef9 40000000
case.macos.multiply_two.fast.O2.contract-off.compile_options	air.compile.denorms_disable air.compile.fast_math_enable air.compile.framebuffer_fetch_enable
case.macos.multiply_two.fast.O2.contract-off.float_operations	fmul+reassoc+nnan+ninf+nsz+arcp+afn
case.macos.multiply_two.fast.O2.contract-off.results	00000000 00000000 00000000 01000000 80000000 80000000 3f397ef9 40000000
case.macos.multiply_two.fast.O2.contract-off.fpfun-fast.compile_options	air.compile.denorms_disable air.compile.fast_math_enable air.compile.framebuffer_fetch_enable
case.macos.multiply_two.fast.O2.contract-off.fpfun-fast.float_operations	fmul+reassoc+nnan+ninf+nsz+arcp+afn
case.macos.multiply_two.fast.O2.contract-off.fpfun-fast.results	00000000 00000000 00000000 01000000 80000000 80000000 3f397ef9 40000000
case.macos.multiply_two.fast.O3.contract-off.compile_options	air.compile.denorms_disable air.compile.fast_math_enable air.compile.framebuffer_fetch_enable
case.macos.multiply_two.fast.O3.contract-off.float_operations	fmul+reassoc+nnan+ninf+nsz+arcp+afn
case.macos.multiply_two.fast.O3.contract-off.results	00000000 00000000 00000000 01000000 80000000 80000000 3f397ef9 40000000
case.macos.multiply_two.fast.Os.contract-off.compile_options	air.compile.denorms_disable air.compile.fast_math_enable air.compile.framebuffer_fetch_enable
case.macos.multiply_two.fast.Os.contract-off.float_operations	fmul+reassoc+nnan+ninf+nsz+arcp+afn
case.macos.multiply_two.fast.Os.contract-off.results	00000000 00000000 00000000 01000000 80000000 80000000 3f397ef9 40000000
case.macos.multiply_two.relaxed.O0.contract-off.compile_options	air.compile.denorms_disable air.compile.fast_math_disable air.compile.framebuffer_fetch_enable
case.macos.multiply_two.relaxed.O0.contract-off.float_operations	fmul+reassoc+nsz+arcp+afn
case.macos.multiply_two.relaxed.O0.contract-off.results	00000000 00000000 00000000 01000000 80000000 80000000 3f397ef9 40000000
case.macos.multiply_two.relaxed.O1.contract-off.compile_options	air.compile.denorms_disable air.compile.fast_math_disable air.compile.framebuffer_fetch_enable
case.macos.multiply_two.relaxed.O1.contract-off.float_operations	fmul+reassoc+nsz+arcp+afn
case.macos.multiply_two.relaxed.O1.contract-off.results	00000000 00000000 00000000 01000000 80000000 80000000 3f397ef9 40000000
case.macos.multiply_two.relaxed.O2.contract-off.compile_options	air.compile.denorms_disable air.compile.fast_math_disable air.compile.framebuffer_fetch_enable
case.macos.multiply_two.relaxed.O2.contract-off.float_operations	fmul+reassoc+nsz+arcp+afn
case.macos.multiply_two.relaxed.O2.contract-off.results	00000000 00000000 00000000 01000000 80000000 80000000 3f397ef9 40000000
case.macos.multiply_two.relaxed.O2.contract-off.fpfun-fast.compile_options	air.compile.denorms_disable air.compile.fast_math_disable air.compile.framebuffer_fetch_enable
case.macos.multiply_two.relaxed.O2.contract-off.fpfun-fast.float_operations	fmul+reassoc+nsz+arcp+afn
case.macos.multiply_two.relaxed.O2.contract-off.fpfun-fast.results	00000000 00000000 00000000 01000000 80000000 80000000 3f397ef9 40000000
case.macos.multiply_two.relaxed.O3.contract-off.compile_options	air.compile.denorms_disable air.compile.fast_math_disable air.compile.framebuffer_fetch_enable
case.macos.multiply_two.relaxed.O3.contract-off.float_operations	fmul+reassoc+nsz+arcp+afn
case.macos.multiply_two.relaxed.O3.contract-off.results	00000000 00000000 00000000 01000000 80000000 80000000 3f397ef9 40000000
case.macos.multiply_two.relaxed.Os.contract-off.compile_options	air.compile.denorms_disable air.compile.fast_math_disable air.compile.framebuffer_fetch_enable
case.macos.multiply_two.relaxed.Os.contract-off.float_operations	fmul+reassoc+nsz+arcp+afn
case.macos.multiply_two.relaxed.Os.contract-off.results	00000000 00000000 00000000 01000000 80000000 80000000 3f397ef9 40000000
case.macos.multiply_two.runtime.fast.opt-default.applied_options	math=fast,fpfun=precise,lang=3.1,opt=default
case.macos.multiply_two.runtime.fast.opt-default.archived_options	air.compile.denorms_disable air.compile.fast_math_enable air.compile.framebuffer_fetch_enable
case.macos.multiply_two.runtime.fast.opt-default.results	00000000 00000000 00000000 01000000 80000000 80000000 3f397ef9 40000000
case.macos.multiply_two.runtime.fast.opt-default.fpfun-fast.applied_options	math=fast,fpfun=fast,lang=3.1,opt=default
case.macos.multiply_two.runtime.fast.opt-default.fpfun-fast.archived_options	air.compile.denorms_disable air.compile.fast_math_enable air.compile.framebuffer_fetch_enable
case.macos.multiply_two.runtime.fast.opt-default.fpfun-fast.results	00000000 00000000 00000000 01000000 80000000 80000000 3f397ef9 40000000
case.macos.multiply_two.runtime.fast.opt-size.applied_options	math=fast,fpfun=precise,lang=3.1,opt=size
case.macos.multiply_two.runtime.fast.opt-size.archived_options	air.compile.denorms_disable air.compile.fast_math_enable air.compile.framebuffer_fetch_enable
case.macos.multiply_two.runtime.fast.opt-size.results	00000000 00000000 00000000 01000000 80000000 80000000 3f397ef9 40000000
case.macos.multiply_two.runtime.fast.opt-size.fpfun-fast.applied_options	math=fast,fpfun=fast,lang=3.1,opt=size
case.macos.multiply_two.runtime.fast.opt-size.fpfun-fast.archived_options	air.compile.denorms_disable air.compile.fast_math_enable air.compile.framebuffer_fetch_enable
case.macos.multiply_two.runtime.fast.opt-size.fpfun-fast.results	00000000 00000000 00000000 01000000 80000000 80000000 3f397ef9 40000000
case.macos.multiply_two.runtime.relaxed.opt-default.applied_options	math=relaxed,fpfun=precise,lang=3.1,opt=default
case.macos.multiply_two.runtime.relaxed.opt-default.archived_options	air.compile.denorms_disable air.compile.fast_math_disable air.compile.framebuffer_fetch_enable
case.macos.multiply_two.runtime.relaxed.opt-default.results	00000000 00000000 00000000 01000000 80000000 80000000 3f397ef9 40000000
case.macos.multiply_two.runtime.relaxed.opt-default.fpfun-fast.applied_options	math=relaxed,fpfun=fast,lang=3.1,opt=default
case.macos.multiply_two.runtime.relaxed.opt-default.fpfun-fast.archived_options	air.compile.denorms_disable air.compile.fast_math_disable air.compile.framebuffer_fetch_enable
case.macos.multiply_two.runtime.relaxed.opt-default.fpfun-fast.results	00000000 00000000 00000000 01000000 80000000 80000000 3f397ef9 40000000
case.macos.multiply_two.runtime.relaxed.opt-size.applied_options	math=relaxed,fpfun=precise,lang=3.1,opt=size
case.macos.multiply_two.runtime.relaxed.opt-size.archived_options	air.compile.denorms_disable air.compile.fast_math_disable air.compile.framebuffer_fetch_enable
case.macos.multiply_two.runtime.relaxed.opt-size.results	00000000 00000000 00000000 01000000 80000000 80000000 3f397ef9 40000000
case.macos.multiply_two.runtime.relaxed.opt-size.fpfun-fast.applied_options	math=relaxed,fpfun=fast,lang=3.1,opt=size
case.macos.multiply_two.runtime.relaxed.opt-size.fpfun-fast.archived_options	air.compile.denorms_disable air.compile.fast_math_disable air.compile.framebuffer_fetch_enable
case.macos.multiply_two.runtime.relaxed.opt-size.fpfun-fast.results	00000000 00000000 00000000 01000000 80000000 80000000 3f397ef9 40000000
case.macos.multiply_two.runtime.safe.opt-default.applied_options	math=safe,fpfun=precise,lang=3.1,opt=default
case.macos.multiply_two.runtime.safe.opt-default.archived_options	air.compile.denorms_disable air.compile.fast_math_disable air.compile.framebuffer_fetch_enable
case.macos.multiply_two.runtime.safe.opt-default.results	00000000 00000000 00000000 01000000 80000000 80000000 3f397ef9 40000000
case.macos.multiply_two.runtime.safe.opt-default.fpfun-fast.applied_options	math=safe,fpfun=fast,lang=3.1,opt=default
case.macos.multiply_two.runtime.safe.opt-default.fpfun-fast.archived_options	air.compile.denorms_disable air.compile.fast_math_disable air.compile.framebuffer_fetch_enable
case.macos.multiply_two.runtime.safe.opt-default.fpfun-fast.results	00000000 00000000 00000000 01000000 80000000 80000000 3f397ef9 40000000
case.macos.multiply_two.runtime.safe.opt-size.applied_options	math=safe,fpfun=precise,lang=3.1,opt=size
case.macos.multiply_two.runtime.safe.opt-size.archived_options	air.compile.denorms_disable air.compile.fast_math_disable air.compile.framebuffer_fetch_enable
case.macos.multiply_two.runtime.safe.opt-size.results	00000000 00000000 00000000 01000000 80000000 80000000 3f397ef9 40000000
case.macos.multiply_two.runtime.safe.opt-size.fpfun-fast.applied_options	math=safe,fpfun=fast,lang=3.1,opt=size
case.macos.multiply_two.runtime.safe.opt-size.fpfun-fast.archived_options	air.compile.denorms_disable air.compile.fast_math_disable air.compile.framebuffer_fetch_enable
case.macos.multiply_two.runtime.safe.opt-size.fpfun-fast.results	00000000 00000000 00000000 01000000 80000000 80000000 3f397ef9 40000000
case.macos.multiply_two.safe.O0.contract-off.compile_options	air.compile.denorms_disable air.compile.fast_math_disable air.compile.framebuffer_fetch_enable
case.macos.multiply_two.safe.O0.contract-off.float_operations	fmul
case.macos.multiply_two.safe.O0.contract-off.results	00000000 00000000 00000000 01000000 80000000 80000000 3f397ef9 40000000
case.macos.multiply_two.safe.O1.contract-off.compile_options	air.compile.denorms_disable air.compile.fast_math_disable air.compile.framebuffer_fetch_enable
case.macos.multiply_two.safe.O1.contract-off.float_operations	fmul
case.macos.multiply_two.safe.O1.contract-off.results	00000000 00000000 00000000 01000000 80000000 80000000 3f397ef9 40000000
case.macos.multiply_two.safe.O2.contract-off.compile_options	air.compile.denorms_disable air.compile.fast_math_disable air.compile.framebuffer_fetch_enable
case.macos.multiply_two.safe.O2.contract-off.float_operations	fmul
case.macos.multiply_two.safe.O2.contract-off.results	00000000 00000000 00000000 01000000 80000000 80000000 3f397ef9 40000000
case.macos.multiply_two.safe.O2.contract-off.fpfun-fast.compile_options	air.compile.denorms_disable air.compile.fast_math_disable air.compile.framebuffer_fetch_enable
case.macos.multiply_two.safe.O2.contract-off.fpfun-fast.float_operations	fmul
case.macos.multiply_two.safe.O2.contract-off.fpfun-fast.results	00000000 00000000 00000000 01000000 80000000 80000000 3f397ef9 40000000
case.macos.multiply_two.safe.O3.contract-off.compile_options	air.compile.denorms_disable air.compile.fast_math_disable air.compile.framebuffer_fetch_enable
case.macos.multiply_two.safe.O3.contract-off.float_operations	fmul
case.macos.multiply_two.safe.O3.contract-off.results	00000000 00000000 00000000 01000000 80000000 80000000 3f397ef9 40000000
case.macos.multiply_two.safe.Os.contract-off.compile_options	air.compile.denorms_disable air.compile.fast_math_disable air.compile.framebuffer_fetch_enable
case.macos.multiply_two.safe.Os.contract-off.float_operations	fmul
case.macos.multiply_two.safe.Os.contract-off.results	00000000 00000000 00000000 01000000 80000000 80000000 3f397ef9 40000000
case.macos.reassociation_chain.fast.O2.contract-off.compile_options	air.compile.denorms_disable air.compile.fast_math_enable air.compile.framebuffer_fetch_enable
case.macos.reassociation_chain.fast.O2.contract-off.float_operations	fadd+reassoc+nnan+ninf+nsz+arcp+afn
case.macos.reassociation_chain.fast.O2.contract-off.results	34000000 34000000 34000000 34000000 34000000 34000000 3eb97efd 3f800001
case.macos.reassociation_chain.relaxed.O2.contract-off.compile_options	air.compile.denorms_disable air.compile.fast_math_disable air.compile.framebuffer_fetch_enable
case.macos.reassociation_chain.relaxed.O2.contract-off.float_operations	fadd+reassoc+nsz+arcp+afn
case.macos.reassociation_chain.relaxed.O2.contract-off.results	34000000 34000000 34000000 34000000 34000000 34000000 3eb97efd 3f800001
case.macos.reassociation_chain.runtime.fast.opt-default.applied_options	math=fast,fpfun=precise,lang=3.1,opt=default
case.macos.reassociation_chain.runtime.fast.opt-default.archived_options	air.compile.denorms_disable air.compile.fast_math_enable air.compile.framebuffer_fetch_enable
case.macos.reassociation_chain.runtime.fast.opt-default.results	34000000 34000000 34000000 34000000 34000000 34000000 3eb97efd 3f800001
case.macos.reassociation_chain.runtime.fast.opt-size.applied_options	math=fast,fpfun=precise,lang=3.1,opt=size
case.macos.reassociation_chain.runtime.fast.opt-size.archived_options	air.compile.denorms_disable air.compile.fast_math_enable air.compile.framebuffer_fetch_enable
case.macos.reassociation_chain.runtime.fast.opt-size.results	34000000 34000000 34000000 34000000 34000000 34000000 3eb97efd 3f800001
case.macos.reassociation_chain.runtime.relaxed.opt-default.applied_options	math=relaxed,fpfun=precise,lang=3.1,opt=default
case.macos.reassociation_chain.runtime.relaxed.opt-default.archived_options	air.compile.denorms_disable air.compile.fast_math_disable air.compile.framebuffer_fetch_enable
case.macos.reassociation_chain.runtime.relaxed.opt-default.results	34000000 34000000 34000000 34000000 34000000 34000000 3eb97efd 3f800001
case.macos.reassociation_chain.runtime.relaxed.opt-size.applied_options	math=relaxed,fpfun=precise,lang=3.1,opt=size
case.macos.reassociation_chain.runtime.relaxed.opt-size.archived_options	air.compile.denorms_disable air.compile.fast_math_disable air.compile.framebuffer_fetch_enable
case.macos.reassociation_chain.runtime.relaxed.opt-size.results	34000000 34000000 34000000 34000000 34000000 34000000 3eb97efd 3f800001
case.macos.reassociation_chain.runtime.safe.opt-default.applied_options	math=safe,fpfun=precise,lang=3.1,opt=default
case.macos.reassociation_chain.runtime.safe.opt-default.archived_options	air.compile.denorms_disable air.compile.fast_math_disable air.compile.framebuffer_fetch_enable
case.macos.reassociation_chain.runtime.safe.opt-default.results	34000000 34000000 34000000 34000000 34000000 34000000 3eb97efd 3f800000
case.macos.reassociation_chain.runtime.safe.opt-size.applied_options	math=safe,fpfun=precise,lang=3.1,opt=size
case.macos.reassociation_chain.runtime.safe.opt-size.archived_options	air.compile.denorms_disable air.compile.fast_math_disable air.compile.framebuffer_fetch_enable
case.macos.reassociation_chain.runtime.safe.opt-size.results	34000000 34000000 34000000 34000000 34000000 34000000 3eb97efd 3f800000
case.macos.reassociation_chain.safe.O2.contract-off.compile_options	air.compile.denorms_disable air.compile.fast_math_disable air.compile.framebuffer_fetch_enable
case.macos.reassociation_chain.safe.O2.contract-off.float_operations	fadd fadd
case.macos.reassociation_chain.safe.O2.contract-off.results	34000000 34000000 34000000 34000000 34000000 34000000 3eb97efd 3f800000
case.macos.scale_one_bias_zero.fast.O0.contract-off.compile_options	air.compile.denorms_disable air.compile.fast_math_enable air.compile.framebuffer_fetch_enable
case.macos.scale_one_bias_zero.fast.O0.contract-off.float_operations	fmul+reassoc+nnan+ninf+nsz+arcp+afn fadd+reassoc+nnan+ninf+nsz+arcp+afn
case.macos.scale_one_bias_zero.fast.O0.contract-off.results	00000001 00400000 007fffff 00800000 80400000 80000000 3eb97ef9 3f800000
case.macos.scale_one_bias_zero.fast.O1.contract-off.compile_options	air.compile.denorms_disable air.compile.fast_math_enable air.compile.framebuffer_fetch_enable
case.macos.scale_one_bias_zero.fast.O1.contract-off.float_operations	
case.macos.scale_one_bias_zero.fast.O1.contract-off.results	00000001 00400000 007fffff 00800000 80400000 80000000 3eb97ef9 3f800000
case.macos.scale_one_bias_zero.fast.O2.contract-off.compile_options	air.compile.denorms_disable air.compile.fast_math_enable air.compile.framebuffer_fetch_enable
case.macos.scale_one_bias_zero.fast.O2.contract-off.float_operations	
case.macos.scale_one_bias_zero.fast.O2.contract-off.results	00000001 00400000 007fffff 00800000 80400000 80000000 3eb97ef9 3f800000
case.macos.scale_one_bias_zero.fast.O2.contract-off.fpfun-fast.compile_options	air.compile.denorms_disable air.compile.fast_math_enable air.compile.framebuffer_fetch_enable
case.macos.scale_one_bias_zero.fast.O2.contract-off.fpfun-fast.float_operations	
case.macos.scale_one_bias_zero.fast.O2.contract-off.fpfun-fast.results	00000001 00400000 007fffff 00800000 80400000 80000000 3eb97ef9 3f800000
case.macos.scale_one_bias_zero.fast.O3.contract-off.compile_options	air.compile.denorms_disable air.compile.fast_math_enable air.compile.framebuffer_fetch_enable
case.macos.scale_one_bias_zero.fast.O3.contract-off.float_operations	
case.macos.scale_one_bias_zero.fast.O3.contract-off.results	00000001 00400000 007fffff 00800000 80400000 80000000 3eb97ef9 3f800000
case.macos.scale_one_bias_zero.fast.Os.contract-off.compile_options	air.compile.denorms_disable air.compile.fast_math_enable air.compile.framebuffer_fetch_enable
case.macos.scale_one_bias_zero.fast.Os.contract-off.float_operations	
case.macos.scale_one_bias_zero.fast.Os.contract-off.results	00000001 00400000 007fffff 00800000 80400000 80000000 3eb97ef9 3f800000
case.macos.scale_one_bias_zero.relaxed.O0.contract-off.compile_options	air.compile.denorms_disable air.compile.fast_math_disable air.compile.framebuffer_fetch_enable
case.macos.scale_one_bias_zero.relaxed.O0.contract-off.float_operations	fmul+reassoc+nsz+arcp+afn fadd+reassoc+nsz+arcp+afn
case.macos.scale_one_bias_zero.relaxed.O0.contract-off.results	00000001 00400000 007fffff 00800000 80400000 80000000 3eb97ef9 3f800000
case.macos.scale_one_bias_zero.relaxed.O1.contract-off.compile_options	air.compile.denorms_disable air.compile.fast_math_disable air.compile.framebuffer_fetch_enable
case.macos.scale_one_bias_zero.relaxed.O1.contract-off.float_operations	
case.macos.scale_one_bias_zero.relaxed.O1.contract-off.results	00000001 00400000 007fffff 00800000 80400000 80000000 3eb97ef9 3f800000
case.macos.scale_one_bias_zero.relaxed.O2.contract-off.compile_options	air.compile.denorms_disable air.compile.fast_math_disable air.compile.framebuffer_fetch_enable
case.macos.scale_one_bias_zero.relaxed.O2.contract-off.float_operations	
case.macos.scale_one_bias_zero.relaxed.O2.contract-off.results	00000001 00400000 007fffff 00800000 80400000 80000000 3eb97ef9 3f800000
case.macos.scale_one_bias_zero.relaxed.O2.contract-off.fpfun-fast.compile_options	air.compile.denorms_disable air.compile.fast_math_disable air.compile.framebuffer_fetch_enable
case.macos.scale_one_bias_zero.relaxed.O2.contract-off.fpfun-fast.float_operations	
case.macos.scale_one_bias_zero.relaxed.O2.contract-off.fpfun-fast.results	00000001 00400000 007fffff 00800000 80400000 80000000 3eb97ef9 3f800000
case.macos.scale_one_bias_zero.relaxed.O3.contract-off.compile_options	air.compile.denorms_disable air.compile.fast_math_disable air.compile.framebuffer_fetch_enable
case.macos.scale_one_bias_zero.relaxed.O3.contract-off.float_operations	
case.macos.scale_one_bias_zero.relaxed.O3.contract-off.results	00000001 00400000 007fffff 00800000 80400000 80000000 3eb97ef9 3f800000
case.macos.scale_one_bias_zero.relaxed.Os.contract-off.compile_options	air.compile.denorms_disable air.compile.fast_math_disable air.compile.framebuffer_fetch_enable
case.macos.scale_one_bias_zero.relaxed.Os.contract-off.float_operations	
case.macos.scale_one_bias_zero.relaxed.Os.contract-off.results	00000001 00400000 007fffff 00800000 80400000 80000000 3eb97ef9 3f800000
case.macos.scale_one_bias_zero.runtime.fast.opt-default.applied_options	math=fast,fpfun=precise,lang=3.1,opt=default
case.macos.scale_one_bias_zero.runtime.fast.opt-default.archived_options	air.compile.denorms_disable air.compile.fast_math_enable air.compile.framebuffer_fetch_enable
case.macos.scale_one_bias_zero.runtime.fast.opt-default.results	00000001 00400000 007fffff 00800000 80400000 80000000 3eb97ef9 3f800000
case.macos.scale_one_bias_zero.runtime.fast.opt-default.fpfun-fast.applied_options	math=fast,fpfun=fast,lang=3.1,opt=default
case.macos.scale_one_bias_zero.runtime.fast.opt-default.fpfun-fast.archived_options	air.compile.denorms_disable air.compile.fast_math_enable air.compile.framebuffer_fetch_enable
case.macos.scale_one_bias_zero.runtime.fast.opt-default.fpfun-fast.results	00000001 00400000 007fffff 00800000 80400000 80000000 3eb97ef9 3f800000
case.macos.scale_one_bias_zero.runtime.fast.opt-size.applied_options	math=fast,fpfun=precise,lang=3.1,opt=size
case.macos.scale_one_bias_zero.runtime.fast.opt-size.archived_options	air.compile.denorms_disable air.compile.fast_math_enable air.compile.framebuffer_fetch_enable
case.macos.scale_one_bias_zero.runtime.fast.opt-size.results	00000001 00400000 007fffff 00800000 80400000 80000000 3eb97ef9 3f800000
case.macos.scale_one_bias_zero.runtime.fast.opt-size.fpfun-fast.applied_options	math=fast,fpfun=fast,lang=3.1,opt=size
case.macos.scale_one_bias_zero.runtime.fast.opt-size.fpfun-fast.archived_options	air.compile.denorms_disable air.compile.fast_math_enable air.compile.framebuffer_fetch_enable
case.macos.scale_one_bias_zero.runtime.fast.opt-size.fpfun-fast.results	00000001 00400000 007fffff 00800000 80400000 80000000 3eb97ef9 3f800000
case.macos.scale_one_bias_zero.runtime.relaxed.opt-default.applied_options	math=relaxed,fpfun=precise,lang=3.1,opt=default
case.macos.scale_one_bias_zero.runtime.relaxed.opt-default.archived_options	air.compile.denorms_disable air.compile.fast_math_disable air.compile.framebuffer_fetch_enable
case.macos.scale_one_bias_zero.runtime.relaxed.opt-default.results	00000001 00400000 007fffff 00800000 80400000 80000000 3eb97ef9 3f800000
case.macos.scale_one_bias_zero.runtime.relaxed.opt-default.fpfun-fast.applied_options	math=relaxed,fpfun=fast,lang=3.1,opt=default
case.macos.scale_one_bias_zero.runtime.relaxed.opt-default.fpfun-fast.archived_options	air.compile.denorms_disable air.compile.fast_math_disable air.compile.framebuffer_fetch_enable
case.macos.scale_one_bias_zero.runtime.relaxed.opt-default.fpfun-fast.results	00000001 00400000 007fffff 00800000 80400000 80000000 3eb97ef9 3f800000
case.macos.scale_one_bias_zero.runtime.relaxed.opt-size.applied_options	math=relaxed,fpfun=precise,lang=3.1,opt=size
case.macos.scale_one_bias_zero.runtime.relaxed.opt-size.archived_options	air.compile.denorms_disable air.compile.fast_math_disable air.compile.framebuffer_fetch_enable
case.macos.scale_one_bias_zero.runtime.relaxed.opt-size.results	00000001 00400000 007fffff 00800000 80400000 80000000 3eb97ef9 3f800000
case.macos.scale_one_bias_zero.runtime.relaxed.opt-size.fpfun-fast.applied_options	math=relaxed,fpfun=fast,lang=3.1,opt=size
case.macos.scale_one_bias_zero.runtime.relaxed.opt-size.fpfun-fast.archived_options	air.compile.denorms_disable air.compile.fast_math_disable air.compile.framebuffer_fetch_enable
case.macos.scale_one_bias_zero.runtime.relaxed.opt-size.fpfun-fast.results	00000001 00400000 007fffff 00800000 80400000 80000000 3eb97ef9 3f800000
case.macos.scale_one_bias_zero.runtime.safe.opt-default.applied_options	math=safe,fpfun=precise,lang=3.1,opt=default
case.macos.scale_one_bias_zero.runtime.safe.opt-default.archived_options	air.compile.denorms_disable air.compile.fast_math_disable air.compile.framebuffer_fetch_enable
case.macos.scale_one_bias_zero.runtime.safe.opt-default.results	00000000 00000000 00000000 00800000 00000000 00000000 3eb97ef9 3f800000
case.macos.scale_one_bias_zero.runtime.safe.opt-default.fpfun-fast.applied_options	math=safe,fpfun=fast,lang=3.1,opt=default
case.macos.scale_one_bias_zero.runtime.safe.opt-default.fpfun-fast.archived_options	air.compile.denorms_disable air.compile.fast_math_disable air.compile.framebuffer_fetch_enable
case.macos.scale_one_bias_zero.runtime.safe.opt-default.fpfun-fast.results	00000000 00000000 00000000 00800000 00000000 00000000 3eb97ef9 3f800000
case.macos.scale_one_bias_zero.runtime.safe.opt-size.applied_options	math=safe,fpfun=precise,lang=3.1,opt=size
case.macos.scale_one_bias_zero.runtime.safe.opt-size.archived_options	air.compile.denorms_disable air.compile.fast_math_disable air.compile.framebuffer_fetch_enable
case.macos.scale_one_bias_zero.runtime.safe.opt-size.results	00000000 00000000 00000000 00800000 00000000 00000000 3eb97ef9 3f800000
case.macos.scale_one_bias_zero.runtime.safe.opt-size.fpfun-fast.applied_options	math=safe,fpfun=fast,lang=3.1,opt=size
case.macos.scale_one_bias_zero.runtime.safe.opt-size.fpfun-fast.archived_options	air.compile.denorms_disable air.compile.fast_math_disable air.compile.framebuffer_fetch_enable
case.macos.scale_one_bias_zero.runtime.safe.opt-size.fpfun-fast.results	00000000 00000000 00000000 00800000 00000000 00000000 3eb97ef9 3f800000
case.macos.scale_one_bias_zero.safe.O0.contract-off.compile_options	air.compile.denorms_disable air.compile.fast_math_disable air.compile.framebuffer_fetch_enable
case.macos.scale_one_bias_zero.safe.O0.contract-off.float_operations	fmul fadd
case.macos.scale_one_bias_zero.safe.O0.contract-off.results	00000000 00000000 00000000 00800000 00000000 00000000 3eb97ef9 3f800000
case.macos.scale_one_bias_zero.safe.O1.contract-off.compile_options	air.compile.denorms_disable air.compile.fast_math_disable air.compile.framebuffer_fetch_enable
case.macos.scale_one_bias_zero.safe.O1.contract-off.float_operations	fadd
case.macos.scale_one_bias_zero.safe.O1.contract-off.results	00000000 00000000 00000000 00800000 00000000 00000000 3eb97ef9 3f800000
case.macos.scale_one_bias_zero.safe.O2.contract-off.compile_options	air.compile.denorms_disable air.compile.fast_math_disable air.compile.framebuffer_fetch_enable
case.macos.scale_one_bias_zero.safe.O2.contract-off.float_operations	fadd
case.macos.scale_one_bias_zero.safe.O2.contract-off.results	00000000 00000000 00000000 00800000 00000000 00000000 3eb97ef9 3f800000
case.macos.scale_one_bias_zero.safe.O2.contract-off.fpfun-fast.compile_options	air.compile.denorms_disable air.compile.fast_math_disable air.compile.framebuffer_fetch_enable
case.macos.scale_one_bias_zero.safe.O2.contract-off.fpfun-fast.float_operations	fadd
case.macos.scale_one_bias_zero.safe.O2.contract-off.fpfun-fast.results	00000000 00000000 00000000 00800000 00000000 00000000 3eb97ef9 3f800000
case.macos.scale_one_bias_zero.safe.O3.contract-off.compile_options	air.compile.denorms_disable air.compile.fast_math_disable air.compile.framebuffer_fetch_enable
case.macos.scale_one_bias_zero.safe.O3.contract-off.float_operations	fadd
case.macos.scale_one_bias_zero.safe.O3.contract-off.results	00000000 00000000 00000000 00800000 00000000 00000000 3eb97ef9 3f800000
case.macos.scale_one_bias_zero.safe.Os.contract-off.compile_options	air.compile.denorms_disable air.compile.fast_math_disable air.compile.framebuffer_fetch_enable
case.macos.scale_one_bias_zero.safe.Os.contract-off.float_operations	fadd
case.macos.scale_one_bias_zero.safe.Os.contract-off.results	00000000 00000000 00000000 00800000 00000000 00000000 3eb97ef9 3f800000
case.macos.scale_two_bias_one.fast.O2.contract-fast.compile_options	air.compile.denorms_disable air.compile.fast_math_enable air.compile.framebuffer_fetch_enable
case.macos.scale_two_bias_one.fast.O2.contract-fast.float_operations	fmul+fast fadd+fast
case.macos.scale_two_bias_one.fast.O2.contract-fast.results	3f800000 3f800000 3f800000 3f800000 3f800000 3f800000 3fdcbf7c 40400000
case.macos.scale_two_bias_one.fast.O2.contract-off.compile_options	air.compile.denorms_disable air.compile.fast_math_enable air.compile.framebuffer_fetch_enable
case.macos.scale_two_bias_one.fast.O2.contract-off.float_operations	fmul+reassoc+nnan+ninf+nsz+arcp+afn fadd+reassoc+nnan+ninf+nsz+arcp+afn
case.macos.scale_two_bias_one.fast.O2.contract-off.results	3f800000 3f800000 3f800000 3f800000 3f800000 3f800000 3fdcbf7c 40400000
case.macos.scale_two_bias_one.fast.O2.contract-on.compile_options	air.compile.denorms_disable air.compile.fast_math_enable air.compile.framebuffer_fetch_enable
case.macos.scale_two_bias_one.fast.O2.contract-on.float_operations	fmul+reassoc+nnan+ninf+nsz+arcp+afn fadd+reassoc+nnan+ninf+nsz+arcp+afn
case.macos.scale_two_bias_one.fast.O2.contract-on.results	3f800000 3f800000 3f800000 3f800000 3f800000 3f800000 3fdcbf7c 40400000
case.macos.scale_two_bias_one.relaxed.O2.contract-fast.compile_options	air.compile.denorms_disable air.compile.fast_math_disable air.compile.framebuffer_fetch_enable
case.macos.scale_two_bias_one.relaxed.O2.contract-fast.float_operations	fmul+reassoc+nsz+arcp+contract+afn fadd+reassoc+nsz+arcp+contract+afn
case.macos.scale_two_bias_one.relaxed.O2.contract-fast.results	3f800000 3f800000 3f800000 3f800000 3f800000 3f800000 3fdcbf7c 40400000
case.macos.scale_two_bias_one.relaxed.O2.contract-off.compile_options	air.compile.denorms_disable air.compile.fast_math_disable air.compile.framebuffer_fetch_enable
case.macos.scale_two_bias_one.relaxed.O2.contract-off.float_operations	fmul+reassoc+nsz+arcp+afn fadd+reassoc+nsz+arcp+afn
case.macos.scale_two_bias_one.relaxed.O2.contract-off.results	3f800000 3f800000 3f800000 3f800000 3f800000 3f800000 3fdcbf7c 40400000
case.macos.scale_two_bias_one.relaxed.O2.contract-on.compile_options	air.compile.denorms_disable air.compile.fast_math_disable air.compile.framebuffer_fetch_enable
case.macos.scale_two_bias_one.relaxed.O2.contract-on.float_operations	fmul+reassoc+nsz+arcp+afn fadd+reassoc+nsz+arcp+afn
case.macos.scale_two_bias_one.relaxed.O2.contract-on.results	3f800000 3f800000 3f800000 3f800000 3f800000 3f800000 3fdcbf7c 40400000
case.macos.scale_two_bias_one.runtime.fast.opt-default.applied_options	math=fast,fpfun=precise,lang=3.1,opt=default
case.macos.scale_two_bias_one.runtime.fast.opt-default.archived_options	air.compile.denorms_disable air.compile.fast_math_enable air.compile.framebuffer_fetch_enable
case.macos.scale_two_bias_one.runtime.fast.opt-default.results	3f800000 3f800000 3f800000 3f800000 3f800000 3f800000 3fdcbf7c 40400000
case.macos.scale_two_bias_one.runtime.fast.opt-size.applied_options	math=fast,fpfun=precise,lang=3.1,opt=size
case.macos.scale_two_bias_one.runtime.fast.opt-size.archived_options	air.compile.denorms_disable air.compile.fast_math_enable air.compile.framebuffer_fetch_enable
case.macos.scale_two_bias_one.runtime.fast.opt-size.results	3f800000 3f800000 3f800000 3f800000 3f800000 3f800000 3fdcbf7c 40400000
case.macos.scale_two_bias_one.runtime.relaxed.opt-default.applied_options	math=relaxed,fpfun=precise,lang=3.1,opt=default
case.macos.scale_two_bias_one.runtime.relaxed.opt-default.archived_options	air.compile.denorms_disable air.compile.fast_math_disable air.compile.framebuffer_fetch_enable
case.macos.scale_two_bias_one.runtime.relaxed.opt-default.results	3f800000 3f800000 3f800000 3f800000 3f800000 3f800000 3fdcbf7c 40400000
case.macos.scale_two_bias_one.runtime.relaxed.opt-size.applied_options	math=relaxed,fpfun=precise,lang=3.1,opt=size
case.macos.scale_two_bias_one.runtime.relaxed.opt-size.archived_options	air.compile.denorms_disable air.compile.fast_math_disable air.compile.framebuffer_fetch_enable
case.macos.scale_two_bias_one.runtime.relaxed.opt-size.results	3f800000 3f800000 3f800000 3f800000 3f800000 3f800000 3fdcbf7c 40400000
case.macos.scale_two_bias_one.runtime.safe.opt-default.applied_options	math=safe,fpfun=precise,lang=3.1,opt=default
case.macos.scale_two_bias_one.runtime.safe.opt-default.archived_options	air.compile.denorms_disable air.compile.fast_math_disable air.compile.framebuffer_fetch_enable
case.macos.scale_two_bias_one.runtime.safe.opt-default.results	3f800000 3f800000 3f800000 3f800000 3f800000 3f800000 3fdcbf7c 40400000
case.macos.scale_two_bias_one.runtime.safe.opt-size.applied_options	math=safe,fpfun=precise,lang=3.1,opt=size
case.macos.scale_two_bias_one.runtime.safe.opt-size.archived_options	air.compile.denorms_disable air.compile.fast_math_disable air.compile.framebuffer_fetch_enable
case.macos.scale_two_bias_one.runtime.safe.opt-size.results	3f800000 3f800000 3f800000 3f800000 3f800000 3f800000 3fdcbf7c 40400000
case.macos.scale_two_bias_one.safe.O2.contract-fast.compile_options	air.compile.denorms_disable air.compile.fast_math_disable air.compile.framebuffer_fetch_enable
case.macos.scale_two_bias_one.safe.O2.contract-fast.float_operations	fmul+contract fadd+contract
case.macos.scale_two_bias_one.safe.O2.contract-fast.results	3f800000 3f800000 3f800000 3f800000 3f800000 3f800000 3fdcbf7c 40400000
case.macos.scale_two_bias_one.safe.O2.contract-off.compile_options	air.compile.denorms_disable air.compile.fast_math_disable air.compile.framebuffer_fetch_enable
case.macos.scale_two_bias_one.safe.O2.contract-off.float_operations	fmul fadd
case.macos.scale_two_bias_one.safe.O2.contract-off.results	3f800000 3f800000 3f800000 3f800000 3f800000 3f800000 3fdcbf7c 40400000
case.macos.scale_two_bias_one.safe.O2.contract-on.compile_options	air.compile.denorms_disable air.compile.fast_math_disable air.compile.framebuffer_fetch_enable
case.macos.scale_two_bias_one.safe.O2.contract-on.float_operations	fmul fadd
case.macos.scale_two_bias_one.safe.O2.contract-on.results	3f800000 3f800000 3f800000 3f800000 3f800000 3f800000 3fdcbf7c 40400000
comparison.ios-simulator.add_smallest_normal.runtime.fast.opt-default	agree candidates=ios-simulator.add_smallest_normal.fast.O2.contract-off matched=ios-simulator.add_smallest_normal.fast.O2.contract-off
comparison.ios-simulator.add_smallest_normal.runtime.fast.opt-size	agree candidates=ios-simulator.add_smallest_normal.fast.O2.contract-off matched=ios-simulator.add_smallest_normal.fast.O2.contract-off
comparison.ios-simulator.add_smallest_normal.runtime.relaxed.opt-default	agree candidates=ios-simulator.add_smallest_normal.relaxed.O2.contract-off matched=ios-simulator.add_smallest_normal.relaxed.O2.contract-off
comparison.ios-simulator.add_smallest_normal.runtime.relaxed.opt-size	agree candidates=ios-simulator.add_smallest_normal.relaxed.O2.contract-off matched=ios-simulator.add_smallest_normal.relaxed.O2.contract-off
comparison.ios-simulator.add_smallest_normal.runtime.safe.opt-default	agree candidates=ios-simulator.add_smallest_normal.safe.O2.contract-off matched=ios-simulator.add_smallest_normal.safe.O2.contract-off
comparison.ios-simulator.add_smallest_normal.runtime.safe.opt-size	agree candidates=ios-simulator.add_smallest_normal.safe.O2.contract-off matched=ios-simulator.add_smallest_normal.safe.O2.contract-off
comparison.ios-simulator.contraction_pair.runtime.safe.opt-default	agree-on-some candidates=ios-simulator.contraction_pair.safe.O2.contract-fast,ios-simulator.contraction_pair.safe.O2.contract-off,ios-simulator.contraction_pair.safe.O2.contract-on matched=ios-simulator.contraction_pair.safe.O2.contract-off,ios-simulator.contraction_pair.safe.O2.contract-on
comparison.ios-simulator.contraction_pair.runtime.safe.opt-size	agree-on-some candidates=ios-simulator.contraction_pair.safe.O2.contract-fast,ios-simulator.contraction_pair.safe.O2.contract-off,ios-simulator.contraction_pair.safe.O2.contract-on matched=ios-simulator.contraction_pair.safe.O2.contract-off,ios-simulator.contraction_pair.safe.O2.contract-on
comparison.ios-simulator.contraction_pair_canonicalized.runtime.safe.opt-default	agree candidates=ios-simulator.contraction_pair_canonicalized.safe.O2.contract-fast,ios-simulator.contraction_pair_canonicalized.safe.O2.contract-off,ios-simulator.contraction_pair_canonicalized.safe.O2.contract-on matched=ios-simulator.contraction_pair_canonicalized.safe.O2.contract-fast,ios-simulator.contraction_pair_canonicalized.safe.O2.contract-off,ios-simulator.contraction_pair_canonicalized.safe.O2.contract-on
comparison.ios-simulator.contraction_pair_canonicalized.runtime.safe.opt-size	agree candidates=ios-simulator.contraction_pair_canonicalized.safe.O2.contract-fast,ios-simulator.contraction_pair_canonicalized.safe.O2.contract-off,ios-simulator.contraction_pair_canonicalized.safe.O2.contract-on matched=ios-simulator.contraction_pair_canonicalized.safe.O2.contract-fast,ios-simulator.contraction_pair_canonicalized.safe.O2.contract-off,ios-simulator.contraction_pair_canonicalized.safe.O2.contract-on
comparison.ios-simulator.divide_by_half.runtime.safe.opt-default	agree candidates=ios-simulator.divide_by_half.safe.O2.contract-off matched=ios-simulator.divide_by_half.safe.O2.contract-off
comparison.ios-simulator.divide_by_half.runtime.safe.opt-size	agree candidates=ios-simulator.divide_by_half.safe.O2.contract-off matched=ios-simulator.divide_by_half.safe.O2.contract-off
comparison.ios-simulator.divide_by_three.runtime.fast.opt-default	agree candidates=ios-simulator.divide_by_three.fast.O2.contract-off matched=ios-simulator.divide_by_three.fast.O2.contract-off
comparison.ios-simulator.divide_by_three.runtime.fast.opt-size	agree candidates=ios-simulator.divide_by_three.fast.O2.contract-off matched=ios-simulator.divide_by_three.fast.O2.contract-off
comparison.ios-simulator.divide_by_three.runtime.relaxed.opt-default	agree candidates=ios-simulator.divide_by_three.relaxed.O2.contract-off matched=ios-simulator.divide_by_three.relaxed.O2.contract-off
comparison.ios-simulator.divide_by_three.runtime.relaxed.opt-size	agree candidates=ios-simulator.divide_by_three.relaxed.O2.contract-off matched=ios-simulator.divide_by_three.relaxed.O2.contract-off
comparison.ios-simulator.divide_by_three.runtime.safe.opt-default	agree candidates=ios-simulator.divide_by_three.safe.O2.contract-off matched=ios-simulator.divide_by_three.safe.O2.contract-off
comparison.ios-simulator.divide_by_three.runtime.safe.opt-size	agree candidates=ios-simulator.divide_by_three.safe.O2.contract-off matched=ios-simulator.divide_by_three.safe.O2.contract-off
comparison.ios-simulator.divide_by_three_eighths.runtime.fast.opt-default	agree candidates=ios-simulator.divide_by_three_eighths.fast.O2.contract-off matched=ios-simulator.divide_by_three_eighths.fast.O2.contract-off
comparison.ios-simulator.divide_by_three_eighths.runtime.fast.opt-size	agree candidates=ios-simulator.divide_by_three_eighths.fast.O2.contract-off matched=ios-simulator.divide_by_three_eighths.fast.O2.contract-off
comparison.ios-simulator.divide_by_three_eighths.runtime.relaxed.opt-default	agree candidates=ios-simulator.divide_by_three_eighths.relaxed.O2.contract-off matched=ios-simulator.divide_by_three_eighths.relaxed.O2.contract-off
comparison.ios-simulator.divide_by_three_eighths.runtime.relaxed.opt-size	agree candidates=ios-simulator.divide_by_three_eighths.relaxed.O2.contract-off matched=ios-simulator.divide_by_three_eighths.relaxed.O2.contract-off
comparison.ios-simulator.divide_by_three_eighths.runtime.safe.opt-default	agree candidates=ios-simulator.divide_by_three_eighths.safe.O2.contract-off matched=ios-simulator.divide_by_three_eighths.safe.O2.contract-off
comparison.ios-simulator.divide_by_three_eighths.runtime.safe.opt-size	agree candidates=ios-simulator.divide_by_three_eighths.safe.O2.contract-off matched=ios-simulator.divide_by_three_eighths.safe.O2.contract-off
comparison.ios-simulator.divide_by_two.runtime.safe.opt-default	agree candidates=ios-simulator.divide_by_two.safe.O2.contract-off matched=ios-simulator.divide_by_two.safe.O2.contract-off
comparison.ios-simulator.divide_by_two.runtime.safe.opt-size	agree candidates=ios-simulator.divide_by_two.safe.O2.contract-off matched=ios-simulator.divide_by_two.safe.O2.contract-off
comparison.ios-simulator.fused_pair.runtime.safe.opt-default	agree candidates=ios-simulator.fused_pair.safe.O2.contract-fast,ios-simulator.fused_pair.safe.O2.contract-off,ios-simulator.fused_pair.safe.O2.contract-on matched=ios-simulator.fused_pair.safe.O2.contract-fast,ios-simulator.fused_pair.safe.O2.contract-off,ios-simulator.fused_pair.safe.O2.contract-on
comparison.ios-simulator.fused_pair.runtime.safe.opt-size	agree candidates=ios-simulator.fused_pair.safe.O2.contract-fast,ios-simulator.fused_pair.safe.O2.contract-off,ios-simulator.fused_pair.safe.O2.contract-on matched=ios-simulator.fused_pair.safe.O2.contract-fast,ios-simulator.fused_pair.safe.O2.contract-off,ios-simulator.fused_pair.safe.O2.contract-on
comparison.ios-simulator.materialize.runtime.fast.opt-default	agree candidates=ios-simulator.materialize.fast.O2.contract-off matched=ios-simulator.materialize.fast.O2.contract-off
comparison.ios-simulator.materialize.runtime.fast.opt-size	agree candidates=ios-simulator.materialize.fast.O2.contract-off matched=ios-simulator.materialize.fast.O2.contract-off
comparison.ios-simulator.materialize.runtime.relaxed.opt-default	agree candidates=ios-simulator.materialize.relaxed.O2.contract-off matched=ios-simulator.materialize.relaxed.O2.contract-off
comparison.ios-simulator.materialize.runtime.relaxed.opt-size	agree candidates=ios-simulator.materialize.relaxed.O2.contract-off matched=ios-simulator.materialize.relaxed.O2.contract-off
comparison.ios-simulator.materialize.runtime.safe.opt-default	agree candidates=ios-simulator.materialize.safe.O2.contract-off matched=ios-simulator.materialize.safe.O2.contract-off
comparison.ios-simulator.materialize.runtime.safe.opt-size	agree candidates=ios-simulator.materialize.safe.O2.contract-off matched=ios-simulator.materialize.safe.O2.contract-off
comparison.ios-simulator.multiply_half.runtime.fast.opt-default	agree candidates=ios-simulator.multiply_half.fast.O2.contract-off matched=ios-simulator.multiply_half.fast.O2.contract-off
comparison.ios-simulator.multiply_half.runtime.fast.opt-default.fpfun-fast	agree candidates=ios-simulator.multiply_half.fast.O2.contract-off.fpfun-fast matched=ios-simulator.multiply_half.fast.O2.contract-off.fpfun-fast
comparison.ios-simulator.multiply_half.runtime.fast.opt-size	agree candidates=ios-simulator.multiply_half.fast.O2.contract-off matched=ios-simulator.multiply_half.fast.O2.contract-off
comparison.ios-simulator.multiply_half.runtime.fast.opt-size.fpfun-fast	agree candidates=ios-simulator.multiply_half.fast.O2.contract-off.fpfun-fast matched=ios-simulator.multiply_half.fast.O2.contract-off.fpfun-fast
comparison.ios-simulator.multiply_half.runtime.relaxed.opt-default	agree candidates=ios-simulator.multiply_half.relaxed.O2.contract-off matched=ios-simulator.multiply_half.relaxed.O2.contract-off
comparison.ios-simulator.multiply_half.runtime.relaxed.opt-default.fpfun-fast	agree candidates=ios-simulator.multiply_half.relaxed.O2.contract-off.fpfun-fast matched=ios-simulator.multiply_half.relaxed.O2.contract-off.fpfun-fast
comparison.ios-simulator.multiply_half.runtime.relaxed.opt-size	agree candidates=ios-simulator.multiply_half.relaxed.O2.contract-off matched=ios-simulator.multiply_half.relaxed.O2.contract-off
comparison.ios-simulator.multiply_half.runtime.relaxed.opt-size.fpfun-fast	agree candidates=ios-simulator.multiply_half.relaxed.O2.contract-off.fpfun-fast matched=ios-simulator.multiply_half.relaxed.O2.contract-off.fpfun-fast
comparison.ios-simulator.multiply_half.runtime.safe.opt-default	agree candidates=ios-simulator.multiply_half.safe.O2.contract-off matched=ios-simulator.multiply_half.safe.O2.contract-off
comparison.ios-simulator.multiply_half.runtime.safe.opt-default.fpfun-fast	agree candidates=ios-simulator.multiply_half.safe.O2.contract-off.fpfun-fast matched=ios-simulator.multiply_half.safe.O2.contract-off.fpfun-fast
comparison.ios-simulator.multiply_half.runtime.safe.opt-size	agree candidates=ios-simulator.multiply_half.safe.O2.contract-off matched=ios-simulator.multiply_half.safe.O2.contract-off
comparison.ios-simulator.multiply_half.runtime.safe.opt-size.fpfun-fast	agree candidates=ios-simulator.multiply_half.safe.O2.contract-off.fpfun-fast matched=ios-simulator.multiply_half.safe.O2.contract-off.fpfun-fast
comparison.ios-simulator.multiply_one.runtime.fast.opt-default	agree candidates=ios-simulator.multiply_one.fast.O2.contract-off matched=ios-simulator.multiply_one.fast.O2.contract-off
comparison.ios-simulator.multiply_one.runtime.fast.opt-size	agree candidates=ios-simulator.multiply_one.fast.O2.contract-off matched=ios-simulator.multiply_one.fast.O2.contract-off
comparison.ios-simulator.multiply_one.runtime.relaxed.opt-default	agree candidates=ios-simulator.multiply_one.relaxed.O2.contract-off matched=ios-simulator.multiply_one.relaxed.O2.contract-off
comparison.ios-simulator.multiply_one.runtime.relaxed.opt-size	agree candidates=ios-simulator.multiply_one.relaxed.O2.contract-off matched=ios-simulator.multiply_one.relaxed.O2.contract-off
comparison.ios-simulator.multiply_one.runtime.safe.opt-default	agree candidates=ios-simulator.multiply_one.safe.O2.contract-off matched=ios-simulator.multiply_one.safe.O2.contract-off
comparison.ios-simulator.multiply_one.runtime.safe.opt-size	agree candidates=ios-simulator.multiply_one.safe.O2.contract-off matched=ios-simulator.multiply_one.safe.O2.contract-off
comparison.ios-simulator.multiply_two.runtime.fast.opt-default	agree candidates=ios-simulator.multiply_two.fast.O2.contract-off matched=ios-simulator.multiply_two.fast.O2.contract-off
comparison.ios-simulator.multiply_two.runtime.fast.opt-default.fpfun-fast	agree candidates=ios-simulator.multiply_two.fast.O2.contract-off.fpfun-fast matched=ios-simulator.multiply_two.fast.O2.contract-off.fpfun-fast
comparison.ios-simulator.multiply_two.runtime.fast.opt-size	agree candidates=ios-simulator.multiply_two.fast.O2.contract-off matched=ios-simulator.multiply_two.fast.O2.contract-off
comparison.ios-simulator.multiply_two.runtime.fast.opt-size.fpfun-fast	agree candidates=ios-simulator.multiply_two.fast.O2.contract-off.fpfun-fast matched=ios-simulator.multiply_two.fast.O2.contract-off.fpfun-fast
comparison.ios-simulator.multiply_two.runtime.relaxed.opt-default	agree candidates=ios-simulator.multiply_two.relaxed.O2.contract-off matched=ios-simulator.multiply_two.relaxed.O2.contract-off
comparison.ios-simulator.multiply_two.runtime.relaxed.opt-default.fpfun-fast	agree candidates=ios-simulator.multiply_two.relaxed.O2.contract-off.fpfun-fast matched=ios-simulator.multiply_two.relaxed.O2.contract-off.fpfun-fast
comparison.ios-simulator.multiply_two.runtime.relaxed.opt-size	agree candidates=ios-simulator.multiply_two.relaxed.O2.contract-off matched=ios-simulator.multiply_two.relaxed.O2.contract-off
comparison.ios-simulator.multiply_two.runtime.relaxed.opt-size.fpfun-fast	agree candidates=ios-simulator.multiply_two.relaxed.O2.contract-off.fpfun-fast matched=ios-simulator.multiply_two.relaxed.O2.contract-off.fpfun-fast
comparison.ios-simulator.multiply_two.runtime.safe.opt-default	agree candidates=ios-simulator.multiply_two.safe.O2.contract-off matched=ios-simulator.multiply_two.safe.O2.contract-off
comparison.ios-simulator.multiply_two.runtime.safe.opt-default.fpfun-fast	agree candidates=ios-simulator.multiply_two.safe.O2.contract-off.fpfun-fast matched=ios-simulator.multiply_two.safe.O2.contract-off.fpfun-fast
comparison.ios-simulator.multiply_two.runtime.safe.opt-size	agree candidates=ios-simulator.multiply_two.safe.O2.contract-off matched=ios-simulator.multiply_two.safe.O2.contract-off
comparison.ios-simulator.multiply_two.runtime.safe.opt-size.fpfun-fast	agree candidates=ios-simulator.multiply_two.safe.O2.contract-off.fpfun-fast matched=ios-simulator.multiply_two.safe.O2.contract-off.fpfun-fast
comparison.ios-simulator.reassociation_chain.runtime.fast.opt-default	agree candidates=ios-simulator.reassociation_chain.fast.O2.contract-off matched=ios-simulator.reassociation_chain.fast.O2.contract-off
comparison.ios-simulator.reassociation_chain.runtime.fast.opt-size	agree candidates=ios-simulator.reassociation_chain.fast.O2.contract-off matched=ios-simulator.reassociation_chain.fast.O2.contract-off
comparison.ios-simulator.reassociation_chain.runtime.relaxed.opt-default	agree candidates=ios-simulator.reassociation_chain.relaxed.O2.contract-off matched=ios-simulator.reassociation_chain.relaxed.O2.contract-off
comparison.ios-simulator.reassociation_chain.runtime.relaxed.opt-size	agree candidates=ios-simulator.reassociation_chain.relaxed.O2.contract-off matched=ios-simulator.reassociation_chain.relaxed.O2.contract-off
comparison.ios-simulator.reassociation_chain.runtime.safe.opt-default	agree candidates=ios-simulator.reassociation_chain.safe.O2.contract-off matched=ios-simulator.reassociation_chain.safe.O2.contract-off
comparison.ios-simulator.reassociation_chain.runtime.safe.opt-size	agree candidates=ios-simulator.reassociation_chain.safe.O2.contract-off matched=ios-simulator.reassociation_chain.safe.O2.contract-off
comparison.ios-simulator.scale_one_bias_zero.runtime.fast.opt-default	agree candidates=ios-simulator.scale_one_bias_zero.fast.O2.contract-off matched=ios-simulator.scale_one_bias_zero.fast.O2.contract-off
comparison.ios-simulator.scale_one_bias_zero.runtime.fast.opt-default.fpfun-fast	agree candidates=ios-simulator.scale_one_bias_zero.fast.O2.contract-off.fpfun-fast matched=ios-simulator.scale_one_bias_zero.fast.O2.contract-off.fpfun-fast
comparison.ios-simulator.scale_one_bias_zero.runtime.fast.opt-size	agree candidates=ios-simulator.scale_one_bias_zero.fast.O2.contract-off matched=ios-simulator.scale_one_bias_zero.fast.O2.contract-off
comparison.ios-simulator.scale_one_bias_zero.runtime.fast.opt-size.fpfun-fast	agree candidates=ios-simulator.scale_one_bias_zero.fast.O2.contract-off.fpfun-fast matched=ios-simulator.scale_one_bias_zero.fast.O2.contract-off.fpfun-fast
comparison.ios-simulator.scale_one_bias_zero.runtime.relaxed.opt-default	agree candidates=ios-simulator.scale_one_bias_zero.relaxed.O2.contract-off matched=ios-simulator.scale_one_bias_zero.relaxed.O2.contract-off
comparison.ios-simulator.scale_one_bias_zero.runtime.relaxed.opt-default.fpfun-fast	agree candidates=ios-simulator.scale_one_bias_zero.relaxed.O2.contract-off.fpfun-fast matched=ios-simulator.scale_one_bias_zero.relaxed.O2.contract-off.fpfun-fast
comparison.ios-simulator.scale_one_bias_zero.runtime.relaxed.opt-size	agree candidates=ios-simulator.scale_one_bias_zero.relaxed.O2.contract-off matched=ios-simulator.scale_one_bias_zero.relaxed.O2.contract-off
comparison.ios-simulator.scale_one_bias_zero.runtime.relaxed.opt-size.fpfun-fast	agree candidates=ios-simulator.scale_one_bias_zero.relaxed.O2.contract-off.fpfun-fast matched=ios-simulator.scale_one_bias_zero.relaxed.O2.contract-off.fpfun-fast
comparison.ios-simulator.scale_one_bias_zero.runtime.safe.opt-default	agree candidates=ios-simulator.scale_one_bias_zero.safe.O2.contract-off matched=ios-simulator.scale_one_bias_zero.safe.O2.contract-off
comparison.ios-simulator.scale_one_bias_zero.runtime.safe.opt-default.fpfun-fast	agree candidates=ios-simulator.scale_one_bias_zero.safe.O2.contract-off.fpfun-fast matched=ios-simulator.scale_one_bias_zero.safe.O2.contract-off.fpfun-fast
comparison.ios-simulator.scale_one_bias_zero.runtime.safe.opt-size	agree candidates=ios-simulator.scale_one_bias_zero.safe.O2.contract-off matched=ios-simulator.scale_one_bias_zero.safe.O2.contract-off
comparison.ios-simulator.scale_one_bias_zero.runtime.safe.opt-size.fpfun-fast	agree candidates=ios-simulator.scale_one_bias_zero.safe.O2.contract-off.fpfun-fast matched=ios-simulator.scale_one_bias_zero.safe.O2.contract-off.fpfun-fast
comparison.ios-simulator.scale_two_bias_one.runtime.fast.opt-default	agree candidates=ios-simulator.scale_two_bias_one.fast.O2.contract-fast,ios-simulator.scale_two_bias_one.fast.O2.contract-off,ios-simulator.scale_two_bias_one.fast.O2.contract-on matched=ios-simulator.scale_two_bias_one.fast.O2.contract-fast,ios-simulator.scale_two_bias_one.fast.O2.contract-off,ios-simulator.scale_two_bias_one.fast.O2.contract-on
comparison.ios-simulator.scale_two_bias_one.runtime.fast.opt-size	agree candidates=ios-simulator.scale_two_bias_one.fast.O2.contract-fast,ios-simulator.scale_two_bias_one.fast.O2.contract-off,ios-simulator.scale_two_bias_one.fast.O2.contract-on matched=ios-simulator.scale_two_bias_one.fast.O2.contract-fast,ios-simulator.scale_two_bias_one.fast.O2.contract-off,ios-simulator.scale_two_bias_one.fast.O2.contract-on
comparison.ios-simulator.scale_two_bias_one.runtime.relaxed.opt-default	agree candidates=ios-simulator.scale_two_bias_one.relaxed.O2.contract-fast,ios-simulator.scale_two_bias_one.relaxed.O2.contract-off,ios-simulator.scale_two_bias_one.relaxed.O2.contract-on matched=ios-simulator.scale_two_bias_one.relaxed.O2.contract-fast,ios-simulator.scale_two_bias_one.relaxed.O2.contract-off,ios-simulator.scale_two_bias_one.relaxed.O2.contract-on
comparison.ios-simulator.scale_two_bias_one.runtime.relaxed.opt-size	agree candidates=ios-simulator.scale_two_bias_one.relaxed.O2.contract-fast,ios-simulator.scale_two_bias_one.relaxed.O2.contract-off,ios-simulator.scale_two_bias_one.relaxed.O2.contract-on matched=ios-simulator.scale_two_bias_one.relaxed.O2.contract-fast,ios-simulator.scale_two_bias_one.relaxed.O2.contract-off,ios-simulator.scale_two_bias_one.relaxed.O2.contract-on
comparison.ios-simulator.scale_two_bias_one.runtime.safe.opt-default	agree candidates=ios-simulator.scale_two_bias_one.safe.O2.contract-fast,ios-simulator.scale_two_bias_one.safe.O2.contract-off,ios-simulator.scale_two_bias_one.safe.O2.contract-on matched=ios-simulator.scale_two_bias_one.safe.O2.contract-fast,ios-simulator.scale_two_bias_one.safe.O2.contract-off,ios-simulator.scale_two_bias_one.safe.O2.contract-on
comparison.ios-simulator.scale_two_bias_one.runtime.safe.opt-size	agree candidates=ios-simulator.scale_two_bias_one.safe.O2.contract-fast,ios-simulator.scale_two_bias_one.safe.O2.contract-off,ios-simulator.scale_two_bias_one.safe.O2.contract-on matched=ios-simulator.scale_two_bias_one.safe.O2.contract-fast,ios-simulator.scale_two_bias_one.safe.O2.contract-off,ios-simulator.scale_two_bias_one.safe.O2.contract-on
comparison.macos.add_smallest_normal.runtime.fast.opt-default	agree candidates=macos.add_smallest_normal.fast.O2.contract-off matched=macos.add_smallest_normal.fast.O2.contract-off
comparison.macos.add_smallest_normal.runtime.fast.opt-size	agree candidates=macos.add_smallest_normal.fast.O2.contract-off matched=macos.add_smallest_normal.fast.O2.contract-off
comparison.macos.add_smallest_normal.runtime.relaxed.opt-default	agree candidates=macos.add_smallest_normal.relaxed.O2.contract-off matched=macos.add_smallest_normal.relaxed.O2.contract-off
comparison.macos.add_smallest_normal.runtime.relaxed.opt-size	agree candidates=macos.add_smallest_normal.relaxed.O2.contract-off matched=macos.add_smallest_normal.relaxed.O2.contract-off
comparison.macos.add_smallest_normal.runtime.safe.opt-default	agree candidates=macos.add_smallest_normal.safe.O2.contract-off matched=macos.add_smallest_normal.safe.O2.contract-off
comparison.macos.add_smallest_normal.runtime.safe.opt-size	agree candidates=macos.add_smallest_normal.safe.O2.contract-off matched=macos.add_smallest_normal.safe.O2.contract-off
comparison.macos.contraction_pair.runtime.safe.opt-default	agree-on-some candidates=macos.contraction_pair.safe.O2.contract-fast,macos.contraction_pair.safe.O2.contract-off,macos.contraction_pair.safe.O2.contract-on matched=macos.contraction_pair.safe.O2.contract-off,macos.contraction_pair.safe.O2.contract-on
comparison.macos.contraction_pair.runtime.safe.opt-size	agree-on-some candidates=macos.contraction_pair.safe.O2.contract-fast,macos.contraction_pair.safe.O2.contract-off,macos.contraction_pair.safe.O2.contract-on matched=macos.contraction_pair.safe.O2.contract-off,macos.contraction_pair.safe.O2.contract-on
comparison.macos.contraction_pair_canonicalized.runtime.safe.opt-default	agree candidates=macos.contraction_pair_canonicalized.safe.O2.contract-fast,macos.contraction_pair_canonicalized.safe.O2.contract-off,macos.contraction_pair_canonicalized.safe.O2.contract-on matched=macos.contraction_pair_canonicalized.safe.O2.contract-fast,macos.contraction_pair_canonicalized.safe.O2.contract-off,macos.contraction_pair_canonicalized.safe.O2.contract-on
comparison.macos.contraction_pair_canonicalized.runtime.safe.opt-size	agree candidates=macos.contraction_pair_canonicalized.safe.O2.contract-fast,macos.contraction_pair_canonicalized.safe.O2.contract-off,macos.contraction_pair_canonicalized.safe.O2.contract-on matched=macos.contraction_pair_canonicalized.safe.O2.contract-fast,macos.contraction_pair_canonicalized.safe.O2.contract-off,macos.contraction_pair_canonicalized.safe.O2.contract-on
comparison.macos.divide_by_half.runtime.safe.opt-default	agree candidates=macos.divide_by_half.safe.O2.contract-off matched=macos.divide_by_half.safe.O2.contract-off
comparison.macos.divide_by_half.runtime.safe.opt-size	agree candidates=macos.divide_by_half.safe.O2.contract-off matched=macos.divide_by_half.safe.O2.contract-off
comparison.macos.divide_by_three.runtime.fast.opt-default	agree candidates=macos.divide_by_three.fast.O2.contract-off matched=macos.divide_by_three.fast.O2.contract-off
comparison.macos.divide_by_three.runtime.fast.opt-size	agree candidates=macos.divide_by_three.fast.O2.contract-off matched=macos.divide_by_three.fast.O2.contract-off
comparison.macos.divide_by_three.runtime.relaxed.opt-default	agree candidates=macos.divide_by_three.relaxed.O2.contract-off matched=macos.divide_by_three.relaxed.O2.contract-off
comparison.macos.divide_by_three.runtime.relaxed.opt-size	agree candidates=macos.divide_by_three.relaxed.O2.contract-off matched=macos.divide_by_three.relaxed.O2.contract-off
comparison.macos.divide_by_three.runtime.safe.opt-default	agree candidates=macos.divide_by_three.safe.O2.contract-off matched=macos.divide_by_three.safe.O2.contract-off
comparison.macos.divide_by_three.runtime.safe.opt-size	agree candidates=macos.divide_by_three.safe.O2.contract-off matched=macos.divide_by_three.safe.O2.contract-off
comparison.macos.divide_by_three_eighths.runtime.fast.opt-default	agree candidates=macos.divide_by_three_eighths.fast.O2.contract-off matched=macos.divide_by_three_eighths.fast.O2.contract-off
comparison.macos.divide_by_three_eighths.runtime.fast.opt-size	agree candidates=macos.divide_by_three_eighths.fast.O2.contract-off matched=macos.divide_by_three_eighths.fast.O2.contract-off
comparison.macos.divide_by_three_eighths.runtime.relaxed.opt-default	agree candidates=macos.divide_by_three_eighths.relaxed.O2.contract-off matched=macos.divide_by_three_eighths.relaxed.O2.contract-off
comparison.macos.divide_by_three_eighths.runtime.relaxed.opt-size	agree candidates=macos.divide_by_three_eighths.relaxed.O2.contract-off matched=macos.divide_by_three_eighths.relaxed.O2.contract-off
comparison.macos.divide_by_three_eighths.runtime.safe.opt-default	agree candidates=macos.divide_by_three_eighths.safe.O2.contract-off matched=macos.divide_by_three_eighths.safe.O2.contract-off
comparison.macos.divide_by_three_eighths.runtime.safe.opt-size	agree candidates=macos.divide_by_three_eighths.safe.O2.contract-off matched=macos.divide_by_three_eighths.safe.O2.contract-off
comparison.macos.divide_by_two.runtime.safe.opt-default	agree candidates=macos.divide_by_two.safe.O2.contract-off matched=macos.divide_by_two.safe.O2.contract-off
comparison.macos.divide_by_two.runtime.safe.opt-size	agree candidates=macos.divide_by_two.safe.O2.contract-off matched=macos.divide_by_two.safe.O2.contract-off
comparison.macos.fused_pair.runtime.safe.opt-default	agree candidates=macos.fused_pair.safe.O2.contract-fast,macos.fused_pair.safe.O2.contract-off,macos.fused_pair.safe.O2.contract-on matched=macos.fused_pair.safe.O2.contract-fast,macos.fused_pair.safe.O2.contract-off,macos.fused_pair.safe.O2.contract-on
comparison.macos.fused_pair.runtime.safe.opt-size	agree candidates=macos.fused_pair.safe.O2.contract-fast,macos.fused_pair.safe.O2.contract-off,macos.fused_pair.safe.O2.contract-on matched=macos.fused_pair.safe.O2.contract-fast,macos.fused_pair.safe.O2.contract-off,macos.fused_pair.safe.O2.contract-on
comparison.macos.materialize.runtime.fast.opt-default	agree candidates=macos.materialize.fast.O2.contract-off matched=macos.materialize.fast.O2.contract-off
comparison.macos.materialize.runtime.fast.opt-size	agree candidates=macos.materialize.fast.O2.contract-off matched=macos.materialize.fast.O2.contract-off
comparison.macos.materialize.runtime.relaxed.opt-default	agree candidates=macos.materialize.relaxed.O2.contract-off matched=macos.materialize.relaxed.O2.contract-off
comparison.macos.materialize.runtime.relaxed.opt-size	agree candidates=macos.materialize.relaxed.O2.contract-off matched=macos.materialize.relaxed.O2.contract-off
comparison.macos.materialize.runtime.safe.opt-default	agree candidates=macos.materialize.safe.O2.contract-off matched=macos.materialize.safe.O2.contract-off
comparison.macos.materialize.runtime.safe.opt-size	agree candidates=macos.materialize.safe.O2.contract-off matched=macos.materialize.safe.O2.contract-off
comparison.macos.multiply_half.runtime.fast.opt-default	agree candidates=macos.multiply_half.fast.O2.contract-off matched=macos.multiply_half.fast.O2.contract-off
comparison.macos.multiply_half.runtime.fast.opt-default.fpfun-fast	agree candidates=macos.multiply_half.fast.O2.contract-off.fpfun-fast matched=macos.multiply_half.fast.O2.contract-off.fpfun-fast
comparison.macos.multiply_half.runtime.fast.opt-size	agree candidates=macos.multiply_half.fast.O2.contract-off matched=macos.multiply_half.fast.O2.contract-off
comparison.macos.multiply_half.runtime.fast.opt-size.fpfun-fast	agree candidates=macos.multiply_half.fast.O2.contract-off.fpfun-fast matched=macos.multiply_half.fast.O2.contract-off.fpfun-fast
comparison.macos.multiply_half.runtime.relaxed.opt-default	agree candidates=macos.multiply_half.relaxed.O2.contract-off matched=macos.multiply_half.relaxed.O2.contract-off
comparison.macos.multiply_half.runtime.relaxed.opt-default.fpfun-fast	agree candidates=macos.multiply_half.relaxed.O2.contract-off.fpfun-fast matched=macos.multiply_half.relaxed.O2.contract-off.fpfun-fast
comparison.macos.multiply_half.runtime.relaxed.opt-size	agree candidates=macos.multiply_half.relaxed.O2.contract-off matched=macos.multiply_half.relaxed.O2.contract-off
comparison.macos.multiply_half.runtime.relaxed.opt-size.fpfun-fast	agree candidates=macos.multiply_half.relaxed.O2.contract-off.fpfun-fast matched=macos.multiply_half.relaxed.O2.contract-off.fpfun-fast
comparison.macos.multiply_half.runtime.safe.opt-default	agree candidates=macos.multiply_half.safe.O2.contract-off matched=macos.multiply_half.safe.O2.contract-off
comparison.macos.multiply_half.runtime.safe.opt-default.fpfun-fast	agree candidates=macos.multiply_half.safe.O2.contract-off.fpfun-fast matched=macos.multiply_half.safe.O2.contract-off.fpfun-fast
comparison.macos.multiply_half.runtime.safe.opt-size	agree candidates=macos.multiply_half.safe.O2.contract-off matched=macos.multiply_half.safe.O2.contract-off
comparison.macos.multiply_half.runtime.safe.opt-size.fpfun-fast	agree candidates=macos.multiply_half.safe.O2.contract-off.fpfun-fast matched=macos.multiply_half.safe.O2.contract-off.fpfun-fast
comparison.macos.multiply_one.runtime.fast.opt-default	agree candidates=macos.multiply_one.fast.O2.contract-off matched=macos.multiply_one.fast.O2.contract-off
comparison.macos.multiply_one.runtime.fast.opt-size	agree candidates=macos.multiply_one.fast.O2.contract-off matched=macos.multiply_one.fast.O2.contract-off
comparison.macos.multiply_one.runtime.relaxed.opt-default	agree candidates=macos.multiply_one.relaxed.O2.contract-off matched=macos.multiply_one.relaxed.O2.contract-off
comparison.macos.multiply_one.runtime.relaxed.opt-size	agree candidates=macos.multiply_one.relaxed.O2.contract-off matched=macos.multiply_one.relaxed.O2.contract-off
comparison.macos.multiply_one.runtime.safe.opt-default	agree candidates=macos.multiply_one.safe.O2.contract-off matched=macos.multiply_one.safe.O2.contract-off
comparison.macos.multiply_one.runtime.safe.opt-size	agree candidates=macos.multiply_one.safe.O2.contract-off matched=macos.multiply_one.safe.O2.contract-off
comparison.macos.multiply_two.runtime.fast.opt-default	agree candidates=macos.multiply_two.fast.O2.contract-off matched=macos.multiply_two.fast.O2.contract-off
comparison.macos.multiply_two.runtime.fast.opt-default.fpfun-fast	agree candidates=macos.multiply_two.fast.O2.contract-off.fpfun-fast matched=macos.multiply_two.fast.O2.contract-off.fpfun-fast
comparison.macos.multiply_two.runtime.fast.opt-size	agree candidates=macos.multiply_two.fast.O2.contract-off matched=macos.multiply_two.fast.O2.contract-off
comparison.macos.multiply_two.runtime.fast.opt-size.fpfun-fast	agree candidates=macos.multiply_two.fast.O2.contract-off.fpfun-fast matched=macos.multiply_two.fast.O2.contract-off.fpfun-fast
comparison.macos.multiply_two.runtime.relaxed.opt-default	agree candidates=macos.multiply_two.relaxed.O2.contract-off matched=macos.multiply_two.relaxed.O2.contract-off
comparison.macos.multiply_two.runtime.relaxed.opt-default.fpfun-fast	agree candidates=macos.multiply_two.relaxed.O2.contract-off.fpfun-fast matched=macos.multiply_two.relaxed.O2.contract-off.fpfun-fast
comparison.macos.multiply_two.runtime.relaxed.opt-size	agree candidates=macos.multiply_two.relaxed.O2.contract-off matched=macos.multiply_two.relaxed.O2.contract-off
comparison.macos.multiply_two.runtime.relaxed.opt-size.fpfun-fast	agree candidates=macos.multiply_two.relaxed.O2.contract-off.fpfun-fast matched=macos.multiply_two.relaxed.O2.contract-off.fpfun-fast
comparison.macos.multiply_two.runtime.safe.opt-default	agree candidates=macos.multiply_two.safe.O2.contract-off matched=macos.multiply_two.safe.O2.contract-off
comparison.macos.multiply_two.runtime.safe.opt-default.fpfun-fast	agree candidates=macos.multiply_two.safe.O2.contract-off.fpfun-fast matched=macos.multiply_two.safe.O2.contract-off.fpfun-fast
comparison.macos.multiply_two.runtime.safe.opt-size	agree candidates=macos.multiply_two.safe.O2.contract-off matched=macos.multiply_two.safe.O2.contract-off
comparison.macos.multiply_two.runtime.safe.opt-size.fpfun-fast	agree candidates=macos.multiply_two.safe.O2.contract-off.fpfun-fast matched=macos.multiply_two.safe.O2.contract-off.fpfun-fast
comparison.macos.reassociation_chain.runtime.fast.opt-default	agree candidates=macos.reassociation_chain.fast.O2.contract-off matched=macos.reassociation_chain.fast.O2.contract-off
comparison.macos.reassociation_chain.runtime.fast.opt-size	agree candidates=macos.reassociation_chain.fast.O2.contract-off matched=macos.reassociation_chain.fast.O2.contract-off
comparison.macos.reassociation_chain.runtime.relaxed.opt-default	agree candidates=macos.reassociation_chain.relaxed.O2.contract-off matched=macos.reassociation_chain.relaxed.O2.contract-off
comparison.macos.reassociation_chain.runtime.relaxed.opt-size	agree candidates=macos.reassociation_chain.relaxed.O2.contract-off matched=macos.reassociation_chain.relaxed.O2.contract-off
comparison.macos.reassociation_chain.runtime.safe.opt-default	agree candidates=macos.reassociation_chain.safe.O2.contract-off matched=macos.reassociation_chain.safe.O2.contract-off
comparison.macos.reassociation_chain.runtime.safe.opt-size	agree candidates=macos.reassociation_chain.safe.O2.contract-off matched=macos.reassociation_chain.safe.O2.contract-off
comparison.macos.scale_one_bias_zero.runtime.fast.opt-default	agree candidates=macos.scale_one_bias_zero.fast.O2.contract-off matched=macos.scale_one_bias_zero.fast.O2.contract-off
comparison.macos.scale_one_bias_zero.runtime.fast.opt-default.fpfun-fast	agree candidates=macos.scale_one_bias_zero.fast.O2.contract-off.fpfun-fast matched=macos.scale_one_bias_zero.fast.O2.contract-off.fpfun-fast
comparison.macos.scale_one_bias_zero.runtime.fast.opt-size	agree candidates=macos.scale_one_bias_zero.fast.O2.contract-off matched=macos.scale_one_bias_zero.fast.O2.contract-off
comparison.macos.scale_one_bias_zero.runtime.fast.opt-size.fpfun-fast	agree candidates=macos.scale_one_bias_zero.fast.O2.contract-off.fpfun-fast matched=macos.scale_one_bias_zero.fast.O2.contract-off.fpfun-fast
comparison.macos.scale_one_bias_zero.runtime.relaxed.opt-default	agree candidates=macos.scale_one_bias_zero.relaxed.O2.contract-off matched=macos.scale_one_bias_zero.relaxed.O2.contract-off
comparison.macos.scale_one_bias_zero.runtime.relaxed.opt-default.fpfun-fast	agree candidates=macos.scale_one_bias_zero.relaxed.O2.contract-off.fpfun-fast matched=macos.scale_one_bias_zero.relaxed.O2.contract-off.fpfun-fast
comparison.macos.scale_one_bias_zero.runtime.relaxed.opt-size	agree candidates=macos.scale_one_bias_zero.relaxed.O2.contract-off matched=macos.scale_one_bias_zero.relaxed.O2.contract-off
comparison.macos.scale_one_bias_zero.runtime.relaxed.opt-size.fpfun-fast	agree candidates=macos.scale_one_bias_zero.relaxed.O2.contract-off.fpfun-fast matched=macos.scale_one_bias_zero.relaxed.O2.contract-off.fpfun-fast
comparison.macos.scale_one_bias_zero.runtime.safe.opt-default	agree candidates=macos.scale_one_bias_zero.safe.O2.contract-off matched=macos.scale_one_bias_zero.safe.O2.contract-off
comparison.macos.scale_one_bias_zero.runtime.safe.opt-default.fpfun-fast	agree candidates=macos.scale_one_bias_zero.safe.O2.contract-off.fpfun-fast matched=macos.scale_one_bias_zero.safe.O2.contract-off.fpfun-fast
comparison.macos.scale_one_bias_zero.runtime.safe.opt-size	agree candidates=macos.scale_one_bias_zero.safe.O2.contract-off matched=macos.scale_one_bias_zero.safe.O2.contract-off
comparison.macos.scale_one_bias_zero.runtime.safe.opt-size.fpfun-fast	agree candidates=macos.scale_one_bias_zero.safe.O2.contract-off.fpfun-fast matched=macos.scale_one_bias_zero.safe.O2.contract-off.fpfun-fast
comparison.macos.scale_two_bias_one.runtime.fast.opt-default	agree candidates=macos.scale_two_bias_one.fast.O2.contract-fast,macos.scale_two_bias_one.fast.O2.contract-off,macos.scale_two_bias_one.fast.O2.contract-on matched=macos.scale_two_bias_one.fast.O2.contract-fast,macos.scale_two_bias_one.fast.O2.contract-off,macos.scale_two_bias_one.fast.O2.contract-on
comparison.macos.scale_two_bias_one.runtime.fast.opt-size	agree candidates=macos.scale_two_bias_one.fast.O2.contract-fast,macos.scale_two_bias_one.fast.O2.contract-off,macos.scale_two_bias_one.fast.O2.contract-on matched=macos.scale_two_bias_one.fast.O2.contract-fast,macos.scale_two_bias_one.fast.O2.contract-off,macos.scale_two_bias_one.fast.O2.contract-on
comparison.macos.scale_two_bias_one.runtime.relaxed.opt-default	agree candidates=macos.scale_two_bias_one.relaxed.O2.contract-fast,macos.scale_two_bias_one.relaxed.O2.contract-off,macos.scale_two_bias_one.relaxed.O2.contract-on matched=macos.scale_two_bias_one.relaxed.O2.contract-fast,macos.scale_two_bias_one.relaxed.O2.contract-off,macos.scale_two_bias_one.relaxed.O2.contract-on
comparison.macos.scale_two_bias_one.runtime.relaxed.opt-size	agree candidates=macos.scale_two_bias_one.relaxed.O2.contract-fast,macos.scale_two_bias_one.relaxed.O2.contract-off,macos.scale_two_bias_one.relaxed.O2.contract-on matched=macos.scale_two_bias_one.relaxed.O2.contract-fast,macos.scale_two_bias_one.relaxed.O2.contract-off,macos.scale_two_bias_one.relaxed.O2.contract-on
comparison.macos.scale_two_bias_one.runtime.safe.opt-default	agree candidates=macos.scale_two_bias_one.safe.O2.contract-fast,macos.scale_two_bias_one.safe.O2.contract-off,macos.scale_two_bias_one.safe.O2.contract-on matched=macos.scale_two_bias_one.safe.O2.contract-fast,macos.scale_two_bias_one.safe.O2.contract-off,macos.scale_two_bias_one.safe.O2.contract-on
comparison.macos.scale_two_bias_one.runtime.safe.opt-size	agree candidates=macos.scale_two_bias_one.safe.O2.contract-fast,macos.scale_two_bias_one.safe.O2.contract-off,macos.scale_two_bias_one.safe.O2.contract-on matched=macos.scale_two_bias_one.safe.O2.contract-fast,macos.scale_two_bias_one.safe.O2.contract-off,macos.scale_two_bias_one.safe.O2.contract-on
probe.status	complete
