layer	tensor	position	rank	head	lane	value_hex	value
0	k_rope	0	0	4	50	0x436540ec	229.25360107421875
0	k_rope	0	1	2	50	0xc35168d6	-209.40951538085938
0	k_rope	0	2	5	50	0x4349941b	201.5785369873047
0	k_rope	0	3	6	50	0x4348e1ac	200.88153076171875
0	k_rope	1	0	6	50	0x43ac309a	344.37969970703125
0	k_rope	1	1	7	50	0x43a5995c	331.1981201171875
0	k_rope	1	2	2	50	0xc39add8c	-309.7308349609375
0	k_rope	1	3	0	50	0xc384d6d3	-265.6783142089844
0	k_rope	2	0	2	50	0xc3b1f022	-355.87603759765625
0	k_rope	2	1	6	50	0x439fe864	319.8155517578125
0	k_rope	2	2	7	50	0x438d1ccd	282.2250061035156
0	k_rope	2	3	3	50	0xc38459b1	-264.7007141113281
0	k_rope	3	0	2	50	0xc3b2b461	-357.4092102050781
0	k_rope	3	1	6	50	0x438763b0	270.77880859375
0	k_rope	3	2	0	50	0xc3600302	-224.01174926757812
0	k_rope	3	3	3	50	0xc35ff9f9	-223.97645568847656
0	k_rope	4	0	6	50	0x43aac183	341.5118103027344
0	k_rope	4	1	2	50	0xc3a34db2	-326.60699462890625
0	k_rope	4	2	0	50	0xc384eee2	-265.86627197265625
0	k_rope	4	3	3	50	0xc34b7333	-203.4499969482422
0	k_rope	5	0	6	50	0x43b3350d	358.4144592285156
0	k_rope	5	1	2	50	0xc3af0657	-350.0495300292969
0	k_rope	5	2	7	50	0x439776cf	302.9281921386719
0	k_rope	5	3	4	50	0x4387eaa7	271.8332214355469
0	k_rope	6	0	3	50	0xc3ac25bd	-344.2948303222656
0	k_rope	6	1	6	50	0x438acd3f	277.6034851074219
0	k_rope	6	2	4	50	0x437380a4	243.50250244140625
0	k_rope	6	3	2	50	0xc36ed104	-238.81646728515625
0	k_rope	7	0	0	50	0xc3b82c47	-368.3459167480469
0	k_rope	7	1	2	50	0xc3b0a883	-353.3164978027344
0	k_rope	7	2	7	50	0x43ae998f	349.1996765136719
0	k_rope	7	3	6	50	0x43a355f0	326.67138671875
0	k_rope	8	0	2	50	0xc3c6db94	-397.7154541015625
0	k_rope	8	1	6	50	0x439c0b09	312.0862121582031
0	k_rope	8	2	3	50	0xc397d87c	-303.6912841796875
0	k_rope	8	3	0	50	0xc37238b0	-242.221435546875
0	k_rope	9	0	3	50	0xc383d788	-263.683837890625
0	k_rope	9	1	2	50	0xc37ce8b7	-252.90904235839844
0	k_rope	9	2	6	50	0x435bdccc	219.86248779296875
0	k_rope	9	3	5	50	0x43468856	198.53256225585938
0	k_rope	10	0	4	50	0x4370b3cf	240.70237731933594
0	k_rope	10	1	6	50	0x436bc06e	235.75167846679688
0	k_rope	10	2	2	50	0xc35ae60c	-218.89862060546875
0	k_rope	10	3	5	50	0x434d2001	205.12501525878906
0	k_rope	11	0	6	50	0x43ac3095	344.3795471191406
0	k_rope	11	1	7	50	0x43a59968	331.198486328125
0	k_rope	11	2	2	50	0xc39add91	-309.7309875488281
0	k_rope	11	3	0	50	0xc384d6d1	-265.6782531738281
0	k_rope	12	0	2	50	0xc3b1f017	-355.8757019042969
0	k_rope	12	1	6	50	0x439fe861	319.8154602050781
0	k_rope	12	2	7	50	0x438d1cd6	282.22528076171875
0	k_rope	12	3	3	50	0xc38459ad	-264.7005920410156
0	k_rope	13	0	2	50	0xc3b2b46d	-357.4095764160156
0	k_rope	13	1	6	50	0x438763ba	270.77911376953125
0	k_rope	13	2	0	50	0xc360031b	-224.0121307373047
0	k_rope	13	3	3	50	0xc35ff9da	-223.97598266601562
0	k_rope	14	0	6	50	0x43aac189	341.5119934082031
0	k_rope	14	1	2	50	0xc3a34db4	-326.6070556640625
0	k_rope	14	2	0	50	0xc384eeed	-265.8666076660156
0	k_rope	14	3	3	50	0xc34b7317	-203.44956970214844
0	k_rope	15	0	6	50	0x43b33504	358.4141845703125
0	k_rope	15	1	2	50	0xc3af0659	-350.0495910644531
0	k_rope	15	2	7	50	0x439776d0	302.92822265625
0	k_rope	15	3	4	50	0x4387eaad	271.8334045410156
0	k_rope	16	0	3	50	0xc3ac25b0	-344.29443359375
0	k_rope	16	1	6	50	0x438acd24	277.6026611328125
0	k_rope	16	2	4	50	0x437380a8	243.5025634765625
0	k_rope	16	3	2	50	0xc36ed0cd	-238.8156280517578
0	k_rope	17	0	0	50	0xc3b82c47	-368.3459167480469
0	k_rope	17	1	2	50	0xc3b0a878	-353.316162109375
0	k_rope	17	2	7	50	0x43ae999f	349.2001647949219
0	k_rope	17	3	6	50	0x43a355ec	326.6712646484375
0	v_heads	0	0	3	16	0xbf8b688e	-1.0891282558441162
0	v_heads	0	1	1	75	0xbf6ce886	-0.9254230260848999
0	v_heads	0	2	6	30	0xbf5e5fdb	-0.8686501383781433
0	v_heads	0	3	6	22	0xbf48d1cf	-0.784451425075531
0	v_heads	1	0	2	126	0x3f21beb8	0.6318163871765137
0	v_heads	1	1	7	109	0x3f1cb162	0.6120816469192505
0	v_heads	1	2	6	93	0xbf0c3391	-0.5476618409156799
0	v_heads	1	3	0	23	0x3f0435b4	0.5164444446563721
0	v_heads	2	0	6	93	0xbf3d0312	-0.7383280992507935
0	v_heads	2	1	2	126	0x3f3cd266	0.7375854253768921
0	v_heads	2	2	0	97	0x3f12d9a7	0.57363361120224
0	v_heads	2	3	4	40	0x3f0fdf4e	0.56200110912323
0	v_heads	3	0	6	93	0xbf2bc5f1	-0.6709890961647034
0	v_heads	3	1	0	76	0x3f1579f3	0.5838920474052429
0	v_heads	3	2	1	73	0xbf13dcf0	-0.5775899887084961
0	v_heads	3	3	6	54	0xbf117fe0	-0.5683574676513672
0	v_heads	4	0	1	105	0xbf1c875a	-0.6114403009414673
0	v_heads	4	1	3	42	0xbf153ac0	-0.5829277038574219
0	v_heads	4	2	6	93	0xbf0856e1	-0.5325756669044495
0	v_heads	4	3	0	42	0x3f03e1f5	0.5151665806770325
0	v_heads	5	0	1	98	0x3f22c39c	0.6357972621917725
0	v_heads	5	1	2	63	0x3f113af2	0.5673056840896606
0	v_heads	5	2	2	49	0x3f04a59a	0.5181518793106079
0	v_heads	5	3	6	93	0xbf01d3ed	-0.5071399807929993
0	v_heads	6	0	1	56	0x3fb182da	1.386805772781372
0	v_heads	6	1	1	98	0x3f90d206	1.1314094066619873
0	v_heads	6	2	6	30	0xbf906333	-1.128027319908142
0	v_heads	6	3	3	16	0xbf50975a	-0.8148094415664673
0	v_heads	7	0	2	126	0x3f40c86e	0.7530583143234253
0	v_heads	7	1	3	42	0xbf1dd8d1	-0.6165896058082581
0	v_heads	7	2	6	46	0x3f1ceb53	0.6129657626152039
0	v_heads	7	3	2	91	0xbf1a0d37	-0.6017641425132751
0	v_heads	8	0	6	93	0xbf1615cf	-0.586270272731781
0	v_heads	8	1	6	31	0x3f0c32d2	0.5476504564285278
0	v_heads	8	2	0	94	0xbf04c297	-0.5185942053794861
0	v_heads	8	3	0	65	0xbf0285ee	-0.509856104850769
0	v_heads	9	0	5	4	0xbf94559c	-1.158862590789795
0	v_heads	9	1	1	123	0xbf78f657	-0.9725088477134705
0	v_heads	9	2	6	79	0xbf75f200	-0.960723876953125
0	v_heads	9	3	1	92	0x3f70f24b	0.9411970973014832
0	v_heads	10	0	6	30	0xbf70802c	-0.9394557476043701
0	v_heads	10	1	1	56	0x3f628744	0.8848764896392822
0	v_heads	10	2	3	16	0xbf4efaaf	-0.8085126280784607
0	v_heads	10	3	4	1	0xbf4b601e	-0.7944353818893433
0	v_heads	11	0	2	126	0x3f21beb2	0.631816029548645
0	v_heads	11	1	7	109	0x3f1cb166	0.6120818853378296
0	v_heads	11	2	6	93	0xbf0c339a	-0.5476623773574829
0	v_heads	11	3	0	23	0x3f0435b0	0.516444206237793
0	v_heads	12	0	6	93	0xbf3d0316	-0.7383283376693726
0	v_heads	12	1	2	126	0x3f3cd25c	0.7375848293304443
0	v_heads	12	2	0	97	0x3f12d9ab	0.5736338496208191
0	v_heads	12	3	4	40	0x3f0fdf4a	0.5620008707046509
0	v_heads	13	0	6	93	0xbf2bc5fa	-0.6709896326065063
0	v_heads	13	1	0	76	0x3f1579f6	0.5838922262191772
0	v_heads	13	2	1	73	0xbf13dcf0	-0.5775899887084961
0	v_heads	13	3	6	54	0xbf117fe5	-0.5683577656745911
0	v_heads	14	0	1	105	0xbf1c8752	-0.6114398241043091
0	v_heads	14	1	3	42	0xbf153ac6	-0.5829280614852905
0	v_heads	14	2	6	93	0xbf0856cd	-0.532574474811554
0	v_heads	14	3	0	42	0x3f03e1f7	0.515166699886322
0	v_heads	15	0	1	98	0x3f22c3a2	0.6357976198196411
0	v_heads	15	1	2	63	0x3f113af6	0.5673059225082397
0	v_heads	15	2	2	49	0x3f04a59a	0.5181518793106079
0	v_heads	15	3	6	93	0xbf01d3ef	-0.5071401000022888
0	v_heads	16	0	1	56	0x3fb182e0	1.3868064880371094
0	v_heads	16	1	1	98	0x3f90d1ff	1.1314085721969604
0	v_heads	16	2	6	30	0xbf90632b	-1.1280263662338257
0	v_heads	16	3	3	16	0xbf50975c	-0.8148095607757568
0	v_heads	17	0	2	126	0x3f40c86d	0.7530582547187805
0	v_heads	17	1	3	42	0xbf1dd8ca	-0.6165891885757446
0	v_heads	17	2	6	46	0x3f1ceb50	0.6129655838012695
0	v_heads	17	3	2	91	0xbf1a0d33	-0.601763904094696
1	k_rope	0	0	7	52	0x43330d0b	179.0509490966797
1	k_rope	0	1	1	52	0xc31fe1ac	-159.88153076171875
1	k_rope	0	2	2	52	0x430f7be9	143.48402404785156
1	k_rope	0	3	3	52	0xc30a4a59	-138.29042053222656
1	k_rope	1	0	1	52	0xc3133da0	-147.24072265625
1	k_rope	1	1	2	52	0x430da761	141.65382385253906
1	k_rope	1	2	3	52	0xc30d96c9	-141.58900451660156
1	k_rope	1	3	7	52	0x430b68d7	139.40953063964844
1	k_rope	2	0	7	52	0x431e1ac3	158.1045379638672
1	k_rope	2	1	1	52	0xc315cfa5	-149.8111114501953
1	k_rope	2	2	2	52	0x430fe99e	143.91256713867188
1	k_rope	2	3	3	52	0xc30ea469	-142.64222717285156
1	k_rope	3	0	7	52	0x43293cce	169.23751831054688
1	k_rope	3	1	3	52	0xc3223b9b	-162.2328338623047
1	k_rope	3	2	2	52	0x43183a46	152.22763061523438
1	k_rope	3	3	1	52	0xc3169af8	-150.6053466796875
1	k_rope	4	0	7	52	0x432e47f0	174.281005859375
1	k_rope	4	1	1	52	0xc31f50f2	-159.31619262695312
1	k_rope	4	2	2	52	0x431ac5ec	154.77313232421875
1	k_rope	4	3	3	52	0xc30db9dc	-141.72601318359375
1	k_rope	5	0	7	52	0x432266eb	162.4020233154297
1	k_rope	5	1	1	52	0xc321ec78	-161.9237060546875
1	k_rope	5	2	2	52	0x43149009	148.56263732910156
1	k_rope	5	3	3	52	0xc30bab1b	-139.6683807373047
1	k_rope	6	0	7	52	0x4332af62	178.68508911132812
1	k_rope	6	1	1	52	0xc31dfc2b	-157.9850311279297
1	k_rope	6	2	2	52	0x43073109	135.19154357910156
1	k_rope	6	3	3	52	0xc2fd867a	-126.76264953613281
1	k_rope	7	0	1	52	0xc319ef37	-153.93443298339844
1	k_rope	7	1	3	52	0xc318ae72	-152.68142700195312
1	k_rope	7	2	7	52	0x4316c15c	150.75531005859375
1	k_rope	7	3	2	52	0x43115e8b	145.3693084716797
1	k_rope	8	0	7	52	0x43203318	160.1995849609375
1	k_rope	8	1	1	52	0xc311da0c	-145.85174560546875
1	k_rope	8	2	3	52	0xc31151d5	-145.3196563720703
1	k_rope	8	3	2	52	0x430ef5f9	142.96083068847656
1	k_rope	9	0	7	52	0x43324e7c	178.30657958984375
1	k_rope	9	1	1	52	0xc321e15d	-161.8803253173828
1	k_rope	9	2	2	52	0x43103685	144.2129669189453
1	k_rope	9	3	3	52	0xc307d345	-135.8252716064453
1	k_rope	10	0	7	52	0x43234b28	163.2935791015625
1	k_rope	10	1	1	52	0xc317ba5c	-151.72796630859375
1	k_rope	10	2	2	52	0x4317736e	151.45089721679688
1	k_rope	10	3	3	52	0xc304e19d	-132.8813018798828
1	k_rope	11	0	1	52	0xc3120780	-146.029296875
1	k_rope	11	1	3	52	0xc30f264c	-143.14959716796875
1	k_rope	11	2	7	52	0x430da534	141.64532470703125
1	k_rope	11	3	2	52	0x430c3640	140.2119140625
1	k_rope	12	0	7	52	0x43217fb8	161.4989013671875
1	k_rope	12	1	1	52	0xc313afc3	-147.6865692138672
1	k_rope	12	2	2	52	0x43125185	146.3184356689453
1	k_rope	12	3	3	52	0xc311ea73	-145.9158172607422
1	k_rope	13	0	7	52	0x432be3b0	171.889404296875
1	k_rope	13	1	3	52	0xc322e3b0	-162.889404296875
1	k_rope	13	2	2	52	0x4316449b	150.2679901123047
1	k_rope	13	3	1	52	0xc314b018	-148.6878662109375
1	k_rope	14	0	7	52	0x432dde5c	173.86859130859375
1	k_rope	14	1	1	52	0xc31e2eb9	-158.18251037597656
1	k_rope	14	2	2	52	0x431b3b09	155.23060607910156
1	k_rope	14	3	3	52	0xc30ec1d2	-142.75711059570312
1	k_rope	15	0	1	52	0xc3203161	-160.19288635253906
1	k_rope	15	1	7	52	0x431e8e3f	158.55564880371094
1	k_rope	15	2	2	52	0x43148c8b	148.5489959716797
1	k_rope	15	3	3	52	0xc30c0c25	-140.0474395751953
1	k_rope	16	0	7	52	0x432e87ae	174.52999877929688
1	k_rope	16	1	1	52	0xc31b3c3d	-155.2353057861328
1	k_rope	16	2	2	52	0x430b33b3	139.2019500732422
1	k_rope	16	3	3	52	0xc3007fe5	-128.4995880126953
1	k_rope	17	0	1	52	0xc31912de	-153.07369995117188
1	k_rope	17	1	3	52	0xc3180f93	-152.0608367919922
1	k_rope	17	2	7	52	0x4317e813	151.9065399169922
1	k_rope	17	3	2	52	0x43118d11	145.55104064941406
1	v_heads	0	0	1	43	0x3f1e38db	0.6180550456047058
1	v_heads	0	1	5	43	0xbf153eaa	-0.5829874277114868
1	v_heads	0	2	5	30	0xbf0f04df	-0.5586680769920349
1	v_heads	0	3	7	66	0xbf05845c	-0.5215508937835693
1	v_heads	1	0	2	95	0x3ed6052b	0.4180081784725189
1	v_heads	1	1	7	54	0xbec69c9c	-0.3879135847091675
1	v_heads	1	2	2	51	0xbec06589	-0.37577465176582336
1	v_heads	1	3	2	106	0xbeb2e9ad	-0.3494390547275543
1	v_heads	2	0	7	54	0xbef5cfbd	-0.4801005423069
1	v_heads	2	1	3	21	0xbee9276c	-0.4553788900375366
1	v_heads	2	2	4	11	0xbedca8e7	-0.43097612261772156
1	v_heads	2	3	7	111	0xbece611a	-0.40308457612991333
1	v_heads	3	0	4	11	0xbf05b24f	-0.5222520232200623
1	v_heads	3	1	7	111	0xbf01acd2	-0.5065432786941528
1	v_heads	3	2	7	54	0xbf00ec2c	-0.5036036968231201
1	v_heads	3	3	7	126	0xbeef8a4a	-0.4678519368171692
1	v_heads	4	0	4	118	0x3f0ed4d2	0.5579348802566528
1	v_heads	4	1	7	126	0xbefa169f	-0.48845383524894714
1	v_heads	4	2	2	123	0x3ee752d9	0.45180395245552063
1	v_heads	4	3	4	11	0xbecd63c6	-0.4011518359184265
1	v_heads	5	0	2	123	0x3ecfc7d6	0.4058215022087097
1	v_heads	5	1	3	93	0xbec6b313	-0.3880849778652191
1	v_heads	5	2	7	126	0xbec520b5	-0.3850151598453522
1	v_heads	5	3	4	88	0xbeb6f1a8	-0.3573124408721924
1	v_heads	6	0	1	76	0xbee71060	-0.4512968063354492
1	v_heads	6	1	1	18	0xbed91b22	-0.42403513193130493
1	v_heads	6	2	1	3	0xbecf5478	-0.4049413204193115
1	v_heads	6	3	0	113	0xbebf8a6e	-0.37410300970077515
1	v_heads	7	0	4	11	0xbf10f837	-0.5662874579429626
1	v_heads	7	1	7	54	0xbedddf8b	-0.43334612250328064
1	v_heads	7	2	4	118	0x3ecc1707	0.39861318469047546
1	v_heads	7	3	2	96	0x3eb14323	0.3462153375148773
1	v_heads	8	0	0	73	0xbf323649	-0.6961408257484436
1	v_heads	8	1	7	54	0xbee5a450	-0.448519229888916
1	v_heads	8	2	4	49	0x3ee1c371	0.44094422459602356
1	v_heads	8	3	1	43	0xbeda18d7	-0.42597076296806335
1	v_heads	9	0	4	72	0xbef8e424	-0.48611557483673096
1	v_heads	9	1	7	66	0xbed5fccb	-0.4179442822933197
1	v_heads	9	2	3	52	0xbed16868	-0.4089996814727783
1	v_heads	9	3	5	43	0xbebaa798	-0.3645598888397217
1	v_heads	10	0	5	43	0xbf051462	-0.519842267036438
1	v_heads	10	1	1	97	0x3eddd454	0.43326056003570557
1	v_heads	10	2	1	76	0xbec1ab8e	-0.3782619833946228
1	v_heads	10	3	1	18	0xbea6af8a	-0.32555800676345825
1	v_heads	11	0	7	54	0xbecdd433	-0.4020095765590668
1	v_heads	11	1	2	95	0x3ec49c42	0.3840046525001526
1	v_heads	11	2	2	106	0xbeaee299	-0.3415725529193878
1	v_heads	11	3	4	11	0xbeaec79c	-0.34136664867401123
1	v_heads	12	0	7	54	0xbef142e3	-0.4712134301662445
1	v_heads	12	1	3	21	0xbee86b66	-0.4539443850517273
1	v_heads	12	2	4	11	0xbedd2054	-0.43188726902008057
1	v_heads	12	3	4	118	0x3ed4e756	0.4158274531364441
1	v_heads	13	0	7	54	0xbf030083	-0.5117265582084656
1	v_heads	13	1	4	11	0xbefdab15	-0.4954458773136139
1	v_heads	13	2	0	73	0xbef62fb2	-0.48083263635635376
1	v_heads	13	3	7	111	0xbee4fd7b	-0.44724640250205994
1	v_heads	14	0	4	118	0x3f0deae2	0.5543652772903442
1	v_heads	14	1	7	126	0xbed39e75	-0.41331830620765686
1	v_heads	14	2	5	69	0xbecdd7ea	-0.40203791856765747
1	v_heads	14	3	4	11	0xbeccc004	-0.39990246295928955
1	v_heads	15	0	2	123	0x3ec9699d	0.3933838903903961
1	v_heads	15	1	3	93	0xbec5fe90	-0.38670778274536133
1	v_heads	15	2	4	88	0xbeb6671e	-0.3562554717063904
1	v_heads	15	3	7	84	0x3eb5792c	0.3544400930404663
1	v_heads	16	0	1	76	0xbef08c66	-0.46982115507125854
1	v_heads	16	1	1	18	0xbee02ac4	-0.4378262758255005
1	v_heads	16	2	1	3	0xbed8e560	-0.42362499237060547
1	v_heads	16	3	0	113	0xbec513ac	-0.38491570949554443
1	v_heads	17	0	4	11	0xbf121fa0	-0.5707950592041016
1	v_heads	17	1	7	54	0xbede09f4	-0.43366968631744385
1	v_heads	17	2	4	118	0x3ecb807e	0.39746469259262085
1	v_heads	17	3	4	72	0x3eb10344	0.3457280397415161
2	k_rope	0	0	0	116	0x431dada1	157.67823791503906
2	k_rope	0	1	7	116	0x42c7ebf8	99.96087646484375
2	k_rope	0	2	4	116	0x42a35fc4	81.68704223632812
2	k_rope	0	3	1	116	0xc28e0ca6	-71.02470397949219
2	k_rope	1	0	0	116	0x43165468	150.3297119140625
2	k_rope	1	1	2	116	0xc305d601	-133.83595275878906
2	k_rope	1	2	4	116	0x42e7da9a	115.92695617675781
2	k_rope	1	3	7	116	0x42af5711	87.67005157470703
2	k_rope	2	0	2	116	0xc309d53f	-137.83299255371094
2	k_rope	2	1	0	116	0x42f51f61	122.56128692626953
2	k_rope	2	2	4	116	0x42f1be7b	120.87203216552734
2	k_rope	2	3	3	116	0xc29eef43	-79.4673080444336
2	k_rope	3	0	2	116	0xc31eb3fc	-158.70306396484375
2	k_rope	3	1	0	116	0x430fdcfd	143.8632354736328
2	k_rope	3	2	4	116	0x42f7600e	123.68760681152344
2	k_rope	3	3	6	116	0x42b92349	92.56891632080078
2	k_rope	4	0	0	116	0x432e2ce7	174.17539978027344
2	k_rope	4	1	2	116	0xc3114f8d	-145.3107452392578
2	k_rope	4	2	4	116	0x42c7b8b4	99.86074829101562
2	k_rope	4	3	6	116	0x42c65574	99.16690063476562
2	k_rope	5	0	0	116	0x4336cfaf	182.81126403808594
2	k_rope	5	1	2	116	0xc316b16e	-150.69308471679688
2	k_rope	5	2	4	116	0x42fbd5ce	125.91758728027344
2	k_rope	5	3	7	116	0x42e03f52	112.12367248535156
2	k_rope	6	0	0	116	0x432bc14f	171.75511169433594
2	k_rope	6	1	3	116	0xc2d01ce8	-104.05645751953125
2	k_rope	6	2	4	116	0x42a8bb99	84.36640167236328
2	k_rope	6	3	7	116	0x42960125	75.00223541259766
2	k_rope	7	0	0	116	0x4312037a	146.01358032226562
2	k_rope	7	1	2	116	0xc30c8c03	-140.5469207763672
2	k_rope	7	2	4	116	0x430c19b0	140.100341796875
2	k_rope	7	3	3	116	0xc2bda2e3	-94.8181381225586
2	k_rope	8	0	2	116	0xc313a559	-147.64588928222656
2	k_rope	8	1	0	116	0x430b4515	139.2698516845703
2	k_rope	8	2	4	116	0x430468dc	132.40960693359375
2	k_rope	8	3	6	116	0x42b420f7	90.06438446044922
2	k_rope	9	0	0	116	0x43220ab0	162.041748046875
2	k_rope	9	1	4	116	0x42a9a741	84.82666778564453
2	k_rope	9	2	3	116	0xc29c7f81	-78.24903106689453
2	k_rope	9	3	7	116	0x428f9798	71.79608154296875
2	k_rope	10	0	0	116	0x431b0a20	155.03955078125
2	k_rope	10	1	3	116	0xc301fbb3	-129.9832000732422
2	k_rope	10	2	7	116	0x42e738b5	115.61075592041016
2	k_rope	10	3	4	116	0x42c1b404	96.85159301757812
2	k_rope	11	0	0	116	0x431d8eb1	157.55738830566406
2	k_rope	11	1	2	116	0xc318e3ac	-152.88934326171875
2	k_rope	11	2	4	116	0x42fb2d87	125.58892059326172
2	k_rope	11	3	3	116	0xc2f1fdef	-120.99596405029297
2	k_rope	12	0	2	116	0xc320dc52	-160.86062622070312
2	k_rope	12	1	4	116	0x4309f31c	137.94964599609375
2	k_rope	12	2	0	116	0x43032763	131.1538543701172
2	k_rope	12	3	3	116	0xc2cfde21	-103.93384552001953
2	k_rope	13	0	2	116	0xc3381431	-184.07887268066406
2	k_rope	13	1	0	116	0x4316ab70	150.669677734375
2	k_rope	13	2	4	116	0x430f8b40	143.5439453125
2	k_rope	13	3	6	116	0x42da4d5a	109.15107727050781
2	k_rope	14	0	0	116	0x433cbb90	188.732666015625
2	k_rope	14	1	2	116	0xc3206f50	-160.434814453125
2	k_rope	14	2	3	116	0xc306ca46	-134.79013061523438
2	k_rope	14	3	4	116	0x42e67de9	115.24591827392578
2	k_rope	15	0	0	116	0x433c646a	188.39224243164062
2	k_rope	15	1	2	116	0xc325cad9	-165.79237365722656
2	k_rope	15	2	4	116	0x43097ba0	137.48291015625
2	k_rope	15	3	7	116	0x4300aa8d	128.6662139892578
2	k_rope	16	0	0	116	0x432eb267	174.69688415527344
2	k_rope	16	1	3	116	0xc2f56925	-122.70536041259766
2	k_rope	16	2	4	116	0x42bd5c54	94.68032836914062
2	k_rope	16	3	7	116	0x42a023a8	80.06964111328125
2	k_rope	17	0	2	116	0xc31c187f	-156.09568786621094
2	k_rope	17	1	4	116	0x431ad2ed	154.8239288330078
2	k_rope	17	2	0	116	0x43174787	151.27940368652344
2	k_rope	17	3	3	116	0xc2e75779	-115.67084503173828
2	v_heads	0	0	3	94	0xc03442de	-2.8165812492370605
2	v_heads	0	1	3	51	0x40274f27	2.614206075668335
2	v_heads	0	2	3	82	0xc0124cef	-2.2859456539154053
2	v_heads	0	3	3	58	0x40050aa0	2.0787734985351562
2	v_heads	1	0	2	83	0xbf4666c2	-0.7750054597854614
2	v_heads	1	1	5	75	0x3f076ad2	0.5289736986160278
2	v_heads	1	2	1	104	0xbee898b6	-0.45429009199142456
2	v_heads	1	3	2	66	0xbee510a2	-0.4473925232887268
2	v_heads	2	0	1	113	0xbf0fe269	-0.5620484948158264
2	v_heads	2	1	6	112	0x3f08933b	0.5334965586662292
2	v_heads	2	2	1	104	0xbeff1e33	-0.4982772767543793
2	v_heads	2	3	7	54	0x3efa8a6d	0.48933735489845276
2	v_heads	3	0	1	113	0xbf1ae91f	-0.6051196455955505
2	v_heads	3	1	5	75	0x3f122d62	0.5710049867630005
2	v_heads	3	2	7	107	0xbf03d01d	-0.5148943066596985
2	v_heads	3	3	2	83	0xbf02ecac	-0.5114238262176514
2	v_heads	4	0	7	50	0xbee65ffc	-0.44995105266571045
2	v_heads	4	1	2	123	0xbee545b3	-0.44779738783836365
2	v_heads	4	2	7	41	0xbee2b0dc	-0.4427555799484253
2	v_heads	4	3	6	69	0x3ee147f9	0.4400022327899933
2	v_heads	5	0	2	112	0x3f076898	0.5289397239685059
2	v_heads	5	1	7	42	0xbef8371a	-0.48479539155960083
2	v_heads	5	2	0	51	0x3ef5f667	0.48039552569389343
2	v_heads	5	3	4	67	0x3ef16561	0.47147658467292786
2	v_heads	6	0	4	112	0xbee7d2d9	-0.45278051495552063
2	v_heads	6	1	0	41	0x3eb548c1	0.3540706932544708
2	v_heads	6	2	2	43	0x3eb0bffb	0.34521469473838806
2	v_heads	6	3	7	76	0xbeb02cd7	-0.34409210085868835
2	v_heads	7	0	4	91	0x3f2035b8	0.6258196830749512
2	v_heads	7	1	7	79	0xbf148b10	-0.5802469253540039
2	v_heads	7	2	1	104	0xbf0474cf	-0.5174073576927185
2	v_heads	7	3	7	25	0x3eeca527	0.46219751238822937
2	v_heads	8	0	1	113	0xbf0a9a0e	-0.5414131879806519
2	v_heads	8	1	2	66	0x3ef902c0	0.48634910583496094
2	v_heads	8	2	7	87	0xbef71c6a	-0.4826386570930481
2	v_heads	8	3	5	30	0x3ef63f38	0.48095107078552246
2	v_heads	9	0	7	52	0x3f0b3877	0.5438303351402283
2	v_heads	9	1	4	112	0xbf00e43f	-0.5034827589988708
2	v_heads	9	2	2	43	0x3ef132aa	0.4710896611213684
2	v_heads	9	3	7	17	0xbece60ec	-0.4030832052230835
2	v_heads	10	0	6	17	0xbecac091	-0.3960004150867462
2	v_heads	10	1	6	44	0x3eb805e5	0.35941997170448303
2	v_heads	10	2	4	112	0xbe95133e	-0.2911624312400818
2	v_heads	10	3	6	26	0x3e8e802e	0.27832168340682983
2	v_heads	11	0	2	83	0xbf3be896	-0.7340177297592163
2	v_heads	11	1	1	70	0xbefae573	-0.49003180861473083
2	v_heads	11	2	1	104	0xbef2b2ab	-0.4740193784236908
2	v_heads	11	3	6	35	0xbee35986	-0.4440423846244812
2	v_heads	12	0	1	113	0xbf3bde76	-0.7338632345199585
2	v_heads	12	1	5	30	0x3f0b5e37	0.5444063544273376
2	v_heads	12	2	7	38	0x3f07c157	0.530293881893158
2	v_heads	12	3	6	112	0x3f048f17	0.5178083777427673
2	v_heads	13	0	1	113	0xbf40e6ac	-0.7535197734832764
2	v_heads	13	1	1	70	0xbf1cc666	-0.6124023199081421
2	v_heads	13	2	7	41	0xbf119c82	-0.5687943696975708
2	v_heads	13	3	5	30	0x3f0c7ce1	0.5487805008888245
2	v_heads	14	0	2	32	0x3f02c8ab	0.5108744502067566
2	v_heads	14	1	7	50	0xbef24f1c	-0.4732598066329956
2	v_heads	14	2	3	66	0xbeef8d7c	-0.4678763151168823
2	v_heads	14	3	2	43	0xbeebe179	-0.46070459485054016
2	v_heads	15	0	6	33	0x3f04cf70	0.5187902450561523
2	v_heads	15	1	2	112	0x3f01678c	0.505486249923706
2	v_heads	15	2	4	67	0x3ef5c868	0.4800446033477783
2	v_heads	15	3	2	114	0x3ee878c1	0.4540462791919708
2	v_heads	16	0	4	112	0xbee47bab	-0.44625601172447205
2	v_heads	16	1	6	33	0x3ee3ab41	0.44466593861579895
2	v_heads	16	2	0	35	0x3ec25aea	0.3795998692512512
2	v_heads	16	3	0	41	0x3ebd88eb	0.3701852262020111
2	v_heads	17	0	1	70	0xbf21937a	-0.6311565637588501
2	v_heads	17	1	4	91	0x3f1ceff5	0.6130364537239075
2	v_heads	17	2	6	33	0x3f18f7db	0.5975319743156433
2	v_heads	17	3	7	79	0xbf0a20e4	-0.5395643711090088
3	k_rope	0	0	5	63	0x41c38e58	24.444503784179688
3	k_rope	0	1	6	127	0xc1b055c7	-22.04188346862793
3	k_rope	0	2	2	59	0x419fd126	19.977123260498047
3	k_rope	0	3	7	61	0x4199e5c0	19.2371826171875
3	k_rope	1	0	4	114	0xc2a24e05	-81.15238189697266
3	k_rope	1	1	3	114	0x42947a94	74.23941040039062
3	k_rope	1	2	1	114	0x4272b4ee	60.67668914794922
3	k_rope	1	3	2	114	0xc263658b	-56.84916305541992
3	k_rope	2	0	4	114	0xc29911fc	-76.53512573242188
3	k_rope	2	1	3	114	0x4294cc7b	74.39937591552734
3	k_rope	2	2	1	114	0x427c29e7	63.04092025756836
3	k_rope	2	3	2	114	0xc26e61b3	-59.59540939331055
3	k_rope	3	0	3	114	0x42a59f28	82.81085205078125
3	k_rope	3	1	4	114	0xc29e2593	-79.0733871459961
3	k_rope	3	2	2	114	0xc27e1111	-63.516666412353516
3	k_rope	3	3	1	114	0x426e9851	59.648746490478516
3	k_rope	4	0	3	114	0x42a25f3c	81.18600463867188
3	k_rope	4	1	4	114	0xc2968652	-75.26234436035156
3	k_rope	4	2	2	114	0xc26cbb57	-59.18294906616211
3	k_rope	4	3	1	114	0x426abca7	58.68423080444336
3	k_rope	5	0	3	114	0x429f6f35	79.71720123291016
3	k_rope	5	1	4	114	0xc29e07be	-79.01512145996094
3	k_rope	5	2	1	114	0x4272922f	60.642757415771484
3	k_rope	5	3	2	114	0xc255ea17	-53.47860336303711
3	k_rope	6	0	3	114	0x42b1f0f5	88.97061920166016
3	k_rope	6	1	1	114	0x42905f48	72.18609619140625
3	k_rope	6	2	2	114	0xc27f39ec	-63.80656433105469
3	k_rope	6	3	7	114	0xc2739113	-60.89167404174805
3	k_rope	7	0	4	114	0xc2b56819	-90.70331573486328
3	k_rope	7	1	3	114	0x42a66bd8	83.21063232421875
3	k_rope	7	2	1	114	0x42933a89	73.61432647705078
3	k_rope	7	3	2	114	0xc28ccd6c	-70.40121459960938
3	k_rope	8	0	4	114	0xc2a71c13	-83.5548324584961
3	k_rope	8	1	3	114	0x42956739	74.70160675048828
3	k_rope	8	2	2	114	0xc27b3101	-62.797855377197266
3	k_rope	8	3	1	114	0x427686b3	61.63154220581055
3	k_rope	9	0	2	114	0xc257e002	-53.96875762939453
3	k_rope	9	1	7	114	0xc2479000	-49.890625
3	k_rope	9	2	1	114	0x42331699	44.77206802368164
3	k_rope	9	3	4	114	0xc217abad	-37.91765213012695
3	k_rope	10	0	3	114	0x42ae2293	87.0675277709961
3	k_rope	10	1	2	114	0xc2824e98	-65.15350341796875
3	k_rope	10	2	7	114	0xc27f4f3f	-63.827388763427734
3	k_rope	10	3	4	114	0xc27d0eba	-63.264381408691406
3	k_rope	11	0	4	114	0xc2b39eba	-89.81001281738281
3	k_rope	11	1	3	114	0x42ac90fd	86.2831802368164
3	k_rope	11	2	1	114	0x428ce10c	70.43954467773438
3	k_rope	11	3	2	114	0xc283625b	-65.69210052490234
3	k_rope	12	0	4	114	0xc2a0328e	-80.09873962402344
3	k_rope	12	1	3	114	0x429ba81f	77.82836151123047
3	k_rope	12	2	1	114	0x4290b995	72.36246490478516
3	k_rope	12	3	2	114	0xc285738c	-66.72567749023438
3	k_rope	13	0	3	114	0x42a98f12	84.77943420410156
3	k_rope	13	1	4	114	0xc2a85e9a	-84.18476867675781
3	k_rope	13	2	2	114	0xc2897126	-68.72099304199219
3	k_rope	13	3	1	114	0x4289539a	68.66328430175781
3	k_rope	14	0	3	114	0x42b59092	90.78236389160156
3	k_rope	14	1	4	114	0xc2a5cd7d	-82.9013442993164
3	k_rope	14	2	2	114	0xc2884988	-68.14361572265625
3	k_rope	14	3	1	114	0x4285123e	66.53562927246094
3	k_rope	15	0	3	114	0x42a9679b	84.70235443115234
3	k_rope	15	1	4	114	0xc2a73e6d	-83.6219253540039
3	k_rope	15	2	1	114	0x4285d70f	66.92003631591797
3	k_rope	15	3	7	114	0xc26d4093	-59.31306076049805
3	k_rope	16	0	3	114	0x42bde819	94.95331573486328
3	k_rope	16	1	1	114	0x429fd40c	79.91415405273438
3	k_rope	16	2	2	114	0xc289df91	-68.93665313720703
3	k_rope	16	3	4	114	0xc285eee3	-66.9665756225586
3	k_rope	17	0	4	114	0xc2bff73f	-95.98290252685547
3	k_rope	17	1	3	114	0x42ac7993	86.2374496459961
3	k_rope	17	2	1	114	0x429d93d1	78.78870391845703
3	k_rope	17	3	2	114	0xc295c39d	-74.8820571899414
3	v_heads	0	0	0	126	0xbed236f4	-0.4105755090713501
3	v_heads	0	1	7	10	0x3ec6022d	0.38673534989356995
3	v_heads	0	2	2	119	0xbec505ab	-0.38480886816978455
3	v_heads	0	3	5	106	0xbeba0cd2	-0.3633790612220764
3	v_heads	1	0	4	47	0xc00275b3	-2.038433790206909
3	v_heads	1	1	1	79	0xbff58d66	-1.9183776378631592
3	v_heads	1	2	2	119	0x3ff45899	1.9089537858963013
3	v_heads	1	3	3	13	0x3fbfc63c	1.498237133026123
3	v_heads	2	0	4	47	0xc0087ec7	-2.132737874984741
3	v_heads	2	1	7	115	0xbfddfd8a	-1.734299898147583
3	v_heads	2	2	2	119	0x3fcb3e97	1.5878475904464722
3	v_heads	2	3	1	90	0xbfc68f98	-1.5512571334838867
3	v_heads	3	0	4	47	0xc0064218	-2.0977840423583984
3	v_heads	3	1	2	119	0x3fcd9e3c	1.606391429901123
3	v_heads	3	2	1	90	0xbfc53391	-1.5406361818313599
3	v_heads	3	3	3	7	0x3fbde61c	1.4835848808288574
3	v_heads	4	0	2	119	0x3fe181a2	1.7617685794830322
3	v_heads	4	1	4	47	0xbfe14707	-1.7599800825119019
3	v_heads	4	2	7	108	0x3fce9d8d	1.6141830682754517
3	v_heads	4	3	4	115	0xbfcb0469	-1.5860720872879028
3	v_heads	5	0	2	119	0x40216556	2.5218100547790527
3	v_heads	5	1	3	7	0x40094b69	2.1452276706695557
3	v_heads	5	2	4	47	0xc0064be3	-2.098381757736206
3	v_heads	5	3	1	40	0x3fd57fd4	1.6679635047912598
3	v_heads	6	0	2	119	0x40053034	2.0810670852661133
3	v_heads	6	1	4	58	0x3fb7814e	1.43363356590271
3	v_heads	6	2	1	40	0x3f9c07e9	1.2189913988113403
3	v_heads	6	3	1	67	0xbf9b0203	-1.2109988927841187
3	v_heads	7	0	4	47	0xc00b3362	-2.175011157989502
3	v_heads	7	1	2	119	0x40041b76	2.064176082611084
3	v_heads	7	2	3	11	0xbfdc5014	-1.721193790435791
3	v_heads	7	3	3	7	0x3fc05b73	1.5027908086776733
3	v_heads	8	0	4	47	0xc005a0c0	-2.0879364013671875
3	v_heads	8	1	2	119	0x3fcecbe8	1.6155977249145508
3	v_heads	8	2	7	61	0xbfcd7201	-1.6050416231155396
3	v_heads	8	3	7	115	0xbfc340ca	-1.5254147052764893
3	v_heads	9	0	3	11	0xbff707d5	-1.9299265146255493
3	v_heads	9	1	1	49	0xbfaa9d13	-1.3329185247421265
3	v_heads	9	2	2	92	0x3fa82d9f	1.3138922452926636
3	v_heads	9	3	4	58	0x3f9d505d	1.2290149927139282
3	v_heads	10	0	2	119	0x3febee93	1.843218207359314
3	v_heads	10	1	1	67	0xbfd19acf	-1.637536883354187
3	v_heads	10	2	3	21	0x3fa22eb7	1.2670506238937378
3	v_heads	10	3	3	11	0xbf83dc80	-1.0301666259765625
3	v_heads	11	0	4	47	0xbffdd1bc	-1.9829630851745605
3	v_heads	11	1	3	11	0xbff33167	-1.8999451398849487
3	v_heads	11	2	2	119	0x3fe1a8bc	1.7629618644714355
3	v_heads	11	3	1	90	0xbfde6403	-1.7374271154403687
3	v_heads	12	0	4	47	0xc009dcc4	-2.154099464416504
3	v_heads	12	1	1	90	0xc004daf6	-2.075864315032959
3	v_heads	12	2	6	17	0x3fb9bf9f	1.4511603116989136
3	v_heads	12	3	2	119	0x3fb773e9	1.4332247972488403
3	v_heads	13	0	4	47	0xbffed6a6	-1.9909255504608154
3	v_heads	13	1	1	90	0xbff203b4	-1.8907380104064941
3	v_heads	13	2	3	7	0x3fbf54a6	1.4947707653045654
3	v_heads	13	3	2	119	0x3fbc4302	1.470794916152954
3	v_heads	14	0	1	90	0xbff6df19	-1.9286834001541138
3	v_heads	14	1	3	7	0x3fe9c361	1.8262749910354614
3	v_heads	14	2	2	119	0x3fe9b479	1.8258200883865356
3	v_heads	14	3	4	47	0xbfd769e9	-1.6829196214675903
3	v_heads	15	0	2	119	0x401d0d4f	2.453937292098999
3	v_heads	15	1	3	7	0x400b4ffe	2.176757335662842
3	v_heads	15	2	4	47	0xc0036a02	-2.053345203399658
3	v_heads	15	3	1	90	0xbfd72cea	-1.6810581684112549
3	v_heads	16	0	2	119	0x3fffd91c	1.9988131523132324
3	v_heads	16	1	4	58	0x3fb28090	1.3945484161376953
3	v_heads	16	2	1	67	0xbfb1c4ce	-1.3888185024261475
3	v_heads	16	3	3	11	0xbfa8e252	-1.3194067478179932
3	v_heads	17	0	4	47	0xc008fcab	-2.1404216289520264
3	v_heads	17	1	2	119	0x3ff90503	1.9454654455184937
3	v_heads	17	2	3	11	0xbff47ccf	-1.910058856010437
3	v_heads	17	3	1	90	0xbfdcd07b	-1.7251123189926147
4	k_rope	0	0	1	123	0x418e96ce	17.82363510131836
4	k_rope	0	1	6	127	0x41812a01	16.145509719848633
4	k_rope	0	2	4	122	0x4172dbff	15.178709983825684
4	k_rope	0	3	6	62	0xc14185c7	-12.095160484313965
4	k_rope	1	0	4	113	0xc29e9e30	-79.3089599609375
4	k_rope	1	1	1	113	0xc28b7f7c	-69.74899291992188
4	k_rope	1	2	3	113	0xc271e9ee	-60.47844696044922
4	k_rope	1	3	0	113	0xc26051e9	-56.07999038696289
4	k_rope	2	0	4	113	0xc2926a8f	-73.20812225341797
4	k_rope	2	1	1	113	0xc2869571	-67.29187774658203
4	k_rope	2	2	0	113	0xc25ce87a	-55.227027893066406
4	k_rope	2	3	3	113	0xc25678b9	-53.61789321899414
4	k_rope	3	0	3	113	0xc2a6f55b	-83.47920989990234
4	k_rope	3	1	4	113	0xc2a3e372	-81.94422912597656
4	k_rope	3	2	1	113	0xc2927290	-73.2237548828125
4	k_rope	3	3	7	113	0x428518bb	66.54830169677734
4	k_rope	4	0	4	113	0xc2b31181	-89.53418731689453
4	k_rope	4	1	1	113	0xc292be96	-73.37223815917969
4	k_rope	4	2	3	113	0xc2912a8e	-72.58311462402344
4	k_rope	4	3	0	113	0xc28c928c	-70.28622436523438
4	k_rope	5	0	4	113	0xc2b2a8d9	-89.32978057861328
4	k_rope	5	1	1	113	0xc293cacb	-73.89608001708984
4	k_rope	5	2	3	113	0xc28bf6c5	-69.98197174072266
4	k_rope	5	3	0	113	0xc27cc4d0	-63.19219970703125
4	k_rope	6	0	1	113	0xc296f93e	-75.48680114746094
4	k_rope	6	1	5	113	0x42898888	68.76666259765625
4	k_rope	6	2	3	113	0xc283dda7	-65.93291473388672
4	k_rope	6	3	4	113	0xc274b061	-61.172245025634766
4	k_rope	7	0	4	113	0xc29b1514	-77.54116821289062
4	k_rope	7	1	1	113	0xc290d9c6	-72.42533874511719
4	k_rope	7	2	3	113	0xc27d9ac4	-63.40113830566406
4	k_rope	7	3	7	113	0x42574f26	53.827293395996094
4	k_rope	8	0	4	113	0xc2ba0cf6	-93.02531433105469
4	k_rope	8	1	1	113	0xc2b37240	-89.72314453125
4	k_rope	8	2	3	113	0xc292a079	-73.31342315673828
4	k_rope	8	3	7	113	0x42651070	57.26605224609375
4	k_rope	9	0	7	113	0x426b0eb8	58.764373779296875
4	k_rope	9	1	1	42	0x42522387	52.53469467163086
4	k_rope	9	2	1	113	0xc24ff60b	-51.99027633666992
4	k_rope	9	3	3	113	0xc24bb190	-50.92340087890625
4	k_rope	10	0	0	113	0xc29f0c80	-79.5244140625
4	k_rope	10	1	1	113	0xc29021b7	-72.06584930419922
4	k_rope	10	2	4	113	0xc2426462	-48.59803009033203
4	k_rope	10	3	3	113	0xc23dd651	-47.459293365478516
4	k_rope	11	0	4	113	0xc2bf286e	-95.57896423339844
4	k_rope	11	1	1	113	0xc2a7056f	-83.51061248779297
4	k_rope	11	2	3	113	0xc29dfcd1	-78.99378204345703
4	k_rope	11	3	7	113	0x428f65ba	71.69868469238281
4	k_rope	12	0	4	113	0xc2b74cc1	-91.64990997314453
4	k_rope	12	1	1	113	0xc29cce6f	-78.40319061279297
4	k_rope	12	2	3	113	0xc29a936e	-77.28794860839844
4	k_rope	12	3	7	113	0x428f3d39	71.61957550048828
4	k_rope	13	0	3	113	0xc2afae05	-87.83988189697266
4	k_rope	13	1	4	113	0xc2af121a	-87.53535461425781
4	k_rope	13	2	1	113	0xc2a4760a	-82.23054504394531
4	k_rope	13	3	7	113	0x4294db5f	74.42845916748047
4	k_rope	14	0	4	113	0xc2bf3951	-95.61194610595703
4	k_rope	14	1	1	113	0xc2b37f1c	-89.74826049804688
4	k_rope	14	2	3	113	0xc2a58dbe	-82.77684020996094
4	k_rope	14	3	0	113	0xc2929a7a	-73.30171203613281
4	k_rope	15	0	4	113	0xc2c08f7d	-96.2802505493164
4	k_rope	15	1	1	113	0xc2a07a4e	-80.23887634277344
4	k_rope	15	2	3	113	0xc29d112b	-78.53353118896484
4	k_rope	15	3	5	113	0x42934773	73.6395492553711
4	k_rope	16	0	3	113	0xc2a9ec43	-84.9614486694336
4	k_rope	16	1	1	113	0xc2a03a3d	-80.1137466430664
4	k_rope	16	2	5	113	0x4298e43b	76.44576263427734
4	k_rope	16	3	4	113	0xc291be59	-72.87177276611328
4	k_rope	17	0	4	113	0xc2a7e577	-83.94817352294922
4	k_rope	17	1	1	113	0xc29df9f1	-78.98816680908203
4	k_rope	17	2	3	113	0xc295c2e5	-74.88065338134766
4	k_rope	17	3	7	113	0x428bdec7	69.93511199951172
4	v_heads	0	0	2	51	0xbf279384	-0.6545946598052979
4	v_heads	0	1	3	68	0x3f1b69e2	0.6070843935012817
4	v_heads	0	2	7	37	0x3f0d31cf	0.551541268825531
4	v_heads	0	3	5	48	0x3f006cd5	0.5016606450080872
4	v_heads	1	0	5	48	0xbfa983c9	-1.3243342638015747
4	v_heads	1	1	6	40	0x3fa28268	1.2696046829223633
4	v_heads	1	2	1	113	0x3fa0f956	1.2576091289520264
4	v_heads	1	3	6	122	0x3f9b6672	1.2140638828277588
4	v_heads	2	0	3	12	0x3fdd80a6	1.7304885387420654
4	v_heads	2	1	4	93	0x3fbb0fd3	1.4614204168319702
4	v_heads	2	2	7	82	0xbfb7010b	-1.42971932888031
4	v_heads	2	3	4	29	0xbfad8cd3	-1.3558601140975952
4	v_heads	3	0	3	12	0x3fd74367	1.6817444562911987
4	v_heads	3	1	2	81	0x3fcd8ab8	1.6057958602905273
4	v_heads	3	2	6	36	0x3faf9113	1.3716148138046265
4	v_heads	3	3	6	25	0x3fa9066c	1.3205084800720215
4	v_heads	4	0	1	60	0xc0044a40	-2.0670318603515625
4	v_heads	4	1	7	23	0xbfcb2223	-1.5869792699813843
4	v_heads	4	2	6	25	0x3fc3045b	1.5235704183578491
4	v_heads	4	3	6	36	0x3fc2992b	1.5202993154525757
4	v_heads	5	0	4	113	0x3fd07812	1.628664255142212
4	v_heads	5	1	1	60	0xbfbe48d8	-1.486598014831543
4	v_heads	5	2	7	73	0xbfb5b77c	-1.4196619987487793
4	v_heads	5	3	6	25	0x3fa8656b	1.315595030784607
4	v_heads	6	0	1	43	0xbfb3ebb7	-1.4056309461593628
4	v_heads	6	1	2	117	0xbf9764dc	-1.1827654838562012
4	v_heads	6	2	3	7	0xbf94e88c	-1.163346767425537
4	v_heads	6	3	1	6	0x3f930acc	1.1487669944763184
4	v_heads	7	0	6	40	0x3fc76d5a	1.5580246448516846
4	v_heads	7	1	6	108	0x3fb29089	1.3950358629226685
4	v_heads	7	2	6	25	0x3fb0e9a5	1.3821302652359009
4	v_heads	7	3	4	82	0xbfa741f0	-1.3066997528076172
4	v_heads	8	0	3	12	0x3fe7f9f5	1.812315583229065
4	v_heads	8	1	6	36	0x3fe55de6	1.7919280529022217
4	v_heads	8	2	5	127	0x3fc06ad4	1.5032601356506348
4	v_heads	8	3	2	81	0x3fafccd3	1.3734382390975952
4	v_heads	9	0	6	36	0x400b2b4b	2.1745173931121826
4	v_heads	9	1	3	94	0x3fe66f90	1.8002796173095703
4	v_heads	9	2	7	82	0x3fdce904	1.7258610725402832
4	v_heads	9	3	3	7	0x3fb3bf45	1.404274582862854
4	v_heads	10	0	3	94	0x4000ccee	2.012507915496826
4	v_heads	10	1	1	25	0x3fb13586	1.3844459056854248
4	v_heads	10	2	1	43	0xbfac03d0	-1.3438663482666016
4	v_heads	10	3	6	21	0x3fa67612	1.300478219985962
4	v_heads	11	0	6	25	0x400fd421	2.2473223209381104
4	v_heads	11	1	6	40	0x400444bd	2.06669545173645
4	v_heads	11	2	3	12	0x3fc14050	1.509775161743164
4	v_heads	11	3	2	34	0xbfaf403e	-1.3691480159759521
4	v_heads	12	0	6	89	0x3fe71de9	1.8056002855300903
4	v_heads	12	1	6	36	0x3fcd8a99	1.6057921648025513
4	v_heads	12	2	3	12	0x3fcd375d	1.6032520532608032
4	v_heads	12	3	6	25	0x3fc1c91a	1.5139496326446533
4	v_heads	13	0	6	36	0x400acd26	2.168771266937256
4	v_heads	13	1	3	12	0x3fd559c1	1.6668015718460083
4	v_heads	13	2	2	81	0x3fd4a6e3	1.661342978477478
4	v_heads	13	3	6	25	0x3fc65734	1.5495362281799316
4	v_heads	14	0	1	60	0xc00f3f63	-2.238243818283081
4	v_heads	14	1	6	25	0x3ffea525	1.9894148111343384
4	v_heads	14	2	7	23	0xbfd24f3a	-1.643042802810669
4	v_heads	14	3	3	94	0x3fd18e5c	1.6371569633483887
4	v_heads	15	0	6	25	0x3fd6f9b7	1.6794956922531128
4	v_heads	15	1	7	73	0xbfb86510	-1.4405841827392578
4	v_heads	15	2	4	113	0x3fb174d0	1.3863773345947266
4	v_heads	15	3	1	60	0xbfafff6d	-1.374982476234436
4	v_heads	16	0	2	117	0xbfb1e026	-1.389652967453003
4	v_heads	16	1	1	43	0xbfabbc3a	-1.341681718826294
4	v_heads	16	2	7	1	0x3f8c41ac	1.0957541465759277
4	v_heads	16	3	3	12	0x3f8bc345	1.091896653175354
4	v_heads	17	0	6	25	0x3ff58a6c	1.9182868003845215
4	v_heads	17	1	6	40	0x3fe0d66c	1.7565436363220215
4	v_heads	17	2	6	36	0x3fa458fb	1.2839654684066772
4	v_heads	17	3	6	89	0x3f9d7e0a	1.2304089069366455
5	k_rope	0	0	5	127	0xc1903007	-18.02345085144043
5	k_rope	0	1	6	62	0x4170c238	15.047416687011719
5	k_rope	0	2	4	126	0x416702b4	14.438159942626953
5	k_rope	0	3	0	119	0x41505d5f	13.022795677185059
5	k_rope	1	0	4	119	0xc2d6a00b	-107.31258392333984
5	k_rope	1	1	7	119	0x42a758dd	83.6735610961914
5	k_rope	1	2	6	119	0xc298ecf8	-76.46282958984375
5	k_rope	1	3	0	119	0xc29089e4	-72.26931762695312
5	k_rope	2	0	4	119	0xc2c4b628	-98.35577392578125
5	k_rope	2	1	6	119	0xc2b19606	-88.79301452636719
5	k_rope	2	2	7	119	0x42a46641	82.19971466064453
5	k_rope	2	3	0	119	0xc287d8d9	-67.92353057861328
5	k_rope	3	0	4	119	0xc2c907c0	-100.51513671875
5	k_rope	3	1	7	119	0x42ae6526	87.19755554199219
5	k_rope	3	2	6	119	0xc2ab7995	-85.73746490478516
5	k_rope	3	3	0	119	0xc29c3c30	-78.1175537109375
5	k_rope	4	0	4	119	0xc2d3a686	-105.82524108886719
5	k_rope	4	1	6	119	0xc2acb041	-86.34424591064453
5	k_rope	4	2	7	119	0x429d3300	78.599609375
5	k_rope	4	3	1	48	0x429345f3	73.6366195678711
5	k_rope	5	0	4	119	0xc2c78b0f	-99.77159881591797
5	k_rope	5	1	6	119	0xc2b2206b	-89.06331634521484
5	k_rope	5	2	7	119	0x42a3a562	81.82301330566406
5	k_rope	5	3	0	119	0xc287b64c	-67.85604858398438
5	k_rope	6	0	4	119	0xc2c02db1	-96.08924102783203
5	k_rope	6	1	6	119	0xc2bbf1a0	-93.971923828125
5	k_rope	6	2	0	119	0xc2aac57b	-85.38570404052734
5	k_rope	6	3	7	119	0x42a4be3a	82.37153625488281
5	k_rope	7	0	4	119	0xc2cee205	-103.44144439697266
5	k_rope	7	1	6	119	0xc2aac246	-85.37944030761719
5	k_rope	7	2	7	119	0x42a5e8de	82.95481872558594
5	k_rope	7	3	1	48	0x428bcc5d	69.8991470336914
5	k_rope	8	0	4	119	0xc2bbd57d	-93.9169692993164
5	k_rope	8	1	7	119	0x42b6bdf1	91.37097930908203
5	k_rope	8	2	6	119	0xc2b52563	-90.5730209350586
5	k_rope	8	3	0	119	0xc2a3c523	-81.8850326538086
5	k_rope	9	0	6	119	0xc2a7b93f	-83.86180877685547
5	k_rope	9	1	4	119	0xc293322a	-73.59797668457031
5	k_rope	9	2	6	48	0x428f32d3	71.5992660522461
5	k_rope	9	3	3	119	0x4272666f	60.600032806396484
5	k_rope	10	0	6	119	0xc2df191e	-111.54905700683594
5	k_rope	10	1	4	119	0xc2b063d4	-88.19497680664062
5	k_rope	10	2	0	119	0xc2a24085	-81.12601470947266
5	k_rope	10	3	6	48	0x42a082b4	80.25527954101562
5	k_rope	11	0	4	119	0xc2d9d2b2	-108.91151428222656
5	k_rope	11	1	7	119	0x42c2e4a7	97.44658660888672
5	k_rope	11	2	6	119	0xc2b98c44	-92.77395629882812
5	k_rope	11	3	0	119	0xc29dc720	-78.888916015625
5	k_rope	12	0	4	119	0xc2c972eb	-100.72444915771484
5	k_rope	12	1	7	119	0x42c65876	99.17277526855469
5	k_rope	12	2	6	119	0xc2c43ada	-98.11494445800781
5	k_rope	12	3	0	119	0xc29cb647	-78.35601043701172
5	k_rope	13	0	4	119	0xc2be80fb	-95.25191497802734
5	k_rope	13	1	6	119	0xc2bcb12a	-94.34602355957031
5	k_rope	13	2	7	119	0x42b78711	91.76380157470703
5	k_rope	13	3	0	119	0xc29a0ecb	-77.02889251708984
5	k_rope	14	0	4	119	0xc2d0b550	-104.3541259765625
5	k_rope	14	1	6	119	0xc2c04458	-96.13348388671875
5	k_rope	14	2	1	48	0x42a94f08	84.65435791015625
5	k_rope	14	3	7	119	0x42a805be	84.01121520996094
5	k_rope	15	0	4	119	0xc2c4d22b	-98.41048431396484
5	k_rope	15	1	6	119	0xc2bfd232	-95.91053771972656
5	k_rope	15	2	7	119	0x42ad8b62	86.77223205566406
5	k_rope	15	3	1	48	0x428e9a94	71.30191040039062
5	k_rope	16	0	6	119	0xc2cac314	-101.38101196289062
5	k_rope	16	1	4	119	0xc2bf17e9	-95.54669952392578
5	k_rope	16	2	7	119	0x42bb7b33	93.7406234741211
5	k_rope	16	3	0	119	0xc2b672d2	-91.22425842285156
5	k_rope	17	0	4	119	0xc2c7d75b	-99.92061614990234
5	k_rope	17	1	7	119	0x42bd3e6e	94.62193298339844
5	k_rope	17	2	6	119	0xc2ac1c64	-86.05545043945312
5	k_rope	17	3	1	48	0x429ebba7	79.36650848388672
5	v_heads	0	0	7	125	0xbf7dedc7	-0.9919094443321228
5	v_heads	0	1	4	125	0xbf564337	-0.8369631171226501
5	v_heads	0	2	0	29	0xbf3e302b	-0.7429224848747253
5	v_heads	0	3	5	117	0xbee43247	-0.445696085691452
5	v_heads	1	0	4	34	0xc01b667e	-2.428130626678467
5	v_heads	1	1	5	117	0x4018f8f9	2.3901960849761963
5	v_heads	1	2	3	4	0x4018468c	2.379305839538574
5	v_heads	1	3	7	125	0x400caeb5	2.1981632709503174
5	v_heads	2	0	4	49	0x400b2099	2.1738646030426025
5	v_heads	2	1	1	29	0x4008f9a4	2.1402368545532227
5	v_heads	2	2	5	117	0x40082a49	2.1275808811187744
5	v_heads	2	3	4	34	0xbff092b9	-1.879477620124817
5	v_heads	3	0	5	117	0x40250906	2.5786757469177246
5	v_heads	3	1	4	49	0x401f33d6	2.4875388145446777
5	v_heads	3	2	2	9	0xc01ad0cc	-2.4189939498901367
5	v_heads	3	3	4	35	0x400c911a	2.1963562965393066
5	v_heads	4	0	2	9	0xc014074e	-2.31294584274292
5	v_heads	4	1	1	29	0x3ff0f633	1.882513403892517
5	v_heads	4	2	5	117	0x3ff0aabb	1.880210280418396
5	v_heads	4	3	0	95	0xbfde5a6f	-1.7371348142623901
5	v_heads	5	0	7	125	0x401b9cda	2.431448459625244
5	v_heads	5	1	4	125	0x400243aa	2.0353798866271973
5	v_heads	5	2	5	117	0x3fe57507	1.7926338911056519
5	v_heads	5	3	6	24	0x3fdc81b5	1.7227083444595337
5	v_heads	6	0	4	125	0x3fc43c6c	1.5330939292907715
5	v_heads	6	1	5	117	0x3fbe1dfd	1.4852901697158813
5	v_heads	6	2	5	93	0xbfabfa39	-1.3435736894607544
5	v_heads	6	3	2	27	0xbf9b7d48	-1.2147607803344727
5	v_heads	7	0	7	101	0xc0119051	-2.2744333744049072
5	v_heads	7	1	5	117	0x4009a353	2.1505935192108154
5	v_heads	7	2	2	127	0xbff153f0	-1.8853740692138672
5	v_heads	7	3	1	29	0x3ff05471	1.8775769472122192
5	v_heads	8	0	5	117	0x40131c37	2.2985970973968506
5	v_heads	8	1	4	35	0x400d525f	2.2081525325775146
5	v_heads	8	2	2	9	0xbffaaaa6	-1.9583327770233154
5	v_heads	8	3	4	78	0x3fedc051	1.8574315309524536
5	v_heads	9	0	1	29	0x401faae0	2.4948043823242188
5	v_heads	9	1	6	1	0xbfcf0061	-1.6171990633010864
5	v_heads	9	2	5	117	0xbfadc20b	-1.357484221458435
5	v_heads	9	3	5	18	0x3f9e3f08	1.2362985610961914
5	v_heads	10	0	5	117	0x4019b8d7	2.401906728744507
5	v_heads	10	1	7	49	0xbfdb5fb9	-1.713858723640442
5	v_heads	10	2	4	125	0x3fdac8ea	1.7092564105987549
5	v_heads	10	3	4	46	0x3fa936de	1.3219869136810303
5	v_heads	11	0	3	4	0x401de7c6	2.467271327972412
5	v_heads	11	1	5	117	0x401650ba	2.348677158355713
5	v_heads	11	2	7	125	0x3ff96866	1.9484984874725342
5	v_heads	11	3	4	34	0xbff9382a	-1.9470264911651611
5	v_heads	12	0	4	49	0x4020e8c4	2.514206886291504
5	v_heads	12	1	5	117	0x401d5916	2.4585623741149902
5	v_heads	12	2	1	29	0x400f04d8	2.234670639038086
5	v_heads	12	3	4	16	0x4006b911	2.1050455570220947
5	v_heads	13	0	5	117	0x402ee78b	2.732882261276245
5	v_heads	13	1	4	92	0xc02bc1d0	-2.683704376220703
5	v_heads	13	2	4	49	0x4028fd7a	2.6404709815979004
5	v_heads	13	3	2	9	0xc01fa69e	-2.494544506072998
5	v_heads	14	0	2	9	0xc0156caa	-2.3347573280334473
5	v_heads	14	1	5	117	0x3ff8e23d	1.9444042444229126
5	v_heads	14	2	7	31	0xbfd4233b	-1.6573251485824585
5	v_heads	14	3	1	29	0x3fd3b2d6	1.6538951396942139
5	v_heads	15	0	7	125	0x401084f0	2.2581138610839844
5	v_heads	15	1	4	125	0x40013823	2.0190513134002686
5	v_heads	15	2	4	29	0x3ff563c0	1.9171066284179688
5	v_heads	15	3	5	117	0x3fd359f8	1.6511831283569336
5	v_heads	16	0	4	125	0x3fd254a7	1.643208384513855
5	v_heads	16	1	4	92	0xbfcc8f0a	-1.5981152057647705
5	v_heads	16	2	5	117	0x3fb54ad6	1.4163463115692139
5	v_heads	16	3	2	94	0xbfa7accc	-1.3099608421325684
5	v_heads	17	0	7	101	0xc0121dc9	-2.2830679416656494
5	v_heads	17	1	5	117	0x400c7527	2.194650411605835
5	v_heads	17	2	7	87	0xbfea40d0	-1.8301029205322266
5	v_heads	17	3	1	29	0x3fe13463	1.7594112157821655
6	k_rope	0	0	5	63	0x4289a2ef	68.81822967529297
6	k_rope	0	1	6	125	0xc223f15c	-40.98570251464844
6	k_rope	0	2	5	127	0xc2147a79	-37.11960220336914
6	k_rope	0	3	7	63	0xc1fd26d2	-31.64395523071289
6	k_rope	1	0	1	115	0x4290b157	72.34636688232422
6	k_rope	1	1	0	115	0xc274261c	-61.03721618652344
6	k_rope	1	2	4	115	0xc2546ef4	-53.10835266113281
6	k_rope	1	3	2	115	0xc2521f10	-52.53033447265625
6	k_rope	2	0	1	115	0x428d0ace	70.52110290527344
6	k_rope	2	1	0	115	0xc256eaf2	-53.72943878173828
6	k_rope	2	2	4	115	0xc24d5138	-51.329315185546875
6	k_rope	2	3	2	115	0xc23fc0b4	-47.93818664550781
6	k_rope	3	0	1	115	0x42ac4c28	86.14874267578125
6	k_rope	3	1	4	115	0xc2744889	-61.07083511352539
6	k_rope	3	2	0	115	0xc270f09b	-60.23496627807617
6	k_rope	3	3	2	115	0xc2537c0a	-52.871131896972656
6	k_rope	4	0	1	115	0x42982f0a	76.09187316894531
6	k_rope	4	1	0	115	0xc26eca75	-59.69771194458008
6	k_rope	4	2	4	115	0xc253555e	-52.83336639404297
6	k_rope	4	3	2	115	0xc232a618	-44.662200927734375
6	k_rope	5	0	1	115	0x42876402	67.69532775878906
6	k_rope	5	1	2	115	0xc26566e4	-57.35047912597656
6	k_rope	5	2	0	115	0xc25ec4e8	-55.692291259765625
6	k_rope	5	3	4	115	0xc2506e20	-52.1075439453125
6	k_rope	6	0	1	115	0x42829195	65.28433990478516
6	k_rope	6	1	7	115	0xc24fe37b	-51.97214889526367
6	k_rope	6	2	0	115	0xc24e6ad3	-51.60432052612305
6	k_rope	6	3	2	115	0xc247b156	-49.923179626464844
6	k_rope	7	0	1	115	0x42872f7b	67.59273529052734
6	k_rope	7	1	0	115	0xc26d97f8	-59.398406982421875
6	k_rope	7	2	2	115	0xc2383e1e	-46.06066131591797
6	k_rope	7	3	4	115	0xc21c17fc	-39.02342224121094
6	k_rope	8	0	1	115	0x428902d6	68.50553894042969
6	k_rope	8	1	4	115	0xc2542c14	-53.04304504394531
6	k_rope	8	2	0	115	0xc24bb7b2	-50.92938995361328
6	k_rope	8	3	2	115	0xc23d7a38	-47.369354248046875
6	k_rope	9	0	4	115	0xc2613d51	-56.309879302978516
6	k_rope	9	1	1	115	0x425b1cfd	54.7783088684082
6	k_rope	9	2	0	115	0xc259db15	-54.46394729614258
6	k_rope	9	3	2	115	0xc240a226	-48.158348083496094
6	k_rope	10	0	1	115	0x42a2cc85	81.39945220947266
6	k_rope	10	1	4	115	0xc26c0dee	-59.01360321044922
6	k_rope	10	2	0	115	0xc26bc781	-58.944828033447266
6	k_rope	10	3	7	115	0xc25df135	-55.48555374145508
6	k_rope	11	0	1	115	0x4298e28d	76.4424819946289
6	k_rope	11	1	0	115	0xc28cd57e	-70.41697692871094
6	k_rope	11	2	4	115	0xc268a390	-58.15972900390625
6	k_rope	11	3	2	115	0xc24ad73e	-50.71019744873047
6	k_rope	12	0	1	115	0x429e28d6	79.07975769042969
6	k_rope	12	1	0	115	0xc2839597	-65.79216766357422
6	k_rope	12	2	4	115	0xc2729b7c	-60.65184020996094
6	k_rope	12	3	2	115	0xc23fda5a	-47.963233947753906
6	k_rope	13	0	1	115	0x42b354fb	89.66597747802734
6	k_rope	13	1	4	115	0xc28345e9	-65.63654327392578
6	k_rope	13	2	0	115	0xc2739f1c	-60.90538024902344
6	k_rope	13	3	2	115	0xc24be9f0	-50.97845458984375
6	k_rope	14	0	1	115	0x42aef7ea	87.48420715332031
6	k_rope	14	1	0	115	0xc289c229	-68.87921905517578
6	k_rope	14	2	4	115	0xc2824be3	-65.1482162475586
6	k_rope	14	3	2	115	0xc23cb195	-47.17341995239258
6	k_rope	15	0	1	115	0x42990460	76.508544921875
6	k_rope	15	1	0	115	0xc280af8d	-64.3428726196289
6	k_rope	15	2	2	115	0xc26783d7	-57.87874984741211
6	k_rope	15	3	4	115	0xc2654bd6	-57.324058532714844
6	k_rope	16	0	1	115	0x4296982f	75.29723358154297
6	k_rope	16	1	0	115	0xc2754042	-61.31275177001953
6	k_rope	16	2	7	115	0xc26bd18d	-58.95463943481445
6	k_rope	16	3	4	115	0xc2664b11	-57.573307037353516
6	k_rope	17	0	1	115	0x429f097b	79.51851654052734
6	k_rope	17	1	0	115	0xc2866af7	-67.20891571044922
6	k_rope	17	2	2	115	0xc23d2f44	-47.29615783691406
6	k_rope	17	3	4	115	0xc22bbf72	-42.93695831298828
6	v_heads	0	0	7	116	0x3eda40a6	0.42627447843551636
6	v_heads	0	1	7	37	0xbec723f7	-0.3889462649822235
6	v_heads	0	2	1	74	0x3ec1f68f	0.37883421778678894
6	v_heads	0	3	0	49	0xbebe9cda	-0.3722904324531555
6	v_heads	1	0	2	101	0x400c38f5	2.19097638130188
6	v_heads	1	1	3	32	0xc0030ddd	-2.0477211475372314
6	v_heads	1	2	3	112	0x3fea344c	1.8297209739685059
6	v_heads	1	3	5	50	0xbfe40773	-1.7814773321151733
6	v_heads	2	0	3	32	0xc010d1a7	-2.26279616355896
6	v_heads	2	1	2	90	0xbfd0d18e	-1.6313951015472412
6	v_heads	2	2	1	123	0xbfce5493	-1.611956000328064
6	v_heads	2	3	1	118	0xbfc87e14	-1.566347599029541
6	v_heads	3	0	3	32	0xc00722d0	-2.111499786376953
6	v_heads	3	1	1	123	0xbfed65ba	-1.8546669483184814
6	v_heads	3	2	1	118	0xbfdcec60	-1.7259635925292969
6	v_heads	3	3	1	13	0xbfb96a88	-1.448563575744629
6	v_heads	4	0	2	89	0x4005bc74	2.089627265930176
6	v_heads	4	1	3	32	0xbffa4f73	-1.9555495977401733
6	v_heads	4	2	0	71	0x3fde4046	1.7363364696502686
6	v_heads	4	3	1	66	0x3fca9c6c	1.5828986167907715
6	v_heads	5	0	3	32	0xbfffdc18	-1.9989042282104492
6	v_heads	5	1	1	72	0x3fe2a796	1.7707393169403076
6	v_heads	5	2	4	126	0xbfbe920f	-1.4888323545455933
6	v_heads	5	3	1	55	0x3fb62529	1.4230090379714966
6	v_heads	6	0	3	32	0xbff98582	-1.9493868350982666
6	v_heads	6	1	1	74	0xbfbac441	-1.4591141939163208
6	v_heads	6	2	2	89	0x3fa942f4	1.3223557472229004
6	v_heads	6	3	1	72	0x3f9ad182	1.2095186710357666
6	v_heads	7	0	3	32	0xc00af84a	-2.1714043617248535
6	v_heads	7	1	5	42	0xbfa3235e	-1.2745168209075928
6	v_heads	7	2	2	121	0xbf9f0a25	-1.2424970865249634
6	v_heads	7	3	2	90	0xbf94b208	-1.1616830825805664
6	v_heads	8	0	3	32	0xc00e6a07	-2.2252213954925537
6	v_heads	8	1	0	71	0x3fe5d763	1.7956355810165405
6	v_heads	8	2	5	42	0xbfd2a382	-1.6456148624420166
6	v_heads	8	3	0	88	0xbfc6bf3b	-1.5527108907699585
6	v_heads	9	0	3	32	0xbfe8f764	-1.82004976272583
6	v_heads	9	1	5	42	0xbfc73a5a	-1.5564682483673096
6	v_heads	9	2	1	99	0x3f96eed1	1.1791630983352661
6	v_heads	9	3	2	107	0x3f7ebb41	0.9950447678565979
6	v_heads	10	0	3	32	0xbff5ee76	-1.921339750289917
6	v_heads	10	1	2	101	0x3fe82ce1	1.813869595527649
6	v_heads	10	2	1	74	0xbfbe7a22	-1.4881021976470947
6	v_heads	10	3	5	42	0xbfa25f20	-1.2685279846191406
6	v_heads	11	0	3	32	0xbff9a9ee	-1.950498342514038
6	v_heads	11	1	6	27	0x3feaa7f8	1.8332509994506836
6	v_heads	11	2	2	101	0x3fcc71d6	1.5972239971160889
6	v_heads	11	3	1	74	0xbfcab2f7	-1.583586573600769
6	v_heads	12	0	3	40	0xbff7db64	-1.93638277053833
6	v_heads	12	1	6	27	0x3fe5709d	1.7924991846084595
6	v_heads	12	2	3	32	0xbfdcf159	-1.726115345954895
6	v_heads	12	3	3	92	0xbfd590b7	-1.6684788465499878
6	v_heads	13	0	3	32	0xbfce230d	-1.6104446649551392
6	v_heads	13	1	3	92	0xbfc9bba8	-1.5760393142700195
6	v_heads	13	2	0	71	0x3fbe0c30	1.4847469329833984
6	v_heads	13	3	1	118	0xbfb86551	-1.4405919313430786
6	v_heads	14	0	2	89	0x40288201	2.632934808731079
6	v_heads	14	1	0	71	0x3fe8fa32	1.8201353549957275
6	v_heads	14	2	3	92	0xbfcd1ee6	-1.6025054454803467
6	v_heads	14	3	1	66	0x3faffe04	1.3749394416809082
6	v_heads	15	0	2	89	0x3fd029e8	1.6262788772583008
6	v_heads	15	1	1	72	0x3fc81f92	1.5634634494781494
6	v_heads	15	2	6	27	0x3fc58807	1.5432137250900269
6	v_heads	15	3	0	71	0x3fc1a993	1.512987494468689
6	v_heads	16	0	1	74	0xbfcf30be	-1.6186749935150146
6	v_heads	16	1	3	32	0xbfcc9794	-1.5983757972717285
6	v_heads	16	2	2	89	0x3fb966d4	1.4484505653381348
6	v_heads	16	3	3	40	0xbfaaeca4	-1.3353466987609863
6	v_heads	17	0	3	40	0xbfdde40e	-1.7335221767425537
6	v_heads	17	1	6	27	0x3fd844c2	1.6895983219146729
6	v_heads	17	2	3	32	0xbfaccda4	-1.3500256538391113
6	v_heads	17	3	1	74	0xbfa4206d	-1.282239556312561
7	k_rope	0	0	3	127	0x41a11928	20.137283325195312
7	k_rope	0	1	2	127	0xc191df32	-18.23398208618164
7	k_rope	0	2	7	60	0x41636fb6	14.214773178100586
7	k_rope	0	3	7	61	0x411f038f	9.938368797302246
7	k_rope	1	0	0	116	0x4262459e	56.56798553466797
7	k_rope	1	1	5	116	0xc25cb9d9	-55.18149185180664
7	k_rope	1	2	1	116	0x4241b480	48.42626953125
7	k_rope	1	3	6	116	0xc235f56d	-45.48967361450195
7	k_rope	2	0	5	116	0xc256702a	-53.609535217285156
7	k_rope	2	1	0	116	0x42472f48	49.796173095703125
7	k_rope	2	2	1	116	0x424509d3	49.25959396362305
7	k_rope	2	3	6	116	0xc226d945	-41.71217727661133
7	k_rope	3	0	0	116	0x427423c3	61.0349235534668
7	k_rope	3	1	5	116	0xc2682f79	-58.04636001586914
7	k_rope	3	2	1	116	0x4255f1ae	53.48601531982422
7	k_rope	3	3	6	116	0xc248305b	-50.04722213745117
7	k_rope	4	0	5	116	0xc259dee5	-54.46767044067383
7	k_rope	4	1	1	116	0x424f9e3d	51.9045295715332
7	k_rope	4	2	0	116	0x424b00ec	50.75090026855469
7	k_rope	4	3	4	116	0xc245850c	-49.37992858886719
7	k_rope	5	0	5	116	0xc26917e4	-58.27333068847656
7	k_rope	5	1	1	116	0x42684200	58.064453125
7	k_rope	5	2	4	116	0xc265e721	-57.475711822509766
7	k_rope	5	3	6	116	0xc2471643	-49.7717399597168
7	k_rope	6	0	5	116	0xc27ea1b0	-63.65789794921875
7	k_rope	6	1	4	116	0xc26af443	-58.7385368347168
7	k_rope	6	2	1	116	0x425c410f	55.063533782958984
7	k_rope	6	3	6	116	0xc257e9d8	-53.978363037109375
7	k_rope	7	0	5	116	0xc271109b	-60.26621627807617
7	k_rope	7	1	0	116	0x4267db73	57.96430587768555
7	k_rope	7	2	1	116	0x426050c1	56.078861236572266
7	k_rope	7	3	3	116	0x424e1b51	51.526676177978516
7	k_rope	8	0	0	116	0x4261f4ce	56.48906707763672
7	k_rope	8	1	5	116	0xc25c23e5	-55.03505325317383
7	k_rope	8	2	1	116	0x4246f21e	49.73644256591797
7	k_rope	8	3	3	116	0x4234b377	45.17525863647461
7	k_rope	9	0	3	116	0x42506c05	52.10548782348633
7	k_rope	9	1	5	116	0xc2426253	-48.59601974487305
7	k_rope	9	2	0	116	0x42379a34	45.90058898925781
7	k_rope	9	3	4	116	0xc233b477	-44.92623519897461
7	k_rope	10	0	3	116	0x427c5c85	63.09035110473633
7	k_rope	10	1	5	116	0xc2721e2d	-60.52946853637695
7	k_rope	10	2	4	116	0xc248d579	-50.20846939086914
7	k_rope	10	3	6	116	0xc24514fd	-49.2704963684082
7	k_rope	11	0	1	116	0x42769126	61.641746520996094
7	k_rope	11	1	5	116	0xc266c6ce	-57.69414520263672
7	k_rope	11	2	6	116	0xc2524521	-52.567508697509766
7	k_rope	11	3	0	116	0x42517d54	52.37239074707031
7	k_rope	12	0	1	116	0x4266fb0e	57.74517059326172
7	k_rope	12	1	5	116	0xc266ceca	-57.701942443847656
7	k_rope	12	2	0	116	0x42476dcc	49.85722351074219
7	k_rope	12	3	4	116	0xc23aeb74	-46.72993469238281
7	k_rope	13	0	5	116	0xc264f462	-57.23865509033203
7	k_rope	13	1	0	116	0x425d0081	55.250492095947266
7	k_rope	13	2	3	116	0x42576849	53.85184097290039
7	k_rope	13	3	1	116	0x4254b410	53.17584228515625
7	k_rope	14	0	4	116	0xc269272c	-58.28825378417969
7	k_rope	14	1	1	116	0x42650898	57.258392333984375
7	k_rope	14	2	6	116	0xc258c906	-54.196311950683594
7	k_rope	14	3	5	116	0xc253d9eb	-52.96281051635742
7	k_rope	15	0	4	116	0xc2728bcb	-60.63651657104492
7	k_rope	15	1	1	116	0x426918ef	58.274349212646484
7	k_rope	15	2	5	116	0xc2615d8e	-56.34136199951172
7	k_rope	15	3	6	116	0xc258abeb	-54.16788864135742
7	k_rope	16	0	5	116	0xc285a579	-66.82318878173828
7	k_rope	16	1	4	116	0xc27ca859	-63.16440200805664
7	k_rope	16	2	6	116	0xc2797240	-62.361572265625
7	k_rope	16	3	1	116	0x42761a17	61.52547836303711
7	k_rope	17	0	5	116	0xc27024f9	-60.03610610961914
7	k_rope	17	1	1	116	0x426b6652	58.84992218017578
7	k_rope	17	2	0	116	0x4264c7b5	57.19502639770508
7	k_rope	17	3	3	116	0x42611923	56.2745475769043
7	v_heads	0	0	6	6	0x3f9bc7c6	1.217034101486206
7	v_heads	0	1	0	94	0x3f676794	0.9039242267608643
7	v_heads	0	2	3	51	0x3f608e5f	0.8771724104881287
7	v_heads	0	3	5	27	0xbf54b611	-0.8309031128883362
7	v_heads	1	0	1	11	0x4013a581	2.306976556777954
7	v_heads	1	1	3	62	0x400351b2	2.05186128616333
7	v_heads	1	2	4	10	0x3fe7e482	1.8116610050201416
7	v_heads	1	3	5	117	0xbfe4c879	-1.7873679399490356
7	v_heads	2	0	3	87	0xc0390817	-2.8911187648773193
7	v_heads	2	1	1	104	0xc01eb63b	-2.479872465133667
7	v_heads	2	2	0	60	0x401c48dd	2.4419472217559814
7	v_heads	2	3	2	19	0x400daab4	2.2135438919067383
7	v_heads	3	0	2	4	0x40130078	2.296903610229492
7	v_heads	3	1	3	87	0xc008a047	-2.134782552719116
7	v_heads	3	2	3	94	0x4007044d	2.109637498855591
7	v_heads	3	3	2	113	0xc003007a	-2.0469040870666504
7	v_heads	4	0	6	77	0xc02bdd0b	-2.68536639213562
7	v_heads	4	1	1	96	0xc0077197	-2.1163079738616943
7	v_heads	4	2	0	60	0x4001117e	2.016692638397217
7	v_heads	4	3	6	92	0xbfefa8ae	-1.8723351955413818
7	v_heads	5	0	3	87	0xc010224b	-2.2520930767059326
7	v_heads	5	1	4	54	0xc00f0017	-2.2343804836273193
7	v_heads	5	2	6	92	0xc003a953	-2.0572097301483154
7	v_heads	5	3	0	60	0x3ff6fad9	1.9295302629470825
7	v_heads	6	0	6	77	0xc02b758c	-2.679049491882324
7	v_heads	6	1	4	20	0xc01fac12	-2.494877338409424
7	v_heads	6	2	6	24	0x401a442e	2.4104113578796387
7	v_heads	6	3	4	68	0x4009e10b	2.15436053276062
7	v_heads	7	0	6	98	0xc0025863	-2.036644697189331
7	v_heads	7	1	2	40	0x3ff15f5a	1.8857223987579346
7	v_heads	7	2	6	65	0x3ff02a2b	1.8762868642807007
7	v_heads	7	3	6	119	0x3fe9752d	1.8238884210586548
7	v_heads	8	0	1	71	0xc00cdae4	-2.200860023498535
7	v_heads	8	1	6	119	0x40086399	2.1310789585113525
7	v_heads	8	2	1	96	0xbff7e2d5	-1.9366098642349243
7	v_heads	8	3	6	62	0xbfe265a9	-1.768727421760559
7	v_heads	9	0	2	10	0x4004d1a2	2.0752949714660645
7	v_heads	9	1	1	71	0xbff62795	-1.923082947731018
7	v_heads	9	2	6	24	0x3fd8655a	1.6905930042266846
7	v_heads	9	3	4	21	0xbfc5e30a	-1.5459911823272705
7	v_heads	10	0	4	90	0x3fcf19f4	1.6179795265197754
7	v_heads	10	1	6	77	0xbfaa9785	-1.3327490091323853
7	v_heads	10	2	1	104	0xbfa973d9	-1.3238478899002075
7	v_heads	10	3	1	112	0x3fa84388	1.314560890197754
7	v_heads	11	0	1	104	0xc058cd1c	-3.387518882751465
7	v_heads	11	1	7	107	0x40140a2a	2.3131203651428223
7	v_heads	11	2	7	42	0x4009b68b	2.151766538619995
7	v_heads	11	3	1	80	0xbfe22a50	-1.766916275024414
7	v_heads	12	0	1	104	0xc07031ce	-3.753039836883545
7	v_heads	12	1	7	107	0x40260928	2.594308853149414
7	v_heads	12	2	1	11	0x401195a6	2.274758815765381
7	v_heads	12	3	6	92	0xc008e923	-2.1392295360565186
7	v_heads	13	0	7	107	0x4004b2bb	2.073408842086792
7	v_heads	13	1	1	56	0x4002c8ec	2.043513298034668
7	v_heads	13	2	2	64	0x3fff8b80	1.9964447021484375
7	v_heads	13	3	1	104	0xbfe24bcd	-1.767938256263733
7	v_heads	14	0	4	54	0xc016928e	-2.3526949882507324
7	v_heads	14	1	5	10	0xc00f7198	-2.2413082122802734
7	v_heads	14	2	1	26	0x400d476f	2.2074849605560303
7	v_heads	14	3	7	107	0x40012e48	2.0184497833251953
7	v_heads	15	0	4	54	0xc045e654	-3.0921831130981445
7	v_heads	15	1	4	103	0x402daa7f	2.713531255722046
7	v_heads	15	2	5	10	0xc01ff8b2	-2.49955415725708
7	v_heads	15	3	1	26	0x401df192	2.467869281768799
7	v_heads	16	0	2	35	0x405d5342	3.4582066535949707
7	v_heads	16	1	4	54	0xc017f273	-2.3741729259490967
7	v_heads	16	2	1	104	0xc002f6fe	-2.046325206756592
7	v_heads	16	3	4	103	0x40015193	2.020603895187378
7	v_heads	17	0	1	104	0xc046571e	-3.099067211151123
7	v_heads	17	1	1	26	0x400e28f9	2.2212507724761963
7	v_heads	17	2	1	94	0x40079f19	2.1190855503082275
7	v_heads	17	3	5	10	0xc0029569	-2.0403692722320557
8	k_rope	0	0	2	63	0xc1f3ae5b	-30.460134506225586
8	k_rope	0	1	2	127	0xc1c49801	-24.574220657348633
8	k_rope	0	2	3	62	0xc1b53eee	-22.65572738647461
8	k_rope	0	3	0	60	0xc1ae5962	-21.793643951416016
8	k_rope	1	0	5	51	0xc1b5b59a	-22.713672637939453
8	k_rope	1	1	6	51	0x41ab5843	21.4180965423584
8	k_rope	1	2	7	51	0xc1a1d895	-20.23075294494629
8	k_rope	1	3	4	51	0xc1a0f0c1	-20.117555618286133
8	k_rope	2	0	5	51	0xc1b535c4	-22.65125274658203
8	k_rope	2	1	7	51	0xc1acd517	-21.604047775268555
8	k_rope	2	2	0	51	0x419e5fe1	19.796815872192383
8	k_rope	2	3	1	51	0xc1987eb5	-19.06186866760254
8	k_rope	3	0	5	51	0xc1b136d1	-22.151765823364258
8	k_rope	3	1	7	51	0xc1aa656e	-21.29952621459961
8	k_rope	3	2	0	51	0x41a01619	20.01078987121582
8	k_rope	3	3	2	51	0xc194c31b	-18.595266342163086
8	k_rope	4	0	5	51	0xc1b3d172	-22.47726821899414
8	k_rope	4	1	0	51	0x41aff9f8	21.997055053710938
8	k_rope	4	2	1	51	0xc1a423b7	-20.517438888549805
8	k_rope	4	3	4	51	0xc19e74eb	-19.80708885192871
8	k_rope	5	0	0	51	0x41c9dc21	25.232484817504883
8	k_rope	5	1	5	51	0xc1c2334d	-24.275049209594727
8	k_rope	5	2	1	51	0xc1b94f64	-23.16376495361328
8	k_rope	5	3	4	51	0xc1b6e2ca	-22.860736846923828
8	k_rope	6	0	0	51	0x41b46b40	22.5523681640625
8	k_rope	6	1	4	51	0xc1afd0ea	-21.977008819580078
8	k_rope	6	2	1	51	0xc1a764cc	-20.924217224121094
8	k_rope	6	3	6	51	0x41a405fb	20.502920150756836
8	k_rope	7	0	0	51	0x41ad4147	21.65687370300293
8	k_rope	7	1	5	51	0xc19d9364	-19.69696807861328
8	k_rope	7	2	7	51	0xc19a8703	-19.3159236907959
8	k_rope	7	3	4	51	0xc194efbd	-18.6170597076416
8	k_rope	8	0	5	51	0xc1b8fcb1	-23.123384475708008
8	k_rope	8	1	7	51	0xc1b091d0	-22.071197509765625
8	k_rope	8	2	0	51	0x41a4bf0f	20.593290328979492
8	k_rope	8	3	4	51	0xc196836e	-18.81417465209961
8	k_rope	9	0	0	51	0x41be794e	23.80923080444336
8	k_rope	9	1	5	51	0xc1b62d2f	-22.772062301635742
8	k_rope	9	2	6	51	0x41ab8cd1	21.443758010864258
8	k_rope	9	3	1	51	0xc1a4a083	-20.5783748626709
8	k_rope	10	0	7	51	0xc198ed77	-19.115949630737305
8	k_rope	10	1	2	51	0xc175ede8	-15.370582580566406
8	k_rope	10	2	3	51	0x416044f7	14.016837120056152
8	k_rope	10	3	6	127	0x41532938	13.197563171386719
8	k_rope	11	0	5	51	0xc1c44fa1	-24.538881301879883
8	k_rope	11	1	1	51	0xc1ba7eec	-23.311973571777344
8	k_rope	11	2	6	51	0x41aaaff7	21.335920333862305
8	k_rope	11	3	0	51	0x41a49d09	20.576677322387695
8	k_rope	12	0	5	51	0xc1ae9b7c	-21.82592010498047
8	k_rope	12	1	0	51	0x41a940e1	21.156679153442383
8	k_rope	12	2	1	51	0xc1a0ef56	-20.116863250732422
8	k_rope	12	3	7	51	0xc19cfb5b	-19.622732162475586
8	k_rope	13	0	5	51	0xc1d77284	-26.93091583251953
8	k_rope	13	1	1	51	0xc1b8e62f	-23.112394332885742
8	k_rope	13	2	7	51	0xc1b35766	-22.417675018310547
8	k_rope	13	3	0	51	0x419e78fd	19.8090763092041
8	k_rope	14	0	4	51	0xc1c77c99	-24.93583869934082
8	k_rope	14	1	1	51	0xc1c71eca	-24.890033721923828
8	k_rope	14	2	5	51	0xc1b9158f	-23.135526657104492
8	k_rope	14	3	0	51	0x41b104bb	22.127309799194336
8	k_rope	15	0	0	51	0x41d05c2a	26.045001983642578
8	k_rope	15	1	4	51	0xc1cebbf1	-25.841768264770508
8	k_rope	15	2	1	51	0xc1c4e16a	-24.610065460205078
8	k_rope	15	3	5	51	0xc1ada70b	-21.70656394958496
8	k_rope	16	0	7	51	0xc1843020	-16.52349853515625
8	k_rope	16	1	2	51	0xc178dfc7	-15.554633140563965
8	k_rope	16	2	2	127	0xc1551d4b	-13.31965160369873
8	k_rope	16	3	6	127	0x4148065a	12.501550674438477
8	k_rope	17	0	5	51	0xc1b8269d	-23.01885414123535
8	k_rope	17	1	0	51	0x41af9057	21.945478439331055
8	k_rope	17	2	1	51	0xc1a835ec	-21.026329040527344
8	k_rope	17	3	4	51	0xc1a106db	-20.128347396850586
8	v_heads	0	0	6	81	0xbf53c071	-0.8271551728248596
8	v_heads	0	1	5	1	0xbf49713c	-0.786884069442749
8	v_heads	0	2	7	2	0xbf2e0d44	-0.6798899173736572
8	v_heads	0	3	1	70	0x3f120d4c	0.5705153942108154
8	v_heads	1	0	0	82	0x3fdf7070	1.7456188201904297
8	v_heads	1	1	6	7	0x3fd82447	1.688607096672058
8	v_heads	1	2	2	61	0xbfc91e33	-1.571234107017517
8	v_heads	1	3	4	114	0x3fc31dc7	1.5243462324142456
8	v_heads	2	0	7	53	0xc05e81e1	-3.476677179336548
8	v_heads	2	1	5	114	0x4052a566	3.2913451194763184
8	v_heads	2	2	5	9	0xc04c9bf6	-3.197019100189209
8	v_heads	2	3	1	42	0xc02ecf4d	-2.731402635574341
8	v_heads	3	0	5	114	0x4064f5fc	3.5775136947631836
8	v_heads	3	1	7	125	0xc05ae318	-3.4201107025146484
8	v_heads	3	2	1	42	0xc04ba1ad	-3.1817429065704346
8	v_heads	3	3	1	70	0x401b97b9	2.431135416030884
8	v_heads	4	0	5	114	0x4045c38c	3.090060234069824
8	v_heads	4	1	7	53	0xc03fa8ed	-2.994685411453247
8	v_heads	4	2	1	12	0xc03c845f	-2.9455792903900146
8	v_heads	4	3	2	61	0xc03a36de	-2.9095988273620605
8	v_heads	5	0	5	114	0x404b0afd	3.1725456714630127
8	v_heads	5	1	1	12	0xc03f109e	-2.985389232635498
8	v_heads	5	2	5	9	0xc02e24d2	-2.7209973335266113
8	v_heads	5	3	7	77	0xc015dc42	-2.3415684700012207
8	v_heads	6	0	1	70	0x401a6292	2.412266254425049
8	v_heads	6	1	7	125	0xc01277bc	-2.288558006286621
8	v_heads	6	2	5	114	0x40105dfe	2.255736827850342
8	v_heads	6	3	1	124	0x400a8c16	2.1648001670837402
8	v_heads	7	0	7	53	0xc0382c84	-2.8777170181274414
8	v_heads	7	1	1	70	0x402183a4	2.5236597061157227
8	v_heads	7	2	5	114	0x4013a140	2.3067169189453125
8	v_heads	7	3	7	125	0xc0089b06	-2.1344618797302246
8	v_heads	8	0	0	28	0x400c99c2	2.1968846321105957
8	v_heads	8	1	1	12	0xc0070e47	-2.110246419906616
8	v_heads	8	2	0	87	0xc00682a3	-2.1017234325408936
8	v_heads	8	3	5	114	0x4004a030	2.072277069091797
8	v_heads	9	0	6	81	0x4039d2c6	2.903489589691162
8	v_heads	9	1	2	61	0xc0269108	-2.602602005004883
8	v_heads	9	2	5	114	0x4006e6fc	2.1078481674194336
8	v_heads	9	3	5	6	0x40008b4b	2.0085017681121826
8	v_heads	10	0	6	8	0x40df0408	6.969242095947266
8	v_heads	10	1	6	48	0x40aa7bb2	5.32759952545166
8	v_heads	10	2	5	17	0xc0a4812b	-5.140767574310303
8	v_heads	10	3	1	104	0x409cbd74	4.898126602172852
8	v_heads	11	0	5	114	0x40083753	2.1283767223358154
8	v_heads	11	1	7	53	0xbfef1f7d	-1.8681484460830688
8	v_heads	11	2	7	125	0xbfeea803	-1.8645023107528687
8	v_heads	11	3	3	82	0xbfe721b2	-1.805715799331665
8	v_heads	12	0	7	53	0xc0487634	-3.1322145462036133
8	v_heads	12	1	0	87	0xc039d5ef	-2.9036824703216553
8	v_heads	12	2	5	114	0x4031cf68	2.7782840728759766
8	v_heads	12	3	5	9	0xc02b1f3c	-2.673781394958496
8	v_heads	13	0	3	82	0xc026a4f9	-2.6038191318511963
8	v_heads	13	1	2	61	0xc01bdcb8	-2.4353466033935547
8	v_heads	13	2	7	15	0x40081157	2.126058340072632
8	v_heads	13	3	6	97	0x40056af0	2.0846519470214844
8	v_heads	14	0	3	82	0xc073fbe1	-3.812248468399048
8	v_heads	14	1	2	61	0xc02fffbe	-2.7499842643737793
8	v_heads	14	2	7	53	0xc02a9976	-2.665616512298584
8	v_heads	14	3	0	71	0x40179c83	2.3689277172088623
8	v_heads	15	0	1	12	0xc0513da0	-3.2693862915039062
8	v_heads	15	1	7	53	0xc02873c2	-2.6320652961730957
8	v_heads	15	2	5	80	0x401d8fcd	2.461901903152466
8	v_heads	15	3	5	114	0x400bb900	2.18316650390625
8	v_heads	16	0	6	8	0x41b5ec42	22.740360260009766
8	v_heads	16	1	5	17	0xc18160a6	-16.172191619873047
8	v_heads	16	2	6	124	0xc1814928	-16.160720825195312
8	v_heads	16	3	5	88	0xc17dc0a0	-15.859527587890625
8	v_heads	17	0	7	53	0xc0286f59	-2.63179612159729
8	v_heads	17	1	0	87	0xc0270b21	-2.6100542545318604
8	v_heads	17	2	3	111	0x40189cca	2.3845696449279785
8	v_heads	17	3	1	70	0x4010648e	2.2561373710632324
9	k_rope	0	0	6	63	0xc19892ed	-19.071741104125977
9	k_rope	0	1	1	58	0x4157bcc5	13.483586311340332
9	k_rope	0	2	0	127	0x4152a353	13.164874076843262
9	k_rope	0	3	2	123	0xc13bbb8c	-11.733287811279297
9	k_rope	1	0	0	117	0x421e7287	39.61184310913086
9	k_rope	1	1	5	117	0x42061cb8	33.528045654296875
9	k_rope	1	2	2	117	0xc20565f2	-33.34955596923828
9	k_rope	1	3	4	117	0xc2019b04	-32.40138244628906
9	k_rope	2	0	0	117	0x420bc22e	34.93962860107422
9	k_rope	2	1	5	117	0x420018b4	32.02412414550781
9	k_rope	2	2	2	117	0xc1ea9273	-29.321508407592773
9	k_rope	2	3	0	41	0xc1e55a28	-28.669021606445312
9	k_rope	3	0	5	117	0x41f11540	30.1353759765625
9	k_rope	3	1	2	117	0xc1e82531	-29.018159866333008
9	k_rope	3	2	0	117	0x41dfca32	27.97372817993164
9	k_rope	3	3	6	117	0x41c14a0f	24.161161422729492
9	k_rope	4	0	0	117	0x41efc025	29.968820571899414
9	k_rope	4	1	5	46	0x41eeccf9	29.85008430480957
9	k_rope	4	2	5	117	0x41e19d0d	28.201684951782227
9	k_rope	4	3	2	117	0xc1dd95f8	-27.698226928710938
9	k_rope	5	0	5	117	0x41ea4176	29.281963348388672
9	k_rope	5	1	6	117	0x41e390d2	28.44571304321289
9	k_rope	5	2	5	46	0x41d9f840	27.2462158203125
9	k_rope	5	3	0	117	0x41cbaa5f	25.458189010620117
9	k_rope	6	0	6	117	0x41f4ce35	30.60068702697754
9	k_rope	6	1	5	117	0x41ed95ea	29.698200225830078
9	k_rope	6	2	5	46	0x41dd8a7a	27.692615509033203
9	k_rope	6	3	0	117	0x41d84851	27.035310745239258
9	k_rope	7	0	5	117	0x41f279bc	30.30944061279297
9	k_rope	7	1	5	46	0x41eb5ffa	29.421863555908203
9	k_rope	7	2	0	117	0x41e4bc34	28.591896057128906
9	k_rope	7	3	4	117	0xc1d25b70	-26.294647216796875
9	k_rope	8	0	5	117	0x41eb5df8	29.420883178710938
9	k_rope	8	1	2	117	0xc1e35ef9	-28.42137336730957
9	k_rope	8	2	4	117	0xc1e0208b	-28.01589012145996
9	k_rope	8	3	5	46	0x41dc875c	27.56609344482422
9	k_rope	9	0	2	117	0xc2046151	-33.095035552978516
9	k_rope	9	1	0	117	0x41fd1050	31.632965087890625
9	k_rope	9	2	5	46	0x41ee557e	29.791744232177734
9	k_rope	9	3	5	117	0x41e0268b	28.01881980895996
9	k_rope	10	0	1	117	0x41f36894	30.426063537597656
9	k_rope	10	1	2	117	0xc1f161c4	-30.17273712158203
9	k_rope	10	2	4	117	0xc1df55a2	-27.916812896728516
9	k_rope	10	3	5	117	0x41ddf067	27.74238395690918
9	k_rope	11	0	5	117	0x420c109d	35.0162239074707
9	k_rope	11	1	0	117	0x42074844	33.82057189941406
9	k_rope	11	2	5	46	0x4202c2d5	32.69026565551758
9	k_rope	11	3	2	117	0xc1f4204a	-30.515766143798828
9	k_rope	12	0	5	117	0x4211a064	36.40663146972656
9	k_rope	12	1	0	117	0x420a3ee7	34.56142807006836
9	k_rope	12	2	2	117	0xc2072a7f	-33.791500091552734
9	k_rope	12	3	5	46	0x41deff61	27.874696731567383
9	k_rope	13	0	2	117	0xc20626e2	-33.53797149658203
9	k_rope	13	1	5	117	0x41f83985	31.028085708618164
9	k_rope	13	2	4	117	0xc1f71e85	-30.889902114868164
9	k_rope	13	3	0	117	0x41ea1706	29.261241912841797
9	k_rope	14	0	5	117	0x4203cc53	32.94953536987305
9	k_rope	14	1	5	46	0x41ed4678	29.659408569335938
9	k_rope	14	2	0	117	0x41ea48cb	29.28554344177246
9	k_rope	14	3	3	117	0x41df139d	27.88457679748535
9	k_rope	15	0	5	117	0x4202c227	32.68960189819336
9	k_rope	15	1	6	117	0x4200a217	32.15829086303711
9	k_rope	15	2	5	46	0x41d0ce89	26.100847244262695
9	k_rope	15	3	0	117	0x41ca516f	25.289762496948242
9	k_rope	16	0	6	117	0x42154c00	37.32421875
9	k_rope	16	1	5	117	0x41ffc399	31.97050666809082
9	k_rope	16	2	4	117	0xc1f71dcc	-30.889549255371094
9	k_rope	16	3	1	117	0x41da5adb	27.294363021850586
9	k_rope	17	0	5	117	0x42081b0c	34.02641296386719
9	k_rope	17	1	0	117	0x4202a988	32.665557861328125
9	k_rope	17	2	6	117	0x41f6349f	30.775693893432617
9	k_rope	17	3	5	46	0x41ee910f	29.820829391479492
9	v_heads	0	0	4	100	0x3fc48774	1.535383701324463
9	v_heads	0	1	0	39	0x3fa8508c	1.314958095550537
9	v_heads	0	2	6	107	0xbf86e405	-1.0538336038589478
9	v_heads	0	3	4	98	0xbf815c08	-1.0106210708618164
9	v_heads	1	0	4	98	0x402c86e4	2.695733070373535
9	v_heads	1	1	5	84	0xc0281f7d	-2.6269218921661377
9	v_heads	1	2	2	45	0xc019f1b1	-2.405376672744751
9	v_heads	1	3	5	1	0x4019d56b	2.403650999069214
9	v_heads	2	0	5	84	0xc03e3e12	-2.972538471221924
9	v_heads	2	1	7	26	0xc0380319	-2.8751890659332275
9	v_heads	2	2	2	90	0x4032e354	2.7951250076293945
9	v_heads	2	3	5	43	0x4028726f	2.6319844722747803
9	v_heads	3	0	6	7	0xc07b4322	-3.9259724617004395
9	v_heads	3	1	6	98	0x40720e92	3.782139301300049
9	v_heads	3	2	2	46	0xc0497a5d	-3.1480934619903564
9	v_heads	3	3	1	20	0x4046138c	3.094943046569824
9	v_heads	4	0	2	87	0x40608d0b	3.50860857963562
9	v_heads	4	1	6	98	0x405792ad	3.3683273792266846
9	v_heads	4	2	0	83	0x403fbe6c	2.995997428894043
9	v_heads	4	3	2	45	0xc03dc97e	-2.965423107147217
9	v_heads	5	0	1	125	0x404f9972	3.2437405586242676
9	v_heads	5	1	2	46	0xc0418011	-3.0234415531158447
9	v_heads	5	2	6	98	0x403e2c27	2.971444845199585
9	v_heads	5	3	7	61	0x403ccd13	2.950016736984253
9	v_heads	6	0	2	46	0xc054665f	-3.3187482357025146
9	v_heads	6	1	6	8	0x4040cfa6	3.012673854827881
9	v_heads	6	2	5	1	0x4035eb71	2.8424952030181885
9	v_heads	6	3	7	79	0x402ec9e6	2.7310729026794434
9	v_heads	7	0	6	98	0x404f5d82	3.240082263946533
9	v_heads	7	1	5	43	0x403cb89e	2.948768138885498
9	v_heads	7	2	0	38	0x402f5331	2.739452600479126
9	v_heads	7	3	2	46	0xc02a4167	-2.6602418422698975
9	v_heads	8	0	6	98	0x409ff8b3	4.999108791351318
9	v_heads	8	1	6	7	0xc06829e3	-3.627556562423706
9	v_heads	8	2	5	43	0x40597c76	3.398221492767334
9	v_heads	8	3	6	49	0xc051394a	-3.2691216468811035
9	v_heads	9	0	2	87	0x4094200b	4.62891149520874
9	v_heads	9	1	2	45	0xc08c4078	-4.382869720458984
9	v_heads	9	2	6	30	0x4048b7cf	3.136218786239624
9	v_heads	9	3	6	7	0xc0467fdf	-3.1015546321868896
9	v_heads	10	0	0	19	0xc0439fa6	-3.056619167327881
9	v_heads	10	1	0	68	0xc02c5542	-2.6927037239074707
9	v_heads	10	2	0	122	0x401e19c5	2.470322847366333
9	v_heads	10	3	0	13	0xc009c444	-2.152604103088379
9	v_heads	11	0	6	92	0xc08c242a	-4.3794145584106445
9	v_heads	11	1	7	103	0x4068cbdd	3.6374428272247314
9	v_heads	11	2	2	87	0x4055596f	3.3335835933685303
9	v_heads	11	3	6	104	0x4047e6ed	3.123469591140747
9	v_heads	12	0	6	7	0xc05a938e	-3.4152560234069824
9	v_heads	12	1	2	90	0x4049e997	3.1548821926116943
9	v_heads	12	2	7	59	0x403cde6b	2.951075315475464
9	v_heads	12	3	7	118	0xc03322c6	-2.798997402191162
9	v_heads	13	0	6	7	0xc0a2670a	-5.075078010559082
9	v_heads	13	1	5	109	0xc0501f5b	-3.2519137859344482
9	v_heads	13	2	6	98	0x403e5180	2.973724365234375
9	v_heads	13	3	7	98	0xc023f3b3	-2.561749219894409
9	v_heads	14	0	6	92	0xc0a005a7	-5.00068998336792
9	v_heads	14	1	2	45	0xc06ac0ec	-3.668025016784668
9	v_heads	14	2	7	97	0x40649d5c	3.5721044540405273
9	v_heads	14	3	7	99	0xc05e2cff	-3.471496343612671
9	v_heads	15	0	6	92	0xc09073ab	-4.514119625091553
9	v_heads	15	1	6	30	0x406d4dd8	3.707876205444336
9	v_heads	15	2	7	61	0x404b6ceb	3.178522825241089
9	v_heads	15	3	7	103	0x403112c4	2.766770362854004
9	v_heads	16	0	6	7	0xc06ae84e	-3.67042875289917
9	v_heads	16	1	0	68	0xc0609eb7	-3.5096871852874756
9	v_heads	16	2	0	19	0xc05f8e76	-3.493070125579834
9	v_heads	16	3	0	47	0x4052b688	3.292390823364258
9	v_heads	17	0	6	92	0xc0903bf9	-4.507320880889893
9	v_heads	17	1	5	43	0x4058362d	3.3783066272735596
9	v_heads	17	2	7	103	0x405502c4	3.328293800354004
9	v_heads	17	3	6	49	0xc02d8101	-2.710998773574829
10	k_rope	0	0	1	124	0xc1862954	-16.770179748535156
10	k_rope	0	1	6	126	0x416a85e9	14.657692909240723
10	k_rope	0	2	0	124	0x415f9652	13.974199295043945
10	k_rope	0	3	2	127	0x415be44d	13.743237495422363
10	k_rope	1	0	1	49	0xc257b586	-53.927268981933594
10	k_rope	1	1	6	49	0xc24a6922	-50.60266876220703
10	k_rope	1	2	0	49	0x424a156e	50.52092742919922
10	k_rope	1	3	4	49	0x423369d0	44.85333251953125
10	k_rope	2	0	4	49	0x424bac99	50.91855239868164
10	k_rope	2	1	1	49	0xc23d75c4	-47.36500549316406
10	k_rope	2	2	2	49	0x422d8268	43.377349853515625
10	k_rope	2	3	0	49	0x422b76d4	42.86604309082031
10	k_rope	3	0	4	49	0x424946c2	50.31909942626953
10	k_rope	3	1	0	49	0x423cd7b3	47.21064376831055
10	k_rope	3	2	1	49	0xc22e51d1	-43.579898834228516
10	k_rope	3	3	5	49	0xc22bd6e1	-42.959842681884766
10	k_rope	4	0	2	49	0x424b660b	50.84965133666992
10	k_rope	4	1	4	49	0x42394c6b	46.32462692260742
10	k_rope	4	2	6	49	0xc22c582a	-43.086097717285156
10	k_rope	4	3	1	49	0xc223170c	-40.77250671386719
10	k_rope	5	0	6	49	0xc2317dd0	-44.37286376953125
10	k_rope	5	1	0	49	0x4221ad5c	40.41929626464844
10	k_rope	5	2	4	49	0x4219d750	38.46026611328125
10	k_rope	5	3	5	49	0xc21891a7	-38.14223861694336
10	k_rope	6	0	0	49	0x423105c2	44.25562286376953
10	k_rope	6	1	2	49	0x422f7571	43.864688873291016
10	k_rope	6	2	6	49	0xc2220a58	-40.510101318359375
10	k_rope	6	3	4	49	0x4216a170	37.65765380859375
10	k_rope	7	0	0	49	0x423a0eaf	46.514339447021484
10	k_rope	7	1	1	49	0xc23639a1	-45.556278228759766
10	k_rope	7	2	7	49	0x42347a5d	45.1194953918457
10	k_rope	7	3	5	49	0xc230c19a	-44.189064025878906
10	k_rope	8	0	0	49	0x42405b63	48.0892448425293
10	k_rope	8	1	4	49	0x423e1e67	47.52968978881836
10	k_rope	8	2	5	49	0xc22d2ead	-43.29558181762695
10	k_rope	8	3	1	49	0xc22a4a68	-42.572662353515625
10	k_rope	9	0	6	49	0xc22d87fb	-43.38279342651367
10	k_rope	9	1	1	49	0xc2271eb3	-41.77997970581055
10	k_rope	9	2	4	49	0x422402ac	41.00260925292969
10	k_rope	9	3	2	49	0x421a052f	38.505062103271484
10	k_rope	10	0	1	49	0xc24115c8	-48.271270751953125
10	k_rope	10	1	2	49	0x423d8ddd	47.3885383605957
10	k_rope	10	2	0	49	0x422c8447	43.12917709350586
10	k_rope	10	3	6	49	0xc22268a1	-40.602176666259766
10	k_rope	11	0	6	49	0xc27334e1	-60.801639556884766
10	k_rope	11	1	1	49	0xc26aaa13	-58.66608810424805
10	k_rope	11	2	2	49	0x4267b4d3	57.92658615112305
10	k_rope	11	3	4	49	0x426034f7	56.05172348022461
10	k_rope	12	0	2	49	0x425fbba3	55.9332389831543
10	k_rope	12	1	4	49	0x425d0ed8	55.264495849609375
10	k_rope	12	2	1	49	0xc2518d68	-52.388092041015625
10	k_rope	12	3	0	49	0x424fe155	51.97005081176758
10	k_rope	13	0	4	49	0x42674775	57.81978225708008
10	k_rope	13	1	6	49	0xc25498f2	-53.14936065673828
10	k_rope	13	2	0	49	0x42434d37	48.82540512084961
10	k_rope	13	3	1	49	0xc2413c09	-48.30862808227539
10	k_rope	14	0	4	49	0x42573ace	53.80742645263672
10	k_rope	14	1	2	49	0x4236cd89	45.70071792602539
10	k_rope	14	2	1	49	0xc23350a4	-44.82875061035156
10	k_rope	14	3	6	49	0xc230fa40	-44.244384765625
10	k_rope	15	0	1	49	0xc24124a1	-48.285770416259766
10	k_rope	15	1	4	49	0x4234725d	45.1116828918457
10	k_rope	15	2	6	49	0xc2334d74	-44.82563781738281
10	k_rope	15	3	0	49	0x422a6f19	42.60849380493164
10	k_rope	16	0	2	49	0x4241090e	48.25884246826172
10	k_rope	16	1	1	49	0xc23f98a6	-47.899070739746094
10	k_rope	16	2	0	49	0x4233af05	44.92091751098633
10	k_rope	16	3	6	49	0xc22fb08a	-43.922401428222656
10	k_rope	17	0	1	49	0xc272878d	-60.63237380981445
10	k_rope	17	1	0	49	0x4262b175	56.67329788208008
10	k_rope	17	2	4	49	0x425df508	55.489288330078125
10	k_rope	17	3	6	49	0xc259c9b4	-54.44697570800781
10	v_heads	0	0	1	22	0xbfce39c4	-1.611137866973877
10	v_heads	0	1	7	41	0x3fa800e5	1.3125272989273071
10	v_heads	0	2	1	25	0xbfa6cf58	-1.3032026290893555
10	v_heads	0	3	2	106	0xbf9fd69d	-1.2487369775772095
10	v_heads	1	0	4	94	0xc05863e2	-3.381096363067627
10	v_heads	1	1	6	15	0xc037838a	-2.867403507232666
10	v_heads	1	2	1	52	0xc01bb0d4	-2.4326677322387695
10	v_heads	1	3	3	114	0x4016c086	2.3555006980895996
10	v_heads	2	0	7	70	0xc09ee77e	-4.965758323669434
10	v_heads	2	1	5	92	0x4062d317	3.5441339015960693
10	v_heads	2	2	1	94	0x406262f6	3.537290096282959
10	v_heads	2	3	3	62	0xc042f06b	-3.045923948287964
10	v_heads	3	0	7	70	0xc07d9475	-3.962186098098755
10	v_heads	3	1	5	92	0x407cf02d	3.9521591663360596
10	v_heads	3	2	1	94	0x4063902b	3.5556743144989014
10	v_heads	3	3	4	60	0x4054be97	3.3241326808929443
10	v_heads	4	0	0	8	0xc041f2fc	-3.0304555892944336
10	v_heads	4	1	5	92	0x403dc741	2.9652864933013916
10	v_heads	4	2	5	37	0x40336cc5	2.803513765335083
10	v_heads	4	3	3	62	0xc02e225f	-2.7208478450775146
10	v_heads	5	0	5	92	0x408b860f	4.360114574432373
10	v_heads	5	1	7	12	0xc04a7b11	-3.1637613773345947
10	v_heads	5	2	6	30	0x40459866	3.0874266624450684
10	v_heads	5	3	6	28	0xc0451bb0	-3.079814910888672
10	v_heads	6	0	3	62	0xc0644e12	-3.567265033721924
10	v_heads	6	1	7	12	0xc05153a2	-3.2707295417785645
10	v_heads	6	2	5	92	0x404a717a	3.1631760597229004
10	v_heads	6	3	6	2	0xc047c363	-3.121300458908081
10	v_heads	7	0	6	15	0xc0763f1b	-3.8476016521453857
10	v_heads	7	1	5	92	0x406baaa5	3.6822903156280518
10	v_heads	7	2	7	127	0x4066592d	3.5991928577423096
10	v_heads	7	3	3	62	0xc0458eb2	-3.08683443069458
10	v_heads	8	0	5	92	0x40863033	4.193383693695068
10	v_heads	8	1	7	127	0x4077fcfa	3.8748154640197754
10	v_heads	8	2	4	41	0xc05de185	-3.4668896198272705
10	v_heads	8	3	6	15	0xc03c1d50	-2.939289093017578
10	v_heads	9	0	5	63	0xc09995dd	-4.799543857574463
10	v_heads	9	1	3	62	0xc045b07b	-3.0888965129852295
10	v_heads	9	2	2	105	0x403583b2	2.83616304397583
10	v_heads	9	3	7	41	0xc0349528	-2.821603775024414
10	v_heads	10	0	7	41	0x40c464ce	6.13730525970459
10	v_heads	10	1	3	84	0xc066102d	-3.5947372913360596
10	v_heads	10	2	3	114	0x40595104	3.3955698013305664
10	v_heads	10	3	3	83	0x404be7ed	3.186030626296997
10	v_heads	11	0	0	26	0xc03eb424	-2.9797449111938477
10	v_heads	11	1	7	26	0xc03b5328	-2.926950454711914
10	v_heads	11	2	1	94	0x403a43d0	2.910388946533203
10	v_heads	11	3	4	94	0xc02f6166	-2.7403197288513184
10	v_heads	12	0	1	94	0x407fc95e	3.9966654777526855
10	v_heads	12	1	5	92	0x406ecc92	3.731235980987549
10	v_heads	12	2	7	70	0xc06c7969	-3.6949102878570557
10	v_heads	12	3	4	127	0x403fd016	2.9970755577087402
10	v_heads	13	0	4	41	0xc08215de	-4.065169334411621
10	v_heads	13	1	4	68	0xc0816581	-4.043640613555908
10	v_heads	13	2	1	94	0x40748d3c	3.821120262145996
10	v_heads	13	3	4	127	0x406042d8	3.504079818725586
10	v_heads	14	0	6	30	0x4046be36	3.1053595542907715
10	v_heads	14	1	6	127	0x4042ae43	3.0418860912323
10	v_heads	14	2	1	94	0x402b7336	2.6789069175720215
10	v_heads	14	3	0	26	0xc021d69c	-2.52872371673584
10	v_heads	15	0	6	30	0x408166f8	4.043819427490234
10	v_heads	15	1	6	127	0x40748849	3.8208181858062744
10	v_heads	15	2	5	92	0x405d15be	3.4544520378112793
10	v_heads	15	3	0	26	0xc049fbb3	-3.155987501144409
10	v_heads	16	0	7	41	0x410f90ca	8.972848892211914
10	v_heads	16	1	3	83	0x40e373b6	7.107874870300293
10	v_heads	16	2	3	84	0xc0dd977c	-6.924741744995117
10	v_heads	16	3	5	21	0x40802298	4.004222869873047
10	v_heads	17	0	6	15	0xc0599b41	-3.4001009464263916
10	v_heads	17	1	7	126	0x404de0dc	3.2168493270874023
10	v_heads	17	2	5	92	0x40368527	2.851876974105835
10	v_heads	17	3	7	108	0xc034f728	-2.827585220336914
11	k_rope	0	0	1	126	0xc232a17d	-44.6577033996582
11	k_rope	0	1	6	63	0xc1e19a74	-28.200416564941406
11	k_rope	0	2	7	59	0x41c75d17	24.920454025268555
11	k_rope	0	3	0	62	0xc1b3c88b	-22.47292137145996
11	k_rope	1	0	1	126	0xc1a66cfe	-20.803218841552734
11	k_rope	1	1	3	127	0x4167015c	14.43783187866211
11	k_rope	1	2	1	62	0x41433760	12.201019287109375
11	k_rope	1	3	0	126	0x412e593b	10.896784782409668
11	k_rope	2	0	1	126	0xc1aee5ef	-21.862272262573242
11	k_rope	2	1	5	127	0xc17edd8d	-15.929089546203613
11	k_rope	2	2	0	126	0x416a068b	14.62659740447998
11	k_rope	2	3	1	62	0x415eda5e	13.928312301635742
11	k_rope	3	0	1	126	0xc1932bb4	-18.396339416503906
11	k_rope	3	1	5	127	0xc16d18dc	-14.81856918334961
11	k_rope	3	2	1	62	0x416aa573	14.665392875671387
11	k_rope	3	3	0	126	0x4167967a	14.474237442016602
11	k_rope	4	0	1	126	0xc1a053e8	-20.040969848632812
11	k_rope	4	1	1	62	0x41651691	14.318009376525879
11	k_rope	4	2	5	127	0xc15b52bc	-13.707698822021484
11	k_rope	4	3	6	61	0xc14d9ad0	-12.850296020507812
11	k_rope	5	0	1	126	0xc1ceec35	-25.86533546447754
11	k_rope	5	1	6	61	0xc173b251	-15.231034278869629
11	k_rope	5	2	1	124	0x415ab6a7	13.66959285736084
11	k_rope	5	3	0	126	0x4122d5d7	10.177206993103027
11	k_rope	6	0	1	126	0xc1c8f522	-25.119693756103516
11	k_rope	6	1	6	61	0xc1683f1a	-14.515405654907227
11	k_rope	6	2	0	126	0x4137ed49	11.495430946350098
11	k_rope	6	3	5	127	0xc137e044	-11.492252349853516
11	k_rope	7	0	1	126	0xc189829d	-17.18877601623535
11	k_rope	7	1	1	62	0x4169cefb	14.613032341003418
11	k_rope	7	2	6	61	0xc153e26d	-13.242779731750488
11	k_rope	7	3	5	127	0xc13a238a	-11.633676528930664
11	k_rope	8	0	1	126	0xc1a0c221	-20.094789505004883
11	k_rope	8	1	5	127	0xc16cb108	-14.793220520019531
11	k_rope	8	2	6	61	0xc14e0e34	-12.878467559814453
11	k_rope	8	3	1	61	0x41497d11	12.593033790588379
11	k_rope	9	0	1	126	0xc1c462ab	-24.54817771911621
11	k_rope	9	1	0	127	0xc151f392	-13.121965408325195
11	k_rope	9	2	3	127	0x4151aad6	13.104207992553711
11	k_rope	9	3	0	126	0x4143ade1	12.229950904846191
11	k_rope	10	0	1	126	0xc183d52a	-16.479084014892578
11	k_rope	10	1	0	126	0x415ca1ed	13.789532661437988
11	k_rope	10	2	1	63	0x414141e8	12.078590393066406
11	k_rope	10	3	0	127	0xc13f8e1e	-11.972196578979492
11	k_rope	11	0	1	126	0xc1971b99	-18.88847541809082
11	k_rope	11	1	0	126	0x41719200	15.09814453125
11	k_rope	11	2	1	57	0xc154db23	-13.303500175476074
11	k_rope	11	3	5	127	0xc14a8725	-12.657994270324707
11	k_rope	12	0	1	126	0xc189be95	-17.21805763244629
11	k_rope	12	1	5	127	0xc17401f1	-15.250473976135254
11	k_rope	12	2	0	126	0x4173fa02	15.248537063598633
11	k_rope	12	3	1	62	0x416659f4	14.396961212158203
11	k_rope	13	0	1	62	0x41796a3a	15.588434219360352
11	k_rope	13	1	1	126	0xc170d0cd	-15.050976753234863
11	k_rope	13	2	0	126	0x415e5bc1	13.897400856018066
11	k_rope	13	3	5	127	0xc1587fdc	-13.53121566772461
11	k_rope	14	0	1	126	0xc19139fd	-18.1533145904541
11	k_rope	14	1	0	126	0x4151f5d7	13.122519493103027
11	k_rope	14	2	0	127	0xc14ba764	-12.72836685180664
11	k_rope	14	3	1	62	0x414b2d94	12.698627471923828
11	k_rope	15	0	1	126	0xc1ab837e	-21.439205169677734
11	k_rope	15	1	6	61	0xc17e54ad	-15.895672798156738
11	k_rope	15	2	1	124	0x4166ccb7	14.424979209899902
11	k_rope	15	3	0	126	0x414385de	12.220182418823242
11	k_rope	16	0	1	126	0xc1a93a8f	-21.153593063354492
11	k_rope	16	1	6	61	0xc1814047	-16.15638542175293
11	k_rope	16	2	0	126	0x41609e9c	14.03872299194336
11	k_rope	16	3	1	124	0x414492ad	12.285809516906738
11	k_rope	17	0	1	126	0xc17d3c65	-15.827244758605957
11	k_rope	17	1	6	61	0xc159361f	-13.575713157653809
11	k_rope	17	2	5	127	0xc1484a0b	-12.51807689666748
11	k_rope	17	3	1	62	0x41473740	12.45098876953125
11	v_heads	0	0	6	84	0xbfb74aab	-1.4319661855697632
11	v_heads	0	1	5	88	0xbfa98a44	-1.3245320320129395
11	v_heads	0	2	0	46	0xbf8ec5cf	-1.115411639213562
11	v_heads	0	3	6	28	0x3f7da49f	0.9907931685447693
11	v_heads	1	0	6	36	0xc0a9a18e	-5.300971031188965
11	v_heads	1	1	6	77	0xc09a8f86	-4.830019950866699
11	v_heads	1	2	7	48	0xc0948252	-4.640908241271973
11	v_heads	1	3	1	21	0xc0826e5b	-4.0759711265563965
11	v_heads	2	0	1	21	0xc0b9bf2c	-5.804586410522461
11	v_heads	2	1	6	36	0xc0b29dfd	-5.581785678863525
11	v_heads	2	2	6	77	0xc0a4811f	-5.140761852264404
11	v_heads	2	3	6	68	0xc08468ac	-4.137777328491211
11	v_heads	3	0	1	21	0xc0e30c49	-7.095249652862549
11	v_heads	3	1	6	36	0xc0ba8c9f	-5.829665660858154
11	v_heads	3	2	6	77	0xc0a07ddb	-5.0153632164001465
11	v_heads	3	3	6	0	0x40871274	4.221002578735352
11	v_heads	4	0	1	21	0xc0d32892	-6.598702430725098
11	v_heads	4	1	6	36	0xc0b66b57	-5.700603008270264
11	v_heads	4	2	6	77	0xc0a8d2ad	-5.275717258453369
11	v_heads	4	3	5	81	0xc097a4eb	-4.738881587982178
11	v_heads	5	0	6	58	0xc0a3ccec	-5.118764877319336
11	v_heads	5	1	6	9	0xc09fc70d	-4.993048191070557
11	v_heads	5	2	1	21	0xc099e9a4	-4.809770584106445
11	v_heads	5	3	6	77	0xc0903f98	-4.507762908935547
11	v_heads	6	0	1	21	0xc09d2c7a	-4.911679267883301
11	v_heads	6	1	6	36	0xc088a079	-4.269588947296143
11	v_heads	6	2	6	9	0xc064a29e	-3.572425365447998
11	v_heads	6	3	6	77	0xc05b9fac	-3.4316205978393555
11	v_heads	7	0	1	21	0xc0ba4628	-5.821063995361328
11	v_heads	7	1	6	77	0xc0a2612f	-5.0743632316589355
11	v_heads	7	2	6	36	0xc09ebec5	-4.960787296295166
11	v_heads	7	3	6	42	0x4084c740	4.149322509765625
11	v_heads	8	0	1	21	0xc0cc3d28	-6.382465362548828
11	v_heads	8	1	6	84	0x40af736b	5.482839107513428
11	v_heads	8	2	6	63	0xc09b6fd7	-4.857402324676514
11	v_heads	8	3	6	36	0xc0914c65	-4.5405755043029785
11	v_heads	9	0	7	48	0xc09d855d	-4.922529697418213
11	v_heads	9	1	6	63	0xc0959c9c	-4.67536735534668
11	v_heads	9	2	5	93	0xc07df924	-3.9683313369750977
11	v_heads	9	3	0	123	0xc073debd	-3.81046986579895
11	v_heads	10	0	5	36	0x4108bad9	8.54561710357666
11	v_heads	10	1	5	23	0xc100af18	-8.042747497558594
11	v_heads	10	2	5	10	0xc0fba668	-7.864063262939453
11	v_heads	10	3	5	117	0xc0f831a8	-7.756061553955078
11	v_heads	11	0	6	36	0xc0da3f3e	-6.820219993591309
11	v_heads	11	1	1	21	0xc08fcf06	-4.494021415710449
11	v_heads	11	2	4	79	0xc0842dd9	-4.13059663772583
11	v_heads	11	3	6	18	0xc080e19a	-4.027539253234863
11	v_heads	12	0	6	36	0xc0e5eee8	-7.185413360595703
11	v_heads	12	1	1	21	0xc0bffd60	-5.9996795654296875
11	v_heads	12	2	4	100	0x4080e070	4.027397155761719
11	v_heads	12	3	6	0	0x40774f91	3.8642313480377197
11	v_heads	13	0	6	36	0xc0a93068	-5.287158966064453
11	v_heads	13	1	1	21	0xc0a5f453	-5.186074733734131
11	v_heads	13	2	6	84	0x4096ded6	4.7147016525268555
11	v_heads	13	3	6	68	0xc07ab150	-3.917072296142578
11	v_heads	14	0	6	36	0xc0a9561f	-5.291762828826904
11	v_heads	14	1	1	21	0xc09c0593	-4.875680446624756
11	v_heads	14	2	6	84	0x40910b66	4.532641410827637
11	v_heads	14	3	5	81	0xc062ad66	-3.5418334007263184
11	v_heads	15	0	1	21	0xc0a13ab1	-5.038414478302002
11	v_heads	15	1	6	84	0x409c61ad	4.886923313140869
11	v_heads	15	2	6	36	0xc09bb0d8	-4.865337371826172
11	v_heads	15	3	7	115	0xc089f68b	-4.31134557723999
11	v_heads	16	0	5	117	0xc133126e	-11.191999435424805
11	v_heads	16	1	5	23	0xc1329c6b	-11.163187980651855
11	v_heads	16	2	5	36	0x412dbc87	10.858527183532715
11	v_heads	16	3	5	10	0xc1258d0f	-10.346938133239746
11	v_heads	17	0	1	21	0xc0c19400	-6.04931640625
11	v_heads	17	1	6	36	0xc0bd5cf6	-5.917597770690918
11	v_heads	17	2	7	115	0xc09f358d	-4.975286960601807
11	v_heads	17	3	6	84	0x4099cc4f	4.806190013885498
12	k_rope	0	0	0	62	0x41ce8b34	25.817970275878906
12	k_rope	0	1	2	122	0xc1b766e9	-22.925249099731445
12	k_rope	0	2	5	59	0x41907ec2	18.061893463134766
12	k_rope	0	3	1	124	0x41748f81	15.285035133361816
12	k_rope	1	0	7	49	0x42642b3e	57.04222869873047
12	k_rope	1	1	6	49	0x422689cd	41.63457107543945
12	k_rope	1	2	2	49	0x42258119	41.37607192993164
12	k_rope	1	3	5	49	0xc2221bca	-40.527137756347656
12	k_rope	2	0	2	49	0x4223c875	40.94575881958008
12	k_rope	2	1	3	49	0xc21b840b	-38.87894821166992
12	k_rope	2	2	4	49	0x421954c4	38.33277893066406
12	k_rope	2	3	0	49	0xc214c508	-37.192413330078125
12	k_rope	3	0	2	49	0x42316ad4	44.35432434082031
12	k_rope	3	1	7	49	0x422b72f2	42.86225128173828
12	k_rope	3	2	4	49	0x421a154b	38.52079391479492
12	k_rope	3	3	6	49	0x4216de9b	37.71738815307617
12	k_rope	4	0	2	49	0x4244b973	49.18110275268555
12	k_rope	4	1	7	49	0x422c267c	43.03758239746094
12	k_rope	4	2	5	49	0xc223eae4	-40.97938537597656
12	k_rope	4	3	4	49	0x422363bc	40.84739685058594
12	k_rope	5	0	2	49	0x4244efec	49.23429870605469
12	k_rope	5	1	0	49	0xc21b66de	-38.85045623779297
12	k_rope	5	2	7	49	0x4212a13c	36.65745544433594
12	k_rope	5	3	3	49	0xc20c9049	-35.14090347290039
12	k_rope	6	0	2	49	0x423a07c4	46.50758361816406
12	k_rope	6	1	7	49	0x4218c124	38.18861389160156
12	k_rope	6	2	3	49	0xc2171bf4	-37.77729797363281
12	k_rope	6	3	4	49	0x4211f856	36.492515563964844
12	k_rope	7	0	2	49	0x4226b242	41.67407989501953
12	k_rope	7	1	5	49	0xc2124874	-36.57075500488281
12	k_rope	7	2	4	49	0x4208b570	34.17718505859375
12	k_rope	7	3	7	49	0x4207ca94	33.94783020019531
12	k_rope	8	0	2	49	0x422799f0	41.90032958984375
12	k_rope	8	1	7	49	0x4215b03b	37.42210006713867
12	k_rope	8	2	4	49	0x421055c1	36.083744049072266
12	k_rope	8	3	3	49	0xc200a0b1	-32.156925201416016
12	k_rope	9	0	0	49	0xc21b02d7	-38.75277328491211
12	k_rope	9	1	2	49	0x42170c89	37.76224136352539
12	k_rope	9	2	3	49	0xc2165650	-37.58428955078125
12	k_rope	9	3	4	49	0x41e8083c	29.00402069091797
12	k_rope	10	0	2	49	0x42418b9e	48.38634490966797
12	k_rope	10	1	0	49	0xc1caca11	-25.348665237426758
12	k_rope	10	2	4	49	0x411977b7	9.591727256774902
12	k_rope	10	3	3	63	0xc10d22b5	-8.82097339630127
12	k_rope	11	0	7	49	0x424751db	49.82993698120117
12	k_rope	11	1	4	49	0x4245be47	49.43581771850586
12	k_rope	11	2	2	49	0x422a5b8f	42.589412689208984
12	k_rope	11	3	6	49	0x421ee7cb	39.72636032104492
12	k_rope	12	0	4	49	0x4232f8a4	44.74281311035156
12	k_rope	12	1	2	49	0x422c506f	43.078548431396484
12	k_rope	12	2	3	49	0xc2147c39	-37.12131118774414
12	k_rope	12	3	7	49	0x4211036c	36.25334167480469
12	k_rope	13	0	4	49	0x423711de	45.76744842529297
12	k_rope	13	1	0	49	0xc2335ed5	-44.84260940551758
12	k_rope	13	2	7	49	0x4229de09	42.46683120727539
12	k_rope	13	3	2	49	0x42281f87	42.03078842163086
12	k_rope	14	0	0	49	0xc23b6aef	-46.854427337646484
12	k_rope	14	1	2	49	0x42244fe0	41.0780029296875
12	k_rope	14	2	7	49	0x4212dba9	36.71451187133789
12	k_rope	14	3	3	49	0xc210013d	-36.0012092590332
12	k_rope	15	0	0	49	0xc23a85ad	-46.63054275512695
12	k_rope	15	1	2	49	0x4234f9c2	45.24390411376953
12	k_rope	15	2	4	49	0x4223adf7	40.91988754272461
12	k_rope	15	3	7	49	0x4219afea	38.421791076660156
12	k_rope	16	0	2	49	0x4246af84	49.67140197753906
12	k_rope	16	1	0	49	0xc2073fc5	-33.81227493286133
12	k_rope	16	2	4	49	0x4118a61f	9.540556907653809
12	k_rope	16	3	3	63	0xc10caf29	-8.792763710021973
12	k_rope	17	0	2	49	0x4235bac1	45.432376861572266
12	k_rope	17	1	4	49	0x42352f5b	45.29624557495117
12	k_rope	17	2	7	49	0x4233613c	44.84495544433594
12	k_rope	17	3	5	49	0xc21af352	-38.73761749267578
12	v_heads	0	0	3	82	0xbfb14ae2	-1.3850977420806885
12	v_heads	0	1	0	46	0x3fa27615	1.2692285776138306
12	v_heads	0	2	3	15	0xbf803664	-1.001659870147705
12	v_heads	0	3	2	7	0xbf74a292	-0.9556056261062622
12	v_heads	1	0	4	5	0x40601ac1	3.5016329288482666
12	v_heads	1	1	3	3	0xc04bd301	-3.184753656387329
12	v_heads	1	2	4	49	0xc049b81e	-3.151862621307373
12	v_heads	1	3	3	0	0xc042c196	-3.0430655479431152
12	v_heads	2	0	0	17	0x4092e657	4.590617656707764
12	v_heads	2	1	1	51	0x408f0ff2	4.470696449279785
12	v_heads	2	2	5	98	0x40892846	4.286166191101074
12	v_heads	2	3	2	1	0xc088839e	-4.266066551208496
12	v_heads	3	0	3	3	0xc099ec39	-4.810085773468018
12	v_heads	3	1	0	17	0x408a4380	4.32073974609375
12	v_heads	3	2	3	44	0xc07da80f	-3.9633824825286865
12	v_heads	3	3	4	5	0x40669393	3.602757215499878
12	v_heads	4	0	3	112	0xc095434f	-4.664466381072998
12	v_heads	4	1	5	98	0x40868f10	4.204963684082031
12	v_heads	4	2	1	51	0x4079dec0	3.9042205810546875
12	v_heads	4	3	0	114	0xc065082b	-3.5786235332489014
12	v_heads	5	0	0	17	0x4097487c	4.727598190307617
12	v_heads	5	1	4	123	0xc0922e10	-4.568122863769531
12	v_heads	5	2	5	98	0x408e9ddc	4.456769943237305
12	v_heads	5	3	3	112	0xc08aed3e	-4.341460227966309
12	v_heads	6	0	0	17	0x408764f4	4.231073379516602
12	v_heads	6	1	7	107	0x4083fb14	4.124399185180664
12	v_heads	6	2	5	98	0x407def93	3.967747449874878
12	v_heads	6	3	3	126	0xc0701ea9	-3.751871347427368
12	v_heads	7	0	3	62	0xc0a8a414	-5.270029067993164
12	v_heads	7	1	3	70	0x40a19da2	5.050492286682129
12	v_heads	7	2	7	107	0x40854920	4.1651763916015625
12	v_heads	7	3	2	67	0x40808b70	4.017021179199219
12	v_heads	8	0	0	17	0x40c53006	6.162112236022949
12	v_heads	8	1	3	70	0x407f3651	3.9876902103424072
12	v_heads	8	2	5	98	0x4073662c	3.8031110763549805
12	v_heads	8	3	2	67	0x4072086d	3.781764268875122
12	v_heads	9	0	3	126	0x4084266f	4.1296916007995605
12	v_heads	9	1	3	121	0x406fbc9b	3.7458865642547607
12	v_heads	9	2	4	105	0x404f2cc9	3.2371084690093994
12	v_heads	9	3	4	91	0x4049a85e	3.1509013175964355
12	v_heads	10	0	4	45	0x41dbc06c	27.468955993652344
12	v_heads	10	1	4	37	0xc1c4336f	-24.525114059448242
12	v_heads	10	2	4	31	0x41bd6d24	23.67829132080078
12	v_heads	10	3	7	124	0x41ac59a0	21.54376220703125
12	v_heads	11	0	2	4	0x40643495	3.565709352493286
12	v_heads	11	1	3	76	0x4053247a	3.2991013526916504
12	v_heads	11	2	1	51	0x40469c54	3.1032915115356445
12	v_heads	11	3	3	16	0xc0462c77	-3.096463918685913
12	v_heads	12	0	3	46	0xc09b1f1d	-4.847548007965088
12	v_heads	12	1	3	126	0xc084d866	-4.151415824890137
12	v_heads	12	2	2	99	0xc080521d	-4.010023593902588
12	v_heads	12	3	1	51	0x40763c62	3.847435474395752
12	v_heads	13	0	2	99	0xc08eeaac	-4.466146469116211
12	v_heads	13	1	7	43	0x4078ba36	3.8863654136657715
12	v_heads	13	2	3	112	0xc04bc08a	-3.183626651763916
12	v_heads	13	3	0	46	0xc048903a	-3.133802890777588
12	v_heads	14	0	3	112	0xc0848958	-4.141765594482422
12	v_heads	14	1	5	98	0x4071904c	3.7744321823120117
12	v_heads	14	2	3	68	0x4038123d	2.876113176345825
12	v_heads	14	3	1	51	0x4033785c	2.8042211532592773
12	v_heads	15	0	3	112	0xc091d7c2	-4.557587623596191
12	v_heads	15	1	5	98	0x407dcf06	3.9657607078552246
12	v_heads	15	2	4	123	0xc0729b08	-3.790712356567383
12	v_heads	15	3	3	12	0x405b28a0	3.4243545532226562
12	v_heads	16	0	4	45	0x42014f5e	32.32750701904297
12	v_heads	16	1	4	37	0xc1eb5514	-29.416542053222656
12	v_heads	16	2	4	31	0x41d94a9c	27.16143035888672
12	v_heads	16	3	7	124	0x41cebd8e	25.84255599975586
12	v_heads	17	0	2	67	0x40b5ee66	5.685351371765137
12	v_heads	17	1	3	62	0xc09b46c8	-4.852390289306641
12	v_heads	17	2	3	126	0xc08ab3a0	-4.3344268798828125
12	v_heads	17	3	2	34	0xc0822005	-4.066408634185791
13	k_rope	0	0	5	62	0x41bd311e	23.648983001708984
13	k_rope	0	1	4	59	0x41b1d795	22.23026466369629
13	k_rope	0	2	0	127	0xc1ac74af	-21.556974411010742
13	k_rope	0	3	7	126	0x41a361ca	20.422748565673828
13	k_rope	1	0	3	121	0xc13ae439	-11.680718421936035
13	k_rope	1	1	1	45	0x41136ae1	9.213593482971191
13	k_rope	1	2	3	127	0x4111c6c9	9.111031532287598
13	k_rope	1	3	4	123	0xc108e060	-8.554779052734375
13	k_rope	2	0	3	121	0xc125402a	-10.328165054321289
13	k_rope	2	1	3	63	0x41062d0c	8.385997772216797
13	k_rope	2	2	2	120	0x40f8a049	7.769566059112549
13	k_rope	2	3	6	45	0xc0eff7e6	-7.499011039733887
13	k_rope	3	0	3	63	0x414c35d1	12.763138771057129
13	k_rope	3	1	2	120	0x41112ca1	9.073395729064941
13	k_rope	3	2	3	121	0xc10b27ea	-8.697244644165039
13	k_rope	3	3	3	119	0xc102699b	-8.150782585144043
13	k_rope	4	0	3	125	0x41220685	10.126591682434082
13	k_rope	4	1	7	125	0xc1183ef4	-9.515369415283203
13	k_rope	4	2	2	124	0x4101f163	8.121432304382324
13	k_rope	4	3	3	121	0xc0fd8483	-7.922425746917725
13	k_rope	5	0	2	123	0x411c137f	9.754759788513184
13	k_rope	5	1	5	120	0x410bf4f8	8.747306823730469
13	k_rope	5	2	3	125	0x410aa60f	8.665541648864746
13	k_rope	5	3	3	63	0x4105ae8a	8.355112075805664
13	k_rope	6	0	3	60	0x4117c5d3	9.485796928405762
13	k_rope	6	1	3	63	0x41119cc2	9.100770950317383
13	k_rope	6	2	2	123	0x4104b00c	8.292980194091797
13	k_rope	6	3	2	63	0x40fdfd84	7.937196731567383
13	k_rope	7	0	3	60	0x4136c9f7	11.424307823181152
13	k_rope	7	1	7	123	0x410f8f49	8.972481727600098
13	k_rope	7	2	0	60	0xc0fa7f2a	-7.8280229568481445
13	k_rope	7	3	0	127	0xc0f88bae	-7.767050743103027
13	k_rope	8	0	3	63	0x41223588	10.138069152832031
13	k_rope	8	1	7	123	0x411d75ce	9.84126091003418
13	k_rope	8	2	3	60	0x410bd48d	8.739392280578613
13	k_rope	8	3	5	120	0x41031ca9	8.194497108459473
13	k_rope	9	0	3	121	0xc147f38e	-12.49696159362793
13	k_rope	9	1	4	123	0xc13a94d2	-11.661333084106445
13	k_rope	9	2	3	127	0x412c0b22	10.752717971801758
13	k_rope	9	3	2	123	0x410c687f	8.775511741638184
13	k_rope	10	0	3	121	0xc151a317	-13.102316856384277
13	k_rope	10	1	0	37	0xc14ccba4	-12.79971694946289
13	k_rope	10	2	3	127	0x4143deae	12.241865158081055
13	k_rope	10	3	7	110	0x4127a2c8	10.477241516113281
13	k_rope	11	0	3	121	0xc129294c	-10.572582244873047
13	k_rope	11	1	3	127	0x41200112	10.000261306762695
13	k_rope	11	2	7	127	0xc108a2bd	-8.5397310256958
13	k_rope	11	3	6	45	0xc101130e	-8.06715202331543
13	k_rope	12	0	3	63	0x412ea92b	10.916300773620605
13	k_rope	12	1	3	121	0xc11a3cbe	-9.639829635620117
13	k_rope	12	2	2	120	0x41177ef4	9.468494415283203
13	k_rope	12	3	0	127	0xc0ecd234	-7.400659561157227
13	k_rope	13	0	3	63	0x41327fb6	11.156179428100586
13	k_rope	13	1	3	121	0xc121aa5c	-10.10409164428711
13	k_rope	13	2	2	120	0x411335a7	9.20059871673584
13	k_rope	13	3	3	127	0x4111f56a	9.122415542602539
13	k_rope	14	0	3	121	0xc111ddc0	-9.11663818359375
13	k_rope	14	1	2	123	0x410dbeb7	8.859061241149902
13	k_rope	14	2	3	127	0x410cb568	8.794288635253906
13	k_rope	14	3	7	62	0x410b532f	8.707808494567871
13	k_rope	15	0	6	75	0xc130948a	-11.036264419555664
13	k_rope	15	1	5	120	0x411c8642	9.782777786254883
13	k_rope	15	2	2	123	0x4116ce7b	9.425410270690918
13	k_rope	15	3	3	121	0xc1078fcf	-8.472609519958496
13	k_rope	16	0	0	37	0xc1567e6a	-13.405862808227539
13	k_rope	16	1	3	121	0xc14fb91f	-12.982695579528809
13	k_rope	16	2	3	127	0x413ece74	11.925403594970703
13	k_rope	16	3	7	110	0x412aebca	10.682565689086914
13	k_rope	17	0	7	123	0x411225b5	9.13420581817627
13	k_rope	17	1	0	60	0xc10e4ff2	-8.89451789855957
13	k_rope	17	2	3	60	0x40f1f7a7	7.56148099899292
13	k_rope	17	3	7	127	0xc0ecb53e	-7.397124290466309
13	v_heads	0	0	4	10	0xbfd97829	-1.6989794969558716
13	v_heads	0	1	2	30	0xbf835743	-1.026100516319275
13	v_heads	0	2	7	85	0x3f827928	1.019322395324707
13	v_heads	0	3	0	30	0xbf70228a	-0.938027024269104
13	v_heads	1	0	3	62	0xc0633cf5	-3.55059552192688
13	v_heads	1	1	0	82	0x4048620f	3.1309850215911865
13	v_heads	1	2	0	20	0x4047cc1b	3.1218326091766357
13	v_heads	1	3	3	103	0xc03fca49	-2.9967215061187744
13	v_heads	2	0	3	76	0x4088250f	4.254523754119873
13	v_heads	2	1	3	89	0xc085e2e5	-4.1839470863342285
13	v_heads	2	2	5	123	0x40823eda	4.070172309875488
13	v_heads	2	3	7	100	0xc08204f6	-4.063105583190918
13	v_heads	3	0	3	124	0x40b2f19b	5.5919928550720215
13	v_heads	3	1	5	92	0x4080d27a	4.025692939758301
13	v_heads	3	2	7	100	0xc07ce150	-3.951251983642578
13	v_heads	3	3	7	68	0xc0775708	-3.864686965942383
13	v_heads	4	0	3	124	0x40a882e6	5.265978813171387
13	v_heads	4	1	3	110	0xc08a161e	-4.315199851989746
13	v_heads	4	2	5	123	0x407b5306	3.9269423484802246
13	v_heads	4	3	7	24	0xc05796c1	-3.3685762882232666
13	v_heads	5	0	3	110	0xc0ad61c0	-5.418182373046875
13	v_heads	5	1	3	124	0x40a41008	5.126956939697266
13	v_heads	5	2	7	24	0xc08c6b2b	-4.388082027435303
13	v_heads	5	3	0	76	0xc07fd7f5	-3.99755597114563
13	v_heads	6	0	3	124	0x40873351	4.2250142097473145
13	v_heads	6	1	3	32	0x4086e7e2	4.215806007385254
13	v_heads	6	2	0	20	0xc07897d8	-3.884267807006836
13	v_heads	6	3	6	12	0xc070e362	-3.763878345489502
13	v_heads	7	0	3	124	0x409e36a4	4.944169998168945
13	v_heads	7	1	3	110	0xc09bce8f	-4.868964672088623
13	v_heads	7	2	5	1	0x4086f7e1	4.217758655548096
13	v_heads	7	3	6	12	0xc07fdd43	-3.99787974357605
13	v_heads	8	0	3	124	0x40c1f371	6.060966968536377
13	v_heads	8	1	3	110	0xc0bd2248	-5.910434722900391
13	v_heads	8	2	2	121	0xc0855f4e	-4.16788387298584
13	v_heads	8	3	7	85	0xc07f29ea	-3.9869332313537598
13	v_heads	9	0	3	124	0x40a9041f	5.281753063201904
13	v_heads	9	1	0	122	0x40925914	4.573373794555664
13	v_heads	9	2	2	53	0x4089aee9	4.302601337432861
13	v_heads	9	3	2	82	0x406328e6	3.5493712425231934
13	v_heads	10	0	2	42	0xc1c80895	-25.00419044494629
13	v_heads	10	1	2	99	0x41c2cacf	24.349027633666992
13	v_heads	10	2	3	53	0xc1c23e78	-24.280502319335938
13	v_heads	10	3	2	30	0xc1bda99e	-23.707820892333984
13	v_heads	11	0	3	124	0x40871644	4.221467971801758
13	v_heads	11	1	2	55	0xc070fc68	-3.7654056549072266
13	v_heads	11	2	5	1	0x404ee7a6	3.232888698577881
13	v_heads	11	3	0	30	0xc049d297	-3.1534783840179443
13	v_heads	12	0	3	6	0x40950b3a	4.657620429992676
13	v_heads	12	1	3	80	0x408d1d8c	4.409856796264648
13	v_heads	12	2	3	124	0x408783c3	4.23483419418335
13	v_heads	12	3	3	76	0x40862bc7	4.192843914031982
13	v_heads	13	0	3	124	0x40ef823e	7.484648704528809
13	v_heads	13	1	2	55	0xc076a393	-3.853733777999878
13	v_heads	13	2	3	27	0x407013ba	3.751204013824463
13	v_heads	13	3	7	85	0xc069eb00	-3.65496826171875
13	v_heads	14	0	3	124	0x40a3e6eb	5.121938228607178
13	v_heads	14	1	5	13	0xc079c78c	-3.902804374694824
13	v_heads	14	2	3	27	0x4075cdb1	3.840679407119751
13	v_heads	14	3	6	62	0xc063c57a	-3.5589280128479004
13	v_heads	15	0	3	110	0xc0b72a00	-5.723876953125
13	v_heads	15	1	3	124	0x40a3e7bf	5.122039318084717
13	v_heads	15	2	5	49	0xc0883364	-4.25627326965332
13	v_heads	15	3	6	62	0xc086d475	-4.21343469619751
13	v_heads	16	0	2	42	0xc1e88659	-29.06559944152832
13	v_heads	16	1	2	99	0x41e39f4f	28.452787399291992
13	v_heads	16	2	3	53	0xc1dd1ee7	-27.64008903503418
13	v_heads	16	3	2	117	0x41db1be2	27.388614654541016
13	v_heads	17	0	3	110	0xc0bb6d5e	-5.857100486755371
13	v_heads	17	1	5	1	0x40b1d7db	5.5575995445251465
13	v_heads	17	2	3	124	0x40a3a947	5.114413738250732
13	v_heads	17	3	6	12	0xc089d1fa	-4.306881904602051
14	k_rope	0	0	7	127	0x41c68a49	24.817522048950195
14	k_rope	0	1	3	62	0xc1bb8841	-23.441530227661133
14	k_rope	0	2	6	60	0xc1b75621	-22.917055130004883
14	k_rope	0	3	5	58	0xc17d6b1a	-15.838647842407227
14	k_rope	1	0	1	46	0x41f8c246	31.094860076904297
14	k_rope	1	1	6	46	0xc1e221a0	-28.26641845703125
14	k_rope	1	2	2	46	0x41dd9a1b	27.700246810913086
14	k_rope	1	3	0	46	0x41d7de32	26.98349380493164
14	k_rope	2	0	0	46	0x41bd16a1	23.636049270629883
14	k_rope	2	1	1	46	0x419e9ded	19.827112197875977
14	k_rope	2	2	6	46	0xc19b7a70	-19.434783935546875
14	k_rope	2	3	5	46	0x418f0930	17.879486083984375
14	k_rope	3	0	0	46	0x41d874db	27.057058334350586
14	k_rope	3	1	1	46	0x41b7986f	22.949430465698242
14	k_rope	3	2	6	46	0xc19c40bb	-19.531606674194336
14	k_rope	3	3	5	46	0x4181c7b6	16.222515106201172
14	k_rope	4	0	1	46	0x41ea8fd8	29.320236206054688
14	k_rope	4	1	6	46	0xc1dd4a10	-27.661163330078125
14	k_rope	4	2	0	46	0x41d9172c	27.136314392089844
14	k_rope	4	3	5	46	0x419c150e	19.51028060913086
14	k_rope	5	0	1	46	0x41db0d82	27.381595611572266
14	k_rope	5	1	0	46	0x41d17499	26.18193244934082
14	k_rope	5	2	6	46	0xc1c63df5	-24.78025245666504
14	k_rope	5	3	5	46	0x418b30bf	17.398801803588867
14	k_rope	6	0	6	46	0xc1e49245	-28.571420669555664
14	k_rope	6	1	1	46	0x41de9a14	27.825233459472656
14	k_rope	6	2	0	46	0x41d911bd	27.1336612701416
14	k_rope	6	3	5	46	0x41d4d7f2	26.60544204711914
14	k_rope	7	0	0	46	0x41d7a9e1	26.957948684692383
14	k_rope	7	1	6	46	0xc1d19833	-26.199316024780273
14	k_rope	7	2	1	46	0x41b65d77	22.795637130737305
14	k_rope	7	3	5	46	0x41945e7f	18.546140670776367
14	k_rope	8	0	0	46	0x41dd8ed2	27.69473648071289
14	k_rope	8	1	6	46	0xc1ba3249	-23.274553298950195
14	k_rope	8	2	1	46	0x41b218e8	22.262161254882812
14	k_rope	8	3	5	46	0x41afd6bf	21.979856491088867
14	k_rope	9	0	0	46	0x41a80088	21.000259399414062
14	k_rope	9	1	5	46	0x419ee5ac	19.862144470214844
14	k_rope	9	2	1	46	0x419137a1	18.152162551879883
14	k_rope	9	3	2	46	0x418a068b	17.25319480895996
14	k_rope	10	0	7	63	0x41826e4e	16.30385971069336
14	k_rope	10	1	6	46	0xc1724be2	-15.143526077270508
14	k_rope	10	2	4	46	0x415edac4	13.928409576416016
14	k_rope	10	3	5	110	0x4133bcbf	11.233580589294434
14	k_rope	11	0	5	46	0x41c7d369	24.978227615356445
14	k_rope	11	1	0	46	0x41c579d3	24.684484481811523
14	k_rope	11	2	1	46	0x41c3c4b0	24.471038818359375
14	k_rope	11	3	2	46	0x4193f639	18.49522590637207
14	k_rope	12	0	5	46	0x41c5bbff	24.716794967651367
14	k_rope	12	1	1	46	0x41b3f8ba	22.496448516845703
14	k_rope	12	2	0	46	0x41a8ed82	21.115970611572266
14	k_rope	12	3	6	46	0xc1a257fe	-20.292964935302734
14	k_rope	13	0	5	46	0x41dbad47	27.45960807800293
14	k_rope	13	1	1	46	0x41ca9ead	25.327478408813477
14	k_rope	13	2	0	46	0x41c0c25a	24.094898223876953
14	k_rope	13	3	2	46	0x4193a7e5	18.456979751586914
14	k_rope	14	0	5	46	0x41b9298e	23.14529037475586
14	k_rope	14	1	1	46	0x41b70d6e	22.88155746459961
14	k_rope	14	2	0	46	0x419cf364	19.61884307861328
14	k_rope	14	3	6	46	0xc191403b	-18.156362533569336
14	k_rope	15	0	6	46	0xc1b54a81	-22.661378860473633
14	k_rope	15	1	1	46	0x41b25221	22.290102005004883
14	k_rope	15	2	5	46	0x41a07f14	20.062049865722656
14	k_rope	15	3	0	46	0x4198c614	19.096717834472656
14	k_rope	16	0	7	63	0x418396c8	16.448623657226562
14	k_rope	16	1	4	46	0x41689209	14.535653114318848
14	k_rope	16	2	6	46	0xc1633886	-14.201299667358398
14	k_rope	16	3	5	110	0x4133e1f3	11.242663383483887
14	k_rope	17	0	5	46	0x41cd6f8b	25.67946434020996
14	k_rope	17	1	6	46	0xc1cc4eac	-25.538414001464844
14	k_rope	17	2	1	46	0x41c49d93	24.576940536499023
14	k_rope	17	3	0	46	0x41af38a2	21.902652740478516
14	v_heads	0	0	6	123	0x3fc38c60	1.5277214050292969
14	v_heads	0	1	4	17	0x3f9dd234	1.2329773902893066
14	v_heads	0	2	7	76	0x3f9db830	1.2321834564208984
14	v_heads	0	3	6	28	0xbf7ea43f	-0.9946936964988708
14	v_heads	1	0	5	9	0x40a01c14	5.003427505493164
14	v_heads	1	1	4	80	0x40600e0d	3.5008575916290283
14	v_heads	1	2	7	76	0xc0484467	-3.1291749477386475
14	v_heads	1	3	4	67	0xc03be32e	-2.9357409477233887
14	v_heads	2	0	5	9	0x407bc3e7	3.9338319301605225
14	v_heads	2	1	0	34	0x407023b7	3.7521798610687256
14	v_heads	2	2	3	32	0x406aeb1c	3.670599937438965
14	v_heads	2	3	0	26	0xc056e740	-3.3578643798828125
14	v_heads	3	0	0	34	0x409c6a80	4.88800048828125
14	v_heads	3	1	3	32	0x4089bff9	4.304684162139893
14	v_heads	3	2	5	69	0xc0680364	-3.62520694732666
14	v_heads	3	3	7	76	0xc0667d7c	-3.6014089584350586
14	v_heads	4	0	2	9	0x406bbcd7	3.683400869369507
14	v_heads	4	1	6	18	0xc0698692	-3.648838520050049
14	v_heads	4	2	3	107	0x4066c68d	3.6058685779571533
14	v_heads	4	3	7	76	0xc0538544	-3.305008888244629
14	v_heads	5	0	0	34	0x407d239d	3.955298662185669
14	v_heads	5	1	3	72	0x406938f1	3.6441004276275635
14	v_heads	5	2	6	18	0xc066daba	-3.607100009918213
14	v_heads	5	3	3	62	0x40636f0e	3.5536532402038574
14	v_heads	6	0	0	34	0x40614cc6	3.520310878753662
14	v_heads	6	1	7	76	0xc059b65a	-3.401754856109619
14	v_heads	6	2	4	67	0x4056b16b	3.354578733444214
14	v_heads	6	3	5	49	0x404e863b	3.226942777633667
14	v_heads	7	0	4	67	0x4096f09a	4.716870307922363
14	v_heads	7	1	6	81	0xc093e7dd	-4.622053623199463
14	v_heads	7	2	3	107	0x40927337	4.576564311981201
14	v_heads	7	3	7	76	0xc081fb3e	-4.061919212341309
14	v_heads	8	0	4	80	0xc0a25127	-5.07240629196167
14	v_heads	8	1	6	81	0xc08dc341	-4.430084705352783
14	v_heads	8	2	5	49	0x4083c4c2	4.117768287658691
14	v_heads	8	3	4	69	0x4083b788	4.116153717041016
14	v_heads	9	0	5	9	0x40911004	4.533205032348633
14	v_heads	9	1	3	43	0xc058b9ba	-3.386335849761963
14	v_heads	9	2	7	76	0xc05414de	-3.3137736320495605
14	v_heads	9	3	2	9	0x4047614c	3.1153135299682617
14	v_heads	10	0	0	118	0xc1ebf01f	-29.492246627807617
14	v_heads	10	1	6	0	0xc1cb3678	-25.401596069335938
14	v_heads	10	2	0	77	0xc1ba865d	-23.31560707092285
14	v_heads	10	3	5	90	0xc1ba6b08	-23.302261352539062
14	v_heads	11	0	7	76	0xc0bc60cc	-5.886816024780273
14	v_heads	11	1	4	124	0xc0900d30	-4.501609802246094
14	v_heads	11	2	4	77	0xc085986c	-4.174856185913086
14	v_heads	11	3	0	16	0x407577ac	3.8354291915893555
14	v_heads	12	0	7	76	0xc0c44f15	-6.134653568267822
14	v_heads	12	1	0	34	0x40ab7c50	5.358924865722656
14	v_heads	12	2	5	9	0x408d207e	4.410216331481934
14	v_heads	12	3	6	81	0xc08a343d	-4.31887674331665
14	v_heads	13	0	7	76	0xc0a14eac	-5.040853500366211
14	v_heads	13	1	0	112	0x4073c26a	3.8087410926818848
14	v_heads	13	2	2	7	0xc03d9589	-2.962251901626587
14	v_heads	13	3	4	107	0x403bf824	2.9370203018188477
14	v_heads	14	0	3	70	0x406ce9c0	3.7017669677734375
14	v_heads	14	1	2	9	0x40680dc7	3.625840902328491
14	v_heads	14	2	7	76	0xc059a79c	-3.40085506439209
14	v_heads	14	3	0	114	0xc0581e1c	-3.376837730407715
14	v_heads	15	0	3	70	0x40876fb1	4.232384204864502
14	v_heads	15	1	4	112	0x407e366c	3.972071647644043
14	v_heads	15	2	7	76	0xc07c9bf4	-3.947018623352051
14	v_heads	15	3	5	9	0x406fc0d8	3.746145248413086
14	v_heads	16	0	0	118	0xc2100ff3	-36.01557540893555
14	v_heads	16	1	6	0	0xc1fb9358	-31.446945190429688
14	v_heads	16	2	0	77	0xc1e04a92	-28.03641128540039
14	v_heads	16	3	5	90	0xc1de0347	-27.75160026550293
14	v_heads	17	0	4	112	0x40b81744	5.752840042114258
14	v_heads	17	1	7	76	0xc09c7d55	-4.890299320220947
14	v_heads	17	2	4	77	0xc0913b68	-4.538501739501953
14	v_heads	17	3	0	112	0x40905b8e	4.511176109313965
15	k_rope	0	0	3	124	0x41987d77	19.061262130737305
15	k_rope	0	1	2	63	0x4184d36b	16.60323143005371
15	k_rope	0	2	5	59	0x418194ef	16.197721481323242
15	k_rope	0	3	7	122	0xc1654a01	-14.330567359924316
15	k_rope	1	0	2	113	0xc278b227	-62.17397689819336
15	k_rope	1	1	7	113	0x42757ff4	61.37495422363281
15	k_rope	1	2	0	113	0xc271b3a8	-60.425445556640625
15	k_rope	1	3	1	113	0xc2406138	-48.094940185546875
15	k_rope	2	0	7	113	0x427e441d	63.5665168762207
15	k_rope	2	1	2	113	0xc2622fd4	-56.54670715332031
15	k_rope	2	2	0	113	0xc25002b2	-52.00263214111328
15	k_rope	2	3	1	113	0xc244f09f	-49.234981536865234
15	k_rope	3	0	2	113	0xc283dedc	-65.93527221679688
15	k_rope	3	1	7	113	0x426e786f	59.617610931396484
15	k_rope	3	2	0	113	0xc24cf46f	-51.238704681396484
15	k_rope	3	3	6	113	0x4237eace	45.97930145263672
15	k_rope	4	0	7	113	0x428b587f	69.67284393310547
15	k_rope	4	1	2	113	0xc26dcaa1	-59.447879791259766
15	k_rope	4	2	0	113	0xc267b5cc	-57.92753601074219
15	k_rope	4	3	3	113	0x4241166f	48.271907806396484
15	k_rope	5	0	7	113	0x4272c16c	60.68888854980469
15	k_rope	5	1	2	113	0xc266d0a9	-57.70376968383789
15	k_rope	5	2	6	113	0x424aa2a2	50.65882110595703
15	k_rope	5	3	0	113	0xc247232c	-49.78434753417969
15	k_rope	6	0	7	113	0x4268b3dd	58.1756477355957
15	k_rope	6	1	0	113	0xc2673ed6	-57.811363220214844
15	k_rope	6	2	2	113	0xc2577df4	-53.87300109863281
15	k_rope	6	3	3	113	0x42423bcc	48.55839538574219
15	k_rope	7	0	7	113	0x426fd283	59.9555778503418
15	k_rope	7	1	1	113	0xc263d096	-56.953697204589844
15	k_rope	7	2	2	113	0xc25eaa9e	-55.66661834716797
15	k_rope	7	3	3	113	0x425da068	55.406646728515625
15	k_rope	8	0	7	113	0x42826901	65.20508575439453
15	k_rope	8	1	1	113	0xc253dc88	-52.965362548828125
15	k_rope	8	2	2	113	0xc2518e6d	-52.38908767700195
15	k_rope	8	3	0	113	0xc23f24d2	-47.78595733642578
15	k_rope	9	0	0	113	0xc243c75c	-48.94468688964844
15	k_rope	9	1	7	113	0x423a8f8a	46.640174865722656
15	k_rope	9	2	2	113	0xc22c0726	-43.006980895996094
15	k_rope	9	3	3	113	0x42264043	41.5627555847168
15	k_rope	10	0	0	113	0xc25eba7c	-55.68211364746094
15	k_rope	10	1	2	113	0xc25eafa3	-55.6715202331543
15	k_rope	10	2	4	113	0xc248b601	-50.177738189697266
15	k_rope	10	3	7	113	0x4244ee46	49.232688903808594
15	k_rope	11	0	2	113	0xc26f12f4	-59.76850891113281
15	k_rope	11	1	0	113	0xc26af0ce	-58.73516082763672
15	k_rope	11	2	7	113	0x425c8946	55.134056091308594
15	k_rope	11	3	4	113	0xc234ad42	-45.16919708251953
15	k_rope	12	0	2	113	0xc278f806	-62.242210388183594
15	k_rope	12	1	0	113	0xc270c637	-60.19356918334961
15	k_rope	12	2	7	113	0x42683701	58.053714752197266
15	k_rope	12	3	3	113	0x42486e25	50.10756301879883
15	k_rope	13	0	0	113	0xc27b69cf	-62.853328704833984
15	k_rope	13	1	7	113	0x427147d5	60.32014846801758
15	k_rope	13	2	2	113	0xc26bf69d	-58.9908332824707
15	k_rope	13	3	1	113	0xc2454c72	-49.32465362548828
15	k_rope	14	0	0	113	0xc27370ea	-60.860267639160156
15	k_rope	14	1	2	113	0xc269c17e	-58.43895721435547
15	k_rope	14	2	7	113	0x426441c2	57.06421661376953
15	k_rope	14	3	3	113	0x424316c6	48.772239685058594
15	k_rope	15	0	7	113	0x427a00f7	62.50094223022461
15	k_rope	15	1	2	113	0xc261c843	-56.4455680847168
15	k_rope	15	2	0	113	0xc25cd2ef	-55.205989837646484
15	k_rope	15	3	6	113	0x42519136	52.391807556152344
15	k_rope	16	0	7	113	0x42744d85	61.07570266723633
15	k_rope	16	1	2	113	0xc265ec23	-57.4806022644043
15	k_rope	16	2	0	113	0xc250906f	-52.141048431396484
15	k_rope	16	3	3	113	0x424a00ea	50.500892639160156
15	k_rope	17	0	7	113	0x4277df9e	61.96837615966797
15	k_rope	17	1	1	113	0xc2740f2c	-61.01481628417969
15	k_rope	17	2	0	113	0xc26d7b5f	-59.370479583740234
15	k_rope	17	3	3	113	0x42695168	58.329498291015625
15	v_heads	0	0	5	103	0xbff8c96f	-1.9436472654342651
15	v_heads	0	1	4	56	0x3fef2fb6	1.8686435222625732
15	v_heads	0	2	6	38	0xbfdcd090	-1.7251148223876953
15	v_heads	0	3	1	6	0x3fdc33cb	1.7203305959701538
15	v_heads	1	0	4	59	0x4122f7c2	10.185487747192383
15	v_heads	1	1	1	95	0x40b5d055	5.681681156158447
15	v_heads	1	2	5	30	0x40855a24	4.167253494262695
15	v_heads	1	3	1	90	0xc081491c	-4.04017448425293
15	v_heads	2	0	4	59	0x40c60875	6.18853235244751
15	v_heads	2	1	1	95	0x40bbb94e	5.86637020111084
15	v_heads	2	2	3	6	0xc0b9422e	-5.789328575134277
15	v_heads	2	3	4	36	0x409c6437	4.887233257293701
15	v_heads	3	0	2	58	0x40c1c2ed	6.055044651031494
15	v_heads	3	1	1	123	0xc0a0044b	-5.000524044036865
15	v_heads	3	2	4	70	0x409d3690	4.912910461425781
15	v_heads	3	3	3	78	0x409c6d65	4.8883538246154785
15	v_heads	4	0	1	123	0xc0cf4557	-6.477214336395264
15	v_heads	4	1	3	78	0x40ad9611	5.4245686531066895
15	v_heads	4	2	1	57	0xc088fb9f	-4.280715465545654
15	v_heads	4	3	2	16	0xc084ee19	-4.154064655303955
15	v_heads	5	0	3	116	0xc0bb8c4f	-5.860877513885498
15	v_heads	5	1	4	59	0x40b26059	5.57426118850708
15	v_heads	5	2	3	78	0x40aa1ec0	5.316253662109375
15	v_heads	5	3	3	77	0x40a183c9	5.047337055206299
15	v_heads	6	0	3	77	0x4092b97c	4.585142135620117
15	v_heads	6	1	4	59	0x408e5e67	4.449023723602295
15	v_heads	6	2	1	95	0x408dc664	4.43046760559082
15	v_heads	6	3	3	5	0xc08a8f59	-4.32999849319458
15	v_heads	7	0	6	38	0x40bc4d0c	5.884405136108398
15	v_heads	7	1	3	5	0xc098ab2c	-4.770895004272461
15	v_heads	7	2	4	51	0x409576b8	4.670742034912109
15	v_heads	7	3	3	116	0xc0943aa5	-4.6321587562561035
15	v_heads	8	0	4	27	0xc0e2bd19	-7.085583209991455
15	v_heads	8	1	1	57	0xc0be4abc	-5.946622848510742
15	v_heads	8	2	1	123	0xc0aeedeb	-5.466542720794678
15	v_heads	8	3	3	116	0xc0a9667f	-5.293761730194092
15	v_heads	9	0	4	59	0x4104ac10	8.292007446289062
15	v_heads	9	1	3	48	0x40bedcea	5.9644670486450195
15	v_heads	9	2	1	123	0xc0ad25ef	-5.4108805656433105
15	v_heads	9	3	1	82	0x40804973	4.008965969085693
15	v_heads	10	0	4	59	0x40b38931	5.610496997833252
15	v_heads	10	1	1	92	0x40a60ead	5.189291477203369
15	v_heads	10	2	6	42	0xc07f409d	-3.988318681716919
15	v_heads	10	3	1	50	0x406ade32	3.669811725616455
15	v_heads	11	0	5	115	0xc0bd9c9b	-5.9253668785095215
15	v_heads	11	1	4	59	0x40a63436	5.193873405456543
15	v_heads	11	2	7	67	0xc09f14af	-4.9712748527526855
15	v_heads	11	3	3	113	0x409e6452	4.949746131896973
15	v_heads	12	0	1	57	0xc0baf4f7	-5.842402935028076
15	v_heads	12	1	3	6	0xc0ac55dc	-5.385480880737305
15	v_heads	12	2	4	59	0x40a8658b	5.26239538192749
15	v_heads	12	3	1	95	0x409b38c4	4.850679397583008
15	v_heads	13	0	3	120	0xc0ad0fc0	-5.408172607421875
15	v_heads	13	1	1	57	0xc09edf7a	-4.964779853820801
15	v_heads	13	2	1	11	0x4085b06c	4.177785873413086
15	v_heads	13	3	3	68	0x4084442c	4.133321762084961
15	v_heads	14	0	3	120	0xc102c087	-8.172003746032715
15	v_heads	14	1	4	59	0x40b871d1	5.7638936042785645
15	v_heads	14	2	1	57	0xc0aa0dca	-5.314183235168457
15	v_heads	14	3	5	21	0xc0a26dc6	-5.075900077819824
15	v_heads	15	0	3	120	0xc0c35b56	-6.1048994064331055
15	v_heads	15	1	6	38	0x40a8e2e3	5.277696132659912
15	v_heads	15	2	1	78	0x40a324f3	5.098260402679443
15	v_heads	15	3	1	57	0xc0a0dbca	-5.026829719543457
15	v_heads	16	0	3	120	0xc0b6f0ce	-5.71689510345459
15	v_heads	16	1	6	38	0x40abedb0	5.372764587402344
15	v_heads	16	2	1	57	0xc0a603cc	-5.187963485717773
15	v_heads	16	3	1	78	0x409e4ab9	4.946621417999268
15	v_heads	17	0	6	38	0x40bdf07a	5.935605049133301
15	v_heads	17	1	4	90	0x40bb018e	5.843939781188965
15	v_heads	17	2	3	6	0xc0a531d6	-5.1623334884643555
15	v_heads	17	3	1	57	0xc09c8a27	-4.89186429977417
16	k_rope	0	0	7	60	0xc21bf8fe	-38.99315643310547
16	k_rope	0	1	5	61	0x41c6936a	24.821979522705078
16	k_rope	0	2	3	127	0x41c66ad3	24.802160263061523
16	k_rope	0	3	4	127	0x41b1b16a	22.211627960205078
16	k_rope	1	0	6	110	0x416ec3aa	14.922769546508789
16	k_rope	1	1	7	102	0xc14b4611	-12.704606056213379
16	k_rope	1	2	7	60	0xc14aae09	-12.667489051818848
16	k_rope	1	3	2	110	0xc144266b	-12.259379386901855
16	k_rope	2	0	7	123	0xc174a0a6	-15.289220809936523
16	k_rope	2	1	6	110	0x4170c45b	15.047938346862793
16	k_rope	2	2	1	110	0xc1592535	-13.57158374786377
16	k_rope	2	3	5	110	0x414f4d6c	12.956401824951172
16	k_rope	3	0	7	127	0xc18a865d	-17.31560707092285
16	k_rope	3	1	5	110	0x41589bb0	13.538009643554688
16	k_rope	3	2	6	110	0x413789f4	11.471179962158203
16	k_rope	3	3	1	110	0xc12f8916	-10.970968246459961
16	k_rope	4	0	5	110	0x41742989	15.260140419006348
16	k_rope	4	1	1	110	0xc167ca12	-14.486833572387695
16	k_rope	4	2	2	110	0xc165491c	-14.33034896850586
16	k_rope	4	3	7	123	0xc15b24c4	-13.696475982666016
16	k_rope	5	0	5	110	0x4184887c	16.56664276123047
16	k_rope	5	1	1	110	0xc1822cfc	-16.27196502685547
16	k_rope	5	2	2	110	0xc13f0a64	-11.94003677368164
16	k_rope	5	3	3	123	0x413700e7	11.43772029876709
16	k_rope	6	0	1	110	0xc17ee677	-15.931265830993652
16	k_rope	6	1	5	110	0x4148756e	12.528669357299805
16	k_rope	6	2	7	62	0x4143f1fa	12.246576309204102
16	k_rope	6	3	3	123	0x413af411	11.684586524963379
16	k_rope	7	0	7	62	0x416ca734	14.790821075439453
16	k_rope	7	1	1	110	0xc15b265d	-13.696866035461426
16	k_rope	7	2	6	110	0x415255f6	13.145986557006836
16	k_rope	7	3	6	59	0x41451cd8	12.319541931152344
16	k_rope	8	0	1	110	0xc1879b3b	-16.950796127319336
16	k_rope	8	1	7	123	0xc1618865	-14.095799446105957
16	k_rope	8	2	5	110	0x41569608	13.411628723144531
16	k_rope	8	3	3	123	0x414035ca	12.013132095336914
16	k_rope	9	0	2	110	0xc14e4241	-12.891175270080566
16	k_rope	9	1	4	63	0x413dfd38	11.874320983886719
16	k_rope	9	2	0	110	0xc128e44d	-10.555737495422363
16	k_rope	9	3	5	110	0x412240fc	10.140865325927734
16	k_rope	10	0	0	110	0xc1489284	-12.535770416259766
16	k_rope	10	1	2	110	0xc14871b8	-12.527763366699219
16	k_rope	10	2	7	124	0x4140969f	12.036772727966309
16	k_rope	10	3	4	63	0x413c1d89	11.757210731506348
16	k_rope	11	0	2	110	0xc16cadc1	-14.792420387268066
16	k_rope	11	1	7	62	0x416be61b	14.743678092956543
16	k_rope	11	2	3	110	0xc1465be4	-12.39743423461914
16	k_rope	11	3	4	63	0x413565cf	11.337355613708496
16	k_rope	12	0	7	123	0xc16c4728	-14.767372131347656
16	k_rope	12	1	5	110	0x41525ad5	13.147175788879395
16	k_rope	12	2	6	110	0x414eadeb	12.917460441589355
16	k_rope	12	3	2	110	0xc14914f2	-12.56761360168457
16	k_rope	13	0	2	110	0xc15ea505	-13.915287971496582
16	k_rope	13	1	7	127	0xc159e8e6	-13.619359970092773
16	k_rope	13	2	4	63	0x41466933	12.400683403015137
16	k_rope	13	3	7	123	0xc1372ded	-11.448712348937988
16	k_rope	14	0	2	110	0xc185c07a	-16.718982696533203
16	k_rope	14	1	5	110	0x41648b7a	14.284051895141602
16	k_rope	14	2	7	123	0xc1459a26	-12.350133895874023
16	k_rope	14	3	4	63	0x413ff443	11.9971342086792
16	k_rope	15	0	7	123	0xc15c615f	-13.773772239685059
16	k_rope	15	1	5	110	0x415bb2d1	13.731156349182129
16	k_rope	15	2	2	110	0xc143bd90	-12.233779907226562
16	k_rope	15	3	3	123	0x412a66b1	10.650071144104004
16	k_rope	16	0	3	123	0x415c5c50	13.772537231445312
16	k_rope	16	1	2	110	0xc1528fb9	-13.160088539123535
16	k_rope	16	2	7	62	0x4142b814	12.169940948486328
16	k_rope	16	3	5	110	0x41339c2b	11.225626945495605
16	k_rope	17	0	7	62	0x416468c4	14.275577545166016
16	k_rope	17	1	3	123	0x41627ed5	14.155964851379395
16	k_rope	17	2	1	110	0xc161bc35	-14.10844898223877
16	k_rope	17	3	6	59	0x4147892d	12.470990180969238
16	v_heads	0	0	0	114	0x400fd180	2.247161865234375
16	v_heads	0	1	7	105	0x400600d9	2.093801736831665
16	v_heads	0	2	3	92	0x3fec1dc7	1.8446587324142456
16	v_heads	0	3	2	88	0xbfe3f9a6	-1.7810561656951904
16	v_heads	1	0	7	58	0xc0fafdcd	-7.843481540679932
16	v_heads	1	1	0	39	0xc0e68600	-7.203857421875
16	v_heads	1	2	1	65	0x40e5fbee	7.187003135681152
16	v_heads	1	3	6	68	0xc0b4bbd9	-5.64793062210083
16	v_heads	2	0	7	31	0x40df1dcb	6.972386837005615
16	v_heads	2	1	6	124	0xc0c86fb2	-6.26363468170166
16	v_heads	2	2	6	53	0xc0c61b44	-6.190828323364258
16	v_heads	2	3	3	15	0x40b38382	5.609803199768066
16	v_heads	3	0	6	75	0x40dbc516	6.8678083419799805
16	v_heads	3	1	7	31	0x40d7619e	6.730666160583496
16	v_heads	3	2	4	53	0x40d281ad	6.578329563140869
16	v_heads	3	3	6	124	0xc0b4b578	-5.647151947021484
16	v_heads	4	0	3	36	0x40b558e8	5.667102813720703
16	v_heads	4	1	1	65	0x40abc1dc	5.367414474487305
16	v_heads	4	2	7	58	0xc0a9c20e	-5.304938316345215
16	v_heads	4	3	1	66	0x409dca06	4.930911064147949
16	v_heads	5	0	1	66	0x40eb03c3	7.34420919418335
16	v_heads	5	1	3	15	0x40d989a1	6.798050403594971
16	v_heads	5	2	1	65	0x40c10f5d	6.033125400543213
16	v_heads	5	3	3	44	0xc0c0434b	-6.008214473724365
16	v_heads	6	0	1	64	0x40c5a583	6.176454067230225
16	v_heads	6	1	3	44	0xc0c36354	-6.105875015258789
16	v_heads	6	2	7	14	0x40b63133	5.693505764007568
16	v_heads	6	3	1	55	0xc0b58ae7	-5.673205852508545
16	v_heads	7	0	1	65	0x40afe6cb	5.496922969818115
16	v_heads	7	1	6	53	0xc0a877ab	-5.264607906341553
16	v_heads	7	2	6	96	0x40a66c64	5.20073127746582
16	v_heads	7	3	7	58	0xc0a49b03	-5.143922328948975
16	v_heads	8	0	6	66	0xc0fc2e88	-7.880680084228516
16	v_heads	8	1	7	31	0x40e73e5d	7.226362705230713
16	v_heads	8	2	3	36	0x40bfbffa	5.992184638977051
16	v_heads	8	3	4	13	0xc0a07ba5	-5.0150933265686035
16	v_heads	9	0	0	39	0xc0d42162	-6.629075050354004
16	v_heads	9	1	3	57	0xc0b42549	-5.629551410675049
16	v_heads	9	2	7	58	0xc0a359f0	-5.104728698730469
16	v_heads	9	3	1	65	0x40a27939	5.077297687530518
16	v_heads	10	0	7	58	0xc0f71b28	-7.722064971923828
16	v_heads	10	1	1	65	0x40e25003	7.072267055511475
16	v_heads	10	2	0	39	0xc0bc37ef	-5.8818278312683105
16	v_heads	10	3	1	55	0xc0aecde2	-5.462632179260254
16	v_heads	11	0	1	65	0x40ef79f7	7.483638286590576
16	v_heads	11	1	7	58	0xc0bebac6	-5.960299491882324
16	v_heads	11	2	0	0	0xc09fed76	-4.997736930847168
16	v_heads	11	3	7	28	0xc09e912a	-4.9552202224731445
16	v_heads	12	0	7	31	0x41111895	9.068501472473145
16	v_heads	12	1	6	124	0xc1072bf2	-8.44822883605957
16	v_heads	12	2	7	92	0x40aba357	5.363688945770264
16	v_heads	12	3	7	34	0xc0ab609b	-5.3555426597595215
16	v_heads	13	0	7	31	0x411c617e	9.773801803588867
16	v_heads	13	1	4	96	0xc0bd5c9b	-5.9175543785095215
16	v_heads	13	2	3	36	0x40bb2d12	5.849251747131348
16	v_heads	13	3	0	39	0xc0a0e32a	-5.0277299880981445
16	v_heads	14	0	7	31	0x40bee6d5	5.965677738189697
16	v_heads	14	1	4	96	0xc0b992d6	-5.7991743087768555
16	v_heads	14	2	0	0	0xc0a8e056	-5.2773847579956055
16	v_heads	14	3	6	116	0xc0a1b74b	-5.053624629974365
16	v_heads	15	0	7	31	0x40be9f54	5.956949234008789
16	v_heads	15	1	0	0	0xc0acd9fc	-5.401609420776367
16	v_heads	15	2	6	22	0xc08fa7af	-4.4892191886901855
16	v_heads	15	3	5	68	0x408d79cc	4.421117782592773
16	v_heads	16	0	6	22	0xc0c2d0d9	-6.08799409866333
16	v_heads	16	1	6	47	0x40b471f0	5.638908386230469
16	v_heads	16	2	0	0	0xc0addf8b	-5.43353796005249
16	v_heads	16	3	1	55	0xc0a8646b	-5.262258052825928
16	v_heads	17	0	7	31	0x40bae0f9	5.839962482452393
16	v_heads	17	1	7	92	0x40ac41fd	5.383055210113525
16	v_heads	17	2	5	68	0x40a9f32f	5.3109354972839355
16	v_heads	17	3	6	22	0xc0a90afd	-5.282591342926025
17	k_rope	0	0	3	120	0xc1cd18ef	-25.637174606323242
17	k_rope	0	1	2	61	0x41c94ad1	25.161531448364258
17	k_rope	0	2	7	125	0xc19c96e2	-19.573673248291016
17	k_rope	0	3	0	127	0xc19c406f	-19.531461715698242
17	k_rope	1	0	0	113	0xc208e0a7	-34.21938705444336
17	k_rope	1	1	7	113	0x41f74d14	30.912635803222656
17	k_rope	1	2	1	113	0xc1eeab53	-29.833654403686523
17	k_rope	1	3	5	113	0xc1e7e6c7	-28.98768424987793
17	k_rope	2	0	3	113	0x42099b00	34.4013671875
17	k_rope	2	1	1	113	0xc1ee09d3	-29.754796981811523
17	k_rope	2	2	7	113	0x41e903fd	29.1269474029541
17	k_rope	2	3	5	113	0xc1dbc769	-27.472368240356445
17	k_rope	3	0	3	113	0x42154f1c	37.32725524902344
17	k_rope	3	1	0	113	0xc20e1ff1	-35.531192779541016
17	k_rope	3	2	7	113	0x420b674a	34.850868225097656
17	k_rope	3	3	5	113	0xc1fcf38a	-31.618915557861328
17	k_rope	4	0	3	113	0x4215f6f7	37.49117660522461
17	k_rope	4	1	4	113	0x420aea40	34.728759765625
17	k_rope	4	2	1	113	0xc209cd10	-34.45025634765625
17	k_rope	4	3	7	113	0x4201d01d	32.4532356262207
17	k_rope	5	0	3	113	0x42086eb6	34.108116149902344
17	k_rope	5	1	7	113	0x41e9e17b	29.235097885131836
17	k_rope	5	2	0	113	0xc1db201d	-27.39068031311035
17	k_rope	5	3	1	113	0xc1d13c6d	-26.154504776000977
17	k_rope	6	0	3	113	0x4206088a	33.508338928222656
17	k_rope	6	1	0	113	0xc2043812	-33.05475616455078
17	k_rope	6	2	7	113	0x41ff6a11	31.926790237426758
17	k_rope	6	3	5	113	0xc1f5f52f	-30.744718551635742
17	k_rope	7	0	3	113	0x420b9bd3	34.90217208862305
17	k_rope	7	1	1	113	0xc2041fe8	-33.031158447265625
17	k_rope	7	2	5	113	0xc2025fe9	-32.59366226196289
17	k_rope	7	3	6	113	0xc20207d5	-32.50764846801758
17	k_rope	8	0	0	113	0xc2021b0c	-32.52641296386719
17	k_rope	8	1	3	113	0x41fe9898	31.824508666992188
17	k_rope	8	2	4	113	0x41e612e2	28.759220123291016
17	k_rope	8	3	7	113	0x41e43f93	28.531042098999023
17	k_rope	9	0	7	113	0x41e5ea62	28.739444732666016
17	k_rope	9	1	3	113	0x41e34027	28.40632438659668
17	k_rope	9	2	0	113	0xc1dbf939	-27.49669075012207
17	k_rope	9	3	1	113	0xc1c1e545	-24.236948013305664
17	k_rope	10	0	0	113	0xc21555d3	-37.33381271362305
17	k_rope	10	1	3	113	0x41e8f1ca	29.118061065673828
17	k_rope	10	2	5	113	0xc1e5632e	-28.67342758178711
17	k_rope	10	3	1	113	0xc1de5481	-27.791261672973633
17	k_rope	11	0	0	113	0xc214a18c	-37.15776062011719
17	k_rope	11	1	3	113	0x420ee4ed	35.72356033325195
17	k_rope	11	2	1	113	0xc206184e	-33.52373504638672
17	k_rope	11	3	5	113	0xc2003530	-32.05194091796875
17	k_rope	12	0	7	113	0x4212815a	36.626319885253906
17	k_rope	12	1	3	113	0x4211dc14	36.46492004394531
17	k_rope	12	2	0	113	0xc20fddcf	-35.966609954833984
17	k_rope	12	3	5	113	0xc2058b38	-33.385955810546875
17	k_rope	13	0	0	113	0xc22efbf5	-43.74605178833008
17	k_rope	13	1	5	113	0xc2133b74	-36.80805969238281
17	k_rope	13	2	3	113	0x420eca3e	35.69750213623047
17	k_rope	13	3	1	113	0xc2086fdb	-34.10923385620117
17	k_rope	14	0	3	113	0x42242afa	41.041969299316406
17	k_rope	14	1	1	113	0xc21f6103	-39.8447380065918
17	k_rope	14	2	0	113	0xc219786d	-38.36760330200195
17	k_rope	14	3	7	113	0x4210513d	36.0793342590332
17	k_rope	15	0	3	113	0x421b0994	38.75935363769531
17	k_rope	15	1	0	113	0xc2046adf	-33.104366302490234
17	k_rope	15	2	1	113	0xc20399b2	-32.90009307861328
17	k_rope	15	3	7	113	0x41f786c8	30.940811157226562
17	k_rope	16	0	3	113	0x42237255	40.86165237426758
17	k_rope	16	1	7	113	0x420ace46	34.701438903808594
17	k_rope	16	2	0	113	0xc205c33d	-33.4406623840332
17	k_rope	16	3	1	113	0xc1ee15d0	-29.760650634765625
17	k_rope	17	0	3	113	0x42248ac4	41.13551330566406
17	k_rope	17	1	5	113	0xc21ac8f5	-38.69624710083008
17	k_rope	17	2	1	113	0xc2146092	-37.09430694580078
17	k_rope	17	3	7	113	0x420ea9b1	35.665714263916016
17	v_heads	0	0	7	102	0x40930fc0	4.595672607421875
17	v_heads	0	1	6	3	0xc08afa82	-4.343079566955566
17	v_heads	0	2	6	106	0xc05f0244	-3.484513282775879
17	v_heads	0	3	4	72	0xc0559058	-3.336935043334961
17	v_heads	1	0	2	41	0x41359458	11.348716735839844
17	v_heads	1	1	3	59	0x4120b73a	10.044733047485352
17	v_heads	1	2	3	121	0x40eb7975	7.35857629776001
17	v_heads	1	3	3	113	0xc0e14c06	-7.040530204772949
17	v_heads	2	0	1	91	0xc13a6ce5	-11.651585578918457
17	v_heads	2	1	2	41	0x4125be9a	10.359033584594727
17	v_heads	2	2	1	69	0x411e3fe3	9.890597343444824
17	v_heads	2	3	7	31	0x411c5120	9.769805908203125
17	v_heads	3	0	1	91	0xc13abe15	-11.671406745910645
17	v_heads	3	1	7	31	0x41221f46	10.132635116577148
17	v_heads	3	2	6	126	0xc118c9ad	-9.549237251281738
17	v_heads	3	3	1	69	0x4115e49a	9.368310928344727
17	v_heads	4	0	1	78	0x414342c8	12.203804016113281
17	v_heads	4	1	1	109	0x411551bc	9.332454681396484
17	v_heads	4	2	6	2	0x4109942a	8.598672866821289
17	v_heads	4	3	2	66	0x410839a4	8.51407241821289
17	v_heads	5	0	6	2	0x412fb707	10.982184410095215
17	v_heads	5	1	2	41	0x4126cd5c	10.42513656616211
17	v_heads	5	2	1	101	0xc1114fd9	-9.08199405670166
17	v_heads	5	3	1	19	0x410db912	8.857683181762695
17	v_heads	6	0	2	41	0x41013307	8.074957847595215
17	v_heads	6	1	4	0	0xc100dc34	-8.053760528564453
17	v_heads	6	2	3	26	0x40fe666d	7.950003147125244
17	v_heads	6	3	4	40	0xc0f6ee6a	-7.7166032791137695
17	v_heads	7	0	1	109	0x411eeb45	9.932438850402832
17	v_heads	7	1	1	91	0xc1198ad3	-9.596392631530762
17	v_heads	7	2	2	41	0x410cd67b	8.802363395690918
17	v_heads	7	3	1	3	0xc0ff220e	-7.972907066345215
17	v_heads	8	0	1	91	0xc14fd3b7	-12.989188194274902
17	v_heads	8	1	4	40	0xc111dd57	-9.116538047790527
17	v_heads	8	2	4	72	0x410955c1	8.583436012268066
17	v_heads	8	3	1	88	0xc108699b	-8.525782585144043
17	v_heads	9	0	2	41	0x412d8550	10.845046997070312
17	v_heads	9	1	1	78	0x4112d29f	9.176421165466309
17	v_heads	9	2	4	110	0xc10e7bab	-8.905192375183105
17	v_heads	9	3	1	66	0xc1041992	-8.256242752075195
17	v_heads	10	0	3	26	0x40d5d480	6.68218994140625
17	v_heads	10	1	2	41	0x40d13073	6.537164211273193
17	v_heads	10	2	1	101	0x40bd8b3a	5.923245429992676
17	v_heads	10	3	3	66	0x40bd08d8	5.907329559326172
17	v_heads	11	0	2	66	0x41283e07	10.515143394470215
17	v_heads	11	1	2	86	0x41059046	8.347723007202148
17	v_heads	11	2	4	50	0x40f549f6	7.665278434753418
17	v_heads	11	3	0	114	0x40ec735a	7.389081001281738
17	v_heads	12	0	1	91	0xc14ed64b	-12.92731761932373
17	v_heads	12	1	1	69	0x414189be	12.096128463745117
17	v_heads	12	2	1	19	0x413ad230	11.676315307617188
17	v_heads	12	3	1	123	0xc10925ea	-8.571756362915039
17	v_heads	13	0	1	66	0xc12c6b80	-10.7762451171875
17	v_heads	13	1	1	19	0x4129198b	10.56873607635498
17	v_heads	13	2	2	66	0x4113bee9	9.234108924865723
17	v_heads	13	3	1	91	0xc0ffa0e4	-7.98838996887207
17	v_heads	14	0	2	66	0x414d748c	12.840953826904297
17	v_heads	14	1	1	78	0x411683ff	9.407225608825684
17	v_heads	14	2	7	23	0x41031cdf	8.194548606872559
17	v_heads	14	3	1	19	0x4102707c	8.152462005615234
17	v_heads	15	0	2	66	0x41391298	11.567039489746094
17	v_heads	15	1	1	109	0x40fe115e	7.939620018005371
17	v_heads	15	2	3	3	0x40f952ca	7.791356086730957
17	v_heads	15	3	7	86	0x40f64ba8	7.696735382080078
17	v_heads	16	0	2	66	0x41528030	13.156295776367188
17	v_heads	16	1	4	40	0xc0ee7578	-7.451839447021484
17	v_heads	16	2	1	19	0x40e0656f	7.0123820304870605
17	v_heads	16	3	3	3	0x40dcaada	6.895855903625488
17	v_heads	17	0	1	109	0x414032fb	12.012446403503418
17	v_heads	17	1	2	66	0x412537c0	10.32611083984375
17	v_heads	17	2	1	91	0xc1162446	-9.383855819702148
17	v_heads	17	3	7	46	0xc10dec9a	-8.870264053344727
18	k_rope	0	0	2	126	0x41f43774	30.527076721191406
18	k_rope	0	1	1	60	0xc1e185d3	-28.190343856811523
18	k_rope	0	2	0	124	0x41dd16d8	27.636154174804688
18	k_rope	0	3	5	62	0x41c7dd33	24.983007431030273
18	k_rope	1	0	4	111	0x413bb219	11.73098087310791
18	k_rope	1	1	2	124	0x41396ab6	11.588552474975586
18	k_rope	1	2	6	111	0xc136c359	-11.42269229888916
18	k_rope	1	3	6	63	0x4133359c	11.20058822631836
18	k_rope	2	0	2	124	0x416ffc0d	14.999035835266113
18	k_rope	2	1	1	124	0x4145b454	12.356525421142578
18	k_rope	2	2	1	62	0xc140dda4	-12.05411148071289
18	k_rope	2	3	5	111	0x41321bee	11.131818771362305
18	k_rope	3	0	2	124	0x4146cef3	12.425524711608887
18	k_rope	3	1	1	124	0x4145c6e8	12.361061096191406
18	k_rope	3	2	1	62	0xc13b3670	-11.700790405273438
18	k_rope	3	3	3	111	0x412cb0cb	10.79316234588623
18	k_rope	4	0	1	124	0x4137d34b	11.48908519744873
18	k_rope	4	1	1	62	0xc136735b	-11.403162956237793
18	k_rope	4	2	3	111	0x41308019	11.03127384185791
18	k_rope	4	3	5	111	0x4128ab0b	10.54175853729248
18	k_rope	5	0	2	60	0xc15e3dd1	-13.890091896057129
18	k_rope	5	1	1	124	0x414fcd1d	12.987576484680176
18	k_rope	5	2	1	62	0xc135993d	-11.3499116897583
18	k_rope	5	3	1	111	0x41257d23	10.343050956726074
18	k_rope	6	0	1	124	0x415f6efe	13.964597702026367
18	k_rope	6	1	1	62	0xc13ab843	-11.6699857711792
18	k_rope	6	2	0	55	0x41102518	9.009056091308594
18	k_rope	6	3	6	111	0xc10c7788	-8.779182434082031
18	k_rope	7	0	1	62	0xc13c72c0	-11.77801513671875
18	k_rope	7	1	2	62	0x41383550	11.513015747070312
18	k_rope	7	2	1	124	0x4135c359	11.36019229888916
18	k_rope	7	3	1	123	0xc121ff7d	-10.12487506866455
18	k_rope	8	0	2	62	0x414cb59b	12.794337272644043
18	k_rope	8	1	1	124	0x414402b1	12.250657081604004
18	k_rope	8	2	7	105	0x413b116d	11.691754341125488
18	k_rope	8	3	1	62	0xc133c3af	-11.235274314880371
18	k_rope	9	0	1	124	0x4160fc39	14.061577796936035
18	k_rope	9	1	1	62	0xc153d8d6	-13.240438461303711
18	k_rope	9	2	5	111	0x4134f245	11.309147834777832
18	k_rope	9	3	6	111	0xc12df7dd	-10.873013496398926
18	k_rope	10	0	1	124	0x41846923	16.55133628845215
18	k_rope	10	1	6	111	0xc15959f6	-13.584463119506836
18	k_rope	10	2	6	100	0xc13aa250	-11.664627075195312
18	k_rope	10	3	5	111	0x412c434e	10.76643180847168
18	k_rope	11	0	5	111	0x414f708f	12.964980125427246
18	k_rope	11	1	0	111	0x414e3165	12.887059211730957
18	k_rope	11	2	3	111	0x414c368f	12.763319969177246
18	k_rope	11	3	1	124	0x41363c93	11.389788627624512
18	k_rope	12	0	0	111	0x4148be61	12.546479225158691
18	k_rope	12	1	1	124	0x4143469a	12.204736709594727
18	k_rope	12	2	6	111	0xc142a34a	-12.164865493774414
18	k_rope	12	3	3	111	0x41429d97	12.163474082946777
18	k_rope	13	0	3	111	0x4156d4fc	13.426998138427734
18	k_rope	13	1	1	111	0x413cd96f	11.803084373474121
18	k_rope	13	2	5	111	0x4138e9cb	11.55707836151123
18	k_rope	13	3	1	124	0x4135c5c1	11.360779762268066
18	k_rope	14	0	5	111	0x41693f68	14.577980041503906
18	k_rope	14	1	0	111	0x4145b3d7	12.356406211853027
18	k_rope	14	2	3	111	0x4143a73a	12.228326797485352
18	k_rope	14	3	7	100	0x412f644d	10.961987495422363
18	k_rope	15	0	1	124	0x4153a841	13.228577613830566
18	k_rope	15	1	0	111	0x4145060f	12.313979148864746
18	k_rope	15	2	2	111	0x4137011d	11.437771797180176
18	k_rope	15	3	7	100	0x412d7ff8	10.843742370605469
18	k_rope	16	0	0	111	0x4167d9cd	14.490674018859863
18	k_rope	16	1	1	124	0x41517747	13.091620445251465
18	k_rope	16	2	7	100	0x412f2f1e	10.949003219604492
18	k_rope	16	3	6	111	0xc1199aed	-9.600323677062988
18	k_rope	17	0	0	111	0x417d72a4	15.84048843383789
18	k_rope	17	1	3	111	0x413d4a3e	11.830625534057617
18	k_rope	17	2	5	111	0x4138f385	11.559453010559082
18	k_rope	17	3	2	122	0x4136336c	11.387554168701172
18	v_heads	0	0	1	62	0x40561698	3.3451290130615234
18	v_heads	0	1	3	61	0x403d157b	2.9544360637664795
18	v_heads	0	2	5	97	0x400cac87	2.1980302333831787
18	v_heads	0	3	6	85	0xc009225c	-2.1427221298217773
18	v_heads	1	0	5	91	0x413a882f	11.658247947692871
18	v_heads	1	1	5	62	0xc0fc6a6f	-7.8879923820495605
18	v_heads	1	2	3	7	0x40fabd12	7.835579872131348
18	v_heads	1	3	2	108	0x40ed0b3a	7.407620429992676
18	v_heads	2	0	5	91	0x4127af8c	10.480358123779297
18	v_heads	2	1	3	107	0x4102e90b	8.18189525604248
18	v_heads	2	2	1	97	0xc0effdf8	-7.499752044677734
18	v_heads	2	3	7	113	0x40eaec5c	7.341352462768555
18	v_heads	3	0	3	107	0x41326c95	11.151509284973145
18	v_heads	3	1	3	47	0x4106742c	8.403362274169922
18	v_heads	3	2	5	91	0x4105ee61	8.370697975158691
18	v_heads	3	3	1	75	0xc10320ad	-8.195477485656738
18	v_heads	4	0	5	91	0x413e03fa	11.875970840454102
18	v_heads	4	1	1	35	0x410ff882	8.998170852661133
18	v_heads	4	2	0	73	0xc1074e88	-8.456672668457031
18	v_heads	4	3	1	6	0xc0fcca68	-7.899707794189453
18	v_heads	5	0	1	23	0xc1131aeb	-9.194071769714355
18	v_heads	5	1	5	27	0x4109c602	8.610841751098633
18	v_heads	5	2	5	91	0x4107c7a2	8.486238479614258
18	v_heads	5	3	7	10	0x4107aaef	8.479231834411621
18	v_heads	6	0	1	6	0xc1571706	-13.443120956420898
18	v_heads	6	1	4	100	0x4123eb47	10.244940757751465
18	v_heads	6	2	5	27	0x411a7987	9.654669761657715
18	v_heads	6	3	4	98	0xc100b37b	-8.043818473815918
18	v_heads	7	0	1	6	0xc16ad391	-14.676651954650879
18	v_heads	7	1	4	98	0xc1261ced	-10.382061958312988
18	v_heads	7	2	1	10	0xc10c3c98	-8.764793395996094
18	v_heads	7	3	3	107	0x410053eb	8.020487785339355
18	v_heads	8	0	3	83	0x415a87de	13.658170700073242
18	v_heads	8	1	1	6	0xc13dfd4d	-11.874341011047363
18	v_heads	8	2	5	27	0x411650af	9.394698143005371
18	v_heads	8	3	3	107	0x41137f02	9.218507766723633
18	v_heads	9	0	5	91	0x415d7976	13.842153549194336
18	v_heads	9	1	0	20	0x41079619	8.47414493560791
18	v_heads	9	2	0	123	0x410366a0	8.212554931640625
18	v_heads	9	3	5	101	0xc0fdb9c0	-7.928924560546875
18	v_heads	10	0	4	100	0x41375db7	11.460379600524902
18	v_heads	10	1	5	91	0x4135df66	11.367040634155273
18	v_heads	10	2	1	6	0xc1032925	-8.197545051574707
18	v_heads	10	3	2	52	0x40fc9c80	7.89410400390625
18	v_heads	11	0	2	34	0x4141d8cc	12.115428924560547
18	v_heads	11	1	5	91	0x412d0f49	10.816231727600098
18	v_heads	11	2	6	67	0x410b5bca	8.709909439086914
18	v_heads	11	3	3	7	0x4105d57c	8.364620208740234
18	v_heads	12	0	2	34	0x412c0ee1	10.753632545471191
18	v_heads	12	1	3	95	0x411ba4f6	9.727773666381836
18	v_heads	12	2	1	30	0x410dfef3	8.874743461608887
18	v_heads	12	3	5	91	0x410caa66	8.791601181030273
18	v_heads	13	0	2	34	0x4122b140	10.16827392578125
18	v_heads	13	1	5	27	0x4115e40a	9.368173599243164
18	v_heads	13	2	1	113	0xc0f312e4	-7.59605598449707
18	v_heads	13	3	5	91	0x40e7f316	7.2484235763549805
18	v_heads	14	0	2	34	0x4133af76	11.230337142944336
18	v_heads	14	1	5	27	0x4119bbf2	9.60838508605957
18	v_heads	14	2	5	21	0x41065813	8.396502494812012
18	v_heads	14	3	2	66	0xc1032081	-8.195435523986816
18	v_heads	15	0	3	83	0x4111fa14	9.123554229736328
18	v_heads	15	1	6	66	0xc10a7209	-8.652840614318848
18	v_heads	15	2	2	34	0x40fae77e	7.840758323669434
18	v_heads	15	3	5	27	0x40f0917e	7.517760276794434
18	v_heads	16	0	3	83	0x4128f721	10.560334205627441
18	v_heads	16	1	4	122	0x411c2d9c	9.76113510131836
18	v_heads	16	2	6	66	0xc11053c2	-9.020448684692383
18	v_heads	16	3	1	6	0xc107d0da	-8.488489151000977
18	v_heads	17	0	3	83	0x41242000	10.2578125
18	v_heads	17	1	5	27	0x4111608d	9.086071968078613
18	v_heads	17	2	2	34	0x41113cf2	9.07737922668457
18	v_heads	17	3	1	62	0xc10db730	-8.857223510742188
19	k_rope	0	0	2	127	0x41fa3441	31.275514602661133
19	k_rope	0	1	4	127	0xc1e16f92	-28.17947769165039
19	k_rope	0	2	6	63	0x41d04415	26.03324317932129
19	k_rope	0	3	1	125	0x41ce1e59	25.76481819152832
19	k_rope	1	0	1	47	0x41bce034	23.609474182128906
19	k_rope	1	1	4	47	0x416ae019	14.67971134185791
19	k_rope	1	2	0	47	0x4165128c	14.317028045654297
19	k_rope	1	3	6	47	0x415424c8	13.258979797363281
19	k_rope	2	0	1	47	0x41ac3924	21.52790069580078
19	k_rope	2	1	2	47	0x41958f65	18.695016860961914
19	k_rope	2	2	6	47	0x4154bb12	13.295671463012695
19	k_rope	2	3	7	127	0xc14e86c9	-12.907906532287598
19	k_rope	3	0	1	47	0x41b63749	22.776994705200195
19	k_rope	3	1	2	47	0x419e0e52	19.75699234008789
19	k_rope	3	2	7	127	0xc1477ea3	-12.468417167663574
19	k_rope	3	3	5	47	0xc1420f5a	-12.128747940063477
19	k_rope	4	0	2	47	0x41853f4c	16.655906677246094
19	k_rope	4	1	4	47	0x4181f20a	16.243183135986328
19	k_rope	4	2	1	47	0x41743783	15.26355266571045
19	k_rope	4	3	6	126	0xc147e939	-12.494439125061035
19	k_rope	5	0	2	47	0x41a02d34	20.022071838378906
19	k_rope	5	1	4	47	0x41910cf5	18.13132667541504
19	k_rope	5	2	1	47	0x4186bb9d	16.84160804748535
19	k_rope	5	3	5	47	0xc1458f52	-12.347490310668945
19	k_rope	6	0	1	47	0x41b5c170	22.719451904296875
19	k_rope	6	1	2	47	0x41a0bf4c	20.093406677246094
19	k_rope	6	2	0	47	0x415999ad	13.600018501281738
19	k_rope	6	3	4	47	0x41592ca0	13.573394775390625
19	k_rope	7	0	1	47	0x41a947ba	21.160022735595703
19	k_rope	7	1	2	47	0x41a90104	21.12549591064453
19	k_rope	7	2	4	47	0x416d12ec	14.817119598388672
19	k_rope	7	3	6	47	0x41621ddd	14.132290840148926
19	k_rope	8	0	1	47	0x41adefe0	21.74212646484375
19	k_rope	8	1	2	47	0x41a52c1c	20.64653778076172
19	k_rope	8	2	5	47	0xc1662d23	-14.386019706726074
19	k_rope	8	3	6	47	0x415a593c	13.646785736083984
19	k_rope	9	0	1	47	0x41a6b079	20.83616828918457
19	k_rope	9	1	5	125	0x417b5b28	15.709754943847656
19	k_rope	9	2	2	47	0x417a0755	15.626790046691895
19	k_rope	9	3	0	47	0x4152f29e	13.184232711791992
19	k_rope	10	0	1	47	0x41b12ee1	22.147890090942383
19	k_rope	10	1	2	47	0x4181eb15	16.23978614807129
19	k_rope	10	2	0	47	0x416ed745	14.927556037902832
19	k_rope	10	3	6	47	0x4162dfea	14.179666519165039
19	k_rope	11	0	2	47	0x41b1a5ba	22.205921173095703
19	k_rope	11	1	6	47	0x41acdef2	21.60886001586914
19	k_rope	11	2	1	47	0x41a0ed37	20.115827560424805
19	k_rope	11	3	0	47	0x4175de03	15.36670207977295
19	k_rope	12	0	1	47	0x41b2dbb1	22.357271194458008
19	k_rope	12	1	2	47	0x41ae4826	21.785228729248047
19	k_rope	12	2	6	47	0x418a2e88	17.272720336914062
19	k_rope	12	3	0	47	0x4174ac02	15.291994094848633
19	k_rope	13	0	1	47	0x41baa29b	23.329397201538086
19	k_rope	13	1	2	47	0x41aa8375	21.31418800354004
19	k_rope	13	2	6	47	0x41817320	16.18121337890625
19	k_rope	13	3	4	47	0x415963df	13.586882591247559
19	k_rope	14	0	2	47	0x4197ec08	18.990249633789062
19	k_rope	14	1	4	47	0x418e4130	17.781829833984375
19	k_rope	14	2	1	47	0x4179bfe0	15.609344482421875
19	k_rope	14	3	6	47	0x4162fa79	14.186150550842285
19	k_rope	15	0	2	47	0x41a797a3	20.94904136657715
19	k_rope	15	1	4	47	0x4188b7b6	17.089702606201172
19	k_rope	15	2	1	47	0x4175a159	15.35189151763916
19	k_rope	15	3	0	47	0x41672adc	14.44796371459961
19	k_rope	16	0	2	47	0x41a03258	20.024581909179688
19	k_rope	16	1	1	47	0x4196550f	18.791532516479492
19	k_rope	16	2	0	47	0x4184c9ff	16.598630905151367
19	k_rope	16	3	6	47	0x415f315e	13.949552536010742
19	k_rope	17	0	2	47	0x41bc9c4c	23.576316833496094
19	k_rope	17	1	1	47	0x41a1cbb8	20.224472045898438
19	k_rope	17	2	6	47	0x419fbba6	19.966625213623047
19	k_rope	17	3	0	47	0x419dc32e	19.72030258178711
19	v_heads	0	0	3	126	0x4062c5ea	3.5433297157287598
19	v_heads	0	1	3	103	0xc058f501	-3.389953851699829
19	v_heads	0	2	6	59	0xc019f981	-2.405853509902954
19	v_heads	0	3	0	21	0x4018ff90	2.3905982971191406
19	v_heads	1	0	7	98	0xc15628fe	-13.385007858276367
19	v_heads	1	1	2	99	0x4155ea93	13.369769096374512
19	v_heads	1	2	1	8	0x4151af59	13.10530948638916
19	v_heads	1	3	4	80	0xc13a0426	-11.626012802124023
19	v_heads	2	0	2	24	0xc140651d	-12.024685859680176
19	v_heads	2	1	2	99	0x4137324e	11.44978141784668
19	v_heads	2	2	4	38	0x4135404a	11.328195571899414
19	v_heads	2	3	6	46	0x4115a2ce	9.35224723815918
19	v_heads	3	0	6	71	0xc1682848	-14.509834289550781
19	v_heads	3	1	6	46	0x4158eb18	13.557395935058594
19	v_heads	3	2	4	80	0xc135711d	-11.340115547180176
19	v_heads	3	3	2	99	0x41321181	11.129273414611816
19	v_heads	4	0	2	99	0x41538759	13.22054386138916
19	v_heads	4	1	3	63	0x413debf1	11.870102882385254
19	v_heads	4	2	0	42	0x412bd125	10.738560676574707
19	v_heads	4	3	0	100	0x412b81f9	10.719231605529785
19	v_heads	5	0	3	79	0xc1306b54	-11.026203155517578
19	v_heads	5	1	2	104	0x411efedf	9.937224388122559
19	v_heads	5	2	1	64	0x411e13fc	9.879878997802734
19	v_heads	5	3	1	18	0x411e02f5	9.87572193145752
19	v_heads	6	0	3	60	0xc1334c92	-11.206193923950195
19	v_heads	6	1	3	79	0xc130d2dc	-11.05147933959961
19	v_heads	6	2	7	80	0x41304032	11.01567268371582
19	v_heads	6	3	4	80	0xc11cd32d	-9.801556587219238
19	v_heads	7	0	4	80	0xc17a7d8d	-15.655652046203613
19	v_heads	7	1	2	99	0x414c1b25	12.756627082824707
19	v_heads	7	2	3	60	0xc1356cbf	-11.339049339294434
19	v_heads	7	3	4	40	0x412e9216	10.910665512084961
19	v_heads	8	0	6	71	0xc1464c4c	-12.393627166748047
19	v_heads	8	1	5	34	0x413a990a	11.662363052368164
19	v_heads	8	2	4	80	0xc131ac23	-11.104525566101074
19	v_heads	8	3	5	124	0x412f36b6	10.950857162475586
19	v_heads	9	0	5	34	0x413995b6	11.599050521850586
19	v_heads	9	1	7	80	0x4122de15	10.179219245910645
19	v_heads	9	2	7	124	0xc1200860	-10.002044677734375
19	v_heads	9	3	7	50	0xc100b53f	-8.044249534606934
19	v_heads	10	0	7	80	0x4143dc9c	12.24135971069336
19	v_heads	10	1	6	17	0x4124918f	10.285536766052246
19	v_heads	10	2	4	44	0x4122c5d2	10.173295974731445
19	v_heads	10	3	2	99	0x411bd44b	9.73932933807373
19	v_heads	11	0	7	127	0xc183eb0a	-16.489765167236328
19	v_heads	11	1	4	44	0x4182c034	16.343849182128906
19	v_heads	11	2	7	105	0xc1563dac	-13.390056610107422
19	v_heads	11	3	7	83	0x4152be3e	13.171445846557617
19	v_heads	12	0	6	46	0x413591c2	11.348085403442383
19	v_heads	12	1	1	80	0x413530d8	11.324424743652344
19	v_heads	12	2	7	104	0xc12e84ec	-10.907451629638672
19	v_heads	12	3	7	68	0x41298027	10.59378719329834
19	v_heads	13	0	7	104	0xc142f348	-12.184394836425781
19	v_heads	13	1	7	95	0x412f23d6	10.946249008178711
19	v_heads	13	2	7	71	0xc128f92a	-10.560831069946289
19	v_heads	13	3	6	46	0x41286d3c	10.526668548583984
19	v_heads	14	0	7	80	0x414b067c	12.689083099365234
19	v_heads	14	1	7	120	0xc13d7353	-11.840655326843262
19	v_heads	14	2	7	105	0xc134ddf4	-11.304187774658203
19	v_heads	14	3	3	33	0x412b3c2c	10.702190399169922
19	v_heads	15	0	3	79	0xc143d86e	-12.240339279174805
19	v_heads	15	1	3	60	0xc136783c	-11.404354095458984
19	v_heads	15	2	7	80	0x413206b0	11.126632690429688
19	v_heads	15	3	7	107	0x411d295c	9.82259750366211
19	v_heads	16	0	3	60	0xc1622d6f	-14.136092185974121
19	v_heads	16	1	7	80	0x414ad340	12.67657470703125
19	v_heads	16	2	3	79	0xc1272c75	-10.44835376739502
19	v_heads	16	3	7	107	0x411f9a09	9.975106239318848
19	v_heads	17	0	7	83	0x41593be1	13.577118873596191
19	v_heads	17	1	7	127	0xc153fea4	-13.24966812133789
19	v_heads	17	2	7	10	0x414bf775	12.74791431427002
19	v_heads	17	3	7	80	0x4146e215	12.430195808410645
20	k_rope	0	0	1	126	0xc1d2816e	-26.31319808959961
20	k_rope	0	1	0	124	0x41c7151f	24.885313034057617
20	k_rope	0	2	7	125	0x41c58505	24.689950942993164
20	k_rope	0	3	5	126	0x41b69529	22.822832107543945
20	k_rope	1	0	6	48	0x419d9265	19.696481704711914
20	k_rope	1	1	4	48	0x4186a361	16.829774856567383
20	k_rope	1	2	0	48	0x417e8587	15.907599449157715
20	k_rope	1	3	7	48	0x4177a6c3	15.4782133102417
20	k_rope	2	0	7	48	0x41a861ff	21.047849655151367
20	k_rope	2	1	0	48	0x418e736e	17.80636215209961
20	k_rope	2	2	1	48	0x418d9fe7	17.70307731628418
20	k_rope	2	3	4	48	0x41668e4d	14.409741401672363
20	k_rope	3	0	7	48	0x418979fd	17.1845645904541
20	k_rope	3	1	4	48	0x418561a0	16.67266845703125
20	k_rope	3	2	0	48	0x4184b168	16.586624145507812
20	k_rope	3	3	6	48	0x4156bb26	13.420690536499023
20	k_rope	4	0	4	48	0x4197a3ec	18.955039978027344
20	k_rope	4	1	1	48	0x4192e377	18.361066818237305
20	k_rope	4	2	7	48	0x4187ce20	16.97564697265625
20	k_rope	4	3	3	48	0x418752ed	16.915491104125977
20	k_rope	5	0	7	48	0x41988293	19.063756942749023
20	k_rope	5	1	1	48	0x41961bb4	18.763526916503906
20	k_rope	5	2	0	48	0x4181152f	16.135343551635742
20	k_rope	5	3	3	48	0x41566d53	13.401690483093262
20	k_rope	6	0	1	48	0x41bb58b2	23.41830825805664
20	k_rope	6	1	0	48	0x41a08a2d	20.067468643188477
20	k_rope	6	2	7	48	0x418da3c6	17.704967498779297
20	k_rope	6	3	2	48	0x4176bf7b	15.421748161315918
20	k_rope	7	0	4	48	0x419a4e12	19.28812026977539
20	k_rope	7	1	7	48	0x41927df5	18.31150245666504
20	k_rope	7	2	0	48	0x418f129d	17.88408851623535
20	k_rope	7	3	6	48	0x41845664	16.54218292236328
20	k_rope	8	0	4	48	0x41a045eb	20.03413963317871
20	k_rope	8	1	1	48	0x41862b99	16.77128791809082
20	k_rope	8	2	0	48	0x41837f3c	16.43712615966797
20	k_rope	8	3	7	48	0x41834e1f	16.413145065307617
20	k_rope	9	0	1	48	0x4199df23	19.23395347595215
20	k_rope	9	1	4	48	0x418e8073	17.812719345092773
20	k_rope	9	2	3	48	0x41680709	14.501717567443848
20	k_rope	9	3	7	48	0x41613f01	14.077881813049316
20	k_rope	10	0	4	48	0x41b00f0d	22.007349014282227
20	k_rope	10	1	1	48	0x41ac8149	21.563127517700195
20	k_rope	10	2	2	48	0x41999c3e	19.201290130615234
20	k_rope	10	3	6	48	0x4188d65d	17.10466957092285
20	k_rope	11	0	4	48	0x41c13b74	24.154029846191406
20	k_rope	11	1	6	48	0x41bc4ed7	23.538496017456055
20	k_rope	11	2	7	48	0x41ac7fca	21.562397003173828
20	k_rope	11	3	1	48	0x41a0d6d3	20.104894638061523
20	k_rope	12	0	7	48	0x41a50ee1	20.632265090942383
20	k_rope	12	1	0	48	0x41a27cfd	20.3110294342041
20	k_rope	12	2	1	48	0x419c9cd9	19.57658576965332
20	k_rope	12	3	6	48	0x4190ea33	18.114355087280273
20	k_rope	13	0	4	48	0x41c63237	24.774518966674805
20	k_rope	13	1	7	48	0x419fa888	19.957290649414062
20	k_rope	13	2	2	48	0x419ca208	19.579116821289062
20	k_rope	13	3	6	48	0x419953c7	19.16590690612793
20	k_rope	14	0	4	48	0x41c4435d	24.53289222717285
20	k_rope	14	1	1	48	0x41b3a6a4	22.45636749267578
20	k_rope	14	2	3	48	0x41a91057	21.132978439331055
20	k_rope	14	3	6	48	0x4196724a	18.805805206298828
20	k_rope	15	0	1	48	0x41b5f36c	22.743858337402344
20	k_rope	15	1	7	48	0x41a9e582	21.237064361572266
20	k_rope	15	2	3	48	0x419fb6d6	19.964275360107422
20	k_rope	15	3	4	48	0x419ad9b2	19.35629653930664
20	k_rope	16	0	1	48	0x41ca76d8	25.308029174804688
20	k_rope	16	1	4	48	0x41ab7f28	21.437088012695312
20	k_rope	16	2	0	48	0x419a4c5f	19.287290573120117
20	k_rope	16	3	7	48	0x41984a78	19.036361694335938
20	k_rope	17	0	4	48	0x41c37570	24.432342529296875
20	k_rope	17	1	1	48	0x41b08e9c	22.06963348388672
20	k_rope	17	2	7	48	0x41aa201e	21.265682220458984
20	k_rope	17	3	0	48	0x41a8c404	21.09571075439453
20	v_heads	0	0	3	72	0xc08a804b	-4.328160762786865
20	v_heads	0	1	7	47	0xc03308f7	-2.797422170639038
20	v_heads	0	2	1	85	0x4028acbb	2.635542631149292
20	v_heads	0	3	2	9	0x4022ba53	2.5426223278045654
20	v_heads	1	0	4	56	0xc19fdc54	-19.982582092285156
20	v_heads	1	1	1	89	0xc165a36f	-14.352400779724121
20	v_heads	1	2	1	40	0x41624516	14.141866683959961
20	v_heads	1	3	1	50	0xc146a337	-12.414847373962402
20	v_heads	2	0	1	37	0xc18f07fa	-17.878894805908203
20	v_heads	2	1	1	0	0xc15ae097	-13.679831504821777
20	v_heads	2	2	1	35	0x415a6fca	13.652292251586914
20	v_heads	2	3	1	22	0x414e7026	12.902379989624023
20	v_heads	3	0	1	37	0xc17784e5	-15.469944953918457
20	v_heads	3	1	4	56	0xc16976e6	-14.591527938842773
20	v_heads	3	2	6	52	0x41500a32	13.00248908996582
20	v_heads	3	3	3	0	0xc143d00d	-12.238293647766113
20	v_heads	4	0	5	56	0x416c4656	14.767171859741211
20	v_heads	4	1	4	56	0xc15112fb	-13.067133903503418
20	v_heads	4	2	7	40	0x414bf916	12.748311996459961
20	v_heads	4	3	1	13	0xc14330d2	-12.199419021606445
20	v_heads	5	0	1	60	0x417542a2	15.328767776489258
20	v_heads	5	1	1	1	0x415e2374	13.883655548095703
20	v_heads	5	2	1	55	0xc1455bc8	-12.334907531738281
20	v_heads	5	3	1	35	0x4142be92	12.171525955200195
20	v_heads	6	0	1	85	0x4168888d	14.533337593078613
20	v_heads	6	1	5	106	0x415650f6	13.394765853881836
20	v_heads	6	2	0	86	0x414fe353	12.992999076843262
20	v_heads	6	3	0	88	0x414a44e9	12.641823768615723
20	v_heads	7	0	1	92	0xc16c31af	-14.762129783630371
20	v_heads	7	1	3	102	0xc164267d	-14.25939655303955
20	v_heads	7	2	0	68	0xc15fa072	-13.97667121887207
20	v_heads	7	3	1	123	0x4144f25f	12.309172630310059
20	v_heads	8	0	4	56	0xc1ae10dd	-21.75823402404785
20	v_heads	8	1	0	68	0xc1a39516	-20.447795867919922
20	v_heads	8	2	1	58	0x418b0d0b	17.38136863708496
20	v_heads	8	3	1	105	0xc139a85d	-11.603604316711426
20	v_heads	9	0	4	56	0xc1702cd6	-15.010946273803711
20	v_heads	9	1	0	64	0xc1310548	-11.063789367675781
20	v_heads	9	2	4	117	0x412f7d8b	10.96815013885498
20	v_heads	9	3	0	78	0xc120760b	-10.02881908416748
20	v_heads	10	0	5	106	0x4158082e	13.501996994018555
20	v_heads	10	1	5	80	0xc152d554	-13.177082061767578
20	v_heads	10	2	4	56	0xc1505646	-13.021062850952148
20	v_heads	10	3	0	88	0x41397f93	11.593646049499512
20	v_heads	11	0	4	56	0xc195779e	-18.683406829833984
20	v_heads	11	1	1	68	0x415b60c4	13.711124420166016
20	v_heads	11	2	3	42	0xc15069f6	-13.025869369506836
20	v_heads	11	3	7	47	0x41446b0e	12.27613639831543
20	v_heads	12	0	1	0	0xc16813b3	-14.504809379577637
20	v_heads	12	1	1	121	0xc156f927	-13.43582820892334
20	v_heads	12	2	7	47	0x414d7696	12.841451644897461
20	v_heads	12	3	1	51	0x4145132c	12.317180633544922
20	v_heads	13	0	4	56	0xc1a00b67	-20.00556755065918
20	v_heads	13	1	1	91	0x4127ff3c	10.499813079833984
20	v_heads	13	2	2	39	0x4127b61d	10.481961250305176
20	v_heads	13	3	7	47	0x411d0b77	9.815299034118652
20	v_heads	14	0	4	56	0xc18f98c6	-17.949596405029297
20	v_heads	14	1	5	56	0x4181b7f6	16.214824676513672
20	v_heads	14	2	1	13	0xc14cc9b3	-12.799242973327637
20	v_heads	14	3	3	127	0xc13c9d6b	-11.788432121276855
20	v_heads	15	0	1	7	0xc13ee3b9	-11.930596351623535
20	v_heads	15	1	1	55	0xc13e51e0	-11.894989013671875
20	v_heads	15	2	4	56	0xc131b4ca	-11.106637954711914
20	v_heads	15	3	7	13	0xc12c7e71	-10.780869483947754
20	v_heads	16	0	0	86	0x415b9438	13.723686218261719
20	v_heads	16	1	1	85	0x41455550	12.333328247070312
20	v_heads	16	2	0	88	0x413b238a	11.696176528930664
20	v_heads	16	3	4	56	0xc136e400	-11.4306640625
20	v_heads	17	0	4	56	0xc13ec4e3	-11.923068046569824
20	v_heads	17	1	1	14	0xc136f153	-11.433917045593262
20	v_heads	17	2	5	56	0x4131876a	11.095560073852539
20	v_heads	17	3	1	92	0xc130c718	-11.048606872558594
21	k_rope	0	0	4	127	0xc1ee5cee	-29.79537582397461
21	k_rope	0	1	5	62	0x41df4523	27.90875816345215
21	k_rope	0	2	2	62	0x41df3f28	27.905838012695312
21	k_rope	0	3	6	62	0x41dbb990	27.465606689453125
21	k_rope	1	0	3	114	0xc20814c5	-34.02028274536133
21	k_rope	1	1	2	114	0x41b937e7	23.15229606628418
21	k_rope	1	2	1	114	0xc1a5d222	-20.727603912353516
21	k_rope	1	3	7	114	0x419c5c8c	19.545188903808594
21	k_rope	2	0	3	114	0xc1d494e1	-26.572694778442383
21	k_rope	2	1	7	114	0x419e09e2	19.754825592041016
21	k_rope	2	2	4	126	0xc195ef74	-18.741920471191406
21	k_rope	2	3	5	114	0xc18d45aa	-17.659015655517578
21	k_rope	3	0	3	114	0xc1d07883	-26.0588436126709
21	k_rope	3	1	7	114	0x41cc1b13	25.513219833374023
21	k_rope	3	2	1	114	0xc1937832	-18.43368911743164
21	k_rope	3	3	0	126	0x41810856	16.129070281982422
21	k_rope	4	0	3	114	0xc1ec5344	-29.54065704345703
21	k_rope	4	1	1	114	0xc19cfc5d	-19.62322425842285
21	k_rope	4	2	4	126	0xc177347a	-15.450311660766602
21	k_rope	4	3	2	114	0x417507bc	15.314388275146484
21	k_rope	5	0	3	114	0xc1ed0ac6	-29.630260467529297
21	k_rope	5	1	7	114	0x418829fc	17.02050018310547
21	k_rope	5	2	2	114	0x41802847	16.01966667175293
21	k_rope	5	3	1	114	0xc174af46	-15.292791366577148
21	k_rope	6	0	3	114	0xc1f73e28	-30.905349731445312
21	k_rope	6	1	7	114	0x41c2a607	24.33106803894043
21	k_rope	6	2	2	114	0x419d9ee5	19.702585220336914
21	k_rope	6	3	6	114	0x41785265	15.520115852355957
21	k_rope	7	0	3	114	0xc1c6df4e	-24.85903549194336
21	k_rope	7	1	7	114	0x41a60ce0	20.75628662109375
21	k_rope	7	2	2	114	0x418c9672	17.57345962524414
21	k_rope	7	3	4	126	0xc1883541	-17.026002883911133
21	k_rope	8	0	3	114	0xc1e473b9	-28.55650520324707
21	k_rope	8	1	7	114	0x41a5bdc7	20.71766471862793
21	k_rope	8	2	1	114	0xc19cdaed	-19.606897354125977
21	k_rope	8	3	2	114	0x41927ee8	18.311965942382812
21	k_rope	9	0	3	114	0xc1c2f8dd	-24.37151527404785
21	k_rope	9	1	5	114	0xc1917112	-18.18021011352539
21	k_rope	9	2	7	114	0x4188a194	17.078895568847656
21	k_rope	9	3	2	114	0x417e703d	15.9024019241333
21	k_rope	10	0	3	114	0xc1ea7591	-29.307405471801758
21	k_rope	10	1	7	114	0x41cd198d	25.637475967407227
21	k_rope	10	2	1	114	0xc1a85d4b	-21.04555320739746
21	k_rope	10	3	2	114	0x419e6b90	19.802520751953125
21	k_rope	11	0	3	114	0xc20fd807	-35.96096420288086
21	k_rope	11	1	7	114	0x41dfead4	27.989662170410156
21	k_rope	11	2	2	114	0x41bd6914	23.676307678222656
21	k_rope	11	3	5	114	0xc1a73c19	-20.90434455871582
21	k_rope	12	0	3	114	0xc1f3fba9	-30.497880935668945
21	k_rope	12	1	7	114	0x41c53e07	24.65528678894043
21	k_rope	12	2	2	114	0x41b7c101	22.969240188598633
21	k_rope	12	3	0	126	0x419e9000	19.8203125
21	k_rope	13	0	3	114	0xc2121430	-36.51971435546875
21	k_rope	13	1	7	114	0x420e13ac	35.51921081542969
21	k_rope	13	2	2	114	0x41d07467	26.05683708190918
21	k_rope	13	3	1	114	0xc1b2fc53	-22.373205184936523
21	k_rope	14	0	3	114	0xc20ba215	-34.90828323364258
21	k_rope	14	1	1	114	0xc1c77e5a	-24.936695098876953
21	k_rope	14	2	2	114	0x41bc2164	23.51630401611328
21	k_rope	14	3	7	114	0x41a52ba4	20.64630889892578
21	k_rope	15	0	3	114	0xc2118e48	-36.388946533203125
21	k_rope	15	1	7	114	0x41c7310f	24.898954391479492
21	k_rope	15	2	2	114	0x41c1170f	24.136259078979492
21	k_rope	15	3	1	114	0xc1a7ac6d	-20.959192276000977
21	k_rope	16	0	3	114	0xc2107d81	-36.122562408447266
21	k_rope	16	1	7	114	0x41e60126	28.750560760498047
21	k_rope	16	2	1	114	0xc1b4961e	-22.573299407958984
21	k_rope	16	3	2	114	0x41b33e25	22.405344009399414
21	k_rope	17	0	3	114	0xc1f2973e	-30.323848724365234
21	k_rope	17	1	7	114	0x41ccc673	25.596899032592773
21	k_rope	17	2	2	114	0x41bc298f	23.520292282104492
21	k_rope	17	3	1	114	0xc19e6f76	-19.804424285888672
21	v_heads	0	0	5	116	0x4048d177	3.137784719467163
21	v_heads	0	1	0	46	0x403a9973	2.9156157970428467
21	v_heads	0	2	5	33	0x40395265	2.8956539630889893
21	v_heads	0	3	5	125	0xc0303dae	-2.7537646293640137
21	v_heads	1	0	4	47	0xc1cb006b	-25.37520408630371
21	v_heads	1	1	3	51	0xc1a721c9	-20.891496658325195
21	v_heads	1	2	3	34	0x41a59beb	20.70113182067871
21	v_heads	1	3	0	55	0x41a3c966	20.473339080810547
21	v_heads	2	0	0	70	0xc204a1fd	-33.1581916809082
21	v_heads	2	1	4	57	0x4203e387	32.97219467163086
21	v_heads	2	2	5	126	0xc1ccd6e8	-25.604934692382812
21	v_heads	2	3	3	31	0xc1a1cd0c	-20.225120544433594
21	v_heads	3	0	0	70	0xc214d714	-37.21003723144531
21	v_heads	3	1	5	126	0xc1de645c	-27.79900360107422
21	v_heads	3	2	0	46	0xc1dceea9	-27.616533279418945
21	v_heads	3	3	4	57	0x41d24506	26.283702850341797
21	v_heads	4	0	3	51	0xc1d227be	-26.269405364990234
21	v_heads	4	1	0	70	0xc1ca8d6a	-25.319049835205078
21	v_heads	4	2	0	46	0xc1c48b8d	-24.568140029907227
21	v_heads	4	3	4	57	0x41b79c70	22.951385498046875
21	v_heads	5	0	0	113	0x41bfab59	23.95866584777832
21	v_heads	5	1	0	105	0x41bd3590	23.651153564453125
21	v_heads	5	2	0	70	0xc1b45232	-22.54013442993164
21	v_heads	5	3	0	80	0x41b1a30a	22.204608917236328
21	v_heads	6	0	4	32	0x418e82a8	17.813796997070312
21	v_heads	6	1	0	8	0x417d7a0c	15.842296600341797
21	v_heads	6	2	0	38	0xc172c570	-15.173202514648438
21	v_heads	6	3	0	43	0xc16f3f81	-14.953003883361816
21	v_heads	7	0	4	57	0x41ca3a7f	25.278562545776367
21	v_heads	7	1	0	53	0x41ac9c11	21.576204299926758
21	v_heads	7	2	4	33	0x41983c3b	19.029409408569336
21	v_heads	7	3	3	57	0xc18e4210	-17.782257080078125
21	v_heads	8	0	0	70	0xc1d3fda5	-26.498849868774414
21	v_heads	8	1	5	126	0xc1c82081	-25.015871047973633
21	v_heads	8	2	4	57	0x41a9d135	21.22715187072754
21	v_heads	8	3	0	95	0x419b9eb9	19.45250129699707
21	v_heads	9	0	4	32	0x419d07e6	19.628856658935547
21	v_heads	9	1	7	3	0xc15bec5f	-13.745207786560059
21	v_heads	9	2	5	126	0xc14fc972	-12.98668098449707
21	v_heads	9	3	2	97	0xc1482526	-12.509069442749023
21	v_heads	10	0	4	32	0x41944450	18.533355712890625
21	v_heads	10	1	0	8	0x417df0c8	15.871284484863281
21	v_heads	10	2	5	126	0xc157ea90	-13.494766235351562
21	v_heads	10	3	4	41	0xc1560ade	-13.377653121948242
21	v_heads	11	0	4	57	0x41d49f8e	26.57790756225586
21	v_heads	11	1	5	126	0xc1aca0c4	-21.57849884033203
21	v_heads	11	2	4	47	0xc19c6918	-19.551315307617188
21	v_heads	11	3	0	46	0xc196a5ea	-18.831012725830078
21	v_heads	12	0	4	57	0x41fb3990	31.403106689453125
21	v_heads	12	1	5	126	0xc1b83ac1	-23.028688430786133
21	v_heads	12	2	0	70	0xc1b18257	-22.188642501831055
21	v_heads	12	3	3	31	0xc18aaa5c	-17.33318328857422
21	v_heads	13	0	0	70	0xc1f3e386	-30.486095428466797
21	v_heads	13	1	5	126	0xc1c242bc	-24.28258514404297
21	v_heads	13	2	4	57	0x41b7c15d	22.96941566467285
21	v_heads	13	3	0	46	0xc19c4732	-19.53476333618164
21	v_heads	14	0	4	57	0x41bda65a	23.706226348876953
21	v_heads	14	1	3	51	0xc1b4c592	-22.59646987915039
21	v_heads	14	2	4	109	0x41a072ac	20.055992126464844
21	v_heads	14	3	6	105	0xc194d8c7	-18.60584831237793
21	v_heads	15	0	0	70	0xc173c6ee	-15.236066818237305
21	v_heads	15	1	0	113	0x4161b792	14.107316970825195
21	v_heads	15	2	0	105	0x41601003	14.00390911102295
21	v_heads	15	3	1	25	0xc15c9dc3	-13.7885160446167
21	v_heads	16	0	0	0	0xc170cb5c	-15.04964828491211
21	v_heads	16	1	4	32	0x415abea1	13.671540260314941
21	v_heads	16	2	0	8	0x41519ac9	13.100289344787598
21	v_heads	16	3	2	71	0xc13c9874	-11.787220001220703
21	v_heads	17	0	4	57	0x41e67708	28.808120727539062
21	v_heads	17	1	0	117	0x418b2a5a	17.395679473876953
21	v_heads	17	2	6	105	0xc18afa8c	-17.372337341308594
21	v_heads	17	3	5	126	0xc18a1368	-17.259475708007812
22	k_rope	0	0	4	126	0xc1ae9905	-21.824716567993164
22	k_rope	0	1	3	62	0xc1adde9f	-21.733701705932617
22	k_rope	0	2	2	127	0xc1a54258	-20.657394409179688
22	k_rope	0	3	6	125	0xc18fc6e1	-17.972108840942383
22	k_rope	1	0	5	41	0x413ad896	11.677877426147461
22	k_rope	1	1	7	54	0x41366043	11.3985013961792
22	k_rope	1	2	4	54	0xc131c4c3	-11.1105375289917
22	k_rope	1	3	5	54	0x412f29c6	10.947698593139648
22	k_rope	2	0	5	54	0x4169824a	14.594308853149414
22	k_rope	2	1	7	54	0x416387a0	14.220611572265625
22	k_rope	2	2	6	126	0x4152ae2d	13.167523384094238
22	k_rope	2	3	3	54	0x4140d7bb	12.052668571472168
22	k_rope	3	0	6	126	0x418af672	17.37033462524414
22	k_rope	3	1	5	54	0x415ffccd	13.999218940734863
22	k_rope	3	2	7	54	0x415077ae	13.029218673706055
22	k_rope	3	3	4	61	0x414d7523	12.841097831726074
22	k_rope	4	0	5	54	0x416941b6	14.578542709350586
22	k_rope	4	1	7	54	0x41637dd8	14.218223571777344
22	k_rope	4	2	7	41	0xc140c1bc	-12.047298431396484
22	k_rope	4	3	6	126	0x413dd4ca	11.864450454711914
22	k_rope	5	0	7	54	0x4157d0c6	13.488470077514648
22	k_rope	5	1	5	54	0x41575614	13.458515167236328
22	k_rope	5	2	7	41	0xc13fc321	-11.985138893127441
22	k_rope	5	3	6	126	0x413708fd	11.43969440460205
22	k_rope	6	0	5	54	0x41611749	14.068184852600098
22	k_rope	6	1	7	54	0x41569e37	13.413626670837402
22	k_rope	6	2	6	126	0x4130e797	11.056540489196777
22	k_rope	6	3	0	62	0xc12ae2f9	-10.680413246154785
22	k_rope	7	0	5	54	0x415d9f4a	13.851388931274414
22	k_rope	7	1	7	54	0x4146d8e7	12.42795467376709
22	k_rope	7	2	4	61	0x412f0ae6	10.940160751342773
22	k_rope	7	3	6	126	0x412cbb9c	10.79580307006836
22	k_rope	8	0	6	126	0x41697365	14.590672492980957
22	k_rope	8	1	7	54	0x41511cf4	13.069568634033203
22	k_rope	8	2	2	41	0x413b82b6	11.719411849975586
22	k_rope	8	3	2	61	0xc13814a7	-11.50504207611084
22	k_rope	9	0	1	126	0x41420d2d	12.128216743469238
22	k_rope	9	1	6	54	0xc141966c	-12.099224090576172
22	k_rope	9	2	4	54	0xc1416b17	-12.088644981384277
22	k_rope	9	3	5	54	0x4131dcd4	11.116413116455078
22	k_rope	10	0	4	54	0xc153a08e	-13.22669792175293
22	k_rope	10	1	6	54	0xc14c277c	-12.759639739990234
22	k_rope	10	2	2	54	0xc1426598	-12.149803161621094
22	k_rope	10	3	5	54	0x412fa760	10.978363037109375
22	k_rope	11	0	7	54	0x417cd0c3	15.8009672164917
22	k_rope	11	1	5	54	0x41591f88	13.570198059082031
22	k_rope	11	2	2	54	0xc13fff59	-11.99984073638916
22	k_rope	11	3	6	54	0xc12de3d2	-10.868120193481445
22	k_rope	12	0	5	54	0x4176ebbd	15.4325532913208
22	k_rope	12	1	7	54	0x41745ff2	15.27342414855957
22	k_rope	12	2	6	126	0x4160bbbc	14.045833587646484
22	k_rope	12	3	3	54	0x4151557e	13.083372116088867
22	k_rope	13	0	6	126	0x416c8f71	14.785019874572754
22	k_rope	13	1	5	54	0x416405df	14.251433372497559
22	k_rope	13	2	7	54	0x4148b889	12.545052528381348
22	k_rope	13	3	4	61	0x41452f36	12.324026107788086
22	k_rope	14	0	5	54	0x41688bfc	14.534175872802734
22	k_rope	14	1	7	54	0x415e37b5	13.88860034942627
22	k_rope	14	2	2	54	0xc1355f6f	-11.335799217224121
22	k_rope	14	3	4	54	0xc13057ca	-11.021432876586914
22	k_rope	15	0	7	54	0x41769a60	15.412689208984375
22	k_rope	15	1	0	62	0xc15c123b	-13.754450798034668
22	k_rope	15	2	5	54	0x41581dcf	13.507277488708496
22	k_rope	15	3	2	54	0xc14af9b8	-12.685966491699219
22	k_rope	16	0	6	54	0xc157a13a	-13.476861953735352
22	k_rope	16	1	5	54	0x4153f365	13.246922492980957
22	k_rope	16	2	0	62	0xc14da8fc	-12.853755950927734
22	k_rope	16	3	7	54	0x414875d1	12.528763771057129
22	k_rope	17	0	7	54	0x416a561a	14.646020889282227
22	k_rope	17	1	5	54	0x4164141a	14.254907608032227
22	k_rope	17	2	2	54	0xc1354e69	-11.331643104553223
22	k_rope	17	3	4	54	0xc1339b48	-11.225410461425781
22	v_heads	0	0	7	112	0x4085044a	4.156773567199707
22	v_heads	0	1	3	68	0xc04b2e75	-3.174710512161255
22	v_heads	0	2	1	114	0x404a905e	3.1650614738464355
22	v_heads	0	3	0	3	0xc03cd14d	-2.950274705886841
22	v_heads	1	0	6	5	0x41c67381	24.806398391723633
22	v_heads	1	1	4	9	0x41b6e7c1	22.863161087036133
22	v_heads	1	2	0	88	0x41abb1e3	21.46185874938965
22	v_heads	1	3	4	58	0x41a56305	20.673349380493164
22	v_heads	2	0	6	48	0xc1d30697	-26.378217697143555
22	v_heads	2	1	0	72	0x41b7b214	22.961952209472656
22	v_heads	2	2	4	22	0x41b231e5	22.274362564086914
22	v_heads	2	3	6	127	0x41abbb97	21.466596603393555
22	v_heads	3	0	6	111	0x41ac05b2	21.50278091430664
22	v_heads	3	1	0	44	0x41a0a17b	20.078847885131836
22	v_heads	3	2	7	7	0x419fb951	19.965486526489258
22	v_heads	3	3	6	57	0xc19e5d7f	-19.795652389526367
22	v_heads	4	0	2	48	0xc1d7d2b1	-26.977876663208008
22	v_heads	4	1	4	127	0x41bea6a6	23.831371307373047
22	v_heads	4	2	4	26	0x41b2256a	22.268268585205078
22	v_heads	4	3	3	68	0x41a48ede	20.569759368896484
22	v_heads	5	0	4	55	0xc1ce8629	-25.815507888793945
22	v_heads	5	1	0	51	0xc1c069e2	-24.051700592041016
22	v_heads	5	2	7	122	0xc1b81b9f	-23.013486862182617
22	v_heads	5	3	6	8	0xc1b29664	-22.32343292236328
22	v_heads	6	0	7	122	0xc19770c5	-18.930063247680664
22	v_heads	6	1	5	104	0xc189539b	-17.165822982788086
22	v_heads	6	2	7	23	0xc1893895	-17.15262794494629
22	v_heads	6	3	7	55	0xc18826e9	-17.018999099731445
22	v_heads	7	0	0	102	0x41c50baf	24.630704879760742
22	v_heads	7	1	2	69	0xc1b6c7ff	-22.847654342651367
22	v_heads	7	2	6	106	0x41b5dfbe	22.734249114990234
22	v_heads	7	3	4	52	0xc1969441	-18.822389602661133
22	v_heads	8	0	4	88	0xc18f7ead	-17.936853408813477
22	v_heads	8	1	4	113	0xc187e306	-16.985851287841797
22	v_heads	8	2	6	40	0xc17f6df7	-15.964346885681152
22	v_heads	8	3	4	28	0xc17a80e7	-15.65647029876709
22	v_heads	9	0	5	9	0x41919dd1	18.202058792114258
22	v_heads	9	1	1	9	0x418c1083	17.5080623626709
22	v_heads	9	2	7	7	0x416e735d	14.903164863586426
22	v_heads	9	3	3	21	0xc15a3bb5	-13.63957691192627
22	v_heads	10	0	5	9	0x419d7f88	19.687271118164062
22	v_heads	10	1	5	107	0x418f1e00	17.8896484375
22	v_heads	10	2	6	29	0xc173a63d	-15.2280855178833
22	v_heads	10	3	6	69	0x41726dba	15.151788711547852
22	v_heads	11	0	6	5	0x41a13973	20.153051376342773
22	v_heads	11	1	4	78	0xc19fad16	-19.959514617919922
22	v_heads	11	2	5	9	0x419a47d6	19.285076141357422
22	v_heads	11	3	2	29	0xc17354e5	-15.208226203918457
22	v_heads	12	0	6	48	0xc19364b0	-18.424163818359375
22	v_heads	12	1	0	72	0x41897d02	17.186038970947266
22	v_heads	12	2	3	114	0x4185e416	16.736370086669922
22	v_heads	12	3	0	40	0x4182f312	16.36868667602539
22	v_heads	13	0	6	111	0x418fdf72	17.98410415649414
22	v_heads	13	1	7	7	0x4180c8e0	16.09808349609375
22	v_heads	13	2	1	52	0x4166dd51	14.429032325744629
22	v_heads	13	3	0	62	0x41657f3e	14.343564987182617
22	v_heads	14	0	2	48	0xc1bb93c2	-23.447147369384766
22	v_heads	14	1	3	68	0x41ab232c	21.392173767089844
22	v_heads	14	2	4	127	0x418ee839	17.86338996887207
22	v_heads	14	3	0	30	0x418b7acd	17.434961318969727
22	v_heads	15	0	0	51	0xc186a240	-16.8292236328125
22	v_heads	15	1	6	8	0xc1702a1d	-15.010281562805176
22	v_heads	15	2	0	72	0xc16d3e36	-14.827688217163086
22	v_heads	15	3	3	68	0x416c888d	14.783337593078613
22	v_heads	16	0	7	7	0x4177f0d4	15.496295928955078
22	v_heads	16	1	5	9	0x4172b00d	15.167981147766113
22	v_heads	16	2	1	28	0x415de555	13.868489265441895
22	v_heads	16	3	7	70	0x414caaa9	12.791665077209473
22	v_heads	17	0	0	102	0x41b57724	22.68317413330078
22	v_heads	17	1	6	106	0x41973cd6	18.904705047607422
22	v_heads	17	2	5	9	0x418783e0	16.93939208984375
22	v_heads	17	3	7	7	0x41869041	16.820436477661133
23	k_rope	0	0	0	125	0xc1d8503c	-27.03917694091797
23	k_rope	0	1	7	61	0x41d27590	26.307403564453125
23	k_rope	0	2	4	126	0xc1c8aacd	-25.083398818969727
23	k_rope	0	3	6	126	0xc1c2cab7	-24.348981857299805
23	k_rope	1	0	7	60	0xc18ee399	-17.86113166809082
23	k_rope	1	1	5	48	0x41833b25	16.403879165649414
23	k_rope	1	2	7	48	0xc17e4714	-15.892353057861328
23	k_rope	1	3	1	48	0x417c47c3	15.7675199508667
23	k_rope	2	0	3	48	0xc1a7e8b7	-20.988630294799805
23	k_rope	2	1	1	48	0x4187a40e	16.95510482788086
23	k_rope	2	2	6	48	0x417388c4	15.220890045166016
23	k_rope	2	3	4	48	0xc16c14b5	-14.75505542755127
23	k_rope	3	0	3	58	0x418fdae1	17.981874465942383
23	k_rope	3	1	6	48	0x41843932	16.52792739868164
23	k_rope	3	2	0	61	0xc17fa631	-15.978074073791504
23	k_rope	3	3	3	48	0xc17e8f74	-15.910022735595703
23	k_rope	4	0	4	48	0xc1a11888	-20.136978149414062
23	k_rope	4	1	7	48	0xc19ad016	-19.351604461669922
23	k_rope	4	2	1	48	0x415d949b	13.848780632019043
23	k_rope	4	3	6	48	0x415d61bb	13.836359977722168
23	k_rope	5	0	3	48	0xc189e3e9	-17.236284255981445
23	k_rope	5	1	2	122	0xc187e9a0	-16.98907470703125
23	k_rope	5	2	2	48	0xc16d56c7	-14.833685874938965
23	k_rope	5	3	7	60	0xc15e5f01	-13.898194313049316
23	k_rope	6	0	2	48	0xc1932891	-18.394807815551758
23	k_rope	6	1	3	48	0xc18a3e2f	-17.280363082885742
23	k_rope	6	2	4	48	0xc17afa66	-15.686132431030273
23	k_rope	6	3	5	48	0x415dac1c	13.85451889038086
23	k_rope	7	0	3	122	0x419151ce	18.16494369506836
23	k_rope	7	1	3	48	0xc189c807	-17.22266960144043
23	k_rope	7	2	4	48	0xc187e3f1	-16.986299514770508
23	k_rope	7	3	2	48	0xc187706d	-16.929895401000977
23	k_rope	8	0	5	48	0x419a9bdf	19.326108932495117
23	k_rope	8	1	6	48	0x418b0812	17.37894058227539
23	k_rope	8	2	5	60	0xc161b9a9	-14.107827186584473
23	k_rope	8	3	3	58	0x4161a492	14.102678298950195
23	k_rope	9	0	7	48	0xc19f9aa3	-19.95050621032715
23	k_rope	9	1	3	124	0x418e8fd6	17.820232391357422
23	k_rope	9	2	3	48	0xc187b5e0	-16.96380615234375
23	k_rope	9	3	5	60	0xc17e5bdc	-15.89742660522461
23	k_rope	10	0	7	60	0xc1900042	-18.000125885009766
23	k_rope	10	1	7	48	0xc18d0535	-17.62754249572754
23	k_rope	10	2	3	48	0xc18b5752	-17.41763687133789
23	k_rope	10	3	2	48	0xc17bd76a	-15.740091323852539
23	k_rope	11	0	3	48	0xc1a62a21	-20.770570755004883
23	k_rope	11	1	1	48	0x41a58c32	20.69345474243164
23	k_rope	11	2	7	48	0xc187f85b	-16.996267318725586
23	k_rope	11	3	7	60	0xc18488d1	-16.566804885864258
23	k_rope	12	0	3	48	0xc1bd65e3	-23.67474937438965
23	k_rope	12	1	4	48	0xc18bd080	-17.476806640625
23	k_rope	12	2	1	48	0x418b45f7	17.409162521362305
23	k_rope	12	3	0	61	0xc182b552	-16.33853530883789
23	k_rope	13	0	3	48	0xc1ac214a	-21.516254425048828
23	k_rope	13	1	6	48	0x419ea620	19.83111572265625
23	k_rope	13	2	1	48	0x41929fd2	18.32803726196289
23	k_rope	13	3	0	61	0xc18e4936	-17.785747528076172
23	k_rope	14	0	7	48	0xc1ac545a	-21.541187286376953
23	k_rope	14	1	4	48	0xc1a93acf	-21.153715133666992
23	k_rope	14	2	6	48	0x417d9ba3	15.850497245788574
23	k_rope	14	3	1	48	0x417776eb	15.466532707214355
23	k_rope	15	0	3	48	0xc1b1672a	-22.175373077392578
23	k_rope	15	1	1	48	0x419cbef7	19.593244552612305
23	k_rope	15	2	4	48	0xc18858d1	-17.043367385864258
23	k_rope	15	3	2	48	0xc16c0845	-14.752018928527832
23	k_rope	16	0	3	48	0xc1af35aa	-21.901203155517578
23	k_rope	16	1	2	48	0xc18f27a2	-17.894351959228516
23	k_rope	16	2	7	48	0xc1865d0b	-16.79543113708496
23	k_rope	16	3	4	48	0xc1808a44	-16.06751251220703
23	k_rope	17	0	4	48	0xc1a3d4fb	-20.478994369506836
23	k_rope	17	1	3	48	0xc1a2acf6	-20.334453582763672
23	k_rope	17	2	1	48	0x41988f60	19.07000732421875
23	k_rope	17	3	5	48	0x41657ba7	14.34268856048584
23	v_heads	0	0	0	92	0x406999fa	3.6500229835510254
23	v_heads	0	1	1	16	0x4061e8df	3.5298383235931396
23	v_heads	0	2	5	106	0xc05a5ebd	-3.41203236579895
23	v_heads	0	3	0	13	0xc02de509	-2.717104196548462
23	v_heads	1	0	5	94	0x41f213d8	30.259689331054688
23	v_heads	1	1	5	114	0xc1ef1994	-29.887489318847656
23	v_heads	1	2	7	60	0xc1ca7eda	-25.311939239501953
23	v_heads	1	3	5	106	0xc1c1ed49	-24.240861892700195
23	v_heads	2	0	5	25	0xc21d27d7	-39.28890609741211
23	v_heads	2	1	5	59	0xc20c7598	-35.114837646484375
23	v_heads	2	2	5	71	0xc1e60851	-28.754060745239258
23	v_heads	2	3	5	30	0xc1dc12a1	-27.509096145629883
23	v_heads	3	0	5	20	0x421ade2e	38.71697235107422
23	v_heads	3	1	5	60	0xc1e9ca93	-29.223913192749023
23	v_heads	3	2	5	39	0xc1e52778	-28.644271850585938
23	v_heads	3	3	5	14	0xc1e49fb6	-28.577983856201172
23	v_heads	4	0	5	69	0x41d2cc8b	26.34987449645996
23	v_heads	4	1	7	68	0xc1d0af39	-26.08555793762207
23	v_heads	4	2	5	16	0xc1cc24ae	-25.51791000366211
23	v_heads	4	3	5	86	0xc1c2a7ab	-24.33186912536621
23	v_heads	5	0	5	103	0x41f53c6e	30.65450668334961
23	v_heads	5	1	5	42	0x41c0b83c	24.08995819091797
23	v_heads	5	2	5	78	0xc1c00275	-24.00119972229004
23	v_heads	5	3	4	122	0x41b61c66	22.763866424560547
23	v_heads	6	0	1	120	0x41a01a1a	20.012744903564453
23	v_heads	6	1	5	57	0x41935ece	18.42129135131836
23	v_heads	6	2	1	75	0xc18ded8f	-17.740995407104492
23	v_heads	6	3	6	76	0xc18964c7	-17.17420768737793
23	v_heads	7	0	5	85	0xc1bf4cea	-23.912555694580078
23	v_heads	7	1	5	28	0x41b2e46a	22.361530303955078
23	v_heads	7	2	5	0	0x41b12047	22.14076042175293
23	v_heads	7	3	5	10	0xc1af1573	-21.885473251342773
23	v_heads	8	0	1	16	0xc1ecaf7e	-29.585689544677734
23	v_heads	8	1	5	74	0x41c922a7	25.14192008972168
23	v_heads	8	2	5	99	0xc1b9ba09	-23.215837478637695
23	v_heads	8	3	5	40	0x41b7ed5b	22.990896224975586
23	v_heads	9	0	1	16	0xc203c9a4	-32.94691467285156
23	v_heads	9	1	4	50	0x4184f0d6	16.617595672607422
23	v_heads	9	2	7	121	0x4180a998	16.082809448242188
23	v_heads	9	3	6	37	0x4177a059	15.47664737701416
23	v_heads	10	0	1	59	0xc19ce72e	-19.61288070678711
23	v_heads	10	1	1	75	0xc15b36a6	-13.700841903686523
23	v_heads	10	2	1	36	0x41555b58	13.334800720214844
23	v_heads	10	3	7	121	0x414b1a32	12.69389533996582
23	v_heads	11	0	7	121	0x41a0e8b6	20.113628387451172
23	v_heads	11	1	5	94	0x419f4c81	19.912355422973633
23	v_heads	11	2	5	119	0x4182f5ec	16.370079040527344
23	v_heads	11	3	5	114	0xc17ed206	-15.926275253295898
23	v_heads	12	0	5	25	0xc1caeea7	-25.36652946472168
23	v_heads	12	1	5	30	0xc1bbacc4	-23.45935821533203
23	v_heads	12	2	5	14	0xc1a98511	-21.189973831176758
23	v_heads	12	3	5	107	0xc1a6ea8f	-20.864530563354492
23	v_heads	13	0	5	20	0x41b0816b	22.06319236755371
23	v_heads	13	1	1	16	0xc1ae8131	-21.813081741333008
23	v_heads	13	2	5	14	0xc1a85faf	-21.046720504760742
23	v_heads	13	3	7	121	0x418b9b8e	17.45095443725586
23	v_heads	14	0	1	16	0xc1b71d73	-22.889379501342773
23	v_heads	14	1	5	69	0x41a53b14	20.653846740722656
23	v_heads	14	2	7	68	0xc1a0cae7	-20.09907341003418
23	v_heads	14	3	5	16	0xc19b570d	-19.417505264282227
23	v_heads	15	0	1	16	0xc1a923c1	-21.142457962036133
23	v_heads	15	1	5	103	0x41a8eaf2	21.11471939086914
23	v_heads	15	2	3	104	0x41a1f1fb	20.243154525756836
23	v_heads	15	3	1	120	0x41992263	19.14179039001465
23	v_heads	16	0	1	120	0x41a06a07	20.05177116394043
23	v_heads	16	1	1	75	0xc18da146	-17.703746795654297
23	v_heads	16	2	1	59	0xc17d81a2	-15.844148635864258
23	v_heads	16	3	1	117	0xc1632e4d	-14.198803901672363
23	v_heads	17	0	5	85	0xc1ae199a	-21.762500762939453
23	v_heads	17	1	5	10	0xc188ddbd	-17.1082706451416
23	v_heads	17	2	5	15	0xc1854f66	-16.663768768310547
23	v_heads	17	3	7	71	0xc1848050	-16.562652587890625
24	k_rope	0	0	2	125	0xc2324bf1	-44.574161529541016
24	k_rope	0	1	2	124	0x420a50cf	34.578914642333984
24	k_rope	0	2	3	125	0x420a4e60	34.5765380859375
24	k_rope	0	3	6	126	0x42080cf3	34.01264572143555
24	k_rope	1	0	6	125	0x421df5d0	39.49005126953125
24	k_rope	1	1	3	125	0x420f638c	35.84721374511719
24	k_rope	1	2	3	61	0x42058c4b	33.38700485229492
24	k_rope	1	3	6	127	0xc1a4b970	-20.590545654296875
24	k_rope	2	0	3	61	0x4201f61e	32.49034881591797
24	k_rope	2	1	5	60	0x41c67686	24.807872772216797
24	k_rope	2	2	2	60	0x41c55fd1	24.671785354614258
24	k_rope	2	3	6	125	0x41c023a3	24.01740074157715
24	k_rope	3	0	3	61	0x420392d9	32.89340591430664
24	k_rope	3	1	2	60	0x41f2f592	30.36990737915039
24	k_rope	3	2	6	125	0x41ec7775	29.55832862854004
24	k_rope	3	3	3	125	0x41d7d485	26.978769302368164
24	k_rope	4	0	3	61	0x41e61a29	28.762773513793945
24	k_rope	4	1	5	60	0x41c36dfa	24.428699493408203
24	k_rope	4	2	2	60	0x41bae4a2	23.361637115478516
24	k_rope	4	3	6	125	0x41b91c2b	23.13875389099121
24	k_rope	5	0	5	125	0x41a29ad2	20.32559585571289
24	k_rope	5	1	2	60	0x41a24ae1	20.286561965942383
24	k_rope	5	2	3	61	0x419d8ce4	19.69379425048828
24	k_rope	5	3	6	125	0x419626d4	18.768959045410156
24	k_rope	6	0	3	61	0x41be24c0	23.7679443359375
24	k_rope	6	1	6	125	0x41b9a16d	23.203821182250977
24	k_rope	6	2	4	112	0xc1b1f84e	-22.24624252319336
24	k_rope	6	3	2	60	0x41a3b063	20.46112632751465
24	k_rope	7	0	3	61	0x4203a69c	32.91270446777344
24	k_rope	7	1	2	60	0x41c150e1	24.164491653442383
24	k_rope	7	2	3	125	0x41c13ebb	24.155630111694336
24	k_rope	7	3	6	125	0x41bd6c07	23.67774772644043
24	k_rope	8	0	3	125	0x41c38135	24.43808937072754
24	k_rope	8	1	2	60	0x41b8ca8f	23.098905563354492
24	k_rope	8	2	6	60	0xc1b52221	-22.641664505004883
24	k_rope	8	3	3	61	0x41a814f4	21.010231018066406
24	k_rope	9	0	6	125	0x41b29f7c	22.32787322998047
24	k_rope	9	1	7	112	0xc195f035	-18.74228858947754
24	k_rope	9	2	7	60	0xc18403b2	-16.50180435180664
24	k_rope	9	3	2	112	0x417a6b7f	15.651244163513184
24	k_rope	10	0	6	125	0x41dbf8ee	27.49654769897461
24	k_rope	10	1	3	125	0x41b97888	23.183853149414062
24	k_rope	10	2	7	60	0xc1b0315e	-22.024105072021484
24	k_rope	10	3	2	63	0x4189f628	17.245193481445312
24	k_rope	11	0	6	125	0x42184ddb	38.07603073120117
24	k_rope	11	1	3	61	0x4212ae3a	36.670143127441406
24	k_rope	11	2	3	125	0x42096977	34.35299301147461
24	k_rope	11	3	2	60	0x420529ca	33.290809631347656
24	k_rope	12	0	3	61	0x42019e8f	32.404842376708984
24	k_rope	12	1	2	60	0x41f91763	31.13641929626465
24	k_rope	12	2	5	60	0x41c4b180	24.586669921875
24	k_rope	12	3	7	59	0x41c4835f	24.564146041870117
24	k_rope	13	0	2	60	0x420ad624	34.70912170410156
24	k_rope	13	1	3	61	0x42006f40	32.108642578125
24	k_rope	13	2	7	59	0x41dc6f0b	27.55422019958496
24	k_rope	13	3	5	60	0x41cbf4b1	25.494478225708008
24	k_rope	14	0	3	61	0x41edd901	29.730958938598633
24	k_rope	14	1	2	60	0x41c0d5a4	24.10431671142578
24	k_rope	14	2	5	60	0x41b3c145	22.469369888305664
24	k_rope	14	3	6	125	0x419c4956	19.535808563232422
24	k_rope	15	0	6	124	0x4198676f	19.050504684448242
24	k_rope	15	1	5	125	0x41925650	18.292144775390625
24	k_rope	15	2	5	62	0x41910e96	18.132122039794922
24	k_rope	15	3	2	60	0x418ba2b4	17.454444885253906
24	k_rope	16	0	7	112	0xc1a2614a	-20.297504425048828
24	k_rope	16	1	4	112	0xc19f01d4	-19.875892639160156
24	k_rope	16	2	5	112	0xc19643d3	-18.783117294311523
24	k_rope	16	3	6	125	0x41942b9f	18.521299362182617
24	k_rope	17	0	3	61	0x41fde809	31.738298416137695
24	k_rope	17	1	2	60	0x41d0a0ef	26.078580856323242
24	k_rope	17	2	3	125	0x41c200cc	24.250389099121094
24	k_rope	17	3	6	125	0x41b2cb3e	22.349239349365234
24	v_heads	0	0	2	53	0xc0bf45e1	-5.977280139923096
24	v_heads	0	1	0	16	0xc07c0885	-3.9380199909210205
24	v_heads	0	2	1	81	0xc071283a	-3.768080234527588
24	v_heads	0	3	1	51	0x40638128	3.554758071899414
24	v_heads	1	0	3	62	0x421de784	39.47608947753906
24	v_heads	1	1	2	21	0x4216061f	37.505977630615234
24	v_heads	1	2	5	115	0xc2014c92	-32.32477569580078
24	v_heads	1	3	1	30	0xc1fc68b1	-31.551118850708008
24	v_heads	2	0	2	21	0x42156d4c	37.35673522949219
24	v_heads	2	1	5	118	0xc21282b1	-36.627628326416016
24	v_heads	2	2	6	89	0xc20dd7a8	-35.460601806640625
24	v_heads	2	3	3	55	0xc20443cf	-33.066219329833984
24	v_heads	3	0	2	15	0xc20aa5a5	-34.66176223754883
24	v_heads	3	1	5	86	0xc20a81d9	-34.62680435180664
24	v_heads	3	2	2	21	0x42015ef9	32.34274673461914
24	v_heads	3	3	2	65	0xc1f23b78	-30.279037475585938
24	v_heads	4	0	2	81	0x421f9cac	39.90299987792969
24	v_heads	4	1	3	62	0x420d6c66	35.355857849121094
24	v_heads	4	2	6	125	0x41f9e8d4	31.238685607910156
24	v_heads	4	3	7	23	0x41f5ab64	30.70868682861328
24	v_heads	5	0	5	56	0x4214c5b7	37.19308090209961
24	v_heads	5	1	4	103	0x41f911b1	31.133638381958008
24	v_heads	5	2	2	70	0x41e9f162	29.242862701416016
24	v_heads	5	3	3	25	0xc1e0b0f5	-28.08640480041504
24	v_heads	6	0	1	30	0xc1e792c5	-28.946664810180664
24	v_heads	6	1	3	77	0x41d8ad7b	27.084707260131836
24	v_heads	6	2	2	122	0x41d3ca66	26.473827362060547
24	v_heads	6	3	2	18	0x41bf0017	23.875043869018555
24	v_heads	7	0	5	51	0x4203dc40	32.965087890625
24	v_heads	7	1	7	105	0x41e5b0f8	28.711410522460938
24	v_heads	7	2	5	46	0x41e0cfcb	28.10146141052246
24	v_heads	7	3	5	78	0xc1df979e	-27.949031829833984
24	v_heads	8	0	1	30	0xc20e4c76	-35.574668884277344
24	v_heads	8	1	1	57	0xc1f4d115	-30.60209083557129
24	v_heads	8	2	3	115	0x41ca5a7c	25.29418182373047
24	v_heads	8	3	2	41	0x41b875ce	23.05752182006836
24	v_heads	9	0	1	30	0xc2014f04	-32.32716369628906
24	v_heads	9	1	0	107	0xc1e6d3c2	-28.853397369384766
24	v_heads	9	2	6	50	0xc19cf395	-19.61893653869629
24	v_heads	9	3	1	3	0x41974de4	18.91303253173828
24	v_heads	10	0	2	74	0xc1a1fd92	-20.24881362915039
24	v_heads	10	1	1	30	0xc19d26e1	-19.643983840942383
24	v_heads	10	2	2	21	0x418319b1	16.387544631958008
24	v_heads	10	3	2	2	0x41828086	16.312755584716797
24	v_heads	11	0	3	62	0x4202936b	32.64396286010742
24	v_heads	11	1	2	21	0x41d19057	26.195478439331055
24	v_heads	11	2	1	30	0xc1c89358	-25.071945190429688
24	v_heads	11	3	5	115	0xc1b3f474	-22.494361877441406
24	v_heads	12	0	2	95	0xc1e61e52	-28.76480484008789
24	v_heads	12	1	3	124	0x41e39f4e	28.45278549194336
24	v_heads	12	2	3	55	0xc1d5aaf7	-26.708478927612305
24	v_heads	12	3	2	21	0x41d43e42	26.530399322509766
24	v_heads	13	0	1	30	0xc1fd2930	-31.645111083984375
24	v_heads	13	1	5	86	0xc1c85ac3	-25.0443172454834
24	v_heads	13	2	2	21	0x41b3d49a	22.478809356689453
24	v_heads	13	3	2	111	0x41a25358	20.290695190429688
24	v_heads	14	0	2	81	0x41eedf45	29.859018325805664
24	v_heads	14	1	6	125	0x41eb53da	29.415943145751953
24	v_heads	14	2	1	57	0xc1dcb0a0	-27.58624267578125
24	v_heads	14	3	3	62	0x41dc4624	27.53424835205078
24	v_heads	15	0	5	56	0x41ed8329	29.689043045043945
24	v_heads	15	1	3	8	0xc1cdbb30	-25.716400146484375
24	v_heads	15	2	5	92	0xc1cd4149	-25.656877517700195
24	v_heads	15	3	2	54	0xc1bcf94a	-23.621723175048828
24	v_heads	16	0	1	30	0xc1ddd869	-27.730669021606445
24	v_heads	16	1	6	50	0xc1830704	-16.37842559814453
24	v_heads	16	2	3	77	0x4182f9f2	16.37204360961914
24	v_heads	16	3	0	32	0x417ba813	15.728533744812012
24	v_heads	17	0	1	30	0xc1d8e2be	-27.110713958740234
24	v_heads	17	1	2	95	0xc1b49b81	-22.575929641723633
24	v_heads	17	2	3	83	0xc1b10792	-22.12869644165039
24	v_heads	17	3	5	97	0xc1aaacad	-21.334314346313477
25	k_rope	0	0	0	62	0x4217bee7	37.93642807006836
25	k_rope	0	1	5	127	0xc211c039	-36.43771743774414
25	k_rope	0	2	3	127	0x4206a393	33.65974044799805
25	k_rope	0	3	1	125	0xc2045881	-33.086429595947266
25	k_rope	1	0	3	125	0xc1ce1142	-25.758426666259766
25	k_rope	1	1	5	127	0xc1c19db6	-24.202007293701172
25	k_rope	1	2	5	60	0x41b2bbc3	22.3416805267334
25	k_rope	1	3	6	126	0x41af6957	21.926435470581055
25	k_rope	2	0	6	63	0x41aa6b6e	21.30245590209961
25	k_rope	2	1	4	127	0xc1a3fe47	-20.49915885925293
25	k_rope	2	2	5	60	0x419f1c8b	19.88893699645996
25	k_rope	2	3	0	126	0xc19f02a2	-19.876285552978516
25	k_rope	3	0	5	60	0x41bf0ad1	23.880281448364258
25	k_rope	3	1	3	63	0x41ba2092	23.26590347290039
25	k_rope	3	2	2	62	0x4194726c	18.555870056152344
25	k_rope	3	3	3	123	0x41904f17	18.038618087768555
25	k_rope	4	0	5	123	0x4194ac6c	18.584190368652344
25	k_rope	4	1	5	63	0x41902c3a	18.021595001220703
25	k_rope	4	2	5	127	0xc18b4824	-17.41022491455078
25	k_rope	4	3	5	60	0x418ad2b9	17.35289192199707
25	k_rope	5	0	5	123	0x41960d42	18.756473541259766
25	k_rope	5	1	4	126	0xc1848ad5	-16.56778907775879
25	k_rope	5	2	5	127	0xc1828940	-16.3170166015625
25	k_rope	5	3	4	127	0xc17ceb3b	-15.807429313659668
25	k_rope	6	0	4	127	0xc1959541	-18.697877883911133
25	k_rope	6	1	4	63	0x4189f71c	17.24565887451172
25	k_rope	6	2	0	126	0xc1870eae	-16.88216781616211
25	k_rope	6	3	5	60	0x4185c56d	16.721399307250977
25	k_rope	7	0	5	60	0x41a49dd1	20.577058792114258
25	k_rope	7	1	4	127	0xc194f244	-18.61829376220703
25	k_rope	7	2	7	124	0xc19034f4	-18.025856018066406
25	k_rope	7	3	3	125	0xc184856e	-16.56515121459961
25	k_rope	8	0	5	60	0x418c70d8	17.555099487304688
25	k_rope	8	1	4	124	0xc1823d4e	-16.27993392944336
25	k_rope	8	2	4	122	0xc1809760	-16.07391357421875
25	k_rope	8	3	2	126	0x41781f21	15.507599830627441
25	k_rope	9	0	5	127	0xc1aa9f04	-21.32764434814453
25	k_rope	9	1	0	126	0xc18cfc2d	-17.623132705688477
25	k_rope	9	2	4	63	0x41862b13	16.771032333374023
25	k_rope	9	3	7	124	0xc17d42bc	-15.828792572021484
25	k_rope	10	0	4	63	0x41baf3ea	23.369098663330078
25	k_rope	10	1	5	127	0xc1ad2fbc	-21.64830780029297
25	k_rope	10	2	0	126	0xc18e9e19	-17.82719612121582
25	k_rope	10	3	3	125	0xc1842545	-16.518198013305664
25	k_rope	11	0	5	60	0x41e8b8a8	29.090164184570312
25	k_rope	11	1	4	127	0xc1c2173e	-24.261348724365234
25	k_rope	11	2	3	125	0xc1bd03bf	-23.626829147338867
25	k_rope	11	3	6	126	0x4197facb	18.99745750427246
25	k_rope	12	0	4	127	0xc1caa276	-25.329326629638672
25	k_rope	12	1	5	60	0x41aacaf3	21.349096298217773
25	k_rope	12	2	6	59	0xc1913d83	-18.1550350189209
25	k_rope	12	3	3	63	0x418f0416	17.876995086669922
25	k_rope	13	0	3	63	0x41c0d0ab	24.10188865661621
25	k_rope	13	1	5	60	0x41b6b078	22.836166381835938
25	k_rope	13	2	6	60	0x41a7fcd5	20.99845314025879
25	k_rope	13	3	2	62	0x41858230	16.688568115234375
25	k_rope	14	0	5	127	0xc1a62240	-20.7667236328125
25	k_rope	14	1	5	123	0x418ffeff	17.999509811401367
25	k_rope	14	2	6	60	0x418963b2	17.17367935180664
25	k_rope	14	3	2	60	0x417e5422	15.895540237426758
25	k_rope	15	0	4	126	0xc19f2798	-19.894332885742188
25	k_rope	15	1	5	127	0xc19e8471	-19.814668655395508
25	k_rope	15	2	5	123	0x419788df	18.941831588745117
25	k_rope	15	3	6	61	0xc15e66ef	-13.900130271911621
25	k_rope	16	0	4	63	0x41a2a34d	20.329736709594727
25	k_rope	16	1	4	127	0xc1996b40	-19.1773681640625
25	k_rope	16	2	3	122	0xc188bcd7	-17.092206954956055
25	k_rope	16	3	5	122	0xc182cddb	-16.350515365600586
25	k_rope	17	0	4	127	0xc1bf9a08	-23.950210571289062
25	k_rope	17	1	5	60	0x41b9ebf7	23.240217208862305
25	k_rope	17	2	7	59	0xc1a16fd2	-20.17959976196289
25	k_rope	17	3	3	125	0xc185adfd	-16.7099552154541
25	v_heads	0	0	7	103	0xc1092897	-8.572409629821777
25	v_heads	0	1	0	121	0x4100a9a0	8.041412353515625
25	v_heads	0	2	2	111	0x40d47c57	6.640178203582764
25	v_heads	0	3	7	59	0xc0bcd05d	-5.900434970855713
25	v_heads	1	0	6	44	0x422c10f2	43.01654815673828
25	v_heads	1	1	5	93	0x4220a6a6	40.162742614746094
25	v_heads	1	2	2	96	0xc21f486c	-39.82072448730469
25	v_heads	1	3	7	91	0xc21c24a3	-39.0357780456543
25	v_heads	2	0	2	38	0x423f9783	47.8979606628418
25	v_heads	2	1	6	34	0x423c4979	47.07175064086914
25	v_heads	2	2	5	112	0x4235c63e	45.44359588623047
25	v_heads	2	3	2	61	0x4234c194	45.18904113769531
25	v_heads	3	0	3	81	0x4238ea79	46.22897720336914
25	v_heads	3	1	7	12	0xc235538a	-45.331581115722656
25	v_heads	3	2	7	65	0xc2344e33	-45.07636642456055
25	v_heads	3	3	2	66	0xc2327e52	-44.62335968017578
25	v_heads	4	0	3	17	0xc2357fc6	-45.374778747558594
25	v_heads	4	1	2	102	0x422ff5f5	43.99019241333008
25	v_heads	4	2	5	54	0xc22c5ad1	-43.088687896728516
25	v_heads	4	3	3	71	0xc22970b8	-42.360076904296875
25	v_heads	5	0	2	4	0xc225ccd8	-41.450042724609375
25	v_heads	5	1	2	52	0xc218ef20	-38.2335205078125
25	v_heads	5	2	3	111	0x421494be	37.14525604248047
25	v_heads	5	3	2	102	0xc20e0168	-35.501373291015625
25	v_heads	6	0	7	95	0x4208d1fb	34.20505905151367
25	v_heads	6	1	5	12	0xc1ef8ee0	-29.94476318359375
25	v_heads	6	2	2	110	0x41e16d78	28.178451538085938
25	v_heads	6	3	2	87	0x41e123ac	28.142417907714844
25	v_heads	7	0	7	107	0xc23aa447	-46.66042709350586
25	v_heads	7	1	2	24	0xc231bd64	-44.43495178222656
25	v_heads	7	2	2	77	0x422efa11	43.744205474853516
25	v_heads	7	3	2	21	0xc2267265	-41.61171340942383
25	v_heads	8	0	2	4	0x41f76340	30.9234619140625
25	v_heads	8	1	2	64	0x41f0cedf	30.101011276245117
25	v_heads	8	2	2	121	0x41e66624	28.79987335205078
25	v_heads	8	3	1	70	0xc1de9964	-27.82489776611328
25	v_heads	9	0	3	81	0x41ad9ad3	21.700597763061523
25	v_heads	9	1	0	75	0xc1a6eca9	-20.865556716918945
25	v_heads	9	2	2	72	0x418fd02d	17.976648330688477
25	v_heads	9	3	3	118	0xc1881d6a	-17.014362335205078
25	v_heads	10	0	3	13	0xc19bf9f4	-19.497047424316406
25	v_heads	10	1	0	57	0xc19064bc	-18.04918670654297
25	v_heads	10	2	6	111	0xc18dbbcd	-17.716699600219727
25	v_heads	10	3	0	65	0xc18d1977	-17.637434005737305
25	v_heads	11	0	7	107	0xc20c03f8	-35.003875732421875
25	v_heads	11	1	5	93	0x41fac6f1	31.347139358520508
25	v_heads	11	2	1	41	0x41e6f512	28.86966323852539
25	v_heads	11	3	1	51	0x41d03db8	26.030136108398438
25	v_heads	12	0	2	24	0xc21421dd	-37.0330696105957
25	v_heads	12	1	7	64	0x4209b0f7	34.42281723022461
25	v_heads	12	2	6	34	0x42073c30	33.80877685546875
25	v_heads	12	3	2	97	0x41f30a13	30.379919052124023
25	v_heads	13	0	0	61	0x4211f7df	36.492061614990234
25	v_heads	13	1	3	81	0x420b2c4c	34.79325866699219
25	v_heads	13	2	2	24	0xc1f3c554	-30.471351623535156
25	v_heads	13	3	2	71	0xc1f150cc	-30.164451599121094
25	v_heads	14	0	2	2	0x420b00c2	34.75074005126953
25	v_heads	14	1	2	8	0xc206f077	-33.73482894897461
25	v_heads	14	2	3	17	0xc2067a1b	-33.61924362182617
25	v_heads	14	3	5	54	0xc205e516	-33.473716735839844
25	v_heads	15	0	0	20	0xc203c8aa	-32.945960998535156
25	v_heads	15	1	2	4	0xc1fe0141	-31.750612258911133
25	v_heads	15	2	0	64	0xc1f6504c	-30.789207458496094
25	v_heads	15	3	2	61	0x41db6982	27.426517486572266
25	v_heads	16	0	0	71	0x41ade68e	21.73757553100586
25	v_heads	16	1	7	107	0xc1a3fe58	-20.499191284179688
25	v_heads	16	2	0	96	0xc19de54e	-19.73696517944336
25	v_heads	16	3	0	121	0xc192fb4c	-18.372703552246094
25	v_heads	17	0	7	107	0xc20fcad7	-35.94808578491211
25	v_heads	17	1	2	24	0xc20aed15	-34.73152542114258
25	v_heads	17	2	2	77	0x42054f36	33.327354431152344
25	v_heads	17	3	1	51	0x41f90b7c	31.13060760498047
26	k_rope	0	0	6	59	0xc21209c7	-36.50954818725586
26	k_rope	0	1	0	62	0xc1e9b388	-29.212661743164062
26	k_rope	0	2	4	127	0x41c5e790	24.738067626953125
26	k_rope	0	3	5	57	0xc1af6375	-21.92356300354004
26	k_rope	1	0	2	62	0xc182e5f1	-16.362276077270508
26	k_rope	1	1	7	124	0x4174b9ee	15.295392990112305
26	k_rope	1	2	1	127	0xc1587bcb	-13.53022289276123
26	k_rope	1	3	1	123	0x413660a1	11.398591041564941
26	k_rope	2	0	2	62	0xc1333769	-11.201027870178223
26	k_rope	2	1	7	126	0x412d7be3	10.842745780944824
26	k_rope	2	2	6	123	0x4127d73b	10.490046501159668
26	k_rope	2	3	0	127	0xc121557b	-10.083369255065918
26	k_rope	3	0	7	126	0x4164bd31	14.296189308166504
26	k_rope	3	1	1	62	0x415f39b1	13.951584815979004
26	k_rope	3	2	1	125	0xc156f3c9	-13.434517860412598
26	k_rope	3	3	0	125	0xc14a92b1	-12.660813331604004
26	k_rope	4	0	1	62	0x4144a939	12.291314125061035
26	k_rope	4	1	2	60	0xc12e1282	-10.879518508911133
26	k_rope	4	2	2	62	0xc122be17	-10.171408653259277
26	k_rope	4	3	3	124	0x411736e4	9.45090103149414
26	k_rope	5	0	3	49	0xc12c12bb	-10.754572868347168
26	k_rope	5	1	4	123	0xc129bcb1	-10.608567237854004
26	k_rope	5	2	1	59	0xc121db34	-10.116016387939453
26	k_rope	5	3	4	61	0xc1215d28	-10.085243225097656
26	k_rope	6	0	4	124	0x413299cf	11.162550926208496
26	k_rope	6	1	0	61	0xc125ad67	-10.35483455657959
26	k_rope	6	2	7	49	0x4124039d	10.250882148742676
26	k_rope	6	3	2	62	0xc123ea87	-10.244757652282715
26	k_rope	7	0	2	62	0xc15f2265	-13.945897102355957
26	k_rope	7	1	7	124	0x4136afc0	11.41790771484375
26	k_rope	7	2	0	61	0xc1300550	-11.001296997070312
26	k_rope	7	3	4	124	0x4128e7cb	10.55659008026123
26	k_rope	8	0	7	63	0x41426ea4	12.15201187133789
26	k_rope	8	1	2	62	0xc14152c8	-12.082710266113281
26	k_rope	8	2	7	126	0x4130afc3	11.0429105758667
26	k_rope	8	3	0	125	0xc12fd47f	-10.989378929138184
26	k_rope	9	0	0	127	0xc13df5d8	-11.872520446777344
26	k_rope	9	1	7	59	0xc132e102	-11.179933547973633
26	k_rope	9	2	2	62	0xc129a779	-10.603386878967285
26	k_rope	9	3	1	127	0xc127cb77	-10.487174034118652
26	k_rope	10	0	2	62	0xc150b39d	-13.043850898742676
26	k_rope	10	1	7	49	0x4132c054	11.171955108642578
26	k_rope	10	2	1	123	0x41310247	11.063055992126465
26	k_rope	10	3	2	49	0xc127c913	-10.486590385437012
26	k_rope	11	0	2	62	0xc189d8f2	-17.23093032836914
26	k_rope	11	1	1	125	0xc1550a52	-13.315019607543945
26	k_rope	11	2	7	124	0x4150884f	13.033278465270996
26	k_rope	11	3	4	124	0x41378c1b	11.471705436706543
26	k_rope	12	0	1	125	0xc14ce1ca	-12.805124282836914
26	k_rope	12	1	7	123	0x414b0d71	12.690781593322754
26	k_rope	12	2	4	49	0x41377fc2	11.468690872192383
26	k_rope	12	3	7	126	0x4136df42	11.429506301879883
26	k_rope	13	0	7	126	0x41503a09	13.014168739318848
26	k_rope	13	1	1	125	0xc14d83be	-12.844663619995117
26	k_rope	13	2	1	62	0x413f4c2d	11.956097602844238
26	k_rope	13	3	2	60	0xc13e0da9	-11.878334999084473
26	k_rope	14	0	2	60	0xc14509d7	-12.314902305603027
26	k_rope	14	1	4	49	0x41418b63	12.096529960632324
26	k_rope	14	2	1	62	0x413db13e	11.855772018432617
26	k_rope	14	3	0	49	0x413964ad	11.587079048156738
26	k_rope	15	0	3	49	0xc14adc14	-12.678730010986328
26	k_rope	15	1	4	61	0xc13dafc0	-11.85540771484375
26	k_rope	15	2	7	49	0x4135b548	11.356758117675781
26	k_rope	15	3	4	49	0x4131fa45	11.123600959777832
26	k_rope	16	0	7	49	0x41448823	12.283236503601074
26	k_rope	16	1	4	49	0x4141e101	12.117432594299316
26	k_rope	16	2	2	49	0xc12ca305	-10.789799690246582
26	k_rope	16	3	3	49	0xc12b5650	-10.708572387695312
26	k_rope	17	0	4	49	0x414e8576	12.907583236694336
26	k_rope	17	1	0	125	0xc145f230	-12.371627807617188
26	k_rope	17	2	2	62	0xc14542fa	-12.328851699829102
26	k_rope	17	3	7	124	0x414125b0	12.071701049804688
26	v_heads	0	0	5	85	0xc0f3981b	-7.6123175621032715
26	v_heads	0	1	3	41	0xc0d13627	-6.53786039352417
26	v_heads	0	2	2	54	0x40c3d515	6.119760990142822
26	v_heads	0	3	4	89	0xc0b942b3	-5.789391994476318
26	v_heads	1	0	1	62	0xc22596c1	-41.397220611572266
26	v_heads	1	1	1	16	0xc222fb38	-40.745330810546875
26	v_heads	1	2	1	55	0xc221d9ee	-40.46282196044922
26	v_heads	1	3	4	0	0x420ebc62	35.68396759033203
26	v_heads	2	0	7	20	0x423038c0	44.055419921875
26	v_heads	2	1	2	98	0xc22c94af	-43.145198822021484
26	v_heads	2	2	2	86	0x42163eab	37.56119918823242
26	v_heads	2	3	1	57	0xc212dca3	-36.7154655456543
26	v_heads	3	0	2	112	0xc2383cac	-46.05924987792969
26	v_heads	3	1	0	27	0x42150da9	37.26333999633789
26	v_heads	3	2	5	111	0x42095d84	34.34132385253906
26	v_heads	3	3	4	27	0x4206e427	33.72280502319336
26	v_heads	4	0	4	106	0x421f2a01	39.791019439697266
26	v_heads	4	1	4	108	0x420bc0e6	34.938377380371094
26	v_heads	4	2	1	69	0x41fb054d	31.377588272094727
26	v_heads	4	3	4	16	0xc1f611ea	-30.758747100830078
26	v_heads	5	0	6	103	0x4211a3fb	36.41013717651367
26	v_heads	5	1	5	30	0xc20bf40a	-34.988319396972656
26	v_heads	5	2	2	68	0x4208290b	34.04008102416992
26	v_heads	5	3	2	44	0xc2076739	-33.85080337524414
26	v_heads	6	0	4	88	0x422745a2	41.81800079345703
26	v_heads	6	1	6	103	0x420cd46b	35.20743942260742
26	v_heads	6	2	0	17	0xc203ad86	-32.919456481933594
26	v_heads	6	3	0	24	0xc1ffe6a9	-31.987627029418945
26	v_heads	7	0	6	39	0xc223dc71	-40.965274810791016
26	v_heads	7	1	4	108	0x421a91c0	38.642333984375
26	v_heads	7	2	4	75	0x42198c19	38.38681411743164
26	v_heads	7	3	2	51	0xc2146c9b	-37.10606002807617
26	v_heads	8	0	7	35	0x41e46b0f	28.552274703979492
26	v_heads	8	1	6	103	0x41e230f7	28.273908615112305
26	v_heads	8	2	2	35	0x41de3e7d	27.7805118560791
26	v_heads	8	3	4	60	0x41ddcf0b	27.72609519958496
26	v_heads	9	0	6	103	0x42007904	32.11817932128906
26	v_heads	9	1	2	54	0xc1f544d1	-30.658601760864258
26	v_heads	9	2	6	82	0x41bd6bfd	23.6777286529541
26	v_heads	9	3	1	118	0x41baf752	23.37076187133789
26	v_heads	10	0	6	103	0x41e0171f	28.011289596557617
26	v_heads	10	1	2	54	0xc1c62180	-24.766357421875
26	v_heads	10	2	0	17	0xc1b88472	-23.06467056274414
26	v_heads	10	3	1	103	0xc1acd7ff	-21.605466842651367
26	v_heads	11	0	6	103	0x41f857de	31.042903900146484
26	v_heads	11	1	2	109	0x41e921ce	29.14150619506836
26	v_heads	11	2	6	82	0x41daac0d	27.334009170532227
26	v_heads	11	3	4	89	0x41d9d11c	27.22710418701172
26	v_heads	12	0	7	77	0x420cc598	35.192962646484375
26	v_heads	12	1	7	20	0x41fb19d3	31.387609481811523
26	v_heads	12	2	2	86	0x41fab77a	31.339588165283203
26	v_heads	12	3	1	88	0xc1e73fa4	-28.90607452392578
26	v_heads	13	0	5	111	0x42048e44	33.13893127441406
26	v_heads	13	1	6	103	0x41e2d16c	28.352256774902344
26	v_heads	13	2	2	124	0xc1e29c6a	-28.326374053955078
26	v_heads	13	3	1	88	0xc1db791c	-27.43413543701172
26	v_heads	14	0	4	16	0xc1eff379	-29.99388313293457
26	v_heads	14	1	4	106	0x41e8cd89	29.100358963012695
26	v_heads	14	2	1	69	0x41de4ec8	27.788467407226562
26	v_heads	14	3	5	102	0xc1dd136e	-27.63448715209961
26	v_heads	15	0	4	89	0x41df7c36	27.935649871826172
26	v_heads	15	1	0	17	0xc1d70a56	-26.880046844482422
26	v_heads	15	2	6	103	0x41d3ca3a	26.473743438720703
26	v_heads	15	3	2	44	0xc1c645c2	-24.784061431884766
26	v_heads	16	0	0	17	0xc1cf0836	-25.879009246826172
26	v_heads	16	1	6	103	0x41c0aa75	24.08323097229004
26	v_heads	16	2	5	121	0x41b06146	22.047496795654297
26	v_heads	16	3	2	54	0xc198c6fe	-19.097164154052734
26	v_heads	17	0	4	75	0x4207f6d0	33.99102783203125
26	v_heads	17	1	2	51	0xc1fde3af	-31.736173629760742
26	v_heads	17	2	4	108	0x41f4855d	30.56511878967285
26	v_heads	17	3	3	9	0xc1eb8d1e	-29.443904876708984
27	k_rope	0	0	5	62	0x418c5c2d	17.545007705688477
27	k_rope	0	1	2	127	0xc181e078	-16.234603881835938
27	k_rope	0	2	3	62	0xc180a22c	-16.079185485839844
27	k_rope	0	3	4	126	0xc1689705	-14.536870002746582
27	k_rope	1	0	2	117	0xc1db0079	-27.37523078918457
27	k_rope	1	1	5	117	0x41d7a21b	26.954153060913086
27	k_rope	1	2	3	117	0xc1c5f018	-24.742233276367188
27	k_rope	1	3	6	117	0x41c230a9	24.273759841918945
27	k_rope	2	0	5	117	0x421885eb	38.13077926635742
27	k_rope	2	1	2	117	0xc20801c4	-34.00172424316406
27	k_rope	2	2	3	117	0xc20228b5	-32.53975296020508
27	k_rope	2	3	0	117	0xc1f68469	-30.814653396606445
27	k_rope	3	0	5	117	0x420c046b	35.00431442260742
27	k_rope	3	1	2	117	0xc1f7c641	-30.971803665161133
27	k_rope	3	2	4	117	0x41d746e1	26.909608840942383
27	k_rope	3	3	1	117	0x41ce8a8d	25.817651748657227
27	k_rope	4	0	2	117	0xc220b766	-40.179100036621094
27	k_rope	4	1	6	117	0x421a7249	38.61160659790039
27	k_rope	4	2	5	117	0x4212da0b	36.71293258666992
27	k_rope	4	3	4	117	0x42104627	36.06850814819336
27	k_rope	5	0	4	117	0x4217d6bf	37.959712982177734
27	k_rope	5	1	5	117	0x42131c5f	36.777706146240234
27	k_rope	5	2	1	117	0x4203c380	32.94091796875
27	k_rope	5	3	2	117	0xc1ffe39b	-31.986135482788086
27	k_rope	6	0	4	117	0x420533fa	33.300758361816406
27	k_rope	6	1	2	117	0xc1fe1d0a	-31.764179229736328
27	k_rope	6	2	5	117	0x41f51fe5	30.640573501586914
27	k_rope	6	3	1	117	0x41e4dca6	28.607738494873047
27	k_rope	7	0	4	117	0x42001a38	32.025604248046875
27	k_rope	7	1	5	117	0x41f7eaa4	30.98957061767578
27	k_rope	7	2	2	117	0xc1ed4194	-29.657020568847656
27	k_rope	7	3	1	117	0x41e9713a	29.180286407470703
27	k_rope	8	0	5	117	0x41f36385	30.423593521118164
27	k_rope	8	1	2	117	0xc1e166b3	-28.175146102905273
27	k_rope	8	2	6	117	0x41b96085	23.172128677368164
27	k_rope	8	3	3	117	0xc1b855cc	-23.041893005371094
27	k_rope	9	0	5	117	0x41cfdd05	25.982919692993164
27	k_rope	9	1	6	117	0x41b913aa	23.134601593017578
27	k_rope	9	2	2	117	0xc1b5988c	-22.699485778808594
27	k_rope	9	3	3	117	0xc1a1b798	-20.214645385742188
27	k_rope	10	0	2	117	0xc1be65b1	-23.799654006958008
27	k_rope	10	1	5	117	0x41bce5ca	23.612201690673828
27	k_rope	10	2	4	117	0x41ada9a6	21.707836151123047
27	k_rope	10	3	6	117	0x41ac9761	21.573915481567383
27	k_rope	11	0	2	117	0xc1de6a4a	-27.801898956298828
27	k_rope	11	1	6	117	0x41d63040	26.7735595703125
27	k_rope	11	2	5	117	0x41d08ba0	26.06817626953125
27	k_rope	11	3	3	117	0xc1cd401a	-25.656299591064453
27	k_rope	12	0	5	117	0x41f71ac3	30.8880672454834
27	k_rope	12	1	2	117	0xc1edfb0f	-29.747587203979492
27	k_rope	12	2	3	117	0xc1dc59a3	-27.54376792907715
27	k_rope	12	3	6	117	0x41d439cf	26.528226852416992
27	k_rope	13	0	5	117	0x41db3f3e	27.405879974365234
27	k_rope	13	1	2	117	0xc1d0e275	-26.11057472229004
27	k_rope	13	2	4	117	0x41b9b0c6	23.211315155029297
27	k_rope	13	3	6	117	0x41b51bc5	22.638559341430664
27	k_rope	14	0	5	117	0x41f7e24f	30.985502243041992
27	k_rope	14	1	2	117	0xc1e82841	-29.019655227661133
27	k_rope	14	2	6	117	0x41de5d4a	27.795551300048828
27	k_rope	14	3	3	117	0xc1cbf59e	-25.494930267333984
27	k_rope	15	0	5	117	0x41eef1cb	29.86806297302246
27	k_rope	15	1	4	117	0x41e8037d	29.0017032623291
27	k_rope	15	2	3	117	0xc1da8054	-27.312660217285156
27	k_rope	15	3	2	117	0xc1d9bd4c	-27.217430114746094
27	k_rope	16	0	4	117	0x41dbeefa	27.491687774658203
27	k_rope	16	1	5	117	0x41ce76e8	25.808059692382812
27	k_rope	16	2	2	117	0xc1cb421e	-25.407283782958984
27	k_rope	16	3	6	117	0x41b7a0a1	22.953432083129883
27	k_rope	17	0	2	117	0xc1e4a54e	-28.58071517944336
27	k_rope	17	1	5	117	0x41df798c	27.934349060058594
27	k_rope	17	2	6	117	0x41dddcfd	27.7329044342041
27	k_rope	17	3	4	117	0x41dabcc7	27.34217643737793
27	v_heads	0	0	6	19	0xc12ec7e3	-10.923800468444824
27	v_heads	0	1	3	44	0x41210f6b	10.066264152526855
27	v_heads	0	2	7	13	0x40d2f188	6.591983795166016
27	v_heads	0	3	5	103	0xc0b68d3e	-5.704741477966309
27	v_heads	1	0	5	41	0xc1ca25d3	-25.268468856811523
27	v_heads	1	1	3	73	0xc1c0e882	-24.113529205322266
27	v_heads	1	2	1	32	0xc1b2fcbb	-22.373403549194336
27	v_heads	1	3	7	72	0x41aa4bb3	21.286962509155273
27	v_heads	2	0	2	58	0xc1ec20b4	-29.515968322753906
27	v_heads	2	1	2	79	0xc1dd793b	-27.684194564819336
27	v_heads	2	2	2	125	0xc1dd2bc1	-27.646364212036133
27	v_heads	2	3	2	1	0xc1c82d4f	-25.022123336791992
27	v_heads	3	0	1	30	0x41f28264	30.31366729736328
27	v_heads	3	1	5	87	0xc1e6dd62	-28.858097076416016
27	v_heads	3	2	4	75	0xc1e12bb4	-28.146339416503906
27	v_heads	3	3	0	14	0xc1d8d321	-27.103090286254883
27	v_heads	4	0	5	31	0x420a580b	34.58597946166992
27	v_heads	4	1	5	1	0xc1e097d9	-28.07414436340332
27	v_heads	4	2	7	114	0x41d267a3	26.30060386657715
27	v_heads	4	3	2	0	0x41d09b83	26.0759334564209
27	v_heads	5	0	2	104	0xc22b7b53	-42.87043380737305
27	v_heads	5	1	1	120	0xc1fd2d4c	-31.647117614746094
27	v_heads	5	2	7	114	0x41fb730f	31.431180953979492
27	v_heads	5	3	0	22	0x41f63d37	30.779890060424805
27	v_heads	6	0	2	104	0xc21b1d30	-38.77850341796875
27	v_heads	6	1	1	120	0xc20a2e82	-34.54541778564453
27	v_heads	6	2	4	19	0x4205d5d2	33.45880889892578
27	v_heads	6	3	1	112	0xc20367f4	-32.85151672363281
27	v_heads	7	0	1	92	0x41edbb3c	29.71642303466797
27	v_heads	7	1	7	114	0x41ebd1cd	29.477441787719727
27	v_heads	7	2	4	44	0xc1e9e8dc	-29.23870086669922
27	v_heads	7	3	1	117	0xc1e58e48	-28.694473266601562
27	v_heads	8	0	0	123	0xc1bf258b	-23.89333152770996
27	v_heads	8	1	1	44	0xc1b7f208	-22.993179321289062
27	v_heads	8	2	1	3	0xc1b1de6f	-22.233610153198242
27	v_heads	8	3	4	89	0x41b176c6	22.182994842529297
27	v_heads	9	0	1	1	0xc1f23292	-30.27469253540039
27	v_heads	9	1	3	12	0x41d59cc5	26.701547622680664
27	v_heads	9	2	5	76	0x41bc3413	23.525426864624023
27	v_heads	9	3	0	93	0x41ac802e	21.56258773803711
27	v_heads	10	0	0	32	0xc1e5f494	-28.744422912597656
27	v_heads	10	1	1	1	0xc1de01b0	-27.750823974609375
27	v_heads	10	2	2	104	0xc1ce5441	-25.791139602661133
27	v_heads	10	3	0	64	0x41c77cb9	24.93589973449707
27	v_heads	11	0	7	114	0x41ee9ca6	29.826488494873047
27	v_heads	11	1	3	12	0x41b2a190	22.328887939453125
27	v_heads	11	2	1	94	0xc1ada4a2	-21.705387115478516
27	v_heads	11	3	6	0	0x41aa9c08	21.326187133789062
27	v_heads	12	0	7	114	0x41d31ab6	26.388042449951172
27	v_heads	12	1	1	117	0xc1b30499	-22.37724494934082
27	v_heads	12	2	3	12	0x41ab4616	21.409221649169922
27	v_heads	12	3	1	44	0xc1a8ce38	-21.100692749023438
27	v_heads	13	0	0	123	0xc1f69d52	-30.82681655883789
27	v_heads	13	1	0	14	0xc1e8b468	-29.088088989257812
27	v_heads	13	2	1	3	0xc1e52755	-28.64420509338379
27	v_heads	13	3	7	114	0x41cd8bb4	25.693214416503906
27	v_heads	14	0	3	12	0x41b28a9c	22.31768035888672
27	v_heads	14	1	1	1	0xc1b03c74	-22.029518127441406
27	v_heads	14	2	1	3	0xc1a47c1f	-20.560606002807617
27	v_heads	14	3	4	98	0xc1a4154a	-20.510395050048828
27	v_heads	15	0	2	104	0xc1e2f5c8	-28.370010375976562
27	v_heads	15	1	7	114	0x41bbe462	23.486515045166016
27	v_heads	15	2	1	1	0xc1b9c97a	-23.223377227783203
27	v_heads	15	3	1	46	0xc1af0bb0	-21.880706787109375
27	v_heads	16	0	7	114	0x41dca615	27.58109474182129
27	v_heads	16	1	2	104	0xc1d44494	-26.533485412597656
27	v_heads	16	2	3	12	0x41ca34cc	25.275779724121094
27	v_heads	16	3	0	32	0xc1c4383c	-24.52745819091797
27	v_heads	17	0	7	114	0x41d03ebc	26.03063201904297
27	v_heads	17	1	3	12	0x41b3ad5a	22.459644317626953
27	v_heads	17	2	0	16	0x41afcf12	21.97610855102539
27	v_heads	17	3	1	117	0xc1a23232	-20.27450942993164
