layer	tensor	position	stage	sha256	l2_norm	max_abs_head	max_abs_lane	max_abs_hex	max_abs
0	k_rope	0	prefill	e2e3e9764b50b86572b975647c7ca21e16e4d21c750fd2245915ccb04891b86a	531.1377777778104	4	50	0x436540ec	229.25360107421875
0	k_rope	1	prefill	d56a91376e4446fac89936b2084773dff6c7d3cd525ba51fce817dd57561f67a	718.9689795870187	6	50	0x43ac309a	344.37969970703125
0	k_rope	2	prefill	04a2aa69c5db53b615ddb7fdf3900249bed2cbe1b0b452cc2aad993a16c9dd62	744.6096866150837	2	50	0xc3b1f022	-355.87603759765625
0	k_rope	3	prefill	c57b3d7cf1421f242d3ae4dffe3aba7381738fd97697afc109a821669d3b5c62	663.3872446108469	2	50	0xc3b2b461	-357.4092102050781
0	k_rope	4	prefill	909b9d9ee06ca6eefa86899816d9d39c059bde291895dbe3e58fbce52aa72170	684.7117495427078	6	50	0x43aac183	341.5118103027344
0	k_rope	5	prefill	b34fd49fc06c1226831ea440e594b4111d0f7ac2b4065edb87005e05f6d87df3	760.4010834740219	6	50	0x43b3350d	358.4144592285156
0	k_rope	6	prefill	6ce725b6878e81c163667c903aa5a2f30eca92909515e8c2808c7ecb222af37f	676.6522540308817	3	50	0xc3ac25bd	-344.2948303222656
0	k_rope	7	prefill	dcdee149abda92ce079fe9ecaafc5bac8afe2fd71c74c06b19741b884ee51431	809.0289002413267	0	50	0xc3b82c47	-368.3459167480469
0	k_rope	8	prefill	9ca772e3edd33350503eae64f7bf172f973b7386221fe0f9d51c439f5e3c2bfd	764.7763056210126	2	50	0xc3c6db94	-397.7154541015625
0	k_rope	9	prefill	418044159c5c863e2bdb34865ff144bdfd42f51ad3b5e143a8b4adcb511ce067	554.7620359300099	3	50	0xc383d788	-263.683837890625
0	k_rope	10	decode	40b5e0330231d298f45d5d524c897e39a2e00819b01a4e36488146e6b0881b3f	548.4319640618355	4	50	0x4370b3cf	240.70237731933594
0	k_rope	11	decode	e17ae164c1898a7cd0fcdc744e7b2b1b33d72cb1f59e37c88db98211c9bdc937	718.9687706131909	6	50	0x43ac3095	344.3795471191406
0	k_rope	12	decode	892ab277dbd98e8c08c86d233b33b94f360f80499f61188cc07fc3c73d38c82c	744.6093548681026	2	50	0xc3b1f017	-355.8757019042969
0	k_rope	13	decode	861b0dcebf370857e6bcda3bc02839c7cffab6105113e9bc441a52d4fc6ada8f	663.3872851140221	2	50	0xc3b2b46d	-357.4095764160156
0	k_rope	14	decode	59db4cee7da769110bc85041dfba11061f4336e82b99c347684cdcbbcbcf7983	684.7117782229146	6	50	0x43aac189	341.5119934082031
0	k_rope	15	decode	23e22ed089590e08511934e00596daab47c7b3c11550376ed54615c1a91d7c3f	760.4009995081241	6	50	0x43b33504	358.4141845703125
0	k_rope	16	decode	eea32bf25fbf9a4866c6b0284c5dddc4dc28191a28fbe1bc12460407c09c51af	676.6522388536004	3	50	0xc3ac25b0	-344.29443359375
0	k_rope	17	decode	0b3880e0cd8e479bf1ff4d9be0c330ecf821b70c02bfebb32dff1f20393e9844	809.0288346294057	0	50	0xc3b82c47	-368.3459167480469
0	v_heads	0	prefill	108d58342f5acca56a2078e4a10b7ad8b3ce36f86799d9afaf3e4ffe10038865	4.395145438241828	3	16	0xbf8b688e	-1.0891282558441162
0	v_heads	1	prefill	7ff0bae4386c04611ce08fe3fc32b5c84e94a3fd2b4890ce7c66d8c513a2bc43	5.2383433365433705	2	126	0x3f21beb8	0.6318163871765137
0	v_heads	2	prefill	11c46ea2e13931be462a01e5781894473e43c6f7298156892c2a4dcdfb3b9b74	5.66447205682341	6	93	0xbf3d0312	-0.7383280992507935
0	v_heads	3	prefill	599d2c7b20c46869df013d4039937d3e4d24a99ad3251bcf2a466ca77c64a0f7	5.7101467406949356	6	93	0xbf2bc5f1	-0.6709890961647034
0	v_heads	4	prefill	b2bcb26982f42a20b6bd95dea8c5786eb18d358186b35b43d13d42294b829582	5.516837421301428	1	105	0xbf1c875a	-0.6114403009414673
0	v_heads	5	prefill	0ae2290f092bcc454d438d4327bc9e4aee15128145e56d8f9fc56eec2a6d9a04	4.9660940711262	1	98	0x3f22c39c	0.6357972621917725
0	v_heads	6	prefill	b50b5dfa62847b957d4ad90d5b28f9ba9102c9e286efc07f31285e782ab5f260	4.464993771786185	1	56	0x3fb182da	1.386805772781372
0	v_heads	7	prefill	ba5c663cbeb91e211c13e7979305d9cf6de3a03b7e19a05c0d0dfc0c5534b46f	5.845364377935809	2	126	0x3f40c86e	0.7530583143234253
0	v_heads	8	prefill	cbf63adc9a804a1ed349f3c4ddb0e5888032b9912bfe97870af5c2225dc0123c	5.585463615364122	6	93	0xbf1615cf	-0.586270272731781
0	v_heads	9	prefill	2ee12ff560253aead9f00ea1238c74366bab29459969583278e6cdbae25c44f2	4.023288069722209	5	4	0xbf94559c	-1.158862590789795
0	v_heads	10	decode	aab47b40ddca0856863dfe988dbf48d1ffb90a23f49787c56e5522a4d24e2e3e	4.399974269058541	6	30	0xbf70802c	-0.9394557476043701
0	v_heads	11	decode	25dff3d9d612669d547d8470bcc132f17498af781d6933c729a17eccb41f386d	5.238343270077656	2	126	0x3f21beb2	0.631816029548645
0	v_heads	12	decode	d15e0e19fc1c8a85bfd6e34f04b572e41440dad013e78e549de0139de6152a97	5.664471892475539	6	93	0xbf3d0316	-0.7383283376693726
0	v_heads	13	decode	015d57981fb97eb26e3649fc1de6ab387d0f0e36412253f28ca85e70a8a26dc2	5.710147171863168	6	93	0xbf2bc5fa	-0.6709896326065063
0	v_heads	14	decode	ccd1f22b5009a7ee9ed9bc7f8630b13e0f0bd3e72a8c6f639c5ab27abd3e844d	5.516837360438579	1	105	0xbf1c8752	-0.6114398241043091
0	v_heads	15	decode	ef4d3d10f70f573ef485d35df615c2784623a1cbb67c038a52288ae27cac3ee3	4.966093917927606	1	98	0x3f22c3a2	0.6357976198196411
0	v_heads	16	decode	4df5aa9f8f2fd010c6a2adebbcec924ab8af6da031b6c439e4d8f1011206b443	4.464993139092457	1	56	0x3fb182e0	1.3868064880371094
0	v_heads	17	decode	ff529bb22edde31dc0ffd43aa8400356812654559ca5b909b307035d8bc14eee	5.845364349975029	2	126	0x3f40c86d	0.7530582547187805
1	k_rope	0	prefill	8ccd3faf33b7d65a7cb67265403f460752cc67dcc165d0a66fa487ed318340ad	353.1396101764928	7	52	0x43330d0b	179.0509490966797
1	k_rope	1	prefill	8cea69e97e2ac1e83cb4f5350a29c083729f7486066234dfddfef2628c0d3732	330.79528442384026	1	52	0xc3133da0	-147.24072265625
1	k_rope	2	prefill	1f4db87933425e4cafd970a5dfc3a1bcf7a141d92f65a950cc698696964a04db	342.84666635741627	7	52	0x431e1ac3	158.1045379638672
1	k_rope	3	prefill	be1f834d3477671690158a08d811494871d9aed7fbef46dcb2081110df358586	357.6289413570769	7	52	0x43293cce	169.23751831054688
1	k_rope	4	prefill	6afc08e94ffbab0b3949fef620ae4374105ee8e2901e690d90a86f512493509c	359.70817636242157	7	52	0x432e47f0	174.281005859375
1	k_rope	5	prefill	2ae3878e73c949bbd362ef10950ac1896ae110b22c108406e5a4b9a70343fa30	353.73689095507865	7	52	0x432266eb	162.4020233154297
1	k_rope	6	prefill	852f80c63662dc54e2fa6e19e265bbdb4f3c0ea92610765cf4aeb21a4c434478	342.64962328473655	7	52	0x4332af62	178.68508911132812
1	k_rope	7	prefill	9c77af0a08a4c4dbce3c050016ff2cd2b3549146aa492abc664854d21a8dfdf9	345.5040463377835	1	52	0xc319ef37	-153.93443298339844
1	k_rope	8	prefill	2149af9ec1c71d0bc854d492f2c19fda0a937276f040bf9babb5987998f8a215	349.9272615035786	7	52	0x43203318	160.1995849609375
1	k_rope	9	prefill	7ce6184f58f1600232f24b249a0b2d860edd44df053ab6751355b7500d812dd9	355.9904461777201	7	52	0x43324e7c	178.30657958984375
1	k_rope	10	decode	3785a196b904207ba49243deb7608650c759ade021a30ed387e7c03ee4ccf3a3	348.15313671880784	7	52	0x43234b28	163.2935791015625
1	k_rope	11	decode	05051b522c846883631d9c41e9a8ec665a119178aeefb6a27d4f079f1599c1f6	331.2728947339615	1	52	0xc3120780	-146.029296875
1	k_rope	12	decode	5af73470b14fb7248f7bf2ecdf47fd7d64d4ec826788595e8755c8583223e2df	350.12373541233245	7	52	0x43217fb8	161.4989013671875
1	k_rope	13	decode	09e94325cded5b34032e46afc8f12c7eb7315175a89d4e9739f95c841d5e6dec	361.35941867146755	7	52	0x432be3b0	171.889404296875
1	k_rope	14	decode	2a20de207fdf4e1aaf15c34d77ee32e61fc4d12c90132f0c18fd5de7ee95f22a	362.8488754058847	7	52	0x432dde5c	173.86859130859375
1	k_rope	15	decode	fea60511835e232cd81897d3d410e72bc214cd1a4b8b473c7e1b61b29577f13f	351.6311942218295	1	52	0xc3203161	-160.19288635253906
1	k_rope	16	decode	90ac221d8e2fb41cd3a7ce3723419286ec475ad206601d1a7a15a0906e81d9d1	342.2722313628241	7	52	0x432e87ae	174.52999877929688
1	k_rope	17	decode	69d2d9d324e801ebdf85393d6161c517d37061a249952e96a75b7218baf531a3	347.92572437857393	1	52	0xc31912de	-153.07369995117188
1	v_heads	0	prefill	5526d49733a7b5764ce2817597b65c2c5d9fe00465286e29a06f7b8e15dcf647	2.497826928012552	1	43	0x3f1e38db	0.6180550456047058
1	v_heads	1	prefill	ed6e8af0272278dabc35a0921eccee38ca78f7886dea1bae92f110930b77215c	3.4092160301621153	2	95	0x3ed6052b	0.4180081784725189
1	v_heads	2	prefill	1d46378f04b02a19ecf9ae078216655e7b894fdb2754d23b5448c74a9d6903f7	3.4652695711690042	7	54	0xbef5cfbd	-0.4801005423069
1	v_heads	3	prefill	2877e65b48b3bdfd829377029aaffe6cb1bfe51f7401838f28df6bc39e55bc99	3.561847828025334	4	11	0xbf05b24f	-0.5222520232200623
1	v_heads	4	prefill	0f206fef50346d36fe45446ee57f2ff0e0485c4b5a88aa0afd8c3888ec4030e0	3.570502135692699	4	118	0x3f0ed4d2	0.5579348802566528
1	v_heads	5	prefill	b60ce3c6901b65d5140ed936ae20644f1198d649b3974d5333353e53c29083a5	3.437298854026183	2	123	0x3ecfc7d6	0.4058215022087097
1	v_heads	6	prefill	258899daf826841f0aee34806768bd7d470e523a5aa20e89fca4ecc816011c7c	2.6258481968806295	1	76	0xbee71060	-0.4512968063354492
1	v_heads	7	prefill	280228fef187593aabf5b2a4fd98af26c1f62ec7ee30eae44a164d65764a4d56	3.4108508024626216	4	11	0xbf10f837	-0.5662874579429626
1	v_heads	8	prefill	80f57a26198a2a469962a84be955efa2ad754339774ad7dc605389dae867f652	3.7179313123080435	0	73	0xbf323649	-0.6961408257484436
1	v_heads	9	prefill	a38e3c6816fb8e56601db03cbb307a6cbc7c9629472ea05e13d3a94292f69fef	2.2228695688678446	4	72	0xbef8e424	-0.48611557483673096
1	v_heads	10	decode	1072346c3a54357b7d3d44fe47e788c3d8ce9115c88d1d8dd2ed931440563210	2.5442404827783154	5	43	0xbf051462	-0.519842267036438
1	v_heads	11	decode	29146941d90eb1881e240c1e9d42be13319cee1daf00487821fbd4af1954d268	3.371486965751037	7	54	0xbecdd433	-0.4020095765590668
1	v_heads	12	decode	8aaece2950d95a677d24e8742eb9d2238492bfc0533bf86ea9a53e3f9e5b22e1	3.443786946402326	7	54	0xbef142e3	-0.4712134301662445
1	v_heads	13	decode	3afadfbd3c68b22286ac379ca7fa8f3b025a3597c409111321cb00517db88ca3	3.507744642205103	7	54	0xbf030083	-0.5117265582084656
1	v_heads	14	decode	300519726a88615ff7519e78efa38658581baad55b5e0d344b59ca556d10f56a	3.5621531764938537	4	118	0x3f0deae2	0.5543652772903442
1	v_heads	15	decode	bc0c0722578263dfa511c0b0889bf71b215787bdb69d16e69f29c31dce9f68f0	3.408543237212068	2	123	0x3ec9699d	0.3933838903903961
1	v_heads	16	decode	b9f0e9d4e20d109de425460ae00783f2f4c4586541f71f7ff546a5c13e014c58	2.6631315581359565	1	76	0xbef08c66	-0.46982115507125854
1	v_heads	17	decode	08145468834bbbbc9f022ef6f48986a637763a455c7b733df5c13542054eca56	3.39508113932998	4	11	0xbf121fa0	-0.5707950592041016
2	k_rope	0	prefill	3ae8cc964f04bc8ff9350e9149b2a11557ab673715469b74222b4cd45224884c	256.2296389825019	0	116	0x431dada1	157.67823791503906
2	k_rope	1	prefill	f6427f775e4042f4d339c3c4fad6d36aeb8e3662c0ad70963c03082d8ed7ae65	291.751490243847	0	116	0x43165468	150.3297119140625
2	k_rope	2	prefill	a357b0462a8d752431a18af511cfa65e533ae0474500d58c947a25ddb4e0bf09	266.70215972984204	2	116	0xc309d53f	-137.83299255371094
2	k_rope	3	prefill	c5c721c511bc99c8db93a13e22bd84ba2a928ecfdcf78b73bbbea74b3b6e70cb	299.2993737989242	2	116	0xc31eb3fc	-158.70306396484375
2	k_rope	4	prefill	74e8f46b7fe611af949ffe294d7377f18ef1beb46775064779492480bcf7ffa3	309.6912959247427	0	116	0x432e2ce7	174.17539978027344
2	k_rope	5	prefill	93c03a2f50ae2b7575c2251585c412ffa4bae5f04ac157585cc12a83373778fb	325.7434642420167	0	116	0x4336cfaf	182.81126403808594
2	k_rope	6	prefill	b04155fb8df79cb58192029ace2692c6bbb077579e577366faac74ee96327978	257.3875028673335	0	116	0x432bc14f	171.75511169433594
2	k_rope	7	prefill	e223381232c47fdcd957ad31d7b9875df81830bdda27f25c7d267f7a790c5c2a	305.9914675087435	0	116	0x4312037a	146.01358032226562
2	k_rope	8	prefill	001b38849e02422e805f26ac109f9cbc0944d459ec23ca7935d3060c70b86e6b	298.7792716268407	2	116	0xc313a559	-147.64588928222656
2	k_rope	9	prefill	8acf82abc6222dd66e2a96cff83835a1dc35d9e92b96ab511b5c6a380697fd56	237.4574514604456	0	116	0x43220ab0	162.041748046875
2	k_rope	10	decode	32a6f6f6de5e291a98e88b2b499974bc498f2392617fc843294a8dccba7324db	291.0014928232084	0	116	0x431b0a20	155.03955078125
2	k_rope	11	decode	2306608403757faefd96954e8193cf4d9a5d0d407b6671d7a586316845c3d11c	329.73504254388115	0	116	0x431d8eb1	157.55738830566406
2	k_rope	12	decode	1da37044da3dda6d76de060a0a4f1a3ca2e52fa8353542dac34b32b9630e799d	312.1960168002841	2	116	0xc320dc52	-160.86062622070312
2	k_rope	13	decode	f3ab38cbe67b7288d08ee8a6dda1b352cee95ecf8790e49e0bda31bbb54c920a	347.93838496457147	2	116	0xc3381431	-184.07887268066406
2	k_rope	14	decode	cc5aab46fc78272ad40d7443263f83fdb9818a81b5a53595eeba2117468149ad	354.02347053819625	0	116	0x433cbb90	188.732666015625
2	k_rope	15	decode	67ea2ce8b230f93c8e0d838fe3a3fc333cb5b66ffb0fe0aaae447b45a779df69	358.63545068180554	0	116	0x433c646a	188.39224243164062
2	k_rope	16	decode	e9b7ed8c3dcea5e4990c17cd20caae99308ecc10b376a4b5ef8136dce5043989	276.1328293354474	0	116	0x432eb267	174.69688415527344
2	k_rope	17	decode	37f2a8109ccea9088f583070f1f465a0d6f6c41c5573e006c897f1dd913f4114	339.45888217443024	2	116	0xc31c187f	-156.09568786621094
2	v_heads	0	prefill	399e27b7ae4d8d04824e531fe1e9d0b7dfc8780390c74395286fe2ec26bba0eb	8.159179688284773	3	94	0xc03442de	-2.8165812492370605
2	v_heads	1	prefill	1e739d4f06e4e5d0ceafc905e1ebc3c252fa3a10f766e834e7d479e27a0e5d4f	4.294349061658029	2	83	0xbf4666c2	-0.7750054597854614
2	v_heads	2	prefill	c344993f55e3c6d0c6200572ce7fee520f8d6a7f2fb2250dea64f8d83ab64c4a	4.686887632058129	1	113	0xbf0fe269	-0.5620484948158264
2	v_heads	3	prefill	fd307259a81b104912245b4ac6edaf238cfd0907eb6d294c8b9d014802e0e6a8	4.699406781322755	1	113	0xbf1ae91f	-0.6051196455955505
2	v_heads	4	prefill	052c533c5ca636bc45ee3686d6ce70b02992bd109ba97ad8e9d380c5858f9707	4.359730410410649	7	50	0xbee65ffc	-0.44995105266571045
2	v_heads	5	prefill	2629e3b68b60e5c8989c6dceecbef8f5b25fc5fce976ef594ea76d3ce0355a60	4.605663293486019	2	112	0x3f076898	0.5289397239685059
2	v_heads	6	prefill	192f123accdab3f3ab7f1f41dadc0454fdbd332a5ba5fc054e13b26fe4f2040c	2.8007722475899173	4	112	0xbee7d2d9	-0.45278051495552063
2	v_heads	7	prefill	9ccf9ca0088b92f04ec8ca7635636bec9e6f8a4dcac2d1f6e4eae0fc12e92096	4.528165485773354	4	91	0x3f2035b8	0.6258196830749512
2	v_heads	8	prefill	b8197790da698c0d1fda815d883d31565152c1256febeafeb395cdac35b8c764	4.667338419163262	1	113	0xbf0a9a0e	-0.5414131879806519
2	v_heads	9	prefill	009778ac1b9d659f8dd20b4ed7db95a02519a39e703d45c96ffdf5fcd3aeec7a	3.160253418538071	7	52	0x3f0b3877	0.5438303351402283
2	v_heads	10	decode	e6addc1009da6d199ebeea514ddad3e2265313c995598fb7ac9ec06f77bb0438	2.4994755899797005	6	17	0xbecac091	-0.3960004150867462
2	v_heads	11	decode	1c04d63b5354b27b402711f5161bebca9d31861f559e4b4c32dec77d4da7446d	4.498783250893999	2	83	0xbf3be896	-0.7340177297592163
2	v_heads	12	decode	445f9be0e46cdf7e51a63e2ff400d54c4d9c1accb9805b5ac67c8319d05d4d2f	4.907644047882634	1	113	0xbf3bde76	-0.7338632345199585
2	v_heads	13	decode	41a4c2e63ddd7d44d00d8f7c17805685a3c877eae651971940a383cc446a4f9c	4.997464884434236	1	113	0xbf40e6ac	-0.7535197734832764
2	v_heads	14	decode	fe7543c3d857b47a48d991e3f1e87aa92c0a94ca80f1e1ed36f1a64c752f4a07	4.628985988942525	2	32	0x3f02c8ab	0.5108744502067566
2	v_heads	15	decode	16be513bb251342cd765853d4b67755fa52833eb4fa6f65c19dfea5d5cb68bd5	4.642589294332924	6	33	0x3f04cf70	0.5187902450561523
2	v_heads	16	decode	82ca95158ffe1541ee0695adc82de0393e853d36dc6b7e3289d0de5037065764	2.845827278348656	4	112	0xbee47bab	-0.44625601172447205
2	v_heads	17	decode	6cc3ab46c0e239224ea4671bd6e30bb0584099e1ccb6c4f1169d4a6881b0044d	4.8233645689718685	1	70	0xbf21937a	-0.6311565637588501
3	k_rope	0	prefill	d0344bdfbe18d95a29eaa0c832c1ccd0aea8d6741a84bb0642eda78f21b0d647	64.61168949632626	5	63	0x41c38e58	24.444503784179688
3	k_rope	1	prefill	0a556d678b134da916f9a02c220592d6ff503031a71cf1248764c8c78517d6ac	156.85855339398734	4	114	0xc2a24e05	-81.15238189697266
3	k_rope	2	prefill	c5838bc8e3869d31875018334dc784d75a0e53100d289e59a303e62ed026f708	158.08844363662826	4	114	0xc29911fc	-76.53512573242188
3	k_rope	3	prefill	8d7cfde3d8df7a00e49838922a3b1554d1236e1fb923b25850d369097e3af4fa	162.25620483461577	3	114	0x42a59f28	82.81085205078125
3	k_rope	4	prefill	e61df779d1674ebd2bc9803f76d7c4bee656c39b6744ccbc39a8388261a141e2	159.73900038454624	3	114	0x42a25f3c	81.18600463867188
3	k_rope	5	prefill	71c560d1f8901cd4ca1d7fa881bc75e11cf83949b9fdf32c6fdd39592960fb76	161.27405832151356	3	114	0x429f6f35	79.71720123291016
3	k_rope	6	prefill	e22096a43b4f0d7ccc6ee0c4a4ed3080bc48ea4d0bd7309e910021708bb08ca0	169.5926767549224	3	114	0x42b1f0f5	88.97061920166016
3	k_rope	7	prefill	eb2e2dd73d0d0975233cc36fe305818226d53f0fcc89da0eae9d6a79b60d2131	176.96792339250337	4	114	0xc2b56819	-90.70331573486328
3	k_rope	8	prefill	009151173ff9ed866919dd5e61e1c226fb6772990027614969203c9673fe513b	160.33096600560776	4	114	0xc2a71c13	-83.5548324584961
3	k_rope	9	prefill	2efc3f91daf43b2328b26d48eea76c9e6a517b48f06569252db99d365842d290	118.02993908600777	2	114	0xc257e002	-53.96875762939453
3	k_rope	10	decode	86d1d09faff436fc1effebb3f4f4e3b6106653130bf1a99d748ff862ce809aaf	166.0128993537723	3	114	0x42ae2293	87.0675277709961
3	k_rope	11	decode	a653d1474f832dab1b879db3dd71a4084467724cb2becb9f0675a7df8637fdba	176.32018957603313	4	114	0xc2b39eba	-89.81001281738281
3	k_rope	12	decode	3be5591f2b9d1e958f5adcafdeea14a1b4f56a8a9f22a6df39e59ea8e87fefd8	172.7436921844627	4	114	0xc2a0328e	-80.09873962402344
3	k_rope	13	decode	b7f853b805c2505878526e6a0e92053cae943c7745d40d2b41262c162aeda16b	174.93882542188618	3	114	0x42a98f12	84.77943420410156
3	k_rope	14	decode	5c4b7464cc53ac99884bf29cbc3831eb28b772195b6c5425f4ed130bbf4adce3	179.85574761514488	3	114	0x42b59092	90.78236389160156
3	k_rope	15	decode	9a64f1e8bdbf9a2d19907a788f2330979ee24c2a0f328bbd5720244ee5b0bb0f	172.40822855072446	3	114	0x42a9679b	84.70235443115234
3	k_rope	16	decode	12b634732735ff4d10e82a36afdcb9104ecf1fb5b5f65bbd09000a26b288fe0c	182.4197820202975	3	114	0x42bde819	94.95331573486328
3	k_rope	17	decode	fbc263911e1c8d7217164f6823f23235bec6184471ffd2b495bfa5dc195d51f2	187.35806979434412	4	114	0xc2bff73f	-95.98290252685547
3	v_heads	0	prefill	857aac78184ccdd2a1c20d127c762c298fd90e108f6ffbdf2c88c76899ebddfb	1.1552429594713016	0	126	0xbed236f4	-0.4105755090713501
3	v_heads	1	prefill	671fc2573012e269d6704ad89e6d55b0a12d596e50c536b17e1837541b89a69f	12.648914064019204	4	47	0xc00275b3	-2.038433790206909
3	v_heads	2	prefill	ba883df9146835c1b1e774e5c18eccbb5a11e92c9700a4408e7e2a8acaa7e8af	12.410015287212927	4	47	0xc0087ec7	-2.132737874984741
3	v_heads	3	prefill	f268fde0388a591f35d464b90fe5d2b2aaa89b7b873f46b41ee92c0988515c86	12.485417020686645	4	47	0xc0064218	-2.0977840423583984
3	v_heads	4	prefill	b97538e5ec4a7d78ffc1fa2b08e0d7f8016a1ced9d79dad9c133fcdaa4f6379f	12.703811357757795	2	119	0x3fe181a2	1.7617685794830322
3	v_heads	5	prefill	b5ddf4827438115ba1c271cfc01375324cd8c7f3211dcd9f48bf91a959040798	14.092187902411025	2	119	0x40216556	2.5218100547790527
3	v_heads	6	prefill	e02a89cd176584306b137506d35575b2a5b9a65a3c555d52002dbab44e16dcdb	9.832109480619486	2	119	0x40053034	2.0810670852661133
3	v_heads	7	prefill	b3edf77d2bd92ba10c198222e3bcf4cc19e4299806991bd43d7eedadda7586e1	11.746601386459277	4	47	0xc00b3362	-2.175011157989502
3	v_heads	8	prefill	99d2dac2fbbcd8657db8ce3a5e1cccec23838bcfcca6efb42f55392614a5be56	11.767563562398964	4	47	0xc005a0c0	-2.0879364013671875
3	v_heads	9	prefill	56b7e40132bdd2a6425f075b404cde7fd317c687491dfd3a327b012c6591fd90	9.579214386740261	3	11	0xbff707d5	-1.9299265146255493
3	v_heads	10	decode	9eca2529bd7297bdf3e394e1091486148f0b24a554d1c7b99a4e5c15b25b6645	9.239337505101423	2	119	0x3febee93	1.843218207359314
3	v_heads	11	decode	51ea51c73d937ff37012fcdac58f4a757d4cb4ba05607e926a8862807917a8b6	12.611144768928707	4	47	0xbffdd1bc	-1.9829630851745605
3	v_heads	12	decode	24099c03eeb75baab3b47b4e7a20f14b30db15d2bde58384fa93e2908d0fc366	12.883151381016747	4	47	0xc009dcc4	-2.154099464416504
3	v_heads	13	decode	021a2aeb7942bd03d5ca70b21a933172a48d2435e1ef51e101842a45f167999c	12.59222227513812	4	47	0xbffed6a6	-1.9909255504608154
3	v_heads	14	decode	7e3984f9cefbe67eb365191e1fce44bf0581e72dd63fadf302cd4b25b7e5882e	12.851174169968793	1	90	0xbff6df19	-1.9286834001541138
3	v_heads	15	decode	005ec178bdf3734c0d05b31a9de759c9c5b392759ca43cf05c0fd3c6c45e149f	13.9990353892014	2	119	0x401d0d4f	2.453937292098999
3	v_heads	16	decode	e0a71bedf2496da7beb8db1239793f1bd2cdb8c76f4146ad873ef98710582fdb	9.559562013058136	2	119	0x3fffd91c	1.9988131523132324
3	v_heads	17	decode	8a628e05464acb07d70b64caa52cbe77464a4059a8abb421b896f0d65326bb77	11.848945025325722	4	47	0xc008fcab	-2.1404216289520264
4	k_rope	0	prefill	b62e438dbd5ddf8ea5ba3149fb78580c5d7687c96cb6cd2fa50bbcd7cdb5cca7	47.63177491505371	1	123	0x418e96ce	17.82363510131836
4	k_rope	1	prefill	bca66f976b18b0bf9449f6b2daf3f2936b2bed40ac72f9c4f0ee1b86f5071acd	226.59187784193205	4	113	0xc29e9e30	-79.3089599609375
4	k_rope	2	prefill	0fb7e1fa1505bbaea89a0943eef972d167495e660ad85bcbbd3cb8a5cbb95d2b	205.90253464310692	4	113	0xc2926a8f	-73.20812225341797
4	k_rope	3	prefill	b6afd1742756af17c7e06e3fcbd8793230165e9b4e434557e3768e462a0ac975	232.73153567582395	3	113	0xc2a6f55b	-83.47920989990234
4	k_rope	4	prefill	06d5bcc57a13344ab3182231e3570496a8b0ad129b951c2c16b6c8e7d7ed627e	236.03281980424342	4	113	0xc2b31181	-89.53418731689453
4	k_rope	5	prefill	96e5b3954d7e5e812d0855a3a925bf14c5c7190ab4707fe789deabcf03b942a8	230.9567399830036	4	113	0xc2b2a8d9	-89.32978057861328
4	k_rope	6	prefill	70afe1e12e8652fbad17ff8edd2b0eddd8da91c0612bd4f500d24654a7122d40	224.1339575128934	1	113	0xc296f93e	-75.48680114746094
4	k_rope	7	prefill	f8d65114104d838c3c3b13d37e1a06227dc157bed20551189e27116546281a4b	221.5821673344102	4	113	0xc29b1514	-77.54116821289062
4	k_rope	8	prefill	5e442b40b69e4bd17d2cb9d3469b2a16b366bf5f4bc1c2aa3374e89a8151144f	235.6206857649997	4	113	0xc2ba0cf6	-93.02531433105469
4	k_rope	9	prefill	30aa70e31732270dc163e7d188db8e38fa8957e515ecdfdfcccad2fa2e7464a9	187.32619650885096	7	113	0x426b0eb8	58.764373779296875
4	k_rope	10	decode	530e8f3ab20f3f516133cd16cb2bb1a53651236594ed368e34d483a50be06c2a	210.41530415114744	0	113	0xc29f0c80	-79.5244140625
4	k_rope	11	decode	28bce7c646f2485120d3ac116b4504c4363c0ae7bded7d3c59b0e999e03b9ad7	261.57809081738634	4	113	0xc2bf286e	-95.57896423339844
4	k_rope	12	decode	d85e69f47485468a3f157b4afbe48ac04834178f4c821377a5250d4703a483d9	247.21486062459707	4	113	0xc2b74cc1	-91.64990997314453
4	k_rope	13	decode	c60f50a886931e0c7b288eb9fb4ac5992ee41d765b2eedcc4bd5d9f6ce36a21a	252.73676091339013	3	113	0xc2afae05	-87.83988189697266
4	k_rope	14	decode	673facbc003e6fffea2f6e44c98fc3dfa8375ad0fa606a243c8cc906ed3526ee	263.1454086753053	4	113	0xc2bf3951	-95.61194610595703
4	k_rope	15	decode	135daa1849198b6ffbb7d361743822c89a3f5b09039f4db8f69b4c3f5bc8adf7	253.46321367543104	4	113	0xc2c08f7d	-96.2802505493164
4	k_rope	16	decode	90c3e63ae3c1ae77670e7c2d222b88e29dfaae82440a10f20dd6420ef7e1d20f	249.25074090008894	3	113	0xc2a9ec43	-84.9614486694336
4	k_rope	17	decode	399370964e9b16ccabd0ba8970cbc465f636c571e7223e72d54282a24f9eed23	244.35538325453865	4	113	0xc2a7e577	-83.94817352294922
4	v_heads	0	prefill	8792bd319edb9c1839fa0df6980adb195061179543ef51166504dc59da57daea	1.8522620638534208	2	51	0xbf279384	-0.6545946598052979
4	v_heads	1	prefill	80da42f62b1afab1e40d29af037e9e1db0427d63f0e2e4e83911cbe73466c339	12.434922752499865	5	48	0xbfa983c9	-1.3243342638015747
4	v_heads	2	prefill	2948e2b9a80e52f74f414768a507fe196174b09a328cc383e1bf1b015963df5e	13.1310166125896	3	12	0x3fdd80a6	1.7304885387420654
4	v_heads	3	prefill	f5ef97317ed0451ff32352eacce27f13122e13b28914eb19b22a4ff8cabc1fad	12.008195986829415	3	12	0x3fd74367	1.6817444562911987
4	v_heads	4	prefill	4bb4d93c03f693bb0945cf5815348cf78e45311e28765dd8d4937f1d96f3dae5	12.39586231856966	1	60	0xc0044a40	-2.0670318603515625
4	v_heads	5	prefill	395d0952bd6a773f006bff5503b76c3614e4e378636b360d0636bc72310bd7ca	13.118907656531166	4	113	0x3fd07812	1.628664255142212
4	v_heads	6	prefill	5b842abd18b5dbe3b607918362edaeb7a092f8b073eb06c9a7548775a6498651	9.99294070219397	1	43	0xbfb3ebb7	-1.4056309461593628
4	v_heads	7	prefill	84c9c5b747cc1dfb9b17436d27fb57215f0d65ec2482aa246599417998ab4110	12.001271769248092	6	40	0x3fc76d5a	1.5580246448516846
4	v_heads	8	prefill	ae015c92e319e5fc079692dc46e158f4faa51ea03346f8bc511d2b2de53873c2	11.201781797866358	3	12	0x3fe7f9f5	1.812315583229065
4	v_heads	9	prefill	2ca67598d6748300a09e194600e7f7fd9f1b0e7f98a1a799e45c18a0a88da14f	10.348135727582541	6	36	0x400b2b4b	2.1745173931121826
4	v_heads	10	decode	b344384c3cf697c97fd9e3c086be1bd4b70f75f104950baff7e673a9100c9f8f	9.888877379378423	3	94	0x4000ccee	2.012507915496826
4	v_heads	11	decode	06549c00b500d1b81b83365f310479dd8ad23c19344c85cbe43f43a246819d8c	13.02422219095197	6	25	0x400fd421	2.2473223209381104
4	v_heads	12	decode	64c79183b10552b15efa3061cd8e03849e055b0fb9e7e05ec3e6a69361fc3a6f	12.55665212049917	6	89	0x3fe71de9	1.8056002855300903
4	v_heads	13	decode	5e1b7ce49e3f49ddf3a857ca0bc03d8082ca8f07f3b8f6c084afaf3632a9bff3	11.837207419288712	6	36	0x400acd26	2.168771266937256
4	v_heads	14	decode	4007911750d5612b961fb96aaf968131c2ee9d9db9e4eb806900bcd4c42aa090	12.555555615173967	1	60	0xc00f3f63	-2.238243818283081
4	v_heads	15	decode	1d7584f77c2aeca660cac4b11268ab08b7041830395fe4a0ef07117eb7a06b9f	12.86685073542819	6	25	0x3fd6f9b7	1.6794956922531128
4	v_heads	16	decode	697bddc1237357ecb241bd10eb53f8e62679b41f771169f858c43607e2c21244	10.521410859606485	2	117	0xbfb1e026	-1.389652967453003
4	v_heads	17	decode	d481e780d1d7e5b84e705bdb40ed0b262d8e6828204aadad3f898c6cc34edc6b	11.983127759694638	6	25	0x3ff58a6c	1.9182868003845215
5	k_rope	0	prefill	cbc6fff205bf2285b9504ccf1d6e5fb9aedbd7c7392cdfb9345a98d3404728f3	51.56040014184596	5	127	0xc1903007	-18.02345085144043
5	k_rope	1	prefill	3dfff71a2f3f05ad64abc9d759a1d91b9bf5996423bcf6f704d36cbab3cf58ce	271.2719806055088	4	119	0xc2d6a00b	-107.31258392333984
5	k_rope	2	prefill	bcff06504237d9685dfd4295f3277d8faf6e5aeba7bd9e46329e9d880833e921	265.8793497517506	4	119	0xc2c4b628	-98.35577392578125
5	k_rope	3	prefill	158c8d4962a564e14012df58d2e75e06862958ee3f4ba0197f2b8350751179a4	283.3423016301868	4	119	0xc2c907c0	-100.51513671875
5	k_rope	4	prefill	6f5bbab5e667d32974d90691ab377957ff610e2510af4f6dd44f7d29d804c3bb	277.9941217062745	4	119	0xc2d3a686	-105.82524108886719
5	k_rope	5	prefill	a974b0f3b2fc544c73424b932cd86690445e4f618b0940339ddcef19183dff9d	275.8493485648125	4	119	0xc2c78b0f	-99.77159881591797
5	k_rope	6	prefill	131780294ba5a6423689531322a389e2b9613d34cf4381e4ee1675ea6a419caf	277.8673886103398	4	119	0xc2c02db1	-96.08924102783203
5	k_rope	7	prefill	a86b02b4c01f2b095c3c2aa7e460631f6d6f0f105d2b7f023dca4ea348d9ba20	277.53681329589614	4	119	0xc2cee205	-103.44144439697266
5	k_rope	8	prefill	4b979bd9b430caa1af240a74112169f55e0872e0c9b10822bbc02c4d6c153805	291.58238415147065	4	119	0xc2bbd57d	-93.9169692993164
5	k_rope	9	prefill	02148acc84af7358a544f1f0cd272162bdef501c04cba4a1835bb6d9777626f6	209.97214130456518	6	119	0xc2a7b93f	-83.86180877685547
5	k_rope	10	decode	cd055ff94f6914c5d1600bfc06a83a9aab33e1fbc60f0f5b9f83e759fb6d0e2e	277.940925594323	6	119	0xc2df191e	-111.54905700683594
5	k_rope	11	decode	cd873e9ec172a9d20dca7288c707008870d166fc44cb6380888f285acdfd8906	304.0954840385468	4	119	0xc2d9d2b2	-108.91151428222656
5	k_rope	12	decode	9e7b11e6779e2a39abd3f2ff0689356f0900b674a4612960ea2973c8f182d73c	303.49210380801213	4	119	0xc2c972eb	-100.72444915771484
5	k_rope	13	decode	cc69bf405e83e26d5bbca7bc21ab24c1b82f856d9d9650a6f7a00bc9bf184009	293.65936868718643	4	119	0xc2be80fb	-95.25191497802734
5	k_rope	14	decode	befe52f7423efcb72054df72cbf42bfd188c015af83b6a858781e5c28a876489	305.87554534463885	4	119	0xc2d0b550	-104.3541259765625
5	k_rope	15	decode	d07d5bc90a421b3f51027af623f7c6fb0e9d46b97b3c35ba1d6b1366ad12e969	288.1542460084929	4	119	0xc2c4d22b	-98.41048431396484
5	k_rope	16	decode	35d027c75b33983d0d520cabe6c0650c6a69451ced12501fbbf58fb0aa86f724	298.4210983174143	6	119	0xc2cac314	-101.38101196289062
5	k_rope	17	decode	24005aea6b6ef1ca6f09df7b770d87765f1bea94caf1d24ec0d7b7d932a8b18b	294.88962580430376	4	119	0xc2c7d75b	-99.92061614990234
5	v_heads	0	prefill	67ee7cb6d117e6f2181f92399524d9fd64002f8200795263b03ac14496b8b166	2.216922894903732	7	125	0xbf7dedc7	-0.9919094443321228
5	v_heads	1	prefill	f9eecbe55b9f964f99ed56fc74bc4ed448e1dbc7278c555b820b105bc602a9ac	17.77982338144601	4	34	0xc01b667e	-2.428130626678467
5	v_heads	2	prefill	dcc95cb61459b5784f07a06ce3a5d7f5c4f052259d743be4fbce7f48781cf197	16.262841340673823	4	49	0x400b2099	2.1738646030426025
5	v_heads	3	prefill	73e5dddabf486b1d2a17c5e6e0b92c89ffe62e89317d9300ee9ce25798ab0bbe	17.398272597647207	5	117	0x40250906	2.5786757469177246
5	v_heads	4	prefill	ed8536a3162d4f22816da0d199f64a5cbd438d01594003185ca2562a7975fa2b	16.414527241069052	2	9	0xc014074e	-2.31294584274292
5	v_heads	5	prefill	779d4e2e4502f5619afdbc64e957e3c575d0154adc55776fe918fe4e56bcd845	17.088887108870992	7	125	0x401b9cda	2.431448459625244
5	v_heads	6	prefill	11bbdbadf5abf35b491ee97542582f9ed525d50aa8b5a63317a9f137efaf909d	11.772604958909833	4	125	0x3fc43c6c	1.5330939292907715
5	v_heads	7	prefill	7306bcf84c6ebd9a1903cb8526f33117192156bcc02e0a7ac0eaac4617432914	17.156650647017145	7	101	0xc0119051	-2.2744333744049072
5	v_heads	8	prefill	ddb5d22bbe8371665d030369df22077cc8fb3dd1ba64ce211517e423b6516c2f	16.112142572372775	5	117	0x40131c37	2.2985970973968506
5	v_heads	9	prefill	d2bcf73215988009875b52fb963ab6218622b949c5bc29ba47fde87f79f0b5fe	11.040881260474487	1	29	0x401faae0	2.4948043823242188
5	v_heads	10	decode	a19143e631f989890b331c9958058425aeabea924a813496e332a53f7bcec00a	11.064376576664106	5	117	0x4019b8d7	2.401906728744507
5	v_heads	11	decode	196a2302d2b8a4b315b5411e2bd79b4d6040310d93fa056ee20c8f47e2813e20	17.372212785624946	3	4	0x401de7c6	2.467271327972412
5	v_heads	12	decode	55828402116f98b62dece689fc7b0381649584d752c2c2d83dafbc74b0928a36	16.517826186484992	4	49	0x4020e8c4	2.514206886291504
5	v_heads	13	decode	811d280f5ac2df955a74eca365aa0befeeebf94d7246efeca9a724616ea5d893	17.00931093756113	5	117	0x402ee78b	2.732882261276245
5	v_heads	14	decode	79235b65a174eb473f8fd7d60e9ae3ae84ffb00656ade53fc27f668bf8d52926	15.600380195641884	2	9	0xc0156caa	-2.3347573280334473
5	v_heads	15	decode	36c759c078eaae53167a0310b49b55e3bf2c798dea1be8b41c83d77494994065	16.466408864319735	7	125	0x401084f0	2.2581138610839844
5	v_heads	16	decode	11df09ca16408ba9280bd3d6288d33b761b5b60c147c618f0d60ddfa73e9144d	11.762809564466195	4	125	0x3fd254a7	1.643208384513855
5	v_heads	17	decode	72d4a7ce327b74a7b5c027462d25fc0da7837f8f80f8f5b34144c7f23b9a9258	16.243618654960983	7	101	0xc0121dc9	-2.2830679416656494
6	k_rope	0	prefill	49559ff5e538cd5f52bb5d3c8b436d7dfbd41572452a72028f46ddb5106689b9	138.98563244918492	5	63	0x4289a2ef	68.81822967529297
6	k_rope	1	prefill	c01f9fbc0d4b2f2bb00b038edcd7761cee7954b7f716066c2cc784c61bb55a1c	166.95822915006008	1	115	0x4290b157	72.34636688232422
6	k_rope	2	prefill	75b5120d399779cdad22a6c1cd45e6f35d9520e25bcc12a7e174c63d18b7f402	166.89039706099294	1	115	0x428d0ace	70.52110290527344
6	k_rope	3	prefill	5d18cc0c2b81bbf6dae6ef1c0e242345bee0e1a1338cb7997ff9bc3ef6f9e3d6	177.05087771554128	1	115	0x42ac4c28	86.14874267578125
6	k_rope	4	prefill	43b6299d1d3f694b764199d38df99afb203dfc4789bfd1f497e9c550a44e2524	164.17977040042905	1	115	0x42982f0a	76.09187316894531
6	k_rope	5	prefill	fc3b9e19947dbd124cf97db320ebbb900fcd65299152cbf427e1c66bc10c3e9b	169.22406108691467	1	115	0x42876402	67.69532775878906
6	k_rope	6	prefill	ffe4b60db5b13263d8d9f911540dc43a627e34b2efafdb4fbb7b8484be23a2af	165.64875011434094	1	115	0x42829195	65.28433990478516
6	k_rope	7	prefill	eb642bfab3c7bf98ddbd06d4982f90c3b33b709759193ad39a99e01ce18f08ec	160.63543972825516	1	115	0x42872f7b	67.59273529052734
6	k_rope	8	prefill	4168dab2cedd568c9a60ccc5b0559f4e79ccef7d303e9b06778a3760d6d47373	158.05004293867805	1	115	0x428902d6	68.50553894042969
6	k_rope	9	prefill	2fd523a0ba48184a9a7faaa416b57505b227350ae1d1ae6afc405dec7c2b96a7	160.26635343856373	4	115	0xc2613d51	-56.309879302978516
6	k_rope	10	decode	0b39e1d63dd95a42fbe0b5036b79d7d32b3d8405ee451ddb5223a9f836d1ad1b	180.97702866796638	1	115	0x42a2cc85	81.39945220947266
6	k_rope	11	decode	2f0412a10de0978a34b6534bcead2aaedd9015907a883085c2c71de0172e3f36	172.99593929421803	1	115	0x4298e28d	76.4424819946289
6	k_rope	12	decode	1414f5f4f26e0722305de46e25cb0488367cc415f0452c2a63bf2c805716adde	172.40003821361324	1	115	0x429e28d6	79.07975769042969
6	k_rope	13	decode	b0734a4f72d90dba1d536bf26e6c20e36372cde3e395ab6bd8cbca8f47defcb8	176.6804945044819	1	115	0x42b354fb	89.66597747802734
6	k_rope	14	decode	3172025e71bd8af1132a5bb28ef0509db16fad3fc9e200e23b7491b97b2fbc35	176.69943249462978	1	115	0x42aef7ea	87.48420715332031
6	k_rope	15	decode	571e5ff1dbfabf6e0ebe6c1b20c9a4273a518b680342b1a1bfc4708f002ad99d	174.7863215668901	1	115	0x42990460	76.508544921875
6	k_rope	16	decode	fad3f01beee38db4c1271e1834d65eebd7ded21d132d7a46951c181288ba8a6b	178.20723989920384	1	115	0x4296982f	75.29723358154297
6	k_rope	17	decode	776345221a35e672ee233dd62a06254b96e0ff0ef241d543375b6cf560e12588	166.7832838642632	1	115	0x429f097b	79.51851654052734
6	v_heads	0	prefill	2953d02e6e07a2a03cedf0ea949bb35357be137a3699f62b5d2ca8870bfba7d2	1.6468844789194914	7	116	0x3eda40a6	0.42627447843551636
6	v_heads	1	prefill	af32f379f9ab2ac38c3da702caf277424af1714e9758d418b3c5383c532836a5	13.310962270826876	2	101	0x400c38f5	2.19097638130188
6	v_heads	2	prefill	5085da01db679a88345b432ddc63f8b6e3bd026654d918e0db6770bc8bf442c5	13.717011324917612	3	32	0xc010d1a7	-2.26279616355896
6	v_heads	3	prefill	091e462b59578e5210487fbdf33a68a8fc8efe4f7ea112d6af0dd36778d515f9	14.024080496386501	3	32	0xc00722d0	-2.111499786376953
6	v_heads	4	prefill	3b340d79b90e6ad3253980dedce844c67df2b790eea7a7e523da8d42811101af	13.020995771025648	2	89	0x4005bc74	2.089627265930176
6	v_heads	5	prefill	761a2861d8ab295b90fb806a499577ace591568f00805d149b951c87c0160520	13.154685767414648	3	32	0xbfffdc18	-1.9989042282104492
6	v_heads	6	prefill	b36e2ee28ba3dee34d1cc2d7aed53bb01156c5adc426fb4478a1b92a4cce9c94	11.89575906718461	3	32	0xbff98582	-1.9493868350982666
6	v_heads	7	prefill	e9fc15c5e6defab99a57b7273391570ea4a8a31a42dbb37c83a47b355395f592	11.911672130258339	3	32	0xc00af84a	-2.1714043617248535
6	v_heads	8	prefill	da483af71fe09686518aadd259b21c693fdece84f22fcf35f01c92bc0a929463	11.722749284033203	3	32	0xc00e6a07	-2.2252213954925537
6	v_heads	9	prefill	1478290f1d112d53516c479091054d1f23f7176688860ec5f099b8db7a68f111	8.780074868872399	3	32	0xbfe8f764	-1.82004976272583
6	v_heads	10	decode	9b4f5d368d8e8e5247bc193bdfa7c9f88905b46c66f4b196a8a926654c0e8044	8.910451708645553	3	32	0xbff5ee76	-1.921339750289917
6	v_heads	11	decode	e59ddc2e2fd79c21f0e8c679873c5cf471c86a4f425e58e4082a2aaa1dfb6541	12.659402261530792	3	32	0xbff9a9ee	-1.950498342514038
6	v_heads	12	decode	e7f8e184b4cea8aa1cd0fc4703df583facce50915abb311b90fde03815cfdbfb	13.36982414643382	3	40	0xbff7db64	-1.93638277053833
6	v_heads	13	decode	7b63e870fd3fc9061b02299182352cbb779ba580ba87597a00383e65838963fa	12.800768745668428	3	32	0xbfce230d	-1.6104446649551392
6	v_heads	14	decode	87a68a1c5245ea27a05ecf6031dfc917de5cc3586929f6710b2603bf0f8339d1	12.558818830587368	2	89	0x40288201	2.632934808731079
6	v_heads	15	decode	9581fde74693ea9c04c078a69ffa58f4ae62ea646d8598df9af8cc59050f6e5d	12.881138401001573	2	89	0x3fd029e8	1.6262788772583008
6	v_heads	16	decode	a2bd0697400a9cf19748d222b3c416c2dad693d72c0f4faeca493c50c8b798d6	10.953438118918188	1	74	0xbfcf30be	-1.6186749935150146
6	v_heads	17	decode	64a038b1d833ab1aca8ebd244fd35c8a4938e27d58cf1be98ab0310c1ace5a0e	11.494384904930243	3	40	0xbfdde40e	-1.7335221767425537
7	k_rope	0	prefill	a6e89cca8c47f0cb54c1336df97cd4585e48da26dbb7532ae760a4592aa8c425	48.940204911156606	3	127	0x41a11928	20.137283325195312
7	k_rope	1	prefill	285045b101c49fe38f22d8079b1f35d507b73486d46fbbf6d2fe878f118a626b	150.528394550914	0	116	0x4262459e	56.56798553466797
7	k_rope	2	prefill	badca6363fb093e4db52cedf67814f92a89863a9d50274904d6c488130a0c2ab	147.4345970579182	5	116	0xc256702a	-53.609535217285156
7	k_rope	3	prefill	f953ce4387266dc74900e8d9f340604271da718769273d4a64d33f9b63b023fb	165.7672550156873	0	116	0x427423c3	61.0349235534668
7	k_rope	4	prefill	c73d443ba4dc491c4c98cf557500c92c823a009dd225b61ebf0e68bd878801a5	159.2447454283153	5	116	0xc259dee5	-54.46767044067383
7	k_rope	5	prefill	9814a6bd4c187c9c49187449f3aaf9b46f621105b26d471283856ad25e8da334	165.47273430656344	5	116	0xc26917e4	-58.27333068847656
7	k_rope	6	prefill	0398e2797d2122031530c93cac2f726eb02de2abf4c6b4e07bb7adf4e62e9415	165.97303079944265	5	116	0xc27ea1b0	-63.65789794921875
7	k_rope	7	prefill	7ba1f81f352bde3ea6310a540793f9411a7524405d0734ed786935495cbc630f	166.3243626753991	5	116	0xc271109b	-60.26621627807617
7	k_rope	8	prefill	c13a7bf77d196b4ac48bc2f126bf3aac8e8fc99e1b330872fec8087501d3627a	153.11486792451035	0	116	0x4261f4ce	56.48906707763672
7	k_rope	9	prefill	6cb59ba567461df24950b29ac603b4264b7cef33cec335a56b7720e7fb06cb1e	144.91901195826514	3	116	0x42506c05	52.10548782348633
7	k_rope	10	decode	81826d70f543825089a5d029187c824fcf7d72b43ddf32ee1ce0dbf433f8fed4	161.36962818551297	3	116	0x427c5c85	63.09035110473633
7	k_rope	11	decode	a0c5e1ff579f93d9798270d119fcfd4c86b92aa646964fae905d25f5ef6f8c0e	165.34298315583084	1	116	0x42769126	61.641746520996094
7	k_rope	12	decode	f2a86e33710e15f2b0d4e0745b4ccd14b8b0b4169cee0d04a9b61f345cacc279	158.0106898920866	1	116	0x4266fb0e	57.74517059326172
7	k_rope	13	decode	8682b1c3090af5ed40b448514df8605fd0cf30b7674f1c499f843c23ad96f2ea	167.53430054151175	5	116	0xc264f462	-57.23865509033203
7	k_rope	14	decode	f7b0ed39557eb225a6eb8253f12700d235636505f2b12f29d4bb7d2cb84148d2	167.77509653868472	4	116	0xc269272c	-58.28825378417969
7	k_rope	15	decode	69a9a9985b1869d26970fe0bed34ac54ca75cbb81cd7b93f9893e5dd393339e8	167.49024180924434	4	116	0xc2728bcb	-60.63651657104492
7	k_rope	16	decode	a496693494248332e43e654479c51bb5fc14ba517e41eba79f329410f1845e61	176.44674910099386	5	116	0xc285a579	-66.82318878173828
7	k_rope	17	decode	37ad9a0ebcef79a6cc571b255c74f763f9744c00e9d6d63847fa86a01a494587	173.83936321680173	5	116	0xc27024f9	-60.03610610961914
7	v_heads	0	prefill	9d47546e7ee39094b8c8c9cfee2cbe83c616e0b11388a1c529d4ad8631126b02	2.851008324903719	6	6	0x3f9bc7c6	1.217034101486206
7	v_heads	1	prefill	7e106d9692f18323edbbda940d531f660510ea2cd5bb947917ebefa48fa899ba	17.78312663858755	1	11	0x4013a581	2.306976556777954
7	v_heads	2	prefill	4191fce9e04c81f15e5c2abe5f82125ed4d6692c156f2461469974f9b70d027b	21.930842081319014	3	87	0xc0390817	-2.8911187648773193
7	v_heads	3	prefill	502237c9a142d92d27a033f6e2c6a3e04a18737158dcbf4b0cb7094f1cbabb28	20.24710726696278	2	4	0x40130078	2.296903610229492
7	v_heads	4	prefill	e62f63fdef28bdb05295b3af407c665f425ed31e802a4786a8e701d1bb6dcc2e	18.774390551189608	6	77	0xc02bdd0b	-2.68536639213562
7	v_heads	5	prefill	8743d196fe2c988b9ef253548f5547424826f5294987d8168320472c27a4d10c	20.38159089648002	3	87	0xc010224b	-2.2520930767059326
7	v_heads	6	prefill	010333712f2d49d5cde5fad779c2c80e942a9ad03f739b8a88c2e17e97dadd29	19.795750836575245	6	77	0xc02b758c	-2.679049491882324
7	v_heads	7	prefill	118e9dcf077c21c38a24b40629f3f73a19be38299f550b5974217445affb1a6f	17.076138362594193	6	98	0xc0025863	-2.036644697189331
7	v_heads	8	prefill	9cdf7acb7f3fa2348bd9f668110a63aa76e8fbe3d15cd6f77d90d15265f95170	15.725977393964943	1	71	0xc00cdae4	-2.200860023498535
7	v_heads	9	prefill	3881d166875da2983683db9bb058170204d2f37482feb21e25663833cec54c3d	13.408478867527498	2	10	0x4004d1a2	2.0752949714660645
7	v_heads	10	decode	3e4d221a2462b59337d5cd24411801290c95805baf25396011fc5b24022241bb	12.719676894274821	4	90	0x3fcf19f4	1.6179795265197754
7	v_heads	11	decode	9280a1b2e5c61618be0c799099541531d1954ff05a7d1802085dc21acef6daf2	18.97197155541752	1	104	0xc058cd1c	-3.387518882751465
7	v_heads	12	decode	c34cfe2d43aecbae86330fff0d20d8c3a364cbc6260616d5eaab1ce6871077eb	21.615718764992693	1	104	0xc07031ce	-3.753039836883545
7	v_heads	13	decode	afa25a2fab0a875748e30d618f542153826ac20a07676ca9f102a0a2c7371d2d	18.514866930419483	7	107	0x4004b2bb	2.073408842086792
7	v_heads	14	decode	e610f17e5e56e50a2193eab3305fcb88ca77f33b6fed77fa23fb517adb621fe8	17.92533564058614	4	54	0xc016928e	-2.3526949882507324
7	v_heads	15	decode	2c0704f3a370b5f5e5dc379ae462b98244dd1e8d508248441b7f08bc6a2c8dc4	20.308577696147353	4	54	0xc045e654	-3.0921831130981445
7	v_heads	16	decode	be68ce33363d5352fe5d5db75821809720080fdcb85c115b2ae8b2cbd0ec66eb	18.306355019335335	2	35	0x405d5342	3.4582066535949707
7	v_heads	17	decode	6f237518df45a1233eb935ba87065f3f8a72bc5d84ea4a9b231314263a610cdc	17.034906203661013	1	104	0xc046571e	-3.099067211151123
8	k_rope	0	prefill	b3291d0fde2f73179f295a81eaa0766661e47aa668a72dcf32676a99b689fbae	66.88652976555565	2	63	0xc1f3ae5b	-30.460134506225586
8	k_rope	1	prefill	0b945d3525da774742509a8929c8838e3937b121d70f893a15112a1a687acbee	79.30646539246158	5	51	0xc1b5b59a	-22.713672637939453
8	k_rope	2	prefill	150f349ba8b43e80e730898ce8351292d9cb0cb7725b4312f501d477981359e9	78.78401556301085	5	51	0xc1b535c4	-22.65125274658203
8	k_rope	3	prefill	fea9e92de7c57ab20f152a7a1992ea8d69a9015dbb812fa58205a5168c66848e	79.05013185940409	5	51	0xc1b136d1	-22.151765823364258
8	k_rope	4	prefill	9a4ae0fcfcc6be099da3ec72c0728c94cedcb139b3122e88e67a7a7e60398b09	79.01687921399626	5	51	0xc1b3d172	-22.47726821899414
8	k_rope	5	prefill	0edf5db9d5940a05f9ae85cdbe7a7f4d439b39c6a8cce8064062ef8c9dd5a31e	84.88254432433861	0	51	0x41c9dc21	25.232484817504883
8	k_rope	6	prefill	ee8e8648de2aa016eef0057583a152d1850a59a8714dba6a66b114ada7b716f0	78.37412734975678	0	51	0x41b46b40	22.5523681640625
8	k_rope	7	prefill	cde3e019aed1287919d6182b0bfc20e013badd480b1f4c908bdbc7e6ef2ba002	75.03763369419754	0	51	0x41ad4147	21.65687370300293
8	k_rope	8	prefill	fbc469199a3df35f08989d094a86e5e9eb588b685799a0d8b028bf1511ead254	79.9599053347124	5	51	0xc1b8fcb1	-23.123384475708008
8	k_rope	9	prefill	a167d98ff34845cae6a115d277cb7ad3f8a84ab03c9dc00c6315eca55fc6a5f8	82.23299760314156	0	51	0x41be794e	23.80923080444336
8	k_rope	10	decode	f01dc7709aa8dd799b9d8a2ba4a87eaa48823f84904c11a2541b9a280345f5a2	57.42278621246139	7	51	0xc198ed77	-19.115949630737305
8	k_rope	11	decode	566a7f7658bd6581da56759300f71dda945331a499e6e9f15ee1ba39cb87faa1	80.24972525036237	5	51	0xc1c44fa1	-24.538881301879883
8	k_rope	12	decode	61a03273ffb460413aae7be82fbc65ba9ecf3a4c89cc083a9268af85f913b6d2	77.73443175363452	5	51	0xc1ae9b7c	-21.82592010498047
8	k_rope	13	decode	1b86ec945113523a474e7dd340e9947587ab9835287627844800628b10130c5f	81.98242215222328	5	51	0xc1d77284	-26.93091583251953
8	k_rope	14	decode	773c4d42d7aa9b252bd0a1a4ae6d61225571cac5f0cce68c4b38f5570715cb9a	81.90612258605302	4	51	0xc1c77c99	-24.93583869934082
8	k_rope	15	decode	0ae201497bcb70ccc835b9bba85bdf8e7a9057fc402fbb1d7d35fcdc0657af97	84.0211028093682	0	51	0x41d05c2a	26.045001983642578
8	k_rope	16	decode	0a4ff8901b85879828c8e6fdf931f6bbecf2b2e840986b02be629345086c98d3	52.51983944994539	7	51	0xc1843020	-16.52349853515625
8	k_rope	17	decode	9aaf5bdb2a0b507628e2ef7afd19dfb5368ea69e9b91d00b9f4ef069183e8541	77.19165243292834	5	51	0xc1b8269d	-23.01885414123535
8	v_heads	0	prefill	f8d36b1990653e9e1fb6cab85fdc050304d95c7cc5739bd0de6f7b65256f502f	3.164558430794262	6	81	0xbf53c071	-0.8271551728248596
8	v_heads	1	prefill	bb3ad783aeda31c9832ccdbc0ab1eaf8b9b649556970cd8bf36255b912c98851	16.57214570197086	0	82	0x3fdf7070	1.7456188201904297
8	v_heads	2	prefill	2a6d2ee8bb9f5efe5258d63a8273756f338900b55814ecedd2d2f501902fa45a	24.35503802557421	7	53	0xc05e81e1	-3.476677179336548
8	v_heads	3	prefill	09c5ce48614a64adcfc593c0f412a0eb19efdcaf0a575a85170c65ecc3aa23f6	22.949082949562957	5	114	0x4064f5fc	3.5775136947631836
8	v_heads	4	prefill	bd3990dd3a87c7056990da3a93a5f3437a2a92dc9e820fb666ccf39b5db44df1	21.89740489757572	5	114	0x4045c38c	3.090060234069824
8	v_heads	5	prefill	82ee065a0b1ebdb0ea35ad28501f46123a994dce562238c4d6d205f684f5573b	22.09108759611023	5	114	0x404b0afd	3.1725456714630127
8	v_heads	6	prefill	a36364054ef4aaafb0d926845efdf82d733716eb341792e615ee2af106ff183b	18.75165371026123	1	70	0x401a6292	2.412266254425049
8	v_heads	7	prefill	8dbf977bf301005e600694f965d17c59329e9d74eefc9368b3f08d5bfdf1a03b	18.719671964564174	7	53	0xc0382c84	-2.8777170181274414
8	v_heads	8	prefill	fcd385c8fc7cdd6fc393ef9098dc7fd2cad2c0233e6dc673a3214a54986fad66	18.091240910262016	0	28	0x400c99c2	2.1968846321105957
8	v_heads	9	prefill	42e7cbc151d9db86e88bb44a6105505980f8242ec7e273347bcc81abf71168fb	17.012086180413046	6	81	0x4039d2c6	2.903489589691162
8	v_heads	10	decode	1622a792fc81962cc1968687a0f156a6b431a5644304f39fb3974042d36ea7f7	31.2414961194897	6	8	0x40df0408	6.969242095947266
8	v_heads	11	decode	cfc994a1385a955fde428ea699dc137358cbcec3686012de3e4df3e7039f2186	18.562390436564296	5	114	0x40083753	2.1283767223358154
8	v_heads	12	decode	dac1853be682ddf6a7627013faaaf967aab97189b61325b4c3c7ddc90ec9020e	22.868401128175645	7	53	0xc0487634	-3.1322145462036133
8	v_heads	13	decode	0f1f88753c725fb4a06e7f3d9d87c588f3cd018a3ba86de3ca9684f3e879b692	19.10334763560022	3	82	0xc026a4f9	-2.6038191318511963
8	v_heads	14	decode	5ee2302917fc8a35a057babd4634fb12ac20f39d798e0433ada8ab9eed87b234	21.173745210622997	3	82	0xc073fbe1	-3.812248468399048
8	v_heads	15	decode	22aa624ec127987e2d5d08d1c9c8fdf5919539a705e0941fa6dd74ec8f07cc91	20.914600768207272	1	12	0xc0513da0	-3.2693862915039062
8	v_heads	16	decode	267a046f22bef1963ea77b45b89c846269d3fa208186bee82da41dc810c2603b	93.55309584167708	6	8	0x41b5ec42	22.740360260009766
8	v_heads	17	decode	2440fac344946f2a00dd617bfec51e1c5667f719df37ce9c84e1216ed6ce9dc9	18.067195089663187	7	53	0xc0286f59	-2.63179612159729
9	k_rope	0	prefill	3129f1c15aa0114e2ba84a0420f402b74494171ae5c4e0d5b68905823542e1f1	53.507994974141305	6	63	0xc19892ed	-19.071741104125977
9	k_rope	1	prefill	0f2b39d64b18327322351d6c2137de947c77e8df6fd4eae427cad9801c57e529	130.26112451065538	0	117	0x421e7287	39.61184310913086
9	k_rope	2	prefill	4c94351cf35fe67c10cc322a78e0862177395c79d5cb7a19120c2aecd951fb8c	120.57436391322256	0	117	0x420bc22e	34.93962860107422
9	k_rope	3	prefill	deb967158b4cceb802068d3bc8079ad5f232138f9577b980dc290f3c355bf9f2	111.68235410208428	5	117	0x41f11540	30.1353759765625
9	k_rope	4	prefill	762ca7bc5d52d44dd042cdab57f194ec37ed02589028c0e85de822e031f728c2	118.97022537421114	0	117	0x41efc025	29.968820571899414
9	k_rope	5	prefill	ce582aba28fd014abf81ec1e708af41eee8d28cf1bd6a0973abec4084e6aaaa7	115.6915527018268	5	117	0x41ea4176	29.281963348388672
9	k_rope	6	prefill	e386c4a1e3bfe0937d90e1415f8d25671fcafdcc96125618160b43724e8fa07c	117.45170475291366	6	117	0x41f4ce35	30.60068702697754
9	k_rope	7	prefill	4b412a883e8ba54ac0f31203e2afb8694c9ef4968692b5b9b3bc801a49f9b2fa	117.99913571885334	5	117	0x41f279bc	30.30944061279297
9	k_rope	8	prefill	2aaa4d48d6dffe7f4d3c917a4afd1cffd5cdb1ce48007bb94deda2a5d8529e9b	115.42418873743117	5	117	0x41eb5df8	29.420883178710938
9	k_rope	9	prefill	06dd50cbe89fcfae1620337c310df72637b8d2f1e72a2fbf672ac744adfdb525	121.54606322381134	2	117	0xc2046151	-33.095035552978516
9	k_rope	10	decode	74e04447365fd7a959aeeb1406dd46c5e262d1e8e0ba5b3f2d936d0c7d48f2e6	120.73258470587763	1	117	0x41f36894	30.426063537597656
9	k_rope	11	decode	a93a7b5f663e218d9012b920329d97d1af954654baa37d917bb4b18e083d7c5c	130.84320999972448	5	117	0x420c109d	35.0162239074707
9	k_rope	12	decode	5b8f75645e1466961b2a75a1f81e9802918455c97c4c7984d5f70a8d500176bf	127.25917425267825	5	117	0x4211a064	36.40663146972656
9	k_rope	13	decode	10f1b4391a45cd7ebb77fd201deaae0d3419ec949de1b97333aa2b8f146ca09a	121.61326491299508	2	117	0xc20626e2	-33.53797149658203
9	k_rope	14	decode	66faf286327e7223d0434423e88b635f1811b2b9f59e46efe0850b37068ee84a	119.59617422571154	5	117	0x4203cc53	32.94953536987305
9	k_rope	15	decode	28cee3f48bb05c83c2b5fce140861333201b087c150ba4b5e105d0795d22b3e1	110.67034288703124	5	117	0x4202c227	32.68960189819336
9	k_rope	16	decode	c67df658e55cbc2e1095d08063e6795e6e1ba655a9f24d32bdaabc4e42d1dab4	117.85371176855362	6	117	0x42154c00	37.32421875
9	k_rope	17	decode	52cb4c06217b52f7b145152c75b5fdb737095343756c2aa0182d3154f09e1add	125.78123192557763	5	117	0x42081b0c	34.02641296386719
9	v_heads	0	prefill	3315dd149cdf41f0842b09d2b52eebeba6b78cbd9484105d71a13a7d33402cbf	5.171474231613595	4	100	0x3fc48774	1.535383701324463
9	v_heads	1	prefill	4862310128933abb5b508ea7c0e4b330ca8c72f19edd1488ef1a237c6e8cbc92	22.000517874040916	4	98	0x402c86e4	2.695733070373535
9	v_heads	2	prefill	3dc8dd0723260b52a3a8477a5cf4edd5f181c7781dfd0a886b3939562f904479	24.757789228250903	5	84	0xc03e3e12	-2.972538471221924
9	v_heads	3	prefill	34302606d6012e4aea06e6f76e19f5fc4863a76058c9a58c15f9791fa62e82c0	28.31129314227831	6	7	0xc07b4322	-3.9259724617004395
9	v_heads	4	prefill	68aaf70f45defedfb7e76c4ee712b81f07ab46f98b42727a5c0a230b5fd71206	26.319035747242665	2	87	0x40608d0b	3.50860857963562
9	v_heads	5	prefill	cdcdaeb5b438a796a358d03ed3e2c6bfe3bffba928c7091ff9bce4b7f4a251f0	29.43434823513063	1	125	0x404f9972	3.2437405586242676
9	v_heads	6	prefill	b2e0f67c7005fc5fd959d64e41ebda72d77bdc8c790ba253b0af86bcc69e0d6a	26.46263052073895	2	46	0xc054665f	-3.3187482357025146
9	v_heads	7	prefill	fef8e63f0c2df33ab569d09982dd8f7373959be18972c72ecb7a3ce7ec94ef2b	24.49529558820397	6	98	0x404f5d82	3.240082263946533
9	v_heads	8	prefill	604ebfe7d6c5ce85232a0dd11991f1847fb5e18885a25858897922cd8d0374db	26.147923555801935	6	98	0x409ff8b3	4.999108791351318
9	v_heads	9	prefill	2e8357ea7764744b6fd2ca00023f52e8a20d19acbd235417b3d3b8dcf9a447ef	23.49998988244286	2	87	0x4094200b	4.62891149520874
9	v_heads	10	decode	06483c4ddf40666eb3d11ba2258e72843922141b4f530103af9f22377b816b39	21.971142668377222	0	19	0xc0439fa6	-3.056619167327881
9	v_heads	11	decode	ceb591cdac57a58bb2ae9779586a52704b6ee629e9be87980c449892fe01139c	25.482459684941258	6	92	0xc08c242a	-4.3794145584106445
9	v_heads	12	decode	43170782d32556f0ca327b129de1b0f3ae20f2e415603ddbe3d4296bf8f8b57b	25.686097355396694	6	7	0xc05a938e	-3.4152560234069824
9	v_heads	13	decode	fece5477364199d290ce625acb1c3004c26b54bed7a2e5cce2f0108fd87c0018	23.64508443963615	6	7	0xc0a2670a	-5.075078010559082
9	v_heads	14	decode	66ca3b9dcb231060e61aacad986a84db9d080c92df364d6b5cc09e634b3f1e57	24.429677360819678	6	92	0xc0a005a7	-5.00068998336792
9	v_heads	15	decode	b793e5b6245fe3d2650555f9a16fd644e024e108d2a7e4f22493424053c6159f	26.911439658242728	6	92	0xc09073ab	-4.514119625091553
9	v_heads	16	decode	ee0f28d792895c36c4b30bf438d56f0fb75a666ff4fd138893b0b9961a331ebf	28.489071569111434	6	7	0xc06ae84e	-3.67042875289917
9	v_heads	17	decode	b1cb6afbaac7d3cd73dd3e9c14e04fbf7ca401e61d47482eef281476fc1b18a1	23.382359093420295	6	92	0xc0903bf9	-4.507320880889893
10	k_rope	0	prefill	070bbd59d103edb76496decf64654bcddfac31c73f550b5814ddd60695925f1e	51.61745607445811	1	124	0xc1862954	-16.770179748535156
10	k_rope	1	prefill	14bbdb92b580212bff9248ba2c0f8ba6928b1d3cf75dd8cb33cd7f3ed36c24cc	153.7958385128956	1	49	0xc257b586	-53.927268981933594
10	k_rope	2	prefill	2f250838bf4231410eff673f2756b155de2b4836b2c949f3bdc99790033efd3c	151.43502918379468	4	49	0x424bac99	50.91855239868164
10	k_rope	3	prefill	42eea83923cc3d85da2692c49a7682064d76dd145c26e87f370053c837a88f95	145.2023879187918	4	49	0x424946c2	50.31909942626953
10	k_rope	4	prefill	1e3099de1406772170ab82d4d29733ebe485770b8ca0ea0c365fa064e2dff68a	147.98013751365573	2	49	0x424b660b	50.84965133666992
10	k_rope	5	prefill	235731e9afe282fb8428bb2f887ca14f28fc2cf3c57f7e42ab1099825eb5516f	137.74730750519961	6	49	0xc2317dd0	-44.37286376953125
10	k_rope	6	prefill	48ad02b881662fc08bdcd05aa8a7c38cfbd7badb7e17d16c18a3a26d5c85c943	133.6447031363476	0	49	0x423105c2	44.25562286376953
10	k_rope	7	prefill	cd830393f7fe57025fa622b6b1b96ea4107f3244b3981c1704ce8435c3acf4e9	145.1900124621659	0	49	0x423a0eaf	46.514339447021484
10	k_rope	8	prefill	691ab737006cd5567d6b59e9519d821a0a2919fb43595e530b44a154c7c84a19	144.07998142864525	0	49	0x42405b63	48.0892448425293
10	k_rope	9	prefill	1e227ff14f9ea9eebb520a1c03c79cd30767c7e79cf3b412863119aef446fb9b	135.22728148093236	6	49	0xc22d87fb	-43.38279342651367
10	k_rope	10	decode	fda3849619152ce46d102fa5a49e6ef0bc97bb504ef0983c20f8f687175a33d8	126.30832928061209	1	49	0xc24115c8	-48.271270751953125
10	k_rope	11	decode	fce9179694820f54b6ee8e012a7dfceb345e9af7eb0bf4af643e57fdf0256245	179.59335604161143	6	49	0xc27334e1	-60.801639556884766
10	k_rope	12	decode	dd0615eb769b4b3f0a49845e7007895eb41d74a926fb22fdc939713aef2b848e	165.87098390560007	2	49	0x425fbba3	55.9332389831543
10	k_rope	13	decode	670c5297a79bf9af38e3b8abfa0adc90adab4b98c8b6f64e01a80721ca3100e4	157.6928628435269	4	49	0x42674775	57.81978225708008
10	k_rope	14	decode	3177400555a5104a8306382e67c03249afda7bbed6421ac779e89c457ad8090f	154.10864231261024	4	49	0x42573ace	53.80742645263672
10	k_rope	15	decode	90823aa9b42aa7887eb5502c2253606c0c25ccb2757f5c98e44f1cac26e0c76e	148.77945804648223	1	49	0xc24124a1	-48.285770416259766
10	k_rope	16	decode	0e5d8ba5f2e56ac68e5ca6869c53d7ed2cbfe9d695cc8a585b44895168967bd7	133.83959663350336	2	49	0x4241090e	48.25884246826172
10	k_rope	17	decode	4074aa86fc156a78314082680a367f4f62316e79bb730fbcc3fdb8eff9343156	170.2138168573289	1	49	0xc272878d	-60.63237380981445
10	v_heads	0	prefill	d782857445148d29d40d5c0f755936fc8cf2fae740a2f63681286df8a032b6a9	5.348936107572304	1	22	0xbfce39c4	-1.611137866973877
10	v_heads	1	prefill	9e65f865c77930ea7dd87606b2b568d040f1ea413a6b968bd05273aca7e1f1f7	20.81730489354858	4	94	0xc05863e2	-3.381096363067627
10	v_heads	2	prefill	a91ff353ba03f39b2fbf81284754359a22f38a64ae48d778ae2cc37f77686c4d	26.901280357579008	7	70	0xc09ee77e	-4.965758323669434
10	v_heads	3	prefill	2c9c0a508445eab4538890cdcb2f440b7a8c24f8a1a5792188bb000893772ef9	26.808248677495392	7	70	0xc07d9475	-3.962186098098755
10	v_heads	4	prefill	dcaa53f6ccf49139ce1686adf33ccc1a9801b38b0aab620c8a4b1fdcd96fe47b	25.620220300018417	0	8	0xc041f2fc	-3.0304555892944336
10	v_heads	5	prefill	013720ccd774a167fdb78d26d6d576f3ba98d5d78670f7e3d62c3a5417fa6d0a	30.91557722303714	5	92	0x408b860f	4.360114574432373
10	v_heads	6	prefill	9936619c38aee365a26f9c5b3f914364ae190919cf8d7c0033ee437d9abe075f	28.397367953318934	3	62	0xc0644e12	-3.567265033721924
10	v_heads	7	prefill	35e0458f131d6d69efbc8cfca8b3866510fac2cd7dd15245789dba5acb4c6977	24.694500566353334	6	15	0xc0763f1b	-3.8476016521453857
10	v_heads	8	prefill	f833d8a8c6ace27efea82f408caa72fb957655a800c69f4a56fd0f59b67498c2	24.610890289226695	5	92	0x40863033	4.193383693695068
10	v_heads	9	prefill	4256eec115306db2f039a843255a343c56aede986a855a9cb8d8b785a61508e6	24.224279881494503	5	63	0xc09995dd	-4.799543857574463
10	v_heads	10	decode	3feb43bd03b0d792fbb23096e888f8f93e57763841a82758504759995a7b4759	26.083403265159212	7	41	0x40c464ce	6.13730525970459
10	v_heads	11	decode	20169b724ef62a10a82eb79938a2991a385ccfeb220a0f5f1c061ec73e8185c6	23.642420347476246	0	26	0xc03eb424	-2.9797449111938477
10	v_heads	12	decode	34606c05d7c8b8aeb7eeedc247f59e7b7c7abc8c99c834ba1a8e10e36255e8c6	24.423638566949446	1	94	0x407fc95e	3.9966654777526855
10	v_heads	13	decode	308e2b45cf67f2a1d9358ca3d33b29163849f4196341a1a70e3311b0800168ae	24.622707532377383	4	41	0xc08215de	-4.065169334411621
10	v_heads	14	decode	35a7aa1770b1581bf1569786077ec2f9b59fb3671f9b60c3438587eb0f0ab36b	23.19043951990845	6	30	0x4046be36	3.1053595542907715
10	v_heads	15	decode	ba8fb28769fbd37441e4a9bd94cd65ba70305dbf8f92b17c1b10ab83ce02cb04	27.32563580567213	6	30	0x408166f8	4.043819427490234
10	v_heads	16	decode	73eb3a1b756df0060573c7e56cdf4a51d70ed292de2801110843e766c4771760	35.0923644211353	7	41	0x410f90ca	8.972848892211914
10	v_heads	17	decode	c732e66706b076b0ff17e970cf84a8098a63d099cc0f009c575b46b77ad94b0b	22.507405235220688	6	15	0xc0599b41	-3.4001009464263916
11	k_rope	0	prefill	aded1d54fad12dab89cd44dcdc943b3892bcb747fe0f6d2d7cf8b59b70d0429a	100.01794888867452	1	126	0xc232a17d	-44.6577033996582
11	k_rope	1	prefill	01705a808a042ac9b2ad732ae1bff27066fa72325d48030e0d2b441f42a84eb9	81.03947623424445	1	126	0xc1a66cfe	-20.803218841552734
11	k_rope	2	prefill	7d6d587463133d2a6f7eb44f1ddea96ebdcdee1f5c9903a0c8b68b23e1fd3ff4	80.49129254540003	1	126	0xc1aee5ef	-21.862272262573242
11	k_rope	3	prefill	e6352fd9da7d08d32386b39df1046041ee6dedb9dd6220ac6ceff64ecac1ece8	81.02069262878783	1	126	0xc1932bb4	-18.396339416503906
11	k_rope	4	prefill	9ed58482e0ebdc9a2a4eb3a606fd83b4d755bf9dd15488bfbc2823e81e682113	79.92690014799784	1	126	0xc1a053e8	-20.040969848632812
11	k_rope	5	prefill	6971422155aaba420f95f2af18e9371e3236ab534003981a1e5ca492971bb52c	80.06147438515514	1	126	0xc1ceec35	-25.86533546447754
11	k_rope	6	prefill	2af5a9eecd8b7c448c8f2d813404dad51da9f2ef7dda1dd47572ea4f449520e0	80.20581249834308	1	126	0xc1c8f522	-25.119693756103516
11	k_rope	7	prefill	d93b2aa2ab2fd96ec70ffb348afb0fba0a9d6bd8e47d2510119262fc23f3a91f	78.28517648935106	1	126	0xc189829d	-17.18877601623535
11	k_rope	8	prefill	e15762de761c48411d177db0ab16ec8c6fdf2ebf39d8511699330284eb382eee	80.4336456899833	1	126	0xc1a0c221	-20.094789505004883
11	k_rope	9	prefill	e21a3c661ceba7a208393dfa7808f8759a242790217b146b0e7a92b91e94a71f	81.52995175077925	1	126	0xc1c462ab	-24.54817771911621
11	k_rope	10	decode	a438335f15d76abc5a71032145b444b8e245271133250471885758cb058ce095	76.35453977176768	1	126	0xc183d52a	-16.479084014892578
11	k_rope	11	decode	42843cbfc22f4949f06a4119389e317a70d87678cb3a9049e6d482ca9e0638de	80.01795601315261	1	126	0xc1971b99	-18.88847541809082
11	k_rope	12	decode	6a16c9d4bf09d0a91ba66d7efd1e70992a73495c1a230c38eaaaa87493006616	79.79251439330939	1	126	0xc189be95	-17.21805763244629
11	k_rope	13	decode	c401fc215f55116ac5632da841ee47b49440ada43422db291188572ffe2b53b3	78.91801175652448	1	62	0x41796a3a	15.588434219360352
11	k_rope	14	decode	2fb643264e7f577b1ec024eafb263f7c416199b4fdaf2cb2ce263818794e41b4	78.61495642313722	1	126	0xc19139fd	-18.1533145904541
11	k_rope	15	decode	4a3dcbf65e5f3abf0d803c03e6f81a06c777540c25e088afac5c7c6556718e33	80.05529061126838	1	126	0xc1ab837e	-21.439205169677734
11	k_rope	16	decode	b1963a4031b70cac96020da07740e23c225d02c0574469e8d0020ee6b8767bc6	77.84356388048496	1	126	0xc1a93a8f	-21.153593063354492
11	k_rope	17	decode	d668db608eeb3e31ffac161034108b9f1e33ed59fba2a5d3e1eadf2752e18f0d	79.70945931950288	1	126	0xc17d3c65	-15.827244758605957
11	v_heads	0	prefill	2d112ea9a5bb5db7d1b95b056ca63f456decbad772e9cf68e4bb02449c498408	4.634487824664879	6	84	0xbfb74aab	-1.4319661855697632
11	v_heads	1	prefill	dde70960f04a9996f1c1bc6ffea6a27c9e6993b22cb4796b5a13ff5d45aac41c	29.084837179144536	6	36	0xc0a9a18e	-5.300971031188965
11	v_heads	2	prefill	d138655e9c1bf39f30cdbb6d0f8793a5d1f24b51850c25ff758fb886b776fd4b	34.296689850843855	1	21	0xc0b9bf2c	-5.804586410522461
11	v_heads	3	prefill	231f7afe35dca24db76f6249ded588966a39a3e6055dbfae5ac4001487ffe49c	34.42597106356733	1	21	0xc0e30c49	-7.095249652862549
11	v_heads	4	prefill	d93fef20b12c40be19670d0320af4520ac7bcd33222d0db87f367b7f36b0a85f	35.13025788697815	1	21	0xc0d32892	-6.598702430725098
11	v_heads	5	prefill	202af78ac5d4680b0cf98abfc8105345c9261b919cb153988b2bef5bab3be745	37.119576112542305	6	58	0xc0a3ccec	-5.118764877319336
11	v_heads	6	prefill	0f8afb164cfaafeea7d967295839f56c78906f0a8325595589fe7d19bf4585ee	32.901359062980504	1	21	0xc09d2c7a	-4.911679267883301
11	v_heads	7	prefill	527157e28822850c69af33f72dfa048ecf07dab10a5f30d998a3a1027f6a6a48	33.869061361079694	1	21	0xc0ba4628	-5.821063995361328
11	v_heads	8	prefill	44b9c227e8ef8b1089295d4c11931a908b46dadc3693f392cd8b2a3d4c8ffa4b	34.27058707070287	1	21	0xc0cc3d28	-6.382465362548828
11	v_heads	9	prefill	766f1d2f9c3d5028459aa02a5bd8449b10881481bca49f2a6fc0e49367386613	25.376898087946934	7	48	0xc09d855d	-4.922529697418213
11	v_heads	10	decode	68428bb7b2bb19d7cd10ed938575f652a7256f87887ec5061def93ee0a03f471	45.29039612305255	5	36	0x4108bad9	8.54561710357666
11	v_heads	11	decode	6bbcbc0420f3f98c34c5bb0c62d0a6271d4dc2e53d4f2b4e8f61e8c9215426a1	31.635094502900085	6	36	0xc0da3f3e	-6.820219993591309
11	v_heads	12	decode	ac82b2dffccdf3b77332c87519c630f09a218d2bf7d7529ada0dd0e762a2fc7b	33.658541454417275	6	36	0xc0e5eee8	-7.185413360595703
11	v_heads	13	decode	f3a4fe4fc27948e83b53ff516229493ef4a36f7fcdeb968827960534d0d0b742	28.49720155715415	6	36	0xc0a93068	-5.287158966064453
11	v_heads	14	decode	1142e7b0340cf71eea232ce72adaa387c30d8a7d813160286d6d22016c960178	30.33255617667762	6	36	0xc0a9561f	-5.291762828826904
11	v_heads	15	decode	56a56fc6e529fd9aa91e5773db1233391fe97a0f82cbbebcecf99cd56782bdb7	33.03870460644085	1	21	0xc0a13ab1	-5.038414478302002
11	v_heads	16	decode	b6a7b7f5cf321fd5ab59308fa98254f0d4b5e4fd90e65ffc5928ef8c460b10ed	60.769631310819726	5	117	0xc133126e	-11.191999435424805
11	v_heads	17	decode	0a485c10397b3addcbbfba746ab296f674e29bbe674db54a4dae6d7325a720c4	33.53695422535513	1	21	0xc0c19400	-6.04931640625
12	k_rope	0	prefill	f41c9c55e1ab4a5c5a84e430edcb6fb70c5029e4940f76bc454d98bbfd7deb98	63.705857571453386	0	62	0x41ce8b34	25.817970275878906
12	k_rope	1	prefill	9e2dd8864a07acbe645fe44e78d405edb239ed3503c1f1ffaec966e160010542	125.88404600525665	7	49	0x42642b3e	57.04222869873047
12	k_rope	2	prefill	1971beb25602b834cb22b1f94a8254b980f82fdaa54531d5d11430a4d6447299	109.74121838742191	2	49	0x4223c875	40.94575881958008
12	k_rope	3	prefill	528d6313c67efe8f546ae1d3506be8c547ec027bec2846ffcf44991a6e95baba	118.46655786157037	2	49	0x42316ad4	44.35432434082031
12	k_rope	4	prefill	d8df5d7348bf6f4a01b18032740d4b8d0bc3f5c568f44e1526facb569b12d20a	125.251341299242	2	49	0x4244b973	49.18110275268555
12	k_rope	5	prefill	4c4c42109fcd6a19ab3f862088329814f955d2d7d092d7424c489be32610fba1	110.75151749144548	2	49	0x4244efec	49.23429870605469
12	k_rope	6	prefill	f6a7a84f50ebdc5da455c94f7e244004ea5e73e5b95bd2a632bdc9fecad27a56	112.22002900066165	2	49	0x423a07c4	46.50758361816406
12	k_rope	7	prefill	0df90c3d71946330c3376544bdf8dd48c5970bc2a3295cf7d17d67fcb470f308	107.6725277259061	2	49	0x4226b242	41.67407989501953
12	k_rope	8	prefill	32a6fc4ce819a420fea201fd07ea9069a2b8cf4006c30b95d0941a3e52835f10	107.87177346671056	2	49	0x422799f0	41.90032958984375
12	k_rope	9	prefill	15478472c5d7a7c922b35d421f4cc4447dfe3289e47ff6adba66f9fd80a4f53d	102.575445543372	0	49	0xc21b02d7	-38.75277328491211
12	k_rope	10	decode	35f88462e176d86b74d5626f2b81a14bdd6305bd3be0c50d946ec5217bf8c2b0	70.72713321497041	2	49	0x42418b9e	48.38634490966797
12	k_rope	11	decode	6d026ec5b810777ef1d09fcf7ae6b423c9f170a438e5b488c7555a7a87d7017b	124.03469097794004	7	49	0x424751db	49.82993698120117
12	k_rope	12	decode	1c874a6d3d759ebfb1a49812bf234fb7791836dc18dcd73846d641c32a20767c	115.59717809836945	4	49	0x4232f8a4	44.74281311035156
12	k_rope	13	decode	d8daf1212ec2d4a86b752b9da06d808b05a477a69d9d72c3f94e23b3c3bc1e74	123.9241367651983	4	49	0x423711de	45.76744842529297
12	k_rope	14	decode	723bfec479edf8d916983bf094e0aced1be07bf72a96ae51ae3a492498a35d73	116.29311092971555	0	49	0xc23b6aef	-46.854427337646484
12	k_rope	15	decode	d5c6c4d96141202c6c5d9aee6a556a1d2d905c4288064d2ce3796219ab3dce60	118.5916644299025	0	49	0xc23a85ad	-46.63054275512695
12	k_rope	16	decode	70c1e7460c250dc3bcc5e97c7036c4d4f59e7de8fadbc0ee2e5f09a374c774d0	75.12020027250611	2	49	0x4246af84	49.67140197753906
12	k_rope	17	decode	64b977da93bdec1b228fd2dcf7ef8fa5f22e74c698130dd79a7031e00d4f30be	123.27518336791238	2	49	0x4235bac1	45.432376861572266
12	v_heads	0	prefill	436d948faca0f6e7459b499ad30d5cd8bb3fd2d6f8d7b359cb8e30b6ce37a6e7	4.751359275694775	3	82	0xbfb14ae2	-1.3850977420806885
12	v_heads	1	prefill	f9a74f2a06c7f206c59bb332f71550502f26ca31ab1bda44fe6ea7f382c8c2ee	23.703228359269694	4	5	0x40601ac1	3.5016329288482666
12	v_heads	2	prefill	f7ec70e094a401920a9460e52b140ff612e2b7fe2726d84e33794d56076bfaff	30.74849974894188	0	17	0x4092e657	4.590617656707764
12	v_heads	3	prefill	fba58e84744f8043da2133200a05ed53178bef1a7089bf6e9c95de027e7151f3	32.58095958982888	3	3	0xc099ec39	-4.810085773468018
12	v_heads	4	prefill	5953999f29ba29f25344960301a8bf0a5a0d30332f7fd94084013ea9f2568816	29.10241571126534	3	112	0xc095434f	-4.664466381072998
12	v_heads	5	prefill	0563bab6ba158345bb9be061995fa929c7fdca94caa0202b2948a921339f7916	36.82242360354961	0	17	0x4097487c	4.727598190307617
12	v_heads	6	prefill	86fc9d46795d5a5f515cd9b22d3dee42c2efae92fc371e56e7e07b23aded639d	30.41927028804988	0	17	0x408764f4	4.231073379516602
12	v_heads	7	prefill	e93a308e345d735997990c4f51a8748f3c830ecc119ff95791bfff1f92fb5423	32.65215473343366	3	62	0xc0a8a414	-5.270029067993164
12	v_heads	8	prefill	e6f2e56a3cecf75d34513a45314aff1d3a7835c0ffa45cdd5952f7ff6053cc1e	30.015683796177168	0	17	0x40c53006	6.162112236022949
12	v_heads	9	prefill	25ff1f422d147f5f801b69ebd65d155eee9361f1515ffa0da9354ac86ed8b11e	26.18172003060083	3	126	0x4084266f	4.1296916007995605
12	v_heads	10	decode	6027780e9b2fab9cb1b964d4a0d9026bc7908a72a6693b466c42e1a41257858f	163.74320733341878	4	45	0x41dbc06c	27.468955993652344
12	v_heads	11	decode	51528b89d7985ba7a73c583abd7fbd8cdd9fe22ed58e2ee71fa871613b4cf30d	30.555558760208516	2	4	0x40643495	3.565709352493286
12	v_heads	12	decode	41515fdd249ac2fd074c39d1a0ed6cf06f6748af1d906705d5031a7a775cf48b	31.507810912200636	3	46	0xc09b1f1d	-4.847548007965088
12	v_heads	13	decode	a58a2ad309f540ae6d45d8099b74e854bf5f63eb911f713651e49ae5ef690095	29.133798109135455	2	99	0xc08eeaac	-4.466146469116211
12	v_heads	14	decode	9209677caa103b19ebf2f700ca1bb107f2243de6d8ba8d5e05fccd065ea51670	26.782612784159898	3	112	0xc0848958	-4.141765594482422
12	v_heads	15	decode	2df9937f3bb1dafa716b00369681dfaf7d60d63dba564d9881cc7172b52ca592	29.013323233446158	3	112	0xc091d7c2	-4.557587623596191
12	v_heads	16	decode	0efd2e69992a4552ed308676c3bb68fa82b5aba1acb4091066667953660276f6	192.43385880212838	4	45	0x42014f5e	32.32750701904297
12	v_heads	17	decode	1ac4d742587a7357dda84e646215cac18958ec11da199b6c719d5a87ca017b7b	32.353596473499536	2	67	0x40b5ee66	5.685351371765137
13	k_rope	0	prefill	25257f1473e6e2252ce8ba93252891c9a5b9327e4c6a0b42c3c375c6028f6e94	69.39389712014945	5	62	0x41bd311e	23.648983001708984
13	k_rope	1	prefill	f69147a8e10c7b2732d67dc2fb5b9c31fc1b0c7e3550733c088b90d55a94ab0d	62.17084070630413	3	121	0xc13ae439	-11.680718421936035
13	k_rope	2	prefill	dad028e051a51d41a92d0b0b3f3e73d61c282868488b32e7c86fcc55a42e33e7	60.139646682115746	3	121	0xc125402a	-10.328165054321289
13	k_rope	3	prefill	eb15e2b150eb91dfbc8988e2fcc5d14b710a196ab7662fdf55fd414a0d2f14d0	60.50940744321172	3	63	0x414c35d1	12.763138771057129
13	k_rope	4	prefill	7ce5623563247cb6f3c64847e8e906837ffcf728cb90d8ebdc7d57930e9a575c	60.623704977376484	3	125	0x41220685	10.126591682434082
13	k_rope	5	prefill	f8790fd28d4f73d50eea18519349971c96116f88b0aa22d5ee2151807730b62b	61.529329293572125	2	123	0x411c137f	9.754759788513184
13	k_rope	6	prefill	7fc7d6f27a1ffdc2cabd176fb50cd2d35795ff5367bf4f07fd44d55ffbb3aaa1	59.57222289390763	3	60	0x4117c5d3	9.485796928405762
13	k_rope	7	prefill	6fe81d7f1734cb01975015aa1b78fcd7d2da94f71836199bf1b065ddc89a10b1	61.72499750175911	3	60	0x4136c9f7	11.424307823181152
13	k_rope	8	prefill	5acd291d2980c5bbfe9ba808eec3ecc6eac2e344c9a0614544897a5bcc7f44e7	59.75416109764039	3	63	0x41223588	10.138069152832031
13	k_rope	9	prefill	0fc51d3eb0aa68efb646000f0a3a3c5c90963894fc4b28aece04180453c52594	60.9785180747797	3	121	0xc147f38e	-12.49696159362793
13	k_rope	10	decode	05639d4bddb470fda3018729c2794306b6bb6bd206d3259a18e79ce608af44b8	54.46095222646592	3	121	0xc151a317	-13.102316856384277
13	k_rope	11	decode	b7e8b4b4bec1b939debcad5c71f2558b9f9f2a31c8aa05caad29063b0fc0f285	60.16733152233718	3	121	0xc129294c	-10.572582244873047
13	k_rope	12	decode	e3688ac6fca44e2ba964261417b7e718d5ae2cb4515266872e000d3196f571c1	61.362121060073626	3	63	0x412ea92b	10.916300773620605
13	k_rope	13	decode	410b7146984fd2080b734350844a8f652747a790003d2c5aca18b3f2b21503bc	60.633368579410956	3	63	0x41327fb6	11.156179428100586
13	k_rope	14	decode	e830e0ccae3fc0e8922554ade3b1f9f3ad1dcbd02a8c04b8c54d3368b05fa0ba	60.860118937676496	3	121	0xc111ddc0	-9.11663818359375
13	k_rope	15	decode	03f23d525f537b3def54d1adec059838493bb7a462181d06920858bef06bdf69	61.73291728829	6	75	0xc130948a	-11.036264419555664
13	k_rope	16	decode	bceab7eacefc238c5d6304c070259cbfbf4d7ba4ab907aed66c66568ea72e9c1	54.46917433402691	0	37	0xc1567e6a	-13.405862808227539
13	k_rope	17	decode	40bf5a12b7a30fb0e91d9d86016775440da974373dc44e575bf078853e814d94	62.34720287405944	7	123	0x411225b5	9.13420581817627
13	v_heads	0	prefill	dfa5f3cb22bd6da41201de7720e5f160dc4571fbe7f8e63f1ffaa02fadcac451	5.82236524332757	4	10	0xbfd97829	-1.6989794969558716
13	v_heads	1	prefill	ed2c0e46742f0c43ced06713fff5db7cb49176c215951663036bc1b047f5563a	22.999048772646667	3	62	0xc0633cf5	-3.55059552192688
13	v_heads	2	prefill	fe37eba799c5badf982d2f479b6e151d16bda2c13d9e181015243fe1f98e6fde	34.50661520919477	3	76	0x4088250f	4.254523754119873
13	v_heads	3	prefill	c461d03dc71934dab2c5748ea6d30d1159598da51e78898bbe4b885d70338fec	36.17991864720669	3	124	0x40b2f19b	5.5919928550720215
13	v_heads	4	prefill	8df552181cc04fc4aa7153b772804298472ed0ee3faf94b449f31d0c0a58432a	31.683071181807804	3	124	0x40a882e6	5.265978813171387
13	v_heads	5	prefill	d2d78e83dffa1752963510456c920d46696792435d9bba715bfd0e5a1876b952	38.09603758291008	3	110	0xc0ad61c0	-5.418182373046875
13	v_heads	6	prefill	8421ff68bd90230f89812b4ad2bb43d1cb333eabe77c2cc6c5c209350e33c5ce	34.3901697187359	3	124	0x40873351	4.2250142097473145
13	v_heads	7	prefill	16202b62fbef3a8d4ed29002761f90fe4b09649a951bb93d438ee1faab956297	33.4401715429919	3	124	0x409e36a4	4.944169998168945
13	v_heads	8	prefill	f5e49db6e52b95a41141b77d3de6f1c191abf805a4826c6e15271db303e74b3b	30.918559609624488	3	124	0x40c1f371	6.060966968536377
13	v_heads	9	prefill	0d6d9dd2b6f9c82c257915cdd71cb6d79eb0096db9c9278e14a5ae52b70ff62b	27.08396728254244	3	124	0x40a9041f	5.281753063201904
13	v_heads	10	decode	8e40e48519444a3716497ab62768c143394bb09e7e5e798ac0d47072f4b41d33	164.38660693998364	2	42	0xc1c80895	-25.00419044494629
13	v_heads	11	decode	31fc19075666be5033f3eeffa4d458639760a9531512634a12dc9a5300e1dfc0	30.398376444859387	3	124	0x40871644	4.221467971801758
13	v_heads	12	decode	0b31e3df3af1174c99fc3675af5cab2feb89bd538e69e61648b405d38116085e	33.891931266079744	3	6	0x40950b3a	4.657620429992676
13	v_heads	13	decode	b928252da2fd13e57909b8f2e46db7b91f09f7875dc65f3a49718ea0d970000d	29.696324801290746	3	124	0x40ef823e	7.484648704528809
13	v_heads	14	decode	0ca2cbe42f9475c4ace39bbbd6b5f02b92a5d6fc8ec2789e4dfa8e76c39876be	30.65088860891822	3	124	0x40a3e6eb	5.121938228607178
13	v_heads	15	decode	376bfe1bc8b4df1694a1e6fd86d92948c22395ef9c07441d2cf0422ece3aaeb9	33.12058005772162	3	110	0xc0b72a00	-5.723876953125
13	v_heads	16	decode	c25f6659acd98303cf1bcac413b08ccfe73245e9b41726569b841e8d3fbb55d2	197.440372231882	2	42	0xc1e88659	-29.06559944152832
13	v_heads	17	decode	c802c0656fe6e6d5e80df25f8a6bc6f8da655c28a0aef4bd7c69978f51419a3d	32.53309703338737	3	110	0xc0bb6d5e	-5.857100486755371
14	k_rope	0	prefill	cd474bff4862f66304606bd1b9519b662f512b2694462acda4f5a343f2b110cf	65.20353930323442	7	127	0x41c68a49	24.817522048950195
14	k_rope	1	prefill	2d046cc612bee391b60dd6454651e0d41db5b3829e1b6130425e9afbe0a52131	87.60673452654966	1	46	0x41f8c246	31.094860076904297
14	k_rope	2	prefill	b7de2148bbcc2a7f7e01c150aeec291953f4ab501596e0ec89ac95e63d575b26	75.26831950228944	0	46	0x41bd16a1	23.636049270629883
14	k_rope	3	prefill	b5ad41b6d5d0090fa1c33e257665e3cb139197d8d8dfc74f6890a76fcb22097c	75.84938646347292	0	46	0x41d874db	27.057058334350586
14	k_rope	4	prefill	3d7bbf80b81c6f7a0f93eed6aebebd1da25608134eb960e2deb99e13f9ef7dac	84.18356482538333	1	46	0x41ea8fd8	29.320236206054688
14	k_rope	5	prefill	8f17f0e6d43ad6ff441f0d18291f9c6dcff0d16e867ef1583f8a1e66522ad639	81.61185224158359	1	46	0x41db0d82	27.381595611572266
14	k_rope	6	prefill	26e00c028b42418d13ece3ba030867e69d246a1069189c2024cab954e6a8a473	85.32334798780988	6	46	0xc1e49245	-28.571420669555664
14	k_rope	7	prefill	a4ca6e6ee5166953c2749c601a5c08257ec8a377be95382a24fda86c794c8411	82.07649783076775	0	46	0x41d7a9e1	26.957948684692383
14	k_rope	8	prefill	20b79e1c9e6a6d5e6f235b13cf89a7dbc29f5b49f63e0c0bcab84cf6d33a052f	79.64779907664872	0	46	0x41dd8ed2	27.69473648071289
14	k_rope	9	prefill	7a8dd9360e1709a74d7a81a2a06a67f231c3d39ac72dbc1b2ba081e56c153615	73.41036335733206	0	46	0x41a80088	21.000259399414062
14	k_rope	10	decode	4abb40cb1f46e7e9c433e31cd6413beeee82571b32a49a0e5922c5872aa7a8e6	51.72238900593996	7	63	0x41826e4e	16.30385971069336
14	k_rope	11	decode	ce63d51e259dedddbeeea3f2528e11b0cb7daf9347d8c96d6db082e0fa44ad1e	79.19450664238572	5	46	0x41c7d369	24.978227615356445
14	k_rope	12	decode	f1fb5afa3c9f04392059ccfda0b651c8bc15ea89e109cc2756d05662afe8af22	78.44617559328745	5	46	0x41c5bbff	24.716794967651367
14	k_rope	13	decode	c78f2775c4a6dbb38a8834c2907363ffd21f81a5b77c405feb6c1c9131649877	81.06614734047874	5	46	0x41dbad47	27.45960807800293
14	k_rope	14	decode	154523a1e54297a5323ec75ef85a0848edb80dfccdc2bf7223f8190697a8a02c	79.31468804618606	5	46	0x41b9298e	23.14529037475586
14	k_rope	15	decode	cc3bb61a49006783bcf18fa4d299abb43c3713662e35b4febaa33193162ed9b0	77.93410175459233	6	46	0xc1b54a81	-22.661378860473633
14	k_rope	16	decode	85bce4a2f09c081cee6d348064f8ef0703d27c1011c07ffcbe1f9bfd425ec135	51.03257661278462	7	63	0x418396c8	16.448623657226562
14	k_rope	17	decode	2de0d788a33e04b97b9794b72c5a0967d312cc23a1a4a1fc50aab8313d065bc2	82.88170566560817	5	46	0x41cd6f8b	25.67946434020996
14	v_heads	0	prefill	d98da3344129d7aa4414fb619a0cc8a0c50baab89251dce58fe8c8aeddad9f4e	5.5143840418599135	6	123	0x3fc38c60	1.5277214050292969
14	v_heads	1	prefill	9440e42f503095615ad87e55414ef38d4ded4a4bb5d206ce692de2a4b74c0eac	24.9609268612467	5	9	0x40a01c14	5.003427505493164
14	v_heads	2	prefill	9df6eba3130061972d0ee29ff0be69e80168a495f8ff63a0bc0702f617d49ff3	32.322579872233746	5	9	0x407bc3e7	3.9338319301605225
14	v_heads	3	prefill	30be19a88b0ddea37d2117e5cf1c4dc60001d977e0005c3e7bc900a8f92fddae	34.64077460766629	0	34	0x409c6a80	4.88800048828125
14	v_heads	4	prefill	c7e09260bd57ad3688e267d47c0fe6f2a35a96545ac37708a678211a3bf89ac6	31.931168536471304	2	9	0x406bbcd7	3.683400869369507
14	v_heads	5	prefill	380a3c2a930bb3f34abc8ac06463a30933c36cf11f6f4b97d99e979a2a1ca37d	37.85087949555017	0	34	0x407d239d	3.955298662185669
14	v_heads	6	prefill	8b508d58f1134ba91dc7e31a4e2d539044aba97a28cf5c6156974ca25d94074e	35.39197681459975	0	34	0x40614cc6	3.520310878753662
14	v_heads	7	prefill	e576ea21fb66e01ce3d4197d57660fe06b3165e88909543a2709fb0404e6e447	35.48756494021972	4	67	0x4096f09a	4.716870307922363
14	v_heads	8	prefill	08dca2018a9dd7b2f6b54afc15f8750048609546840742bd8630388ead90dd38	34.12082453940866	4	80	0xc0a25127	-5.07240629196167
14	v_heads	9	prefill	bad5a911bc11095eae11bbcfb4c8653875635745097f35b415b74a8ba6287987	26.48561760580647	5	9	0x40911004	4.533205032348633
14	v_heads	10	decode	3f340831fee577dcbd6ced60ea590a8278d1ebc500b902a1ff1fc1d0022b5bd7	165.90451448098977	0	118	0xc1ebf01f	-29.492246627807617
14	v_heads	11	decode	b5b64cfc48fbd04931b9d677dc45ac46dec7d53ecbc196bd8afb2a7a4fd4539f	32.560183328308476	7	76	0xc0bc60cc	-5.886816024780273
14	v_heads	12	decode	4dcdd045bafc0aac4fbdfc20a184ec3de5ccf87b6e359af2fe6a848bb80285e7	35.65533177899531	7	76	0xc0c44f15	-6.134653568267822
14	v_heads	13	decode	c48222342ccd41e49bc74b613d5210d979b3677437410af7e0166dd29dd915a0	27.817399216494344	7	76	0xc0a14eac	-5.040853500366211
14	v_heads	14	decode	2972d51bd623adf2bf0247dd11dc3f90397ce9fcf0b58d70f193761662af9f20	30.825705895634965	3	70	0x406ce9c0	3.7017669677734375
14	v_heads	15	decode	7a9919b882ffcc53bb99f3788ce7a90e2171f9f7dc5d6034680c24bb8766186c	31.734596205169606	3	70	0x40876fb1	4.232384204864502
14	v_heads	16	decode	9ddae868058e97cc45eb6cd99a3cc84c3955e3945820fee54afa1a4eb3ece8b2	201.07480252653443	0	118	0xc2100ff3	-36.01557540893555
14	v_heads	17	decode	98ee303408d276a1ed14ea5f969173838960b8cca26a15334dfddd97e0aaf58b	34.26438818560011	4	112	0x40b81744	5.752840042114258
15	k_rope	0	prefill	e029d0a425d5c440b4987474d023ae0e2924c547fffc889398adc903ddbe987f	56.04028792229429	3	124	0x41987d77	19.061262130737305
15	k_rope	1	prefill	0eb36bba803177eab1cebf1bae2acffae1580f66e53be85ce090f9067cadd56a	173.95487754710777	2	113	0xc278b227	-62.17397689819336
15	k_rope	2	prefill	64e9b3528a39b2323e143910f54fe8f720065061e2d362d12b73b9c6204d811b	166.80782845739543	7	113	0x427e441d	63.5665168762207
15	k_rope	3	prefill	86520a184e50df24fd36d0b5219bc74cdf732101647898cd9e8268ff39912ad4	168.49429488354062	2	113	0xc283dedc	-65.93527221679688
15	k_rope	4	prefill	e9e80b7f93e08f2b09262af04812bc5e1231eda0a4916566578cf82ab3389dcd	174.38048066621997	7	113	0x428b587f	69.67284393310547
15	k_rope	5	prefill	9da93cb2ffbef70cbb1083e3b3d0e00a6ed9c6eddd95116807466b2d6d2fc1ea	161.4090865462775	7	113	0x4272c16c	60.68888854980469
15	k_rope	6	prefill	5c17f2dbaf2520dcc4db34a7364f4102042d5474e42f834fb9149334f8f81018	170.50778904776627	7	113	0x4268b3dd	58.1756477355957
15	k_rope	7	prefill	4e88580bc3fdcd04e34d2a918d65331deb888a1111214e383a5abe69dafbabcb	176.23026906215668	7	113	0x426fd283	59.9555778503418
15	k_rope	8	prefill	82963e6272c0e485b64b91b249297c4270d28079dc954956ce2b3206f2a0455b	162.8608477339489	7	113	0x42826901	65.20508575439453
15	k_rope	9	prefill	b709bbb0b49770f5fd92294d3bdaefd2677a056113d5883df6020c947935c763	142.94776526011742	0	113	0xc243c75c	-48.94468688964844
15	k_rope	10	decode	8d6e57f5662e94f2b2343761e7361ce794d772c6420990cdc3f938a0969cdc2a	157.65739694889754	0	113	0xc25eba7c	-55.68211364746094
15	k_rope	11	decode	ae593a86bddd3f0ff543b7e5c4bc5e725344b626ec62cb1204ea358ac059375a	168.8882228541735	2	113	0xc26f12f4	-59.76850891113281
15	k_rope	12	decode	16d6631bca5dc2ca753beb7388f2faf73468f743b601eb6ffa84f4cb376d579a	176.57697578217395	2	113	0xc278f806	-62.242210388183594
15	k_rope	13	decode	d03860d2b63eeda78b114d8101ce36f72a23602d0edef227c6196fae244ee7d1	174.19477817980422	0	113	0xc27b69cf	-62.853328704833984
15	k_rope	14	decode	13d87f09fd35008bc79ca619b7c073fcf8ec02e5340737f0e548f6bc4e379874	171.65156543543546	0	113	0xc27370ea	-60.860267639160156
15	k_rope	15	decode	b97db3ba994fffa98978774b56b20cd52430bb1c7d3dcc2c74bedb4a05074d24	172.4165581709928	7	113	0x427a00f7	62.50094223022461
15	k_rope	16	decode	22d189ae2132d06149ee18a8ad9fe96ef13214a16fb5161e838641bbc24d1981	172.06709856256202	7	113	0x42744d85	61.07570266723633
15	k_rope	17	decode	252a879fa14d547943c56c411393f32e2daf9e076eda8d24646a030df40fe72f	185.74695272881968	7	113	0x4277df9e	61.96837615966797
15	v_heads	0	prefill	a90d96185605da547e9dfc0f53a223893bacb9627e594a08bb900e662bc676a7	6.61398000681777	5	103	0xbff8c96f	-1.9436472654342651
15	v_heads	1	prefill	4ad7e1b774fc41e4e1ea65c3451521095d511a073195f0aa2ed3b5b4715445cb	39.59322188968079	4	59	0x4122f7c2	10.185487747192383
15	v_heads	2	prefill	66bf09e2a55a4a2236091cb8ce570ace56c0c2531e69279e7fdc36d2e565b956	41.852234155224295	4	59	0x40c60875	6.18853235244751
15	v_heads	3	prefill	282ae3909c478b90a947debab7494ef7a447ac5fddf12bae8dc0cb8e40d4b8f4	44.58557628520836	2	58	0x40c1c2ed	6.055044651031494
15	v_heads	4	prefill	58b5cd07884d01539c7581ce3c1910c95c28afe5857928c25a5cb39ddcb3164a	42.37638806277749	1	123	0xc0cf4557	-6.477214336395264
15	v_heads	5	prefill	d542f93c99800c49c6ea439c2c085fb8bd1614dc57c4ee85fa5a6510472b5d32	52.16117990589899	3	116	0xc0bb8c4f	-5.860877513885498
15	v_heads	6	prefill	4b4119387a768c4f7b60a4a9fd50a400266407b535c3e4f4f17886d8755d4a35	43.947949056111504	3	77	0x4092b97c	4.585142135620117
15	v_heads	7	prefill	474d2942dc09e25e7e4053bb87e0e2bf8d588bf5483d8c246e70c95ed7284bdc	44.550219732744885	6	38	0x40bc4d0c	5.884405136108398
15	v_heads	8	prefill	70ba0f88e2cc770df5ef7d06aece812a1cd8962a71abf32b37622b8d05b276e8	43.71684265074202	4	27	0xc0e2bd19	-7.085583209991455
15	v_heads	9	prefill	f7a689a9da103ffc2d5f2a7b7272e79016f7886afce9705919cc5fe80d6b9a9a	36.19873573271408	4	59	0x4104ac10	8.292007446289062
15	v_heads	10	decode	005a46309f0ff9734eab70d444044ce0987efc096c184e7b70ec39104488dec0	33.665497177167296	4	59	0x40b38931	5.610496997833252
15	v_heads	11	decode	4d1d155862328c6c675076d4c76604da1386aa8430257121b3a7191b1d88d228	45.37390835748804	5	115	0xc0bd9c9b	-5.9253668785095215
15	v_heads	12	decode	37beafc67631aee5f720729768f351712565a5e12abe5c250ad7a49ae08fa8fa	43.9635923366942	1	57	0xc0baf4f7	-5.842402935028076
15	v_heads	13	decode	790b4a00ff879d62e36c32680b193ae0c6b72cf9d87c50a8c147c7f0d1c864b4	39.68540033835776	3	120	0xc0ad0fc0	-5.408172607421875
15	v_heads	14	decode	210cc7b5413231fbeea7456df7f0bb43ae743db1c6f8f0ba3b7b06cc367e4fd4	43.481975323627154	3	120	0xc102c087	-8.172003746032715
15	v_heads	15	decode	0ea37f4641fa9f78106834be75461f5c0996c7ac44c5624d2b2b09795a3b7d23	42.343155612874725	3	120	0xc0c35b56	-6.1048994064331055
15	v_heads	16	decode	791efefebf171a39cdb8e911f09d8fbccf131d385d230bda444b159e3ed7acc7	38.269824930707365	3	120	0xc0b6f0ce	-5.71689510345459
15	v_heads	17	decode	e59506f4f472c6635a632b46cf7c729b14de406c533228eabbc0398b26de4ef8	43.49050411834113	6	38	0x40bdf07a	5.935605049133301
16	k_rope	0	prefill	b4d9cddba634cd8d2e716b46d7d7f40de15d45c5b1aeb66df365f1bf15118db3	79.4211463615332	7	60	0xc21bf8fe	-38.99315643310547
16	k_rope	1	prefill	6683e1a2eee21caae6c15fc68573f464cc0a721ccad435fb9b68b01ed8c0178f	76.35360154224263	6	110	0x416ec3aa	14.922769546508789
16	k_rope	2	prefill	e6ea661ed222e3274593a14f4772da16cc0ef19eeee03efd5f0961086315c20b	77.71003930862723	7	123	0xc174a0a6	-15.289220809936523
16	k_rope	3	prefill	522440d63b0cbbfb737353f786cfcd8a974fb059bbcc7240fdfb9620283d9198	75.29958695793759	7	127	0xc18a865d	-17.31560707092285
16	k_rope	4	prefill	c8e4c191da7156ea932977e671d300db39b9e389aea75388c7e3442379e8ded9	77.17330631655074	5	110	0x41742989	15.260140419006348
16	k_rope	5	prefill	041db644f2826052d4d60bea93b22318ef34c0a3a03e0841bda8b0c786f8a83d	74.80056297869204	5	110	0x4184887c	16.56664276123047
16	k_rope	6	prefill	84af25159de2353e4b5f446ee71f61a7d7f3b0bbfffbfb9264cc99edebef8cfe	73.81400934938557	1	110	0xc17ee677	-15.931265830993652
16	k_rope	7	prefill	be74483fcf08305f65bd9d8983b42a7e50519a236998764ebf27213c55c3e415	76.79062284213026	7	62	0x416ca734	14.790821075439453
16	k_rope	8	prefill	f01d67ed525c2a37146e6f25b52860d449ad756b280154e637a32a0994825a08	76.7078648988213	1	110	0xc1879b3b	-16.950796127319336
16	k_rope	9	prefill	47e9d3a956d8289f90d24a8d886a6a20eefbf428133747e574be785896ea772d	72.71249608433149	2	110	0xc14e4241	-12.891175270080566
16	k_rope	10	decode	8ed2eeeaac75bdb9a7d0739143c509d0ee7d6a86bf470c4350584d0b94a7a866	73.20820157345848	0	110	0xc1489284	-12.535770416259766
16	k_rope	11	decode	d82b18a404100e78e1e9e2efb05b9899b5fd6769f08a729491665aa65fb3acfa	76.2735063532345	2	110	0xc16cadc1	-14.792420387268066
16	k_rope	12	decode	49e7400f5265f6e7d1b812312e78a0cfe7cbcb80bcc3ba29b594bc5a0e071e70	77.31234628881231	7	123	0xc16c4728	-14.767372131347656
16	k_rope	13	decode	02c43f14f990b536f59cee0933df91071ef59b61342bafcbffa041b368ba2349	77.61097132220091	2	110	0xc15ea505	-13.915287971496582
16	k_rope	14	decode	ce908961f5b0286d12b6915e5a72128ed5a242c1f0e16d1848708c1e54de6f65	78.37491117624364	2	110	0xc185c07a	-16.718982696533203
16	k_rope	15	decode	c9a29de2c6717dd123c79c5d193797bcab162095912dd869cf16a82ef57b7987	74.57164833759632	7	123	0xc15c615f	-13.773772239685059
16	k_rope	16	decode	afdca35205f10a5272d1827102cf549c0d40ccfeb21aacf70325d2757ae4f1bc	74.16969044307199	3	123	0x415c5c50	13.772537231445312
16	k_rope	17	decode	b7acea3eabe8dcdae9b0297c4e1f819cbb945ca4ec85a435f83b9991666c9d8d	77.65898871256653	7	62	0x416468c4	14.275577545166016
16	v_heads	0	prefill	281f1c68602350a70fb11cfc363d9ed9ed380572e0b7945801463f4afecf678b	8.555593809931116	0	114	0x400fd180	2.247161865234375
16	v_heads	1	prefill	641c049c1561dae29c44e0d81b5a5a682b4428ba6497ab0f271a3b169cc4c692	44.394032833269286	7	58	0xc0fafdcd	-7.843481540679932
16	v_heads	2	prefill	45266adbcb575bdabf20f4dd42319130eabfd58af3e013e1fcda1cb906d683a7	45.665603709670975	7	31	0x40df1dcb	6.972386837005615
16	v_heads	3	prefill	8168f30d55452ca8ef24d4ebb8daa50103359ea6a0cb028a222ff5c8132b8930	47.71119619308341	6	75	0x40dbc516	6.8678083419799805
16	v_heads	4	prefill	2ebddb26ff2552cbef0c0e90c5e32a93ce689dfc6d671da76acc53447fa14b04	45.36468704774762	3	36	0x40b558e8	5.667102813720703
16	v_heads	5	prefill	9d4a679d7a4cd17db24460c21db234b4c733da017ae5f5924cf9a16a8c2c8cd2	53.020782222676	1	66	0x40eb03c3	7.34420919418335
16	v_heads	6	prefill	9ee9ddd7c611d9663f64f807bc8a93ed0f2a8bfb97e9873a2cdd3a0c0eaeb364	49.302083113934856	1	64	0x40c5a583	6.176454067230225
16	v_heads	7	prefill	11305f42b43ca36c03f8e65fceddb0bd367f779dec51559b77c554d2c97cf706	46.04711562871628	1	65	0x40afe6cb	5.496922969818115
16	v_heads	8	prefill	bb5c1847d2a6a31907c19b7532edbbe000cfc37145514483ffc4b9fa13e733e5	45.741310283403436	6	66	0xc0fc2e88	-7.880680084228516
16	v_heads	9	prefill	d44b7f1f324a7e67e882c9e1485b930f6a142de103229a523569a22660a16899	42.70874997993586	0	39	0xc0d42162	-6.629075050354004
16	v_heads	10	decode	74620f0328a8ded7bbaf9d907cabed05bceccbb406e8e2cd88d5932dc0c2e998	37.46237925021031	7	58	0xc0f71b28	-7.722064971923828
16	v_heads	11	decode	ba3731a22c2962f1ac1ef476f774a8b3cd6fac22e19406b5317241ac0ded13fc	46.36237729936782	1	65	0x40ef79f7	7.483638286590576
16	v_heads	12	decode	186e5533ef81a0de1e6485324544a1b8798f5dd5d82e209614b53eaf765b4f70	48.46030708516658	7	31	0x41111895	9.068501472473145
16	v_heads	13	decode	6a7abb644e078fbf1355be5ce6472fc8287d4124f6458259a27c232c26b08dd2	44.4408237664357	7	31	0x411c617e	9.773801803588867
16	v_heads	14	decode	1269c199f4edf4ff86d4394e06b3b3b5413b80e62ad69cdf45603b531cef5116	45.394045023992334	7	31	0x40bee6d5	5.965677738189697
16	v_heads	15	decode	83386403d5cd87d7f5ae552d138e4539f125288785f2793bb38a427962ae026c	45.184699995253716	7	31	0x40be9f54	5.956949234008789
16	v_heads	16	decode	dbe50c2f7018882782ad952bdd0a3e429f51ae97f0b11653399480f77fcc95ad	44.7884660528523	6	22	0xc0c2d0d9	-6.08799409866333
16	v_heads	17	decode	5f447a7ec9c4ae8bd85987a09dd13a57a998fb2259fd060806c4abe2cbf08c6c	46.25491615830737	7	31	0x40bae0f9	5.839962482452393
17	k_rope	0	prefill	5c265cc1bd1a207789fd3a30b19b12a2f32adeaca58d30de803c0c7fb67d065c	65.98402803838404	3	120	0xc1cd18ef	-25.637174606323242
17	k_rope	1	prefill	db875e058ec41360a78d3fda994d70f23ad197dfbb3fdae4cdc8f71ebee53b05	99.28701142036014	0	113	0xc208e0a7	-34.21938705444336
17	k_rope	2	prefill	66fe5be1ef6847de8910be6c3b1c799aadd2609ef6b599106a9ee2e4c2d4fa17	100.0471640173995	3	113	0x42099b00	34.4013671875
17	k_rope	3	prefill	a1ab070b4e75ab137ca919f360d1937d85b41d27a08bfbde7a1a86dbfdbae56d	109.2336093105402	3	113	0x42154f1c	37.32725524902344
17	k_rope	4	prefill	e7e7fdec33111aa54385f5d7f55806dbf57b5231173c79727247903d3167d218	106.61075791478176	3	113	0x4215f6f7	37.49117660522461
17	k_rope	5	prefill	e52876fc23732d5c21b7fe7bc7241b6c683c54493909877890240bf5696aae80	98.58177570350122	3	113	0x42086eb6	34.108116149902344
17	k_rope	6	prefill	e15b9601257bab1880bb4b564047f0632cd8fb6115c28fddcbc4cfbb56923069	98.47211785115273	3	113	0x4206088a	33.508338928222656
17	k_rope	7	prefill	939e22c4aa5ade34f879d6b2b479f1531b6b29272e8844ea1983f09e2825a324	103.86719498202139	3	113	0x420b9bd3	34.90217208862305
17	k_rope	8	prefill	958fbfc32ccf73ff589d85f9b215462f6918975ff5f2ae80e503df32ea25d89f	97.67341212804257	0	113	0xc2021b0c	-32.52641296386719
17	k_rope	9	prefill	1e6147c7eaa3e9ea01d9ace0208b9e1f40a55cd58836f24531066cee6c6652b5	88.07050118256774	7	113	0x41e5ea62	28.739444732666016
17	k_rope	10	decode	195e0070a6c0dc2715a1dcf5edd85938bdc73f1b34edbd5d222cc157e501ef71	96.66329894535754	0	113	0xc21555d3	-37.33381271362305
17	k_rope	11	decode	c26608a858ac103039d945eca1b2c8851ac3040222f19f84d7d0fe8567b06437	106.8605684720125	0	113	0xc214a18c	-37.15776062011719
17	k_rope	12	decode	c0b654f5ea0cf053a0a866c25d68005b7993ac93455c19d77944f58c337e2ae6	109.68453494226922	7	113	0x4212815a	36.626319885253906
17	k_rope	13	decode	ec89153d80d4ca20555365f2f39bc0381d2242e8fcfdbf0a2a2cd1f05a950912	114.30158482588573	0	113	0xc22efbf5	-43.74605178833008
17	k_rope	14	decode	09fff81b8ee3092502b5e30bf4096ce30de9b8c4b59787861ae6bfdf8821264c	114.96090540696497	3	113	0x42242afa	41.041969299316406
17	k_rope	15	decode	fd69080250ca3dd92bf26f90c4c117786d9d556d896255cf367178da8cdd1aaf	104.43861915225018	3	113	0x421b0994	38.75935363769531
17	k_rope	16	decode	83081d60667222b4698fce355cfa16d0ece6feedc883a6aab62914ee3a3c834e	105.36771329476984	3	113	0x42237255	40.86165237426758
17	k_rope	17	decode	a0275689d222a5f5dedae754876d1c2b8188ed55b8b6b1014bbbc880209dc19b	117.27845342405898	3	113	0x42248ac4	41.13551330566406
17	v_heads	0	prefill	8461cb142b0413c157e63e85da2225ac18331b7fe2ada9f6f4970d6109305e65	13.33344684627685	7	102	0x40930fc0	4.595672607421875
17	v_heads	1	prefill	03f83a5ad34045786f839537266c92dc30217cd34584f21e6dfd5e450d7da106	59.32040260221243	2	41	0x41359458	11.348716735839844
17	v_heads	2	prefill	421f592f60a96efdb285c55461ae9673d4ce50c68982504940ae25d298fb19e9	67.55485151903187	1	91	0xc13a6ce5	-11.651585578918457
17	v_heads	3	prefill	b5e61fe6b0ef83708138e7f712ca8b592407362678ba2a628d806636d1f5a1a3	71.80748748484349	1	91	0xc13abe15	-11.671406745910645
17	v_heads	4	prefill	9741c4b3ef98df2b58fded0b94eb88ae1213812cf21ad866d9efc8a65b179d5c	71.98565808877362	1	78	0x414342c8	12.203804016113281
17	v_heads	5	prefill	e6a3ff88af16f9a425e6cac2ae6263d87302fe77e007dbe7b7c4eac143d7be66	79.28337867860463	6	2	0x412fb707	10.982184410095215
17	v_heads	6	prefill	63b537e4189b5a96381399c7ce6e8cf04a70c5e2f16b4358e7418d2241b3b3e1	77.13511740448348	2	41	0x41013307	8.074957847595215
17	v_heads	7	prefill	11c46d4b1ccf2c06c28c5b6d5534cfdcf848067e31b940e908d7d8ac6e769009	73.34236466996131	1	109	0x411eeb45	9.932438850402832
17	v_heads	8	prefill	d6a3a252c3ed10e4a228eb1ebc192a36411902d1d8fd0b79130597522826b735	71.15964061907027	1	91	0xc14fd3b7	-12.989188194274902
17	v_heads	9	prefill	a5b6cc132262b7da8196a4f4e46e919f2ec76dee8873baaf224b49d94dae20d2	67.09791595661443	2	41	0x412d8550	10.845046997070312
17	v_heads	10	decode	3b4271c628b1bae4f89898c3443526c53ddead16e706188d0f10152480be75c6	53.33399776684623	3	26	0x40d5d480	6.68218994140625
17	v_heads	11	decode	a8bcbb451176b810ed74db7943b97f7eef19fa3a41d90bc65c4868246eff656d	71.73485228625636	2	66	0x41283e07	10.515143394470215
17	v_heads	12	decode	4694c94ae460a5e0e777058c1e0cf15f2fef542446435c601d24e2086cfd8e58	72.38595368815147	1	91	0xc14ed64b	-12.92731761932373
17	v_heads	13	decode	299c308bbe51099a2f9311eec8dcf003e8dca1e987b6b893707d912978c851fa	66.19097933711782	1	66	0xc12c6b80	-10.7762451171875
17	v_heads	14	decode	fcfa730c6080f8803f1f0a919e86389072b6ed4fb39bf0af338ba80468151803	70.11212369212592	2	66	0x414d748c	12.840953826904297
17	v_heads	15	decode	417957b1a1d7ce2d8f14c1bc2b636a4a352ac3a87488b5c887ad458d133cd106	67.71730012769892	2	66	0x41391298	11.567039489746094
17	v_heads	16	decode	46da676be55e7592c09cfa93141d6af3a4db4570c915d2f9a89b27d48cdcf151	65.20199617123505	2	66	0x41528030	13.156295776367188
17	v_heads	17	decode	b9b100d1d3282e5fe0d1d7a807ba690abe9580b93fffffffe3a5244bc4485fa3	71.04452974450487	1	109	0x414032fb	12.012446403503418
18	k_rope	0	prefill	eaf3b480651c84f08d7dcbcf544e4a7c452c8e4b380a7f8293239741d8b7059b	79.07893872359864	2	126	0x41f43774	30.527076721191406
18	k_rope	1	prefill	c0c6e0713972ccde0288b7448855de4a9744a596e9841d73cacd94de0c9ebd5c	71.94750339337793	4	111	0x413bb219	11.73098087310791
18	k_rope	2	prefill	5c7997d2b7d2815c12f9aa2bcb8c301149bd6514809ece9cbe10f7ddd9ca5c7a	72.86473456475673	2	124	0x416ffc0d	14.999035835266113
18	k_rope	3	prefill	cad1b671dc3799e0e2e58799acc8f2d9d4b656e8c17744a84aaebab86ab52947	71.57513102954908	2	124	0x4146cef3	12.425524711608887
18	k_rope	4	prefill	a52148fd4b83ef3688f125aeb06fbafbf4f30c5f5b64d20fd643c197fa6473f5	74.22669536842805	1	124	0x4137d34b	11.48908519744873
18	k_rope	5	prefill	dfa26d400187e0a85e0fe103e2d69cb463e75f1e1f6a2ce470d29b057324a0c0	74.05076867917441	2	60	0xc15e3dd1	-13.890091896057129
18	k_rope	6	prefill	a5e70aac276f15fab11228229cd836ebc079daa93423a967d4cea701577fd38f	71.21633228792997	1	124	0x415f6efe	13.964597702026367
18	k_rope	7	prefill	d7ef26bbe0c94716250f8bbd3a03ece285d1e439c27be33118a5a330ec1b9d13	74.56770905368752	1	62	0xc13c72c0	-11.77801513671875
18	k_rope	8	prefill	a6fcb32738cafdc035b84ac59dc01cc8ac62e0884763c5b4d4abde055cf15606	72.39615504308638	2	62	0x414cb59b	12.794337272644043
18	k_rope	9	prefill	9f748cef2ebeee882fcf882cf1c18d3a93f3cf5aa3683ff89c9006a8ca3dd991	71.69154672171965	1	124	0x4160fc39	14.061577796936035
18	k_rope	10	decode	ce3f743dcd10fb27f0d7f8528432028c01cd392e90dcf23edb2bbb5b6e500dc5	72.39209481198691	1	124	0x41846923	16.55133628845215
18	k_rope	11	decode	b090b0887b64ecebc348b72c9b4b04d69692310c2cf1f6b87a9f436011994eb8	75.28767658663205	5	111	0x414f708f	12.964980125427246
18	k_rope	12	decode	1c830f0c940a2680693df06eaf5acaf0e4ded985cb500ba0106c4ae3a3a743d3	75.06035633242844	0	111	0x4148be61	12.546479225158691
18	k_rope	13	decode	4125b353523ff6367da49a5d54e4af76f1974a7c3434178f04ae825c68810a35	73.67115139701227	3	111	0x4156d4fc	13.426998138427734
18	k_rope	14	decode	e5e76c1a4d904fff685068e6f8ed2cea87320cadb888d496a84f993deeb95236	75.75905863731244	5	111	0x41693f68	14.577980041503906
18	k_rope	15	decode	8ddc6ef9ab23b55e3e85ae4b8df0ee621253cc301d847b3d1d4a832db3f4af52	74.27541390867955	1	124	0x4153a841	13.228577613830566
18	k_rope	16	decode	b416978287abfdaf1ccf09faa404bbcf3c35b95832db3addf95799dceb46020a	73.49041889485802	0	111	0x4167d9cd	14.490674018859863
18	k_rope	17	decode	59350e8f6b6ad1e1f458805f56f2122ad0cabece5eefe42a3f3196e9a20922e2	76.07910527262891	0	111	0x417d72a4	15.84048843383789
18	v_heads	0	prefill	d3211225269fc77bfcefa06dbc10cfc1a492c37a98078bdc032fa5aa5a92d620	10.927582363180944	1	62	0x40561698	3.3451290130615234
18	v_heads	1	prefill	b80a73a95b7fa40b97af236f65a8185ed7a9e2dcd40252dd5817cf118b54d0a8	69.13411513664653	5	91	0x413a882f	11.658247947692871
18	v_heads	2	prefill	76b620b77eb519dccace2cd355be6a52b225a5dd5c46d2d49b7a85b6b9d47784	70.77059317952225	5	91	0x4127af8c	10.480358123779297
18	v_heads	3	prefill	120cc5b574c0afa247651469dd29a151d6b8b4a81f4481664d0e3708785a20bf	72.31572634362591	3	107	0x41326c95	11.151509284973145
18	v_heads	4	prefill	6c40de25ad00b37ebd0d460e9e7cc143befb0c498b67249db795221060fbed42	74.80018034218631	5	91	0x413e03fa	11.875970840454102
18	v_heads	5	prefill	ac3116c073a367e75572955de786dd25702616edf0f15480ce438c84cfe6d882	80.18103282820574	1	23	0xc1131aeb	-9.194071769714355
18	v_heads	6	prefill	cc4db95a226e6627aae08f0fcea018864eeb5550c9f328d94d7bc1e3ec9d269f	82.90068987937116	1	6	0xc1571706	-13.443120956420898
18	v_heads	7	prefill	7c4261385733d512d5be6eb4db23534043e92fe7cb06d3f589e0588c8fa646cd	75.97780618994146	1	6	0xc16ad391	-14.676651954650879
18	v_heads	8	prefill	7d0664a9d5f8132c1091a65c58aab20bb80c0018d2acbaa741e5ee535fa20c1d	68.49673705945104	3	83	0x415a87de	13.658170700073242
18	v_heads	9	prefill	4803a774b41a273fa62b02a2fb9b6885c789df14261b56191fe7adfc84b54f64	64.89271457921062	5	91	0x415d7976	13.842153549194336
18	v_heads	10	decode	51550bb0b1f54837367d4182cd676e0cb7baa3afe9ede39a5acbef9b3f13b2e7	69.4380765625729	4	100	0x41375db7	11.460379600524902
18	v_heads	11	decode	beae09d7dafb69d630519195a71decac085c834908f9fadaa65948ad68f5746b	76.55569409122991	2	34	0x4141d8cc	12.115428924560547
18	v_heads	12	decode	bd6187ffd59f6dabefcb5efee1bb93bd26afd4c368aa189174457680dca007fc	72.68532529813716	2	34	0x412c0ee1	10.753632545471191
18	v_heads	13	decode	ec0f4d0f9e95ad0d7c6e7d01ec449e08b5fceb5916b3970279d630dce916b012	68.9546930130698	2	34	0x4122b140	10.16827392578125
18	v_heads	14	decode	90fdcfaaca9df2b2d396d84696f4079bf02f6c20391e42f93187c8ab83268f57	74.41300158568511	2	34	0x4133af76	11.230337142944336
18	v_heads	15	decode	823e73b753387a9dee56e92f04048cf711a5dd25924b6028669e001df8bad389	71.67543453930709	3	83	0x4111fa14	9.123554229736328
18	v_heads	16	decode	24b864a7080eadbd7c5e12ed0d6ea64c7bc16c4f578d11b600141446ae33b587	68.24077565294213	3	83	0x4128f721	10.560334205627441
18	v_heads	17	decode	f3c4dcbd745b837d20205478245e24f4879c2022e8fd55c408cef3bf946cedc2	72.08879188940946	3	83	0x41242000	10.2578125
19	k_rope	0	prefill	6a0dfa9767b0252dbed267af3ee70162fa3e14bd72a6699fa46f47c2e854b194	77.67829604685792	2	127	0x41fa3441	31.275514602661133
19	k_rope	1	prefill	439e175f5dce9b15abdd5c11def00168d99f4f080aa95b4b79195064b0c94b6a	77.08686617924803	1	47	0x41bce034	23.609474182128906
19	k_rope	2	prefill	51475ce51e8459757ba504dea386403e8245eb972234f7883de9ba66e1738c1e	76.09306648254974	1	47	0x41ac3924	21.52790069580078
19	k_rope	3	prefill	bcd3e03986ceaebb9569bbabcf8dcc5ea9af62844ae603b698384ee2e8474807	77.16541405312609	1	47	0x41b63749	22.776994705200195
19	k_rope	4	prefill	85f8c1b533ef7197f9378fc79a8608156b2c6d49bfd829ae2440eca98d64c556	75.24518772830666	2	47	0x41853f4c	16.655906677246094
19	k_rope	5	prefill	d1966fd43446fd9f2aca65f073bf7268cec1bf06992da27f8420089077d4613e	77.93269578525988	2	47	0x41a02d34	20.022071838378906
19	k_rope	6	prefill	4a4a3a0424da8fe7eeabe9f9e27378684c0f2b34160f7beaf8c7e9516c53ffd5	78.22733610730103	1	47	0x41b5c170	22.719451904296875
19	k_rope	7	prefill	95f4558aad665309edc42fa5d9159a2570e76bca6def43986816abe99a7cf055	79.01976835530746	1	47	0x41a947ba	21.160022735595703
19	k_rope	8	prefill	b20fbed967729bf26caf0ac1d1c0ca956b4f7d325e176d927c85a0fe5280a133	78.06019862008702	1	47	0x41adefe0	21.74212646484375
19	k_rope	9	prefill	087ab5c13e72ed65fc280b1977e2569137a9ca8ec49a0565862df6212f150629	74.00686208599	1	47	0x41a6b079	20.83616828918457
19	k_rope	10	decode	69645709b7011de23016b7fd92d7e2e3a413b46091d1e2770d55712975f8fd36	76.4820605513421	1	47	0x41b12ee1	22.147890090942383
19	k_rope	11	decode	cd8df894e4258c33a5fb9ee02c11ca9e72641ab1f9ec20ba7823a77025e3890f	80.60554350037042	2	47	0x41b1a5ba	22.205921173095703
19	k_rope	12	decode	581cca572600d6e0981d8e9ca524c41dcad176bb84e089a133888f1c6b28cbf8	79.72033458566963	1	47	0x41b2dbb1	22.357271194458008
19	k_rope	13	decode	b00eb322f0e8e849abe20853d68cddd43ad701af521782d93cdfc842935ec30c	80.67100403361866	1	47	0x41baa29b	23.329397201538086
19	k_rope	14	decode	0df184fdc8d7845f9470eaa60d502aad8d325c0122eed92b3d2f7c56ef3b1448	78.85853257618844	2	47	0x4197ec08	18.990249633789062
19	k_rope	15	decode	e6242b65d15784f4e753abcfc11bc81ba819e4bff00a4e7b8c5a599410a776b4	78.60779692543242	2	47	0x41a797a3	20.94904136657715
19	k_rope	16	decode	2ea7022bbdfac208f0eace1e3c34c0fe65c837bb73acb85302f10cb3efcc1752	76.75392608836646	2	47	0x41a03258	20.024581909179688
19	k_rope	17	decode	40f87f13a89d4d85f460ad073f9ae78c5bb2700fe9e819eb9594e1ffadf2f53b	82.27175148338483	2	47	0x41bc9c4c	23.576316833496094
19	v_heads	0	prefill	85d74bbb52708878b85508589c77440d98cc149a2c43ff20fe9947bb8120d0d5	11.55334069266907	3	126	0x4062c5ea	3.5433297157287598
19	v_heads	1	prefill	5e003c924f271f3feec67cd9e969d32bb727d8c6a0ca3b60852dc8731f910058	104.12533466019416	7	98	0xc15628fe	-13.385007858276367
19	v_heads	2	prefill	e17cc652ce6444ca7e8362663b8b6a6b6ee2583bb3a34f642603d866c3e3ee83	98.6177711613748	2	24	0xc140651d	-12.024685859680176
19	v_heads	3	prefill	cf72ea4e0770f4668d121cf200930209fcf02a2950e6871f1b47ebafb7c42998	98.64399033240204	6	71	0xc1682848	-14.509834289550781
19	v_heads	4	prefill	9fd05123fa5b92960810b6c5989f53e56bdc35f458499abc2210c455e4cab2c1	101.36704667994512	2	99	0x41538759	13.22054386138916
19	v_heads	5	prefill	e25cc0dc0185111f3f040ae2a6037f2cf7718c1bb98bd09bbcdabb0e4cfa7579	105.63871509454296	3	79	0xc1306b54	-11.026203155517578
19	v_heads	6	prefill	48b923c3649d5198a8f2c2fa6895c0e8eac343752a7195dd4e014503d37c34a1	99.91500574641657	3	60	0xc1334c92	-11.206193923950195
19	v_heads	7	prefill	4b7850f1ad95a4c7708ac8ebedee0cb1581709b47b9a01c7bf026b4e8c5e2494	100.9213258870202	4	80	0xc17a7d8d	-15.655652046203613
19	v_heads	8	prefill	5fb964885ba11ee7e5b9f79c303db4298b941a7b2a86e1e991cda763d49c4e39	90.16299026448766	6	71	0xc1464c4c	-12.393627166748047
19	v_heads	9	prefill	367bde3b9b44becb748823da0161b1b5f9ee37e3379426becd7c7876969a362d	72.27191632592894	5	34	0x413995b6	11.599050521850586
19	v_heads	10	decode	f03e950d59d88a3c33211f3367d4738f612d8061f20ec26c58fd7e4468c33d89	89.14948518123374	7	80	0x4143dc9c	12.24135971069336
19	v_heads	11	decode	0cdde206585bb069d1d77ec3fa1cf813b84d0f347a0cf679dc6fd2a4564770f3	107.50377329341597	7	127	0xc183eb0a	-16.489765167236328
19	v_heads	12	decode	e9b06516340817b84509815ff12518b34a7233bc1ad56e656e559a2735b0622d	100.09742515438408	6	46	0x413591c2	11.348085403442383
19	v_heads	13	decode	dfb3e018fa075abec71530a0a2665fa320e7af0f5f14371fc39e4b5f839b25e3	92.56587790220236	7	104	0xc142f348	-12.184394836425781
19	v_heads	14	decode	6d08dd927946b64b93235710a4809cdff06c7d97f28d371b32af61588ed6e4ef	101.07371430015344	7	80	0x414b067c	12.689083099365234
19	v_heads	15	decode	b91f4fdfd6a21761cab25a3963185ca91ac9aa7cac62e121942f5b1aa2abeec5	95.28547367410759	3	79	0xc143d86e	-12.240339279174805
19	v_heads	16	decode	2a0a814a6d4138e0b5b664b3b4f4bf7f459f8d4dcb687da3cc482b689f812b2e	86.45667952536473	3	60	0xc1622d6f	-14.136092185974121
19	v_heads	17	decode	03864542b3dac8a9bc06efa30b950db5f12f593998106e61e4fa2908b2c3b3c6	98.42661860822619	7	83	0x41593be1	13.577118873596191
20	k_rope	0	prefill	a76017cd0a641f81e02f66780ab76ea1c666361c31fcde291bec4a1f26d5f853	73.53519618931573	1	126	0xc1d2816e	-26.31319808959961
20	k_rope	1	prefill	6a149d0b85f00d53c2af1886f1d2da0139b2455d5cdcdfd3ee938f2480cd2877	76.525855624014	6	48	0x419d9265	19.696481704711914
20	k_rope	2	prefill	f0f1f227a110b8a116210602a54bd378766c42442cc0fda1069308680937edd7	75.2612792254304	7	48	0x41a861ff	21.047849655151367
20	k_rope	3	prefill	3273fee1c1d83bac6bf1ef49e2610b777e8626f82c79ef438c4aef38089f5131	75.68979068389947	7	48	0x418979fd	17.1845645904541
20	k_rope	4	prefill	048f85a6a252f1815afdfc74fb9243d88b4ec6407b95162053362ab0cdb69392	77.26216948200414	4	48	0x4197a3ec	18.955039978027344
20	k_rope	5	prefill	732d6af35d536ec35d08c6472fff4b709e44fec10602192d2cc70f3d0688f6c0	75.33839775372809	7	48	0x41988293	19.063756942749023
20	k_rope	6	prefill	8333466c1bd32f1cfceac9465c1f01c6d2ba8faa9c022c82f0c4695b5aae22df	78.05609630760358	1	48	0x41bb58b2	23.41830825805664
20	k_rope	7	prefill	1e302b0f22d029349c8d2434def56fa688c85eee14695b758c86aeebfd219256	75.48993764079415	4	48	0x419a4e12	19.28812026977539
20	k_rope	8	prefill	65b7a3366214e5982028db33a5a84130228410b5232565ab4658d501f91f6169	76.76166719573716	4	48	0x41a045eb	20.03413963317871
20	k_rope	9	prefill	a40ed899d787f0ee70d74dad6464b9cc78533fddf32d57c02bd681e729ec5a37	72.94482537829839	1	48	0x4199df23	19.23395347595215
20	k_rope	10	decode	ab7c4d8aa35ed00a64db8b37c61d68e4ed7109b2e1b66207e07b2b50bcacbc18	78.67306178556959	4	48	0x41b00f0d	22.007349014282227
20	k_rope	11	decode	4c89eeceecdb79d47accfde981efafb77de026e5bd50743bff423af615e798df	82.74772456827299	4	48	0x41c13b74	24.154029846191406
20	k_rope	12	decode	4e6e398cfc5d8f7fd1adb89cdf5e3b021226a25129716b7ccead6aac5c0c986d	80.0513589088978	7	48	0x41a50ee1	20.632265090942383
20	k_rope	13	decode	ec4beae196e833888914434f60ca52992c11eb8fa96e91819c377e64604281e5	83.53127665588964	4	48	0x41c63237	24.774518966674805
20	k_rope	14	decode	b9b1eab184c7f69982e5d3a3723f0d1cd167381cbfde38b979141e6934d3dec4	83.49573965713974	4	48	0x41c4435d	24.53289222717285
20	k_rope	15	decode	6f65891e0bb13195f74c3491c20066f072e41743800c84a02749e9cdf9c9d4da	81.67420566647067	1	48	0x41b5f36c	22.743858337402344
20	k_rope	16	decode	729bc6a7878036338595f72bcf9c34f5020bff4ddd14cbd80a78e9c606022df8	81.15033318299383	1	48	0x41ca76d8	25.308029174804688
20	k_rope	17	decode	7be343ca5e33488a72a5e9d2f8d8a45c4f86808aadb28ed1e2acc12e48f2621c	82.35661008740956	4	48	0x41c37570	24.432342529296875
20	v_heads	0	prefill	df50e011152ea2fa7644c7dff08a6e1bccc3ca64cb71785a92838b0c39223a70	11.902883861504016	3	72	0xc08a804b	-4.328160762786865
20	v_heads	1	prefill	9297defd84c4233ee78db78e41966c61fb3021c5e4c78464273f31e8a8cadc90	133.50444708156246	4	56	0xc19fdc54	-19.982582092285156
20	v_heads	2	prefill	67d7595b2e992e96e2d4ad92086e04ba37041bf1e346386a726bd23deef6d96e	129.96713900824662	1	37	0xc18f07fa	-17.878894805908203
20	v_heads	3	prefill	7577736d171b26a64a21b7bd053abe6907f512963c73e5fd4bb3f2a5187951d5	119.82531785477644	1	37	0xc17784e5	-15.469944953918457
20	v_heads	4	prefill	46f22b4f918fbeef663c7f8a64a955f70f9c5928ad5eb816fcfd7455a9158d6b	119.05873218217666	5	56	0x416c4656	14.767171859741211
20	v_heads	5	prefill	df034eb2623d7491cc5d5aeda5e4f0ff8e7d1659abacad3b9e50d59514915ac7	123.77227505238045	1	60	0x417542a2	15.328767776489258
20	v_heads	6	prefill	22c15478edd6619cafa15e3b7abccbe18c1b7ecbb231b56b1f261f85ed7cdc42	102.46491265614854	1	85	0x4168888d	14.533337593078613
20	v_heads	7	prefill	2e2c4108113b238dc26f8c8ca3bc70c8ec9f8643be39e81b97e9fab5ff2bc526	115.02017872581	1	92	0xc16c31af	-14.762129783630371
20	v_heads	8	prefill	3b922916cbd2726824f42cae1103b7c44a965a021be9bcb84006cd8d353bfb5d	107.39885759250842	4	56	0xc1ae10dd	-21.75823402404785
20	v_heads	9	prefill	7c4b0726cb317411ddd529888077d28ce050616874d34b8d96dcbf068ed1a8ba	80.14043969184834	4	56	0xc1702cd6	-15.010946273803711
20	v_heads	10	decode	65d6376d1f00bfded7bd95cdd902a34db33d976d3fef4744b8e942b2ab5e4c1b	84.34481723861384	5	106	0x4158082e	13.501996994018555
20	v_heads	11	decode	16345067d22b04298a22b63483cfc11070250b47ea7fb0146629fea486288037	106.32557600729055	4	56	0xc195779e	-18.683406829833984
20	v_heads	12	decode	fd83d1cbb873cc20b88ae4c590068d4b5edc494cb9b78ee29bf2912e741f79ae	119.16432675874002	1	0	0xc16813b3	-14.504809379577637
20	v_heads	13	decode	c191fb21c473e697b158ca916ca96136f87959564238bca27b83be8526974fb3	92.47960091996379	4	56	0xc1a00b67	-20.00556755065918
20	v_heads	14	decode	bbfdbeed2fb9655473233ea7220d700ad70feec70bb8e0abfed6b758d1261bf3	107.62067186329128	4	56	0xc18f98c6	-17.949596405029297
20	v_heads	15	decode	ae90752e70a7d89bea8bff0260fe0d4e1ae9b86b08c88fe9502fdbfaac11cc43	102.21372331065584	1	7	0xc13ee3b9	-11.930596351623535
20	v_heads	16	decode	c43a5680e24a2f8454d304ec384feb9cb8a1238a74de53b005df880dec32d283	82.39893718804171	0	86	0x415b9438	13.723686218261719
20	v_heads	17	decode	a906fe3f1f946a57234e2bc0ecb632877d7b4423ecc5f0bf7ad88522dfbb1293	104.53328052632375	4	56	0xc13ec4e3	-11.923068046569824
21	k_rope	0	prefill	67b85c4eba036b6b465d4f71f69b653ee8ae3243d5f0b406040b079d318d62df	82.64367267802747	4	127	0xc1ee5cee	-29.79537582397461
21	k_rope	1	prefill	3718fd239edb1b481bbba6e5477d31cbf2334bcddbdfb6c8b99244812a7347a4	84.98386473578793	3	114	0xc20814c5	-34.02028274536133
21	k_rope	2	prefill	6f736a4055518e899eb684f8db35a5277fadebd1cf2c0706c802bbc56d37d2e1	77.46363612510372	3	114	0xc1d494e1	-26.572694778442383
21	k_rope	3	prefill	039314ad4b28e637ba42ba3b3b4238d760199f98e2b4f14e26530d6a59c2aac6	78.15714416858268	3	114	0xc1d07883	-26.0588436126709
21	k_rope	4	prefill	3af3e41ec7208d535ac34e8ce2166fd68939368617865259f58a7110dc046916	76.1019696860125	3	114	0xc1ec5344	-29.54065704345703
21	k_rope	5	prefill	8e27bd5598bf31ac727d59040b997f8f7ea37c68c0f091142a0429e654a5150d	75.72287244288015	3	114	0xc1ed0ac6	-29.630260467529297
21	k_rope	6	prefill	9a4f5fa76a402286268ece23bbb78303a47d6be8b185644b09c0f3440d42d3ff	77.90747587432702	3	114	0xc1f73e28	-30.905349731445312
21	k_rope	7	prefill	803cf48330b1d56d52e4dd267599e92716b8fa75a8beab28a95a1f4156312aff	77.25986480038401	3	114	0xc1c6df4e	-24.85903549194336
21	k_rope	8	prefill	d5f2878deeb4f92b93bb65141dc3e1f729a8d8075ff418b9cce3f24f79f69f92	79.92097299041869	3	114	0xc1e473b9	-28.55650520324707
21	k_rope	9	prefill	8f5dc36412f974c573f85236fe1ab5edabfdcdd3fc248a21294bf480ed5088ac	74.14995061275492	3	114	0xc1c2f8dd	-24.37151527404785
21	k_rope	10	decode	0ce04cc8fdb05e6e21da66d89a64422a500e009538d305c9ca3739578560c419	80.45227076729672	3	114	0xc1ea7591	-29.307405471801758
21	k_rope	11	decode	9ef238f21fc0fac8fdd60d7a0033a1802eb2a99eff3f678e9a98d5e25fb7e1f6	89.62152328301262	3	114	0xc20fd807	-35.96096420288086
21	k_rope	12	decode	8988d46a7735a9f2a4f7b75603d9812fb817f978a9001fc3713acffae24bc90e	84.07902834959397	3	114	0xc1f3fba9	-30.497880935668945
21	k_rope	13	decode	884cce5af182aaf71b056742ffa80a8dad609401a7db1689ad24d788d3fd2570	93.7809409763211	3	114	0xc2121430	-36.51971435546875
21	k_rope	14	decode	e9d6ba091bb2f79df2afc5fc9c1785a4ea7be91603aead35c873354a5269c555	85.98387470463896	3	114	0xc20ba215	-34.90828323364258
21	k_rope	15	decode	90431cbec66a68374fb916e49f2db283e5283291a7f5d7b6d816f69605e44711	85.88560636283182	3	114	0xc2118e48	-36.388946533203125
21	k_rope	16	decode	44b0fe2bddc953171f0a045b2ce12a9a892e14a18d327e27a72ff53bf86a4b5f	84.05913360296906	3	114	0xc2107d81	-36.122562408447266
21	k_rope	17	decode	f42ecd3928feb131d60a207fb510463edfe1f6623b84e9a35b035fa50432ab63	84.67496469679341	3	114	0xc1f2973e	-30.323848724365234
21	v_heads	0	prefill	0840fb5e51c32a2676e56e0dff7154ea6effb237e9e8441efd9c2b3583618889	10.824415592233368	5	116	0x4048d177	3.137784719467163
21	v_heads	1	prefill	59a4c1ac58a8180a52014b209a5cca469d42450628c7b091daaef6053d0a0199	195.83538226234378	4	47	0xc1cb006b	-25.37520408630371
21	v_heads	2	prefill	e4db930e3ca5a91a1f3bdb3038ab865214096c42d852b9eed9a1681fc92233c3	195.76627817952203	0	70	0xc204a1fd	-33.1581916809082
21	v_heads	3	prefill	795693522949e14a98c1ca94ffec82b22904d5533cf1a01ba96da4eeb6fb9356	186.47452448386466	0	70	0xc214d714	-37.21003723144531
21	v_heads	4	prefill	381426758efc075a0161c5b2a2e6d83616a29cc8169c29555c853965e402165d	185.7660091612586	3	51	0xc1d227be	-26.269405364990234
21	v_heads	5	prefill	f47be2868af89c64ff1533d074a7fc996697c2c7e0558b48fefaf1476999d7d3	188.45314081977784	0	113	0x41bfab59	23.95866584777832
21	v_heads	6	prefill	b8b93836b6071cd4c832a941e185267ddfafbcf5a22663346a0ea00b0b37d728	139.52648385120784	4	32	0x418e82a8	17.813796997070312
21	v_heads	7	prefill	4392e876caa0d5fc7216f7fb3d4a0cd5b7159886cfaf0928a4a95917682fa0b4	182.25005245464735	4	57	0x41ca3a7f	25.278562545776367
21	v_heads	8	prefill	f8c7f72496b1913be9cece904719efc0ae71cd86b13c710e83dfd699751157bf	150.04135727718057	0	70	0xc1d3fda5	-26.498849868774414
21	v_heads	9	prefill	10d483075ef096e558824a065342d991361d8daa4ee696d5c7cafe14ebdce7d7	98.76719160962558	4	32	0x419d07e6	19.628856658935547
21	v_heads	10	decode	5109385fe2957fd790e5a22c60bfbc829e0fd76a0d1f5b0c1ceed19a84eed5d1	100.96746036201068	4	32	0x41944450	18.533355712890625
21	v_heads	11	decode	30249445556acdd1de386225384833402107016c0bdd3826cc307ffbb6a947a9	159.33034903714346	4	57	0x41d49f8e	26.57790756225586
21	v_heads	12	decode	043b36949e2fdcfcedf108353ff1020344e4e4fcad7d48650ec9090e3db3a5b3	167.58065302914954	4	57	0x41fb3990	31.403106689453125
21	v_heads	13	decode	4608f1adbc95b098eb7271f68922a8ccf61fd2a079a90750af6b6b34b9637300	143.11949161941848	0	70	0xc1f3e386	-30.486095428466797
21	v_heads	14	decode	f5d985de64844630aa87797e02defd46e5147bff326a64b6dd649ad7bc6d2580	159.93560090836561	4	57	0x41bda65a	23.706226348876953
21	v_heads	15	decode	900221a3d50d4ca40ba3602b4008e628ab5379acf567d92709189729123f1e58	141.99189985282746	0	70	0xc173c6ee	-15.236066818237305
21	v_heads	16	decode	f195418121d8babacd4a16c3406dbd0de18ac5802ca8c32e5c4fabd74cd083ca	99.39761833108871	0	0	0xc170cb5c	-15.04964828491211
21	v_heads	17	decode	b3a169b0bb832aa33bc0413b6aa6bb11dca85ddc5daa4f879377b9fc9b2102b8	160.33495676143716	4	57	0x41e67708	28.808120727539062
22	k_rope	0	prefill	a45778ae176d34f48e99f9dc2f840d555fffed552d9b5895ccb47272f8e3a0a6	68.60850353515964	4	126	0xc1ae9905	-21.824716567993164
22	k_rope	1	prefill	3a40643e2bbbc37031e1ab6c30fb208fc3eb5cd09273862e382e62495484fbfd	64.67576397823633	5	41	0x413ad896	11.677877426147461
22	k_rope	2	prefill	4ebc2f9d24cc683eddd70d3980859b9a123d9de187f98ed6d7a069563714360e	68.03309524604711	5	54	0x4169824a	14.594308853149414
22	k_rope	3	prefill	ab0d8b4cd23cf0b96ce56275d78662945e2099b5da7d53a106a060d9d8c5e4be	65.83975347417297	6	126	0x418af672	17.37033462524414
22	k_rope	4	prefill	10285a4156a9096300a860ca6da2e2f87bca8dc258216b13c2261e1d1d6a7355	66.58842646672178	5	54	0x416941b6	14.578542709350586
22	k_rope	5	prefill	c8701d6baf8aedeea5359cdbe060c17fa6cfd61c199e646ea2aef5470c398e1f	66.3959488054908	7	54	0x4157d0c6	13.488470077514648
22	k_rope	6	prefill	9641ffcb64bb4490463d5cd66ff410edb15c1fc4da2eb3017c6bf3b543bef7bb	67.19624021320988	5	54	0x41611749	14.068184852600098
22	k_rope	7	prefill	01abbd4a20eb37acda6acf0a7f93192cc6a9382048799e1c79e3a31915fad0ba	67.17030108536275	5	54	0x415d9f4a	13.851388931274414
22	k_rope	8	prefill	6b6ba1d6b4bbd64121a39d1bfc73c8172e06f4b84ec29d285bfb7b255c971d32	63.96656707237872	6	126	0x41697365	14.590672492980957
22	k_rope	9	prefill	5fc69062095fb71f5876e94dd0ce542309b709a8696afadaf4dd9f5c510b060f	62.7164299319122	1	126	0x41420d2d	12.128216743469238
22	k_rope	10	decode	1eccb97cf4521becec507fc0e48a09c15d441e72939dd596251d4afb6a40e3c8	66.99500709447469	4	54	0xc153a08e	-13.22669792175293
22	k_rope	11	decode	ba71eb81fea722c632585576a7424a3b8fa2cf422e4b726a46f7090cc44e1444	68.21660021949492	7	54	0x417cd0c3	15.8009672164917
22	k_rope	12	decode	af83cc45faac882b1161211db5f01e66e808f4d9a5476a55354369b867dd9fc6	69.08219313961663	5	54	0x4176ebbd	15.4325532913208
22	k_rope	13	decode	5a551e863074207066df4d9b36fe3e8e90c97ec9dddf19588a6d734a91834e3e	70.7660732524478	6	126	0x416c8f71	14.785019874572754
22	k_rope	14	decode	191aff9523836f9e392c39c8b06265ebae84fffaf62c1d5edc60be7aebfa29ad	68.13582252224923	5	54	0x41688bfc	14.534175872802734
22	k_rope	15	decode	b7479c9fa7e4baaef8dbc11317c1a130e4000afed6bd62b4f2fc889ac9fb4608	70.04047768409687	7	54	0x41769a60	15.412689208984375
22	k_rope	16	decode	c9ce39e81d23e3f9c26cae5024ac83c23c0a90c6fab3006d22e5399ab87009e9	68.95356491320125	6	54	0xc157a13a	-13.476861953735352
22	k_rope	17	decode	38da727b909e6d7bc7815ddd7d967d4618d4330863b955bc02c57cb0eaae2ecd	68.91954931118232	7	54	0x416a561a	14.646020889282227
22	v_heads	0	prefill	461b7b895e3ede8dd62b2d5bf381f716fa91e712c4102aa7099e848ee9716243	12.572777482710535	7	112	0x4085044a	4.156773567199707
22	v_heads	1	prefill	0cf4aff4a8d56a6445e1af7dc761267938cbeebb66822781b1b180cc05ce7d28	219.1802284868742	6	5	0x41c67381	24.806398391723633
22	v_heads	2	prefill	1a8757f6429d402140acf47351d2eefcebe26d98ae9754221e4187a4026def28	222.6208139223374	6	48	0xc1d30697	-26.378217697143555
22	v_heads	3	prefill	71e32b9e6e4bf1168c3208b4240d16212fbb47f878aeb8c6533f80501a3bc07d	205.68350431884159	6	111	0x41ac05b2	21.50278091430664
22	v_heads	4	prefill	b821c2674a27f9e81e92ea9634bb28cb04e1cb5182490733715b9ee35cada55c	210.41029285487366	2	48	0xc1d7d2b1	-26.977876663208008
22	v_heads	5	prefill	31e757b93eb86f6f164345875451557efe42d26c15f940c78e1966851449d2b1	210.61801262042724	4	55	0xc1ce8629	-25.815507888793945
22	v_heads	6	prefill	edae1f381dbeabb492716a29f161bcdc3615d794f95bbd311146531cb005ce8a	176.81569408048776	7	122	0xc19770c5	-18.930063247680664
22	v_heads	7	prefill	c4ad8d1714657da627015df90e106f0759214dcee00764e5699567992a0f6b02	209.56544605207807	0	102	0x41c50baf	24.630704879760742
22	v_heads	8	prefill	5b29b106e04e20a69c929cfe7cdf3f8eef5f4cef505809055f076fd723b19f3f	154.9857823932682	4	88	0xc18f7ead	-17.936853408813477
22	v_heads	9	prefill	f8babd39d769adcc5bd536ac9768120d76d400f446b55ee3fc16e92dba17e67c	111.19698799835771	5	9	0x41919dd1	18.202058792114258
22	v_heads	10	decode	7915bdbcc5d11bb9dbd0f7fe418c09421cd6baeb7c47a9a8a89db19a8a487449	110.53955818501647	5	9	0x419d7f88	19.687271118164062
22	v_heads	11	decode	ee0b571c916f1e898cbbdd404e875c724e74d5d0d97c198c3428838a7c0c92be	155.96447853802448	6	5	0x41a13973	20.153051376342773
22	v_heads	12	decode	cef31605d9437bcda65f82c266d956c58913f45a5e6b7fd74b24771f494bda86	173.93052768128004	6	48	0xc19364b0	-18.424163818359375
22	v_heads	13	decode	865052973bee6da3846f9a57434453c642073ec00004a8d3b549553fd59fb560	147.49503663208702	6	111	0x418fdf72	17.98410415649414
22	v_heads	14	decode	924d274f5f3687ce89c9e1d804c99e0f877c5ae518712963a025c0ee6fd6627e	175.5138779289777	2	48	0xc1bb93c2	-23.447147369384766
22	v_heads	15	decode	02af29784884f635a2ca0a22e7ee8b2877df7e21a83dc3c291d9826285742884	157.7788160349568	0	51	0xc186a240	-16.8292236328125
22	v_heads	16	decode	5251fc564025ccef9e039afcc6fd33712828ffa47e9a198b65d39e099ba72277	112.56709904044031	7	7	0x4177f0d4	15.496295928955078
22	v_heads	17	decode	895573e58e05f716c189aa6cb2ccd0fede880178e117bba6aff7587d8e74c399	166.91814325640436	0	102	0x41b57724	22.68317413330078
23	k_rope	0	prefill	59a8c2edf5072a27a3a5427dad006282ecce36acff6e9975b512c8f5ea84a2e1	84.77985325820339	0	125	0xc1d8503c	-27.03917694091797
23	k_rope	1	prefill	3f1511cdbb58c49337202ca62d0e7a1acf0bf8a482b606f96ab9ace4736d8cbf	87.13259185654687	7	60	0xc18ee399	-17.86113166809082
23	k_rope	2	prefill	93f365fd7192050a7bda8ccaea2bda4567984afa767f4bad654b8c41131d72e1	83.73883442345598	3	48	0xc1a7e8b7	-20.988630294799805
23	k_rope	3	prefill	5955dc237e9eba6b8d6dcb72d0dc6698b1def3d3c48f964fa5f1afcef1822bf7	86.92966688288993	3	58	0x418fdae1	17.981874465942383
23	k_rope	4	prefill	9d0428f2380ebf6135383305c1a9113d7918b616d32362da17a6a68116468b28	88.50181350253519	4	48	0xc1a11888	-20.136978149414062
23	k_rope	5	prefill	b60ad757a501f8dc792852e06aafdee70f6775928ff7e7f11591d7ffd797243e	86.73202414356508	3	48	0xc189e3e9	-17.236284255981445
23	k_rope	6	prefill	dbe31ec9de7c9c69eb242c1493f8d8502f23b3f6d317c37fb8c7e82158ca9140	85.40557264939292	2	48	0xc1932891	-18.394807815551758
23	k_rope	7	prefill	0c2afffbb75692bae9a522e7228b0288ea2e76e0a5804e38d900c9bb1bff5d28	85.86330420434592	3	122	0x419151ce	18.16494369506836
23	k_rope	8	prefill	8c9ba65c1ef80da544f7955ab5296f3066d1268e2b1f37eb1994ea4d7f8a499c	85.38535732688732	5	48	0x419a9bdf	19.326108932495117
23	k_rope	9	prefill	ec350de13245c5c3e0b1373e59e0cb69124e78950552e0108bc314a949c931b0	89.42818394905767	7	48	0xc19f9aa3	-19.95050621032715
23	k_rope	10	decode	495bbf0284106cf95adbd09c84b9358f1d5c8e6299040d8a85739f8c71529111	88.7005253758751	7	60	0xc1900042	-18.000125885009766
23	k_rope	11	decode	9a762b19edebef11fb257ad11c7e25d39fe941a67e2f5cfef0c43127890e565a	90.00734161864435	3	48	0xc1a62a21	-20.770570755004883
23	k_rope	12	decode	225953d8b4b111bcef49ac39233bd1575280826d5ee49058b0886a20c5e1a9e1	86.93831294741022	3	48	0xc1bd65e3	-23.67474937438965
23	k_rope	13	decode	ac5ae96aaccd99b1dc64a7fb809d196d8b8a384efbb1c9e12b45e978fedd5631	92.61199193785369	3	48	0xc1ac214a	-21.516254425048828
23	k_rope	14	decode	18694504554807b86b1e94ac864a476ec2576b67a55ea230426cbeffe4f69a6e	89.36142575871675	7	48	0xc1ac545a	-21.541187286376953
23	k_rope	15	decode	3416fe12c1eb48dac8bce57adf0616c8d52a0ff53f30dd4c62f2aadd2c305b34	92.58747776127726	3	48	0xc1b1672a	-22.175373077392578
23	k_rope	16	decode	ca2e8b7217558ee97fa07b898f4c5ba294be979c5f69c08f719de039375314a2	90.89148252740495	3	48	0xc1af35aa	-21.901203155517578
23	k_rope	17	decode	de01c49763f7021e81749233ac5054eb4bb1e7e456b3df5b06d1133048aaeaf6	88.79257979080998	4	48	0xc1a3d4fb	-20.478994369506836
23	v_heads	0	prefill	8e8e874383f01c33539437f4aa9af959efd9f62aef584092e684515d8c24244e	12.510768122155204	0	92	0x406999fa	3.6500229835510254
23	v_heads	1	prefill	7bdd6e3aa77061690a24b5d69e12a11034fe27bdf83d68071c4c1bd8dca663fb	221.7266610750276	5	94	0x41f213d8	30.259689331054688
23	v_heads	2	prefill	d533c061e6f5f9ba71cef8fcacd5b9bcdf46dc829777ba59e58c6007277c1426	246.2549408142815	5	25	0xc21d27d7	-39.28890609741211
23	v_heads	3	prefill	518e163a552f774da2a9be99a59b30bc8b5e80d4f4c68ac5a44e8af2fd8e5eb9	217.95338894643157	5	20	0x421ade2e	38.71697235107422
23	v_heads	4	prefill	f58519404d2bdf8ff4cffb7ad3d4a95a24da49a968d3dd916943f00c82d856af	222.73588433617084	5	69	0x41d2cc8b	26.34987449645996
23	v_heads	5	prefill	9939d6cb2f72dfa054b0d8c2122cb1057f838c09925ff7ae2011ce89cdc5e117	229.07408683268048	5	103	0x41f53c6e	30.65450668334961
23	v_heads	6	prefill	fdcae2264f2733f2b4afcf3d30142039f77e461b4c154b8d83d4d35eff2a050f	191.87652335145464	1	120	0x41a01a1a	20.012744903564453
23	v_heads	7	prefill	aa9b206e8baeef67b48471150a04cc65419b78759623a3a0c04ba5a9bf62c67b	218.66257427970643	5	85	0xc1bf4cea	-23.912555694580078
23	v_heads	8	prefill	5a3e7405fb3e981a6f29914a9c702d1d434894b03bde60b2fa705080aa48a234	167.35995025012593	1	16	0xc1ecaf7e	-29.585689544677734
23	v_heads	9	prefill	3b1577d43f62cb00407871298b776499f73a5e4705884d3f0cc3ccda4a6679a5	111.32100965581772	1	16	0xc203c9a4	-32.94691467285156
23	v_heads	10	decode	17eeb43f8276451d0cbda006b555c0de66a67d3a0a02a0ab6e112ca27b3f6564	114.66956939615487	1	59	0xc19ce72e	-19.61288070678711
23	v_heads	11	decode	7f7216de977bb0802adb5dda3a31b51f4ecc15ab8c2099bfc1d46a25493caa0a	154.94708999092555	7	121	0x41a0e8b6	20.113628387451172
23	v_heads	12	decode	e42427d4a5fd7dcdfa46de35491859f52619e6e0d6c3591df0b4cde3af72e226	182.60651461464852	5	25	0xc1caeea7	-25.36652946472168
23	v_heads	13	decode	86777d8cdcc0b610abce09bff999b1b4971d809be92fed73f9fa459562916e8a	152.12986138500423	5	20	0x41b0816b	22.06319236755371
23	v_heads	14	decode	4b7feddd2ef21576664901f96f2aee4ac18f3c07348a37107f5a16846777419c	182.44001694238705	1	16	0xc1b71d73	-22.889379501342773
23	v_heads	15	decode	e07381cdaa43ce57f8133ab400e3da46b0587ded653ae4c0fe439b49d13c628e	164.26913652605052	1	16	0xc1a923c1	-21.142457962036133
23	v_heads	16	decode	a827a2ac035d8f2563b032948647db1b94566a1d791dd50c6eb64c89cc1dc33d	121.88209820936318	1	120	0x41a06a07	20.05177116394043
23	v_heads	17	decode	52aa3571e634b5b1a591b2a077c3d095cecb21ce2795bf9ff69897ddc3b4df5b	165.47986644566166	5	85	0xc1ae199a	-21.762500762939453
24	k_rope	0	prefill	b2958c11f4c788d4663898dcb66d71b44dea4c9b61137a43166b70ae2197296c	148.32450376157928	2	125	0xc2324bf1	-44.574161529541016
24	k_rope	1	prefill	6f5d457812400e87cbc9651ba893914709602f0e63e44d76abb9c96d50fabb1e	116.8119752821383	6	125	0x421df5d0	39.49005126953125
24	k_rope	2	prefill	ee3c8f672a4718de0ae91010b85db4985223e610c9bb0b682d6c504a3507ab6d	106.52564894968636	3	61	0x4201f61e	32.49034881591797
24	k_rope	3	prefill	b7360b21e27ac9436260216e4f4a4f1f9b03122505b4104bb0ba7c8fa3d6dfc4	113.35696819454041	3	61	0x420392d9	32.89340591430664
24	k_rope	4	prefill	4979ec51aab5c8f77b95ae38c74b5edcfbdd4cb47cc569b68e9f2bf7312d14f2	108.57382188782842	3	61	0x41e61a29	28.762773513793945
24	k_rope	5	prefill	e175839a5bd139f8963e2015e55397a261a441adc170eb44d4eae16550ef6b74	104.37000633968282	5	125	0x41a29ad2	20.32559585571289
24	k_rope	6	prefill	dd7829a1306ba324d0f19a1a371b932b1110a4c4446df0eda8c490da7cb6a453	105.98812730501506	3	61	0x41be24c0	23.7679443359375
24	k_rope	7	prefill	380620237381c963ccaf2dcc8f0c7e86b3b9aa7c60190cef2facfad651bd2404	106.63591886536257	3	61	0x4203a69c	32.91270446777344
24	k_rope	8	prefill	689779093a9251a807d923f229382aa786313e0c3df9ae8a217648cf42d425c4	104.39937849714369	3	125	0x41c38135	24.43808937072754
24	k_rope	9	prefill	fb7a588dc851a2bc05269044afd11abe6ebfdc52bf582e2cd77ec10e65837ecd	101.07398379708364	6	125	0x41b29f7c	22.32787322998047
24	k_rope	10	decode	381b5df8a0ac504fa7e6388f9f7bbe7b5183ad974806091b8c378303f17edd93	108.82838490144299	6	125	0x41dbf8ee	27.49654769897461
24	k_rope	11	decode	9099971aa4e9d4ccfc58df549b3bc46d1df25898302ff57b903d3592d6b8d63a	118.58941036145931	6	125	0x42184ddb	38.07603073120117
24	k_rope	12	decode	bb7cfc921c491dd9b50a1869a874c2a68c539e6613cd8d4306beb7454f99e272	111.32523961727881	3	61	0x42019e8f	32.404842376708984
24	k_rope	13	decode	c1b03bf9cfe7d7e3757f5c9b51cf9a060cca2e7d7a81e07e45607d8a3d074026	116.91334778142686	2	60	0x420ad624	34.70912170410156
24	k_rope	14	decode	3824dcd29ff530401998b8ed71a2878899b65f0713c326625c00c6788a645d96	108.85594877623774	3	61	0x41edd901	29.730958938598633
24	k_rope	15	decode	ae9dc6812df11ce24db54b0593138d156e404bcae4325e915fa07ec0ec6f8010	104.78798585026917	6	124	0x4198676f	19.050504684448242
24	k_rope	16	decode	52dab1a97c55682784cb0f8d4b178f79ed8d0675325348913475b22dee3aa876	103.16175209857973	7	112	0xc1a2614a	-20.297504425048828
24	k_rope	17	decode	288693a9b479211e425477e38e4d7183620a614c7408580b4caf83eb9aae3707	106.69715628501585	3	61	0x41fde809	31.738298416137695
24	v_heads	0	prefill	7a0fc83f0c354e1bed1b6c1af5a83e96db8c0a6d561171e3c8e9877352c3806a	13.477141646953845	2	53	0xc0bf45e1	-5.977280139923096
24	v_heads	1	prefill	46f602ccf9db1349f2b6fd348cf4b8b01564c276684f6a29d645bb4da18e9b61	291.1215657304533	3	62	0x421de784	39.47608947753906
24	v_heads	2	prefill	6a7823c4ebe424c7bda983f12630b95d78b0702ebd1d14ab078d4728aeb3284b	318.56028356209663	2	21	0x42156d4c	37.35673522949219
24	v_heads	3	prefill	46e9488cb024b00c1e09ecc62dba9a43ccd7f9a9caf096cc9f41d8d6a9f3f23d	292.1667235559646	2	15	0xc20aa5a5	-34.66176223754883
24	v_heads	4	prefill	a263e51ea2b3c58600be954128607908154bd98c5c59b8c178d66504282ad867	292.8979112246603	2	81	0x421f9cac	39.90299987792969
24	v_heads	5	prefill	dada4391198dc8e7af2053c6b7920fc0f2e0083ffd9530d54efe3a5a97777d38	289.37520578607257	5	56	0x4214c5b7	37.19308090209961
24	v_heads	6	prefill	dce94630b71d9aa5c7b2b3247450495fff6b91179004d00b6f4013fd069ee6de	234.5670303172134	1	30	0xc1e792c5	-28.946664810180664
24	v_heads	7	prefill	9ce12994621ae17bb7111702a76a8acaaff59b077a978ea45c5a8809641a6fb7	283.1058858499301	5	51	0x4203dc40	32.965087890625
24	v_heads	8	prefill	ec299097a5f7e17e2bb81375e9406f5c09b599e27dad74e7f1d3e2adaeb3a7bc	217.19873326570558	1	30	0xc20e4c76	-35.574668884277344
24	v_heads	9	prefill	00c0b993beb657d1b058c358453c96d6706f5e415f30779f80bc8726f842a433	147.65668489267372	1	30	0xc2014f04	-32.32716369628906
24	v_heads	10	decode	d8a83d9ddd3e732cd350c80030b4a3cf4560292fdac15b8cf4e9da6cd0ec2436	144.1005861053953	2	74	0xc1a1fd92	-20.24881362915039
24	v_heads	11	decode	fd269433a977776ffa9bfbdf4377000d198adce9ed5f369a46a351f196dc767a	203.16151761822303	3	62	0x4202936b	32.64396286010742
24	v_heads	12	decode	6f6e2f2d487bcddd499db58781682e0c2e6720afff626c691af3c327cbf97e46	234.47189106686398	2	95	0xc1e61e52	-28.76480484008789
24	v_heads	13	decode	d8ab4cf2ce9dde585e24e45076632602b96575426e30f3fe5987319c8b56ea91	196.51863460411755	1	30	0xc1fd2930	-31.645111083984375
24	v_heads	14	decode	02aa7f16bd85a10f79bdf83e1402fd3aaed5027f55581b263459ebd55a756768	228.97033630297534	2	81	0x41eedf45	29.859018325805664
24	v_heads	15	decode	f2cc84e9cd5b0564ad2b9744b877e998d1a4f6c222be98e7dbd64ca5a255a90f	209.59253168328604	5	56	0x41ed8329	29.689043045043945
24	v_heads	16	decode	d6c29009ecd95f985c0c38716612c62cd17bdbdaca4fc8270c5dc35fae5fca95	145.04293197425704	1	30	0xc1ddd869	-27.730669021606445
24	v_heads	17	decode	41910407e7c40c9b7438f04cc35ef69cd29c3528adfae80da662a6c21290aca3	213.88424180804887	1	30	0xc1d8e2be	-27.110713958740234
25	k_rope	0	prefill	a60c1e7ad5d7481ad586048cd8465ca0835515ad1c0859f61b1d7870120188fd	143.97461358803136	0	62	0x4217bee7	37.93642807006836
25	k_rope	1	prefill	20a3ba05b16257792758225bbc756f02fdf224aff634c426fa1a210efca0a9de	102.03706584977066	3	125	0xc1ce1142	-25.758426666259766
25	k_rope	2	prefill	6b8257f92812978902509ee421977ad7c0af095d18a396c48bbaf15be8793880	92.36524020966256	6	63	0x41aa6b6e	21.30245590209961
25	k_rope	3	prefill	c46b05bbb27e8974bb07b94556b6ce9b5fbd05fb3946a7df313acaa9b2202308	97.5273737765654	5	60	0x41bf0ad1	23.880281448364258
25	k_rope	4	prefill	88df92976cd6ae5601edc39656a8ab05705213aa396f3d8b4d16fe26071f5fd6	94.65818156332914	5	123	0x4194ac6c	18.584190368652344
25	k_rope	5	prefill	60cfebecc03307708f7873dc606dff45ae35a2f861912baea43254bd8921fc68	86.90377102628946	5	123	0x41960d42	18.756473541259766
25	k_rope	6	prefill	b6c5420caead907a076f7f32942d91874a7696345bb780f2b932d1700fc9e0a5	89.62572601429832	4	127	0xc1959541	-18.697877883911133
25	k_rope	7	prefill	c06bf1e1fc48527c2247e71303bf7d7234f85c5b5d692d7da4b700d82d86fa7b	93.39141013227676	5	60	0x41a49dd1	20.577058792114258
25	k_rope	8	prefill	ba396f51fe66c40f2cee14f11e2824a07b8e0e874b54b1d8a3477fff7ceef34c	89.319033810367	5	60	0x418c70d8	17.555099487304688
25	k_rope	9	prefill	1d6a2e1465768549d17c19f3da99f1a25ab10a95d771827c30ea75deed20707a	92.12963781767682	5	127	0xc1aa9f04	-21.32764434814453
25	k_rope	10	decode	7d118c26682f45962e38bdb7471fa3805cea5b5c2e0e0815c44fafa3116e559e	94.0618632976761	4	63	0x41baf3ea	23.369098663330078
25	k_rope	11	decode	91ce5fba47d7954e37cd9aa492c5286c8eb7e1c2bb0580d786f6d367c3c236a6	102.21897495887457	5	60	0x41e8b8a8	29.090164184570312
25	k_rope	12	decode	209d209e0d14d53cdee1f123d3f4b6270165045e31cb2945dfc2a92f97ab48e0	95.69025298390399	4	127	0xc1caa276	-25.329326629638672
25	k_rope	13	decode	5f8a7c92eed27cc96661a49a868fb073b8f3a3c1c9a4ac54e5a29ff1cf71ff93	98.4522952589945	3	63	0x41c0d0ab	24.10188865661621
25	k_rope	14	decode	12df8e7abbaeba3f47d0b67dd563a7c192fd520949068d103ecc93fcb921570b	96.93695146241501	5	127	0xc1a62240	-20.7667236328125
25	k_rope	15	decode	8390184748014c2e98ab5063d974dd133aae1aa63ba6168f7350c0a20129a760	92.89406624907319	4	126	0xc19f2798	-19.894332885742188
25	k_rope	16	decode	c894cd6d48be25ca4a25309c0aba0b7a7d072d83b77111497208d3539b1772fa	92.63970666809894	4	63	0x41a2a34d	20.329736709594727
25	k_rope	17	decode	21f29fff7f5d2bf94b30207dd8d9f2ad57836aba21860320020b22bccdd95328	96.21125355794757	4	127	0xc1bf9a08	-23.950210571289062
25	v_heads	0	prefill	a5cfb6e79c94bcf68cea14cf158b24ccbd5bbc1664638435617b14182eedb7ee	20.272340349144205	7	103	0xc1092897	-8.572409629821777
25	v_heads	1	prefill	e1262a44322fad8b354b358db7de3538f7d453ae44e0ec0708f2f0b508af488c	372.9256411632164	6	44	0x422c10f2	43.01654815673828
25	v_heads	2	prefill	8a9f36d224c65808a0c385d75f3edd7c6c142e3fc47690d7e17fb874120eed48	432.8870302972946	2	38	0x423f9783	47.8979606628418
25	v_heads	3	prefill	dc02f17904c089a94763e586de1e674b2b4832b5d12d8b5da4dccef77fb349e0	386.0016113262115	3	81	0x4238ea79	46.22897720336914
25	v_heads	4	prefill	23b57d2877835c5948dfcd97319ed41ba466d93dbe8e6dcf042d5f9b299e1a3d	389.1176538299177	3	17	0xc2357fc6	-45.374778747558594
25	v_heads	5	prefill	e4d8506d328655e923312dece2b57935602846276f3f81793035c710750d46db	375.46278274379506	2	4	0xc225ccd8	-41.450042724609375
25	v_heads	6	prefill	7b05baee75fde7254d009819805636544d2135638ef56a82ae57678aed71f7b2	308.4588612124475	7	95	0x4208d1fb	34.20505905151367
25	v_heads	7	prefill	5534f539f957db3e6bee3d14677f348fa8ad20e032579e445aab07f1b8e1a1f6	374.77094622045024	7	107	0xc23aa447	-46.66042709350586
25	v_heads	8	prefill	aeb427a95ea2a4728a8462687a0ecf487b1eaa3e3e1c73bfefeaa3bb6e6c6d58	286.6087494101604	2	4	0x41f76340	30.9234619140625
25	v_heads	9	prefill	20516dc2bb217088cccc73838bee4545826e68f59c781c10e059c1225703b260	162.39864067645846	3	81	0x41ad9ad3	21.700597763061523
25	v_heads	10	decode	6f323a19d28efbb67ba01a48665c98ca1bf7dbd5d012a8d5256ae109954966b3	161.59651864393086	3	13	0xc19bf9f4	-19.497047424316406
25	v_heads	11	decode	82e5c790c18e193f0d2465ae8be7e171a1662a76f628fc0107d047a38502a8d3	262.1463809787169	7	107	0xc20c03f8	-35.003875732421875
25	v_heads	12	decode	0b387d825f1f7cdd813092b33462f047766238cbb5ffe28bc982b1a4bcbd45d4	304.5798032093046	2	24	0xc21421dd	-37.0330696105957
25	v_heads	13	decode	e8f068ab1d0826a43edea18e7841e319f191e4473dbb6788b73657c3397b1445	256.2252392752041	0	61	0x4211f7df	36.492061614990234
25	v_heads	14	decode	d96337c78567999d84e01d9e16972fb513b8f42f0466d71020bab18a6548cfbd	296.1479076880773	2	2	0x420b00c2	34.75074005126953
25	v_heads	15	decode	b9a47c0e283a2a581c165ce365abda6af712cc29e8ec7486c4bf9f5391ae23ce	260.3931460398291	0	20	0xc203c8aa	-32.945960998535156
25	v_heads	16	decode	5e324567936771932e0faa64bed7b65f44b3cbb22d48e9795addad45051b7878	169.7687566660332	0	71	0x41ade68e	21.73757553100586
25	v_heads	17	decode	8cceb45bfb732f90b3ba700bbc88068720b3e35167c9454b492a5b7ab071ba22	265.994440632812	7	107	0xc20fcad7	-35.94808578491211
26	k_rope	0	prefill	0592e163294ef3d37e96336af581b1ac3f3b0ad1e2fb1a4e068b08d4bd8d3644	103.87952843274282	6	59	0xc21209c7	-36.50954818725586
26	k_rope	1	prefill	8e4ae4aac61e3a19b22b5b9556405e41131c4bca1fccab491d9809e887594023	70.26607588901685	2	62	0xc182e5f1	-16.362276077270508
26	k_rope	2	prefill	e69484fe488a8974e8f903c785901ab0b01448e33d12461436005534031abff1	65.84594366114594	2	62	0xc1333769	-11.201027870178223
26	k_rope	3	prefill	d4b5169957457852d559cd734671baf7107eec5a285b3079c1eb177ddf013d35	72.04053356165916	7	126	0x4164bd31	14.296189308166504
26	k_rope	4	prefill	c699a62f8db2655cb686de08a0bcadfd77e7929744181cd08ef4beeae841b3f0	67.48162990909827	1	62	0x4144a939	12.291314125061035
26	k_rope	5	prefill	64bec9b4e59301078397c0edee5f4bb82a11cf873c3b7a9e6df67e4d090a8e5f	66.76624079449529	3	49	0xc12c12bb	-10.754572868347168
26	k_rope	6	prefill	7a0839f61ff00cdcffa19ecb79072eacff21f804b04edfa5518bfa851cf33e9f	68.58018481333569	4	124	0x413299cf	11.162550926208496
26	k_rope	7	prefill	3c6d95d5939991dbcbaee0b330103f8330269671c842fc95f43dbbfa74ef610d	67.4593234496065	2	62	0xc15f2265	-13.945897102355957
26	k_rope	8	prefill	acbf4e6909a4df5f28c3d6bb2b90b72a975f9188c23e95dfb62d5eab24dcd6c9	68.32273897672566	7	63	0x41426ea4	12.15201187133789
26	k_rope	9	prefill	3a541c6109ba73c4e62ff234787e3c969c18018e380ead5ff17163774d8762be	68.52246733444547	0	127	0xc13df5d8	-11.872520446777344
26	k_rope	10	decode	83621cd60f644eb44feb017f925ef9bd6bbf3118333103e570669cbfbbbc44d9	68.86743172036373	2	62	0xc150b39d	-13.043850898742676
26	k_rope	11	decode	7d540ca1600be2e7b56171010982e05d98be3b33925f91aaf0d8320c23351acf	71.98229546592096	2	62	0xc189d8f2	-17.23093032836914
26	k_rope	12	decode	0448a31b85a9a133bdd0858dcd2f55f1f9b6829459f5fa579df91594365b4127	68.45841387357102	1	125	0xc14ce1ca	-12.805124282836914
26	k_rope	13	decode	1f61a9805e4703db4535a288f6fcf7d6c9cc99e68f87e0966f36c8ce05561315	72.68375275461946	7	126	0x41503a09	13.014168739318848
26	k_rope	14	decode	a4a3c68ab0e106a9119564719d96cdd27025fc33bcc4353e5ebdd4bca9d7a1fc	71.52286941614139	2	60	0xc14509d7	-12.314902305603027
26	k_rope	15	decode	6d074d4207eca0ec48769051c2edae108ff5500da44dfd7270631f3b9e279c03	68.07508656534723	3	49	0xc14adc14	-12.678730010986328
26	k_rope	16	decode	d4f9f510072ef657c53b832f4820b4432b5742c1b74298b544f10182593b95ed	68.79170402258508	7	49	0x41448823	12.283236503601074
26	k_rope	17	decode	ab3b3f3deeb4630cd758d823a6458a44d4b1d209625ebca7dbe9aface3ef464d	71.25553067890914	4	49	0x414e8576	12.907583236694336
26	v_heads	0	prefill	bc7fd48baf2f2cfed56658f35909ee9d785d661fe9c88342afefc8e50e89397e	19.797601087931927	5	85	0xc0f3981b	-7.6123175621032715
26	v_heads	1	prefill	5e05e69acf2f5f5ef08f1d2aca3086b48959bef67e33b3dd6c11a500b83a72b9	388.5478999706269	1	62	0xc22596c1	-41.397220611572266
26	v_heads	2	prefill	fdd0436e5a65a962422d09ac523288e657b79b120a7a0bd0e52093d08db7016f	396.1523919337005	7	20	0x423038c0	44.055419921875
26	v_heads	3	prefill	5e147c3c95fad4ec60ea5687447dec9030b1f8fec4f08c2cb49a92311442a24e	386.99146613790333	2	112	0xc2383cac	-46.05924987792969
26	v_heads	4	prefill	628a7bc8c9093aaa3547a55ea98ca6caa46cb965b20cfdeb5ae8e2c7619be10e	376.3691780425668	4	106	0x421f2a01	39.791019439697266
26	v_heads	5	prefill	ac4100540d8483b4766938f3417f387dedc7a4c1ce038d85bce694cf5cb329b4	363.700918699239	6	103	0x4211a3fb	36.41013717651367
26	v_heads	6	prefill	8894905ed680749834bdba0f39541c6e4ae75203b1a1471c81cd91f4e06268fd	322.2519528412426	4	88	0x422745a2	41.81800079345703
26	v_heads	7	prefill	2bd0fa8a2fa2da1ecffed935938cefada960337c27e720ca425c8b7278235f20	379.5392829485575	6	39	0xc223dc71	-40.965274810791016
26	v_heads	8	prefill	16cae3dbbba23aa95c9326bf4754ad78a5e2888823fa2b069cc6aedfe5d51a68	289.3152291085276	7	35	0x41e46b0f	28.552274703979492
26	v_heads	9	prefill	54e1fe20a0a2f0fb0be10f3655057963291ff34e37f04e9a82d878c9e700a21e	166.6610911082528	6	103	0x42007904	32.11817932128906
26	v_heads	10	decode	0ea8e5be4851d87f4c0149d59cf9a8d74615f3ed0a96a9664f1c4e903fee0e47	176.56673365533408	6	103	0x41e0171f	28.011289596557617
26	v_heads	11	decode	a2f72b53b59bf64540630212056566e9ecf0930860616b5f8ffa5e0df98c5d76	270.89017709701227	6	103	0x41f857de	31.042903900146484
26	v_heads	12	decode	63a639e3dbf252e92e03efc3d72120ffe82eab08812d044ece228d608915e7c4	293.6238122257629	7	77	0x420cc598	35.192962646484375
26	v_heads	13	decode	6e1d5730a517fb709a17806f870a2796ddd2e27cfbf87025447a68b004dbc960	279.78409319254735	5	111	0x42048e44	33.13893127441406
26	v_heads	14	decode	e5e69543bc1c3ab7f1c745b638d3a6cf31c8ccebfcd1df6f20d46aeed515250d	292.6585605496543	4	16	0xc1eff379	-29.99388313293457
26	v_heads	15	decode	db2ffd679d588fca11154c7d2c780a433097c60c6fbb94f60a2060651c0618af	260.3037716976592	4	89	0x41df7c36	27.935649871826172
26	v_heads	16	decode	3ddff9e6150d344a52e39aa8a7b92391885bd66f608083b51be2b8bb02cf845e	177.08865779106378	0	17	0xc1cf0836	-25.879009246826172
26	v_heads	17	decode	eb0125364b645fa03e538f530c8f8ca3cdce83040dca2986b6e7da057b92ee76	282.6265136770247	4	75	0x4207f6d0	33.99102783203125
27	k_rope	0	prefill	4d6648b2c474c4902ec4088282165a1d3c6fe90e69af06ec0ff2816bfca11b51	46.38447737989564	5	62	0x418c5c2d	17.545007705688477
27	k_rope	1	prefill	6528a67c08cbac7cc9898fb44ea234e20d8f6a02714b9640a689414e3db70729	85.08560473567704	2	117	0xc1db0079	-27.37523078918457
27	k_rope	2	prefill	0b9c10dae7e68aad95cf2ed29d8eaa7d9e4cd19dc12388916c8f90173cfb3ce6	107.96128988206738	5	117	0x421885eb	38.13077926635742
27	k_rope	3	prefill	bc5a3ef927237e9e724e06ec142e924a284813a1667a435e19442c3f0eee68eb	95.217732772682	5	117	0x420c046b	35.00431442260742
27	k_rope	4	prefill	ae3d7270552f23d9c52183a8ea83ff2c54a0d0612b963d7cac3b12efa6440e39	116.10056782899318	2	117	0xc220b766	-40.179100036621094
27	k_rope	5	prefill	1bb48491f85015f40dd8cc3df58314e85a8df771d567e618ffb78ccd4f8262b6	108.60825600647577	4	117	0x4217d6bf	37.959712982177734
27	k_rope	6	prefill	69a0d4041bdd95bf04dd61d7229e2d30653870548efab40462a970ea459efaae	99.42863173841837	4	117	0x420533fa	33.300758361816406
27	k_rope	7	prefill	cde0082df2c236c26973065f44d06cd860b96dea08d0022a29f01ad82f31f494	100.63847503037842	4	117	0x42001a38	32.025604248046875
27	k_rope	8	prefill	4f724f0e5143672bf3740b2d9ba784e846bb9b78b93d382ed7acf756649a4cde	79.6918324851503	5	117	0x41f36385	30.423593521118164
27	k_rope	9	prefill	0f35cd5200abc8f7b02db4d47320b6e2a5262d2c76fd5bce591f87671066efd7	75.25869329438181	5	117	0x41cfdd05	25.982919692993164
27	k_rope	10	decode	b9ecdc93dbb79d3f4708347560d39b203be1a0d330f8bc4e66d1ca7cefcc7770	76.92958660523176	2	117	0xc1be65b1	-23.799654006958008
27	k_rope	11	decode	74ad57aaa637edc524d5cecd964889ea859612b12276c5170a3aff2c6db75d2a	84.69666324318611	2	117	0xc1de6a4a	-27.801898956298828
27	k_rope	12	decode	84b21e84623811160b1e282060da0196c159b83d3250bea0b294c3c2e670c33c	91.70201663168078	5	117	0x41f71ac3	30.8880672454834
27	k_rope	13	decode	8c9c357181092f63f27babd381d001155715b4017b5feda1090c4b5c7b7a331d	81.98970974229985	5	117	0x41db3f3e	27.405879974365234
27	k_rope	14	decode	47f1f6454b285d0ef263a2cfcc9339e69210dc971646776ff2b426a5dcd3985f	86.84188972934874	5	117	0x41f7e24f	30.985502243041992
27	k_rope	15	decode	2e5c106c24afe8178213d0a0365173ad38042b2c4c7225bb30939f6e5a222a28	90.44947552351087	5	117	0x41eef1cb	29.86806297302246
27	k_rope	16	decode	c110602b10b17f71c065424309885085db08841f53ba31d60991bd5a46c7955b	84.33103900239028	4	117	0x41dbeefa	27.491687774658203
27	k_rope	17	decode	91672d9b0aaa1c8dc73bc4ebca90b6e21657518ecdd258afb1e3a5f02cabda88	90.06544486693065	2	117	0xc1e4a54e	-28.58071517944336
27	v_heads	0	prefill	38804b9bcb16e9262c56f7090b009036e97d4dc34258858bfe3764c46ed01847	21.827984972714585	6	19	0xc12ec7e3	-10.923800468444824
27	v_heads	1	prefill	8e19f489e50b8951beb76f69294a4a5264ef487d8050e3bfd4a0a92b4110131d	242.98495354960818	5	41	0xc1ca25d3	-25.268468856811523
27	v_heads	2	prefill	3f06b71699df012b5b6267ac156da9590cced3193349e7c5729ef52aaf9eac60	285.42091688108815	2	58	0xc1ec20b4	-29.515968322753906
27	v_heads	3	prefill	1f7b35cb0ab9b5706ba91367de262d4a6007846010f511ae6f7ef85279f68e3e	280.57049992466733	1	30	0x41f28264	30.31366729736328
27	v_heads	4	prefill	8fbd9ce360ac6cc115ab5caa90cf36c593a3605baaeec973562326134819812f	303.18680267135	5	31	0x420a580b	34.58597946166992
27	v_heads	5	prefill	26e7c65cca67685b225d20137947e4ecf7aaddda2be296b22a6b3ffa16125348	309.9858013587292	2	104	0xc22b7b53	-42.87043380737305
27	v_heads	6	prefill	d0e82776ec99e32ff64927b685624603ae04e13447d33b7d87f7c8dd89c80cc6	339.33394311729074	2	104	0xc21b1d30	-38.77850341796875
27	v_heads	7	prefill	37e5e42435eeaa73e7f6e8c805072cddd98a53ca52ab3e98433ae8cc2aee75f9	321.48353761744636	1	92	0x41edbb3c	29.71642303466797
27	v_heads	8	prefill	d8a88c51d8b8c7586a2bd116d8d70cc9c923866fab0b0ba8a6766685e114182e	178.06962719901617	0	123	0xc1bf258b	-23.89333152770996
27	v_heads	9	prefill	abfcad11248d9565dd17d7bfc79f3faf4469e740cc640ee5b3e991378ff5e9fd	187.1252247103777	1	1	0xc1f23292	-30.27469253540039
27	v_heads	10	decode	1abc8591c15b136e1ff598f2b2827600fabd397c3dc1513bf99a89736aedf980	213.31898616176125	0	32	0xc1e5f494	-28.744422912597656
27	v_heads	11	decode	6881ec0268f131b63cc1d33cb3ae2171a239f002505b1951e414e9c1d11cc119	189.86584156232155	7	114	0x41ee9ca6	29.826488494873047
27	v_heads	12	decode	204968bade55968e9aeac9af56855531abe5ee6de340c86822264be681ff3441	209.9401292236111	7	114	0x41d31ab6	26.388042449951172
27	v_heads	13	decode	1f9882ac6e208d4cbfbff82c7d33a4a6c530838de5984b9744c0e2a1b950b6ac	218.89463852447093	0	123	0xc1f69d52	-30.82681655883789
27	v_heads	14	decode	6cf32371fac3e00a1a6e81b0135cb4c9dde2209073952ceb38115cf9a88b45de	195.09141586602163	3	12	0x41b28a9c	22.31768035888672
27	v_heads	15	decode	4b3b0b253d1f14db0649a9c41b2b014065c878d8f03d43be81d0e92d38a45a92	198.31953305070766	2	104	0xc1e2f5c8	-28.370010375976562
27	v_heads	16	decode	acf98e886736e4372042aaf1d21c1274baca17a9f65aadd4d3a1490a5ce2b84d	222.22935220417784	7	114	0x41dca615	27.58109474182129
27	v_heads	17	decode	bb89be719e0704168b1a089237ed65df1feea5801ffd24183edecf271e7c97aa	202.4855585732797	7	114	0x41d03ebc	26.03063201904297
