position	lane	cos_hex	cos	sin_hex	sin
0	0	0x3f800000	1.0	0x00000000	0.0
0	1	0x3f800000	1.0	0x00000000	0.0
0	2	0x3f800000	1.0	0x00000000	0.0
0	3	0x3f800000	1.0	0x00000000	0.0
0	4	0x3f800000	1.0	0x00000000	0.0
0	5	0x3f800000	1.0	0x00000000	0.0
0	6	0x3f800000	1.0	0x00000000	0.0
0	7	0x3f800000	1.0	0x00000000	0.0
0	8	0x3f800000	1.0	0x00000000	0.0
0	9	0x3f800000	1.0	0x00000000	0.0
0	10	0x3f800000	1.0	0x00000000	0.0
0	11	0x3f800000	1.0	0x00000000	0.0
0	12	0x3f800000	1.0	0x00000000	0.0
0	13	0x3f800000	1.0	0x00000000	0.0
0	14	0x3f800000	1.0	0x00000000	0.0
0	15	0x3f800000	1.0	0x00000000	0.0
0	16	0x3f800000	1.0	0x00000000	0.0
0	17	0x3f800000	1.0	0x00000000	0.0
0	18	0x3f800000	1.0	0x00000000	0.0
0	19	0x3f800000	1.0	0x00000000	0.0
0	20	0x3f800000	1.0	0x00000000	0.0
0	21	0x3f800000	1.0	0x00000000	0.0
0	22	0x3f800000	1.0	0x00000000	0.0
0	23	0x3f800000	1.0	0x00000000	0.0
0	24	0x3f800000	1.0	0x00000000	0.0
0	25	0x3f800000	1.0	0x00000000	0.0
0	26	0x3f800000	1.0	0x00000000	0.0
0	27	0x3f800000	1.0	0x00000000	0.0
0	28	0x3f800000	1.0	0x00000000	0.0
0	29	0x3f800000	1.0	0x00000000	0.0
0	30	0x3f800000	1.0	0x00000000	0.0
0	31	0x3f800000	1.0	0x00000000	0.0
0	32	0x3f800000	1.0	0x00000000	0.0
0	33	0x3f800000	1.0	0x00000000	0.0
0	34	0x3f800000	1.0	0x00000000	0.0
0	35	0x3f800000	1.0	0x00000000	0.0
0	36	0x3f800000	1.0	0x00000000	0.0
0	37	0x3f800000	1.0	0x00000000	0.0
0	38	0x3f800000	1.0	0x00000000	0.0
0	39	0x3f800000	1.0	0x00000000	0.0
0	40	0x3f800000	1.0	0x00000000	0.0
0	41	0x3f800000	1.0	0x00000000	0.0
0	42	0x3f800000	1.0	0x00000000	0.0
0	43	0x3f800000	1.0	0x00000000	0.0
0	44	0x3f800000	1.0	0x00000000	0.0
0	45	0x3f800000	1.0	0x00000000	0.0
0	46	0x3f800000	1.0	0x00000000	0.0
0	47	0x3f800000	1.0	0x00000000	0.0
0	48	0x3f800000	1.0	0x00000000	0.0
0	49	0x3f800000	1.0	0x00000000	0.0
0	50	0x3f800000	1.0	0x00000000	0.0
0	51	0x3f800000	1.0	0x00000000	0.0
0	52	0x3f800000	1.0	0x00000000	0.0
0	53	0x3f800000	1.0	0x00000000	0.0
0	54	0x3f800000	1.0	0x00000000	0.0
0	55	0x3f800000	1.0	0x00000000	0.0
0	56	0x3f800000	1.0	0x00000000	0.0
0	57	0x3f800000	1.0	0x00000000	0.0
0	58	0x3f800000	1.0	0x00000000	0.0
0	59	0x3f800000	1.0	0x00000000	0.0
0	60	0x3f800000	1.0	0x00000000	0.0
0	61	0x3f800000	1.0	0x00000000	0.0
0	62	0x3f800000	1.0	0x00000000	0.0
0	63	0x3f800000	1.0	0x00000000	0.0
0	64	0x3f800000	1.0	0x00000000	0.0
0	65	0x3f800000	1.0	0x00000000	0.0
0	66	0x3f800000	1.0	0x00000000	0.0
0	67	0x3f800000	1.0	0x00000000	0.0
0	68	0x3f800000	1.0	0x00000000	0.0
0	69	0x3f800000	1.0	0x00000000	0.0
0	70	0x3f800000	1.0	0x00000000	0.0
0	71	0x3f800000	1.0	0x00000000	0.0
0	72	0x3f800000	1.0	0x00000000	0.0
0	73	0x3f800000	1.0	0x00000000	0.0
0	74	0x3f800000	1.0	0x00000000	0.0
0	75	0x3f800000	1.0	0x00000000	0.0
0	76	0x3f800000	1.0	0x00000000	0.0
0	77	0x3f800000	1.0	0x00000000	0.0
0	78	0x3f800000	1.0	0x00000000	0.0
0	79	0x3f800000	1.0	0x00000000	0.0
0	80	0x3f800000	1.0	0x00000000	0.0
0	81	0x3f800000	1.0	0x00000000	0.0
0	82	0x3f800000	1.0	0x00000000	0.0
0	83	0x3f800000	1.0	0x00000000	0.0
0	84	0x3f800000	1.0	0x00000000	0.0
0	85	0x3f800000	1.0	0x00000000	0.0
0	86	0x3f800000	1.0	0x00000000	0.0
0	87	0x3f800000	1.0	0x00000000	0.0
0	88	0x3f800000	1.0	0x00000000	0.0
0	89	0x3f800000	1.0	0x00000000	0.0
0	90	0x3f800000	1.0	0x00000000	0.0
0	91	0x3f800000	1.0	0x00000000	0.0
0	92	0x3f800000	1.0	0x00000000	0.0
0	93	0x3f800000	1.0	0x00000000	0.0
0	94	0x3f800000	1.0	0x00000000	0.0
0	95	0x3f800000	1.0	0x00000000	0.0
0	96	0x3f800000	1.0	0x00000000	0.0
0	97	0x3f800000	1.0	0x00000000	0.0
0	98	0x3f800000	1.0	0x00000000	0.0
0	99	0x3f800000	1.0	0x00000000	0.0
0	100	0x3f800000	1.0	0x00000000	0.0
0	101	0x3f800000	1.0	0x00000000	0.0
0	102	0x3f800000	1.0	0x00000000	0.0
0	103	0x3f800000	1.0	0x00000000	0.0
0	104	0x3f800000	1.0	0x00000000	0.0
0	105	0x3f800000	1.0	0x00000000	0.0
0	106	0x3f800000	1.0	0x00000000	0.0
0	107	0x3f800000	1.0	0x00000000	0.0
0	108	0x3f800000	1.0	0x00000000	0.0
0	109	0x3f800000	1.0	0x00000000	0.0
0	110	0x3f800000	1.0	0x00000000	0.0
0	111	0x3f800000	1.0	0x00000000	0.0
0	112	0x3f800000	1.0	0x00000000	0.0
0	113	0x3f800000	1.0	0x00000000	0.0
0	114	0x3f800000	1.0	0x00000000	0.0
0	115	0x3f800000	1.0	0x00000000	0.0
0	116	0x3f800000	1.0	0x00000000	0.0
0	117	0x3f800000	1.0	0x00000000	0.0
0	118	0x3f800000	1.0	0x00000000	0.0
0	119	0x3f800000	1.0	0x00000000	0.0
0	120	0x3f800000	1.0	0x00000000	0.0
0	121	0x3f800000	1.0	0x00000000	0.0
0	122	0x3f800000	1.0	0x00000000	0.0
0	123	0x3f800000	1.0	0x00000000	0.0
0	124	0x3f800000	1.0	0x00000000	0.0
0	125	0x3f800000	1.0	0x00000000	0.0
0	126	0x3f800000	1.0	0x00000000	0.0
0	127	0x3f800000	1.0	0x00000000	0.0
1	0	0x3f0a5141	0.5403023362159729	0x3f576aa4	0.8414709568023682
1	1	0x3f3147ef	0.6925038695335388	0x3f38ae99	0.7214141488075256
1	2	0x3f4be4aa	0.7964578866958618	0x3f1acd3a	0.6046940088272095
1	3	0x3f5dbda8	0.8661751747131348	0x3effddfd	0.49974051117897034
1	4	0x3f6992c6	0.9123958349227905	0x3ed190f1	0.40930894017219543
1	5	0x3f715c49	0.9428144097328186	0x3eaaa8ae	0.33331817388534546
1	6	0x3f767610	0.9627389907836914	0x3e8a7618	0.2704322338104248
1	7	0x3f79cac5	0.9757502675056458	0x3e6023d9	0.21888674795627594
1	8	0x3f7bf683	0.9842302203178406	0x3e35233a	0.17689219117164612
1	9	0x3f7d6040	0.9897499084472656	0x3e123d21	0.14281131327152252
1	10	0x3f7e4b84	0.9933397769927979	0x3debf95d	0.11522171646356583
1	11	0x3f7ee472	0.9956732988357544	0x3dbe4e63	0.09292294830083847
1	12	0x3f7f47d1	0.9971895813941956	0x3d996f36	0.07491914927959442
1	13	0x3f7f8860	0.9981746673583984	0x3d775e84	0.060392871499061584
1	14	0x3f7fb24f	0.9988145232200623	0x3d476211	0.048677507787942886
1	15	0x3f7fcd8c	0.999230146408081	0x3d20b18e	0.03923182934522629
1	16	0x3f7fdf3c	0.999500036239624	0x3d01815c	0.031617507338523865
1	17	0x3f7feab9	0.9996753334999084	0x3cd0bbdf	0.025480208918452263
1	18	0x3f7ff22f	0.9997891783714294	0x3ca83684	0.020533807575702667
1	19	0x3f7ff707	0.9998630881309509	0x3c878e73	0.016547417268157005
1	20	0x3f7ffa2c	0.9999110698699951	0x3c5a7a4a	0.013334820047020912
1	21	0x3f7ffc37	0.9999422430992126	0x3c300f74	0.010745871812105179
1	22	0x3f7ffd8b	0.9999625086784363	0x3c0de0b9	0.008659535087645054
1	23	0x3f7ffe68	0.9999756813049316	0x3be4a9cc	0.006978249177336693
1	24	0x3f7ffef7	0.9999842047691345	0x3bb8445c	0.0056233834475278854
1	25	0x3f7fff54	0.9999897480010986	0x3b947d8d	0.004531568381935358
1	26	0x3f7fff90	0.9999933242797852	0x3b6f51eb	0.0036517332773655653
1	27	0x3f7fffb8	0.9999957084655762	0x3b40dab3	0.002942722989246249
1	28	0x3f7fffd1	0.9999971985816956	0x3b1b6903	0.002371371490880847
1	29	0x3f7fffe2	0.9999982118606567	0x3afa78e6	0.0019109516870230436
1	30	0x3f7fffec	0.9999988079071045	0x3ac9d757	0.0015399259282276034
1	31	0x3f7ffff3	0.9999992251396179	0x3aa2a6f4	0.0012409375049173832
1	32	0x3f7ffff8	0.9999995231628418	0x3a83126e	0.0009999999310821295
1	33	0x3f7ffffb	0.9999997019767761	0x3a533f27	0.000805842166300863
1	34	0x3f7ffffd	0.9999998211860657	0x3a2a3b43	0.0006493816035799682
1	35	0x3f7ffffe	0.9999998807907104	0x3a092e02	0.0005232990952208638
1	36	0x3f7fffff	0.9999999403953552	0x39dd1725	0.00042169648804701865
1	37	0x3f7fffff	0.9999999403953552	0x39b229fb	0.0003398208355065435
1	38	0x3f800000	1.0	0x398f9272	0.00027384195709601045
1	39	0x3f800000	1.0	0x39676492	0.00022067342069931328
1	40	0x3f800000	1.0	0x393a7753	0.00017782794020604342
1	41	0x3f800000	1.0	0x39164324	0.00014330126577988267
1	42	0x3f800000	1.0	0x38f22ce2	0.00011547819303814322
1	43	0x3f800000	1.0	0x38c327b5	9.305720595875755e-05
1	44	0x3f800000	1.0	0x389d43a4	7.498942431993783e-05
1	45	0x3f800000	1.0	0x387d75d4	6.042963650543243e-05
1	46	0x3f800000	1.0	0x384c3fbe	4.869675467489287e-05
1	47	0x3f800000	1.0	0x382497ab	3.92418987757992e-05
1	48	0x3f800000	1.0	0x3804a2b2	3.162277425872162e-05
1	49	0x3f800000	1.0	0x37d5c441	2.5482966520939954e-05
1	50	0x3f800000	1.0	0x37ac431d	2.0535249859676696e-05
1	51	0x3f800000	1.0	0x378ad0ed	1.6548170606256463e-05
1	52	0x3f800000	1.0	0x375fba4f	1.333521413471317e-05
1	53	0x3f800000	1.0	0x37344a0e	1.0746078260126524e-05
1	54	0x3f800000	1.0	0x371148e3	8.659643754072022e-06
1	55	0x3f800000	1.0	0x36ea2732	6.978306373639498e-06
1	56	0x3f800000	1.0	0x36bcb0c1	5.62341347176698e-06
1	57	0x3f800000	1.0	0x36980e02	4.531583726929966e-06
1	58	0x3f800000	1.0	0x36751070	3.651741280918941e-06
1	59	0x3f800000	1.0	0x36457bab	2.9427271783788456e-06
1	60	0x3f800000	1.0	0x361f23e4	2.3713737391517498e-06
1	61	0x3f800000	1.0	0x36003dec	1.910952960315626e-06
1	62	0x3f800000	1.0	0x35ceaf79	1.5399265294036013e-06
1	63	0x3f800000	1.0	0x35a68e4c	1.2409377632138785e-06
1	64	0x3f0a5141	0.5403023362159729	0x3f576aa4	0.8414709568023682
1	65	0x3f3147ef	0.6925038695335388	0x3f38ae99	0.7214141488075256
1	66	0x3f4be4aa	0.7964578866958618	0x3f1acd3a	0.6046940088272095
1	67	0x3f5dbda8	0.8661751747131348	0x3effddfd	0.49974051117897034
1	68	0x3f6992c6	0.9123958349227905	0x3ed190f1	0.40930894017219543
1	69	0x3f715c49	0.9428144097328186	0x3eaaa8ae	0.33331817388534546
1	70	0x3f767610	0.9627389907836914	0x3e8a7618	0.2704322338104248
1	71	0x3f79cac5	0.9757502675056458	0x3e6023d9	0.21888674795627594
1	72	0x3f7bf683	0.9842302203178406	0x3e35233a	0.17689219117164612
1	73	0x3f7d6040	0.9897499084472656	0x3e123d21	0.14281131327152252
1	74	0x3f7e4b84	0.9933397769927979	0x3debf95d	0.11522171646356583
1	75	0x3f7ee472	0.9956732988357544	0x3dbe4e63	0.09292294830083847
1	76	0x3f7f47d1	0.9971895813941956	0x3d996f36	0.07491914927959442
1	77	0x3f7f8860	0.9981746673583984	0x3d775e84	0.060392871499061584
1	78	0x3f7fb24f	0.9988145232200623	0x3d476211	0.048677507787942886
1	79	0x3f7fcd8c	0.999230146408081	0x3d20b18e	0.03923182934522629
1	80	0x3f7fdf3c	0.999500036239624	0x3d01815c	0.031617507338523865
1	81	0x3f7feab9	0.9996753334999084	0x3cd0bbdf	0.025480208918452263
1	82	0x3f7ff22f	0.9997891783714294	0x3ca83684	0.020533807575702667
1	83	0x3f7ff707	0.9998630881309509	0x3c878e73	0.016547417268157005
1	84	0x3f7ffa2c	0.9999110698699951	0x3c5a7a4a	0.013334820047020912
1	85	0x3f7ffc37	0.9999422430992126	0x3c300f74	0.010745871812105179
1	86	0x3f7ffd8b	0.9999625086784363	0x3c0de0b9	0.008659535087645054
1	87	0x3f7ffe68	0.9999756813049316	0x3be4a9cc	0.006978249177336693
1	88	0x3f7ffef7	0.9999842047691345	0x3bb8445c	0.0056233834475278854
1	89	0x3f7fff54	0.9999897480010986	0x3b947d8d	0.004531568381935358
1	90	0x3f7fff90	0.9999933242797852	0x3b6f51eb	0.0036517332773655653
1	91	0x3f7fffb8	0.9999957084655762	0x3b40dab3	0.002942722989246249
1	92	0x3f7fffd1	0.9999971985816956	0x3b1b6903	0.002371371490880847
1	93	0x3f7fffe2	0.9999982118606567	0x3afa78e6	0.0019109516870230436
1	94	0x3f7fffec	0.9999988079071045	0x3ac9d757	0.0015399259282276034
1	95	0x3f7ffff3	0.9999992251396179	0x3aa2a6f4	0.0012409375049173832
1	96	0x3f7ffff8	0.9999995231628418	0x3a83126e	0.0009999999310821295
1	97	0x3f7ffffb	0.9999997019767761	0x3a533f27	0.000805842166300863
1	98	0x3f7ffffd	0.9999998211860657	0x3a2a3b43	0.0006493816035799682
1	99	0x3f7ffffe	0.9999998807907104	0x3a092e02	0.0005232990952208638
1	100	0x3f7fffff	0.9999999403953552	0x39dd1725	0.00042169648804701865
1	101	0x3f7fffff	0.9999999403953552	0x39b229fb	0.0003398208355065435
1	102	0x3f800000	1.0	0x398f9272	0.00027384195709601045
1	103	0x3f800000	1.0	0x39676492	0.00022067342069931328
1	104	0x3f800000	1.0	0x393a7753	0.00017782794020604342
1	105	0x3f800000	1.0	0x39164324	0.00014330126577988267
1	106	0x3f800000	1.0	0x38f22ce2	0.00011547819303814322
1	107	0x3f800000	1.0	0x38c327b5	9.305720595875755e-05
1	108	0x3f800000	1.0	0x389d43a4	7.498942431993783e-05
1	109	0x3f800000	1.0	0x387d75d4	6.042963650543243e-05
1	110	0x3f800000	1.0	0x384c3fbe	4.869675467489287e-05
1	111	0x3f800000	1.0	0x382497ab	3.92418987757992e-05
1	112	0x3f800000	1.0	0x3804a2b2	3.162277425872162e-05
1	113	0x3f800000	1.0	0x37d5c441	2.5482966520939954e-05
1	114	0x3f800000	1.0	0x37ac431d	2.0535249859676696e-05
1	115	0x3f800000	1.0	0x378ad0ed	1.6548170606256463e-05
1	116	0x3f800000	1.0	0x375fba4f	1.333521413471317e-05
1	117	0x3f800000	1.0	0x37344a0e	1.0746078260126524e-05
1	118	0x3f800000	1.0	0x371148e3	8.659643754072022e-06
1	119	0x3f800000	1.0	0x36ea2732	6.978306373639498e-06
1	120	0x3f800000	1.0	0x36bcb0c1	5.62341347176698e-06
1	121	0x3f800000	1.0	0x36980e02	4.531583726929966e-06
1	122	0x3f800000	1.0	0x36751070	3.651741280918941e-06
1	123	0x3f800000	1.0	0x36457bab	2.9427271783788456e-06
1	124	0x3f800000	1.0	0x361f23e4	2.3713737391517498e-06
1	125	0x3f800000	1.0	0x36003dec	1.910952960315626e-06
1	126	0x3f800000	1.0	0x35ceaf79	1.5399265294036013e-06
1	127	0x3f800000	1.0	0x35a68e4c	1.2409377632138785e-06
2	0	0xbed51133	-0.416146844625473	0x3f68c7b7	0.9092974066734314
2	1	0xbd276e5a	-0.04087672382593155	0x3f7fc93a	0.9991642236709595
2	2	0x3e8991c6	0.268690288066864	0x3f769605	0.9632266163825989
2	3	0x3f002201	0.5005188584327698	0x3f5da032	0.8657256364822388
2	4	0x3f2a3902	0.664932370185852	0x3f3f3512	0.7469035387039185
2	5	0x3f471dc5	0.7777979969978333	0x3f20e651	0.6285143494606018
2	6	0x3f5a8e3c	0.8537328243255615	0x3f054d57	0.520711362361908
2	7	0x3f677828	0.904177188873291	0x3edab466	0.42715758085250854
2	8	0x3f6ffaa6	0.9374183416366577	0x3eb247f6	0.3482052683830261
2	9	0x3f758ec7	0.9592098593711853	0x3e90bd65	0.2826949656009674
2	10	0x3f7933e2	0.9734479188919067	0x3e6a6707	0.22890864312648773
2	11	0x3f7b943c	0.9827306270599365	0x3e3d7b99	0.18504180014133453
2	12	0x3f7d204f	0.9887742400169373	0x3e1900d3	0.1494172066450119
2	13	0x3f7e21f1	0.9927054047584534	0x3df6eaed	0.1205652728676796
2	14	0x3f7ec96d	0.995261013507843	0x3dc7258f	0.09723960608243942
2	15	0x3f7f3643	0.996921718120575	0x3da091e2	0.07840324938297272
2	16	0x3f7f7cf9	0.9980006814002991	0x3d8170c9	0.06320340186357498
2	17	0x3f7faae7	0.9987015128135681	0x3d50aa86	0.050943873822689056
2	18	0x3f7fc8bc	0.9991567134857178	0x3d282d70	0.04105895757675171
2	19	0x3f7fdc1c	0.9994523525238037	0x3d0789b2	0.03309030085802078
2	20	0x3f7fe8b1	0.9996443390846252	0x3cda7551	0.026667268946766853
2	21	0x3f7ff0de	0.9997690916061401	0x3cb00cda	0.02149050310254097
2	22	0x3f7ff62c	0.9998500347137451	0x3c8ddf5c	0.017318420112133026
2	23	0x3f7ff99e	0.999902606010437	0x3c64a85f	0.013956158421933651
2	24	0x3f7ffbdb	0.9999367594718933	0x3c38439d	0.01124658901244402
2	25	0x3f7ffd4f	0.9999589323997498	0x3c147d29	0.009063043631613255
2	26	0x3f7ffe41	0.9999733567237854	0x3bef5183	0.007303418125957251
2	27	0x3f7ffede	0.9999827146530151	0x3bc0da7c	0.0058854203671216965
2	28	0x3f7fff43	0.9999887347221375	0x3b9b68e7	0.004742729943245649
2	29	0x3f7fff86	0.9999927282333374	0x3b7a78c8	0.0038218963891267776
2	30	0x3f7fffb1	0.9999952912330627	0x3b49d747	0.0030798481311649084
2	31	0x3f7fffcc	0.9999969005584717	0x3b22a6ec	0.002481873147189617
2	32	0x3f7fffdf	0.9999980330467224	0x3b031269	0.0019999986980110407
2	33	0x3f7fffea	0.9999986886978149	0x3ad33f22	0.001611683750525117
2	34	0x3f7ffff2	0.9999991655349731	0x3aaa3b41	0.0012987629743292928
2	35	0x3f7ffff7	0.999999463558197	0x3a892e00	0.001046597957611084
2	36	0x3f7ffffa	0.9999996423721313	0x3a5d1723	0.0008433928596787155
2	37	0x3f7ffffc	0.9999997615814209	0x3a3229fa	0.0006796416128054261
2	38	0x3f7ffffe	0.9999998807907104	0x3a0f9272	0.0005476839141920209
2	39	0x3f7fffff	0.9999999403953552	0x39e76492	0.00044134684139862657
2	40	0x3f7fffff	0.9999999403953552	0x39ba7753	0.00035565588041208684
2	41	0x3f800000	1.0	0x39964324	0.00028660253155976534
2	42	0x3f800000	1.0	0x39722ce2	0.00023095638607628644
2	43	0x3f800000	1.0	0x394327b5	0.0001861144119175151
2	44	0x3f800000	1.0	0x391d43a4	0.00014997884863987565
2	45	0x3f800000	1.0	0x38fd75d4	0.00012085927301086485
2	46	0x3f800000	1.0	0x38cc3fbe	9.739350934978575e-05
2	47	0x3f800000	1.0	0x38a497ab	7.84837975515984e-05
2	48	0x3f800000	1.0	0x3884a2b2	6.324554851744324e-05
2	49	0x3f800000	1.0	0x3855c441	5.096593304187991e-05
2	50	0x3f800000	1.0	0x382c431d	4.107049971935339e-05
2	51	0x3f800000	1.0	0x380ad0ed	3.3096341212512925e-05
2	52	0x3f800000	1.0	0x37dfba4f	2.667042826942634e-05
2	53	0x3f800000	1.0	0x37b44a0e	2.1492156520253047e-05
2	54	0x3f800000	1.0	0x379148e3	1.7319287508144043e-05
2	55	0x3f800000	1.0	0x376a2732	1.3956612747278996e-05
2	56	0x3f800000	1.0	0x373cb0c1	1.124682694353396e-05
2	57	0x3f800000	1.0	0x37180e02	9.063167453859933e-06
2	58	0x3f800000	1.0	0x36f51070	7.303482561837882e-06
2	59	0x3f800000	1.0	0x36c57bab	5.885454356757691e-06
2	60	0x3f800000	1.0	0x369f23e4	4.7427474783034995e-06
2	61	0x3f800000	1.0	0x36803dec	3.821905920631252e-06
2	62	0x3f800000	1.0	0x364eaf79	3.0798530588072026e-06
2	63	0x3f800000	1.0	0x36268e4c	2.481875526427757e-06
2	64	0xbed51133	-0.416146844625473	0x3f68c7b7	0.9092974066734314
2	65	0xbd276e5a	-0.04087672382593155	0x3f7fc93a	0.9991642236709595
2	66	0x3e8991c6	0.268690288066864	0x3f769605	0.9632266163825989
2	67	0x3f002201	0.5005188584327698	0x3f5da032	0.8657256364822388
2	68	0x3f2a3902	0.664932370185852	0x3f3f3512	0.7469035387039185
2	69	0x3f471dc5	0.7777979969978333	0x3f20e651	0.6285143494606018
2	70	0x3f5a8e3c	0.8537328243255615	0x3f054d57	0.520711362361908
2	71	0x3f677828	0.904177188873291	0x3edab466	0.42715758085250854
2	72	0x3f6ffaa6	0.9374183416366577	0x3eb247f6	0.3482052683830261
2	73	0x3f758ec7	0.9592098593711853	0x3e90bd65	0.2826949656009674
2	74	0x3f7933e2	0.9734479188919067	0x3e6a6707	0.22890864312648773
2	75	0x3f7b943c	0.9827306270599365	0x3e3d7b99	0.18504180014133453
2	76	0x3f7d204f	0.9887742400169373	0x3e1900d3	0.1494172066450119
2	77	0x3f7e21f1	0.9927054047584534	0x3df6eaed	0.1205652728676796
2	78	0x3f7ec96d	0.995261013507843	0x3dc7258f	0.09723960608243942
2	79	0x3f7f3643	0.996921718120575	0x3da091e2	0.07840324938297272
2	80	0x3f7f7cf9	0.9980006814002991	0x3d8170c9	0.06320340186357498
2	81	0x3f7faae7	0.9987015128135681	0x3d50aa86	0.050943873822689056
2	82	0x3f7fc8bc	0.9991567134857178	0x3d282d70	0.04105895757675171
2	83	0x3f7fdc1c	0.9994523525238037	0x3d0789b2	0.03309030085802078
2	84	0x3f7fe8b1	0.9996443390846252	0x3cda7551	0.026667268946766853
2	85	0x3f7ff0de	0.9997690916061401	0x3cb00cda	0.02149050310254097
2	86	0x3f7ff62c	0.9998500347137451	0x3c8ddf5c	0.017318420112133026
2	87	0x3f7ff99e	0.999902606010437	0x3c64a85f	0.013956158421933651
2	88	0x3f7ffbdb	0.9999367594718933	0x3c38439d	0.01124658901244402
2	89	0x3f7ffd4f	0.9999589323997498	0x3c147d29	0.009063043631613255
2	90	0x3f7ffe41	0.9999733567237854	0x3bef5183	0.007303418125957251
2	91	0x3f7ffede	0.9999827146530151	0x3bc0da7c	0.0058854203671216965
2	92	0x3f7fff43	0.9999887347221375	0x3b9b68e7	0.004742729943245649
2	93	0x3f7fff86	0.9999927282333374	0x3b7a78c8	0.0038218963891267776
2	94	0x3f7fffb1	0.9999952912330627	0x3b49d747	0.0030798481311649084
2	95	0x3f7fffcc	0.9999969005584717	0x3b22a6ec	0.002481873147189617
2	96	0x3f7fffdf	0.9999980330467224	0x3b031269	0.0019999986980110407
2	97	0x3f7fffea	0.9999986886978149	0x3ad33f22	0.001611683750525117
2	98	0x3f7ffff2	0.9999991655349731	0x3aaa3b41	0.0012987629743292928
2	99	0x3f7ffff7	0.999999463558197	0x3a892e00	0.001046597957611084
2	100	0x3f7ffffa	0.9999996423721313	0x3a5d1723	0.0008433928596787155
2	101	0x3f7ffffc	0.9999997615814209	0x3a3229fa	0.0006796416128054261
2	102	0x3f7ffffe	0.9999998807907104	0x3a0f9272	0.0005476839141920209
2	103	0x3f7fffff	0.9999999403953552	0x39e76492	0.00044134684139862657
2	104	0x3f7fffff	0.9999999403953552	0x39ba7753	0.00035565588041208684
2	105	0x3f800000	1.0	0x39964324	0.00028660253155976534
2	106	0x3f800000	1.0	0x39722ce2	0.00023095638607628644
2	107	0x3f800000	1.0	0x394327b5	0.0001861144119175151
2	108	0x3f800000	1.0	0x391d43a4	0.00014997884863987565
2	109	0x3f800000	1.0	0x38fd75d4	0.00012085927301086485
2	110	0x3f800000	1.0	0x38cc3fbe	9.739350934978575e-05
2	111	0x3f800000	1.0	0x38a497ab	7.84837975515984e-05
2	112	0x3f800000	1.0	0x3884a2b2	6.324554851744324e-05
2	113	0x3f800000	1.0	0x3855c441	5.096593304187991e-05
2	114	0x3f800000	1.0	0x382c431d	4.107049971935339e-05
2	115	0x3f800000	1.0	0x380ad0ed	3.3096341212512925e-05
2	116	0x3f800000	1.0	0x37dfba4f	2.667042826942634e-05
2	117	0x3f800000	1.0	0x37b44a0e	2.1492156520253047e-05
2	118	0x3f800000	1.0	0x379148e3	1.7319287508144043e-05
2	119	0x3f800000	1.0	0x376a2732	1.3956612747278996e-05
2	120	0x3f800000	1.0	0x373cb0c1	1.124682694353396e-05
2	121	0x3f800000	1.0	0x37180e02	9.063167453859933e-06
2	122	0x3f800000	1.0	0x36f51070	7.303482561837882e-06
2	123	0x3f800000	1.0	0x36c57bab	5.885454356757691e-06
2	124	0x3f800000	1.0	0x369f23e4	4.7427474783034995e-06
2	125	0x3f800000	1.0	0x36803dec	3.821905920631252e-06
2	126	0x3f800000	1.0	0x364eaf79	3.0798530588072026e-06
2	127	0x3f800000	1.0	0x36268e4c	2.481875526427757e-06
3	0	0xbf7d7026	-0.9899924993515015	0x3e1081c3	0.14112000167369843
3	1	0xbf3fc63b	-0.7491185069084167	0x3f299568	0.6624360084533691
3	2	0xbebca662	-0.3684569001197815	0x3f6dfd34	0.9296448230743408
3	3	0x3a6ba50f	0.0008989134221337736	0x3f7ffff9	0.9999995827674866
3	4	0x3e9a1863	0.3009673058986664	0x3f742164	0.95363450050354
3	5	0x3f061953	0.5238239169120789	0x3f5a114e	0.851826548576355
3	6	0x3f2e5ce1	0.6811047196388245	0x3f3b708b	0.7321860194206238
3	7	0x3f49eba7	0.788752019405365	0x3f1d5dbc	0.6147115230560303
3	8	0x3f5c6d29	0.8610406517982483	0x3f022f6c	0.5085361003875732
3	9	0x3f68b49c	0.909005880355835	0x3ed564a1	0.4167833626270294
3	10	0x3f70ca76	0.9405893087387085	0x3eadd906	0.3395463824272156
3	11	0x3f7616b6	0.9612840414047241	0x3e8d161f	0.2755593955516815
3	12	0x3f798c92	0.9748011827468872	0x3e646de2	0.22307541966438293
3	13	0x3f7bce01	0.9836121201515198	0x3e389fea	0.18029752373695374
3	14	0x3f7d45e5	0.9893477559089661	0x3e15109b	0.14557115733623505
3	15	0x3f7e3a62	0.993078351020813	0x3df08bb3	0.11745395511388779
3	16	0x3f7ed94f	0.9955033659934998	0x3dc1ffc1	0.0947260931134224
3	17	0x3f7f4095	0.9970791935920715	0x3d9c6a36	0.07637445628643036
3	18	0x3f7f83ad	0.9981029629707336	0x3d7c2d75	0.0615667887032032
3	19	0x3f7faf42	0.9987679719924927	0x3d4b42ab	0.04962412640452385
3	20	0x3f7fcb90	0.9991998672485352	0x3d23d1c6	0.039994977414608
3	21	0x3f7fddf2	0.9994803667068481	0x3d040663	0.032232653349637985
3	22	0x3f7fe9e3	0.9996625781059265	0x3cd4cba3	0.02597600780427456
3	23	0x3f7ff1a4	0.9997808933258057	0x3cab7c7f	0.02093338780105114
3	24	0x3f7ff6ad	0.9998577237129211	0x3c8a31c7	0.01686943881213665
3	25	0x3f7ff9f2	0.9999076128005981	0x3c5ebac3	0.01359433215111494
3	26	0x3f7ffc11	0.9999399781227112	0x3c337c9f	0.010955004952847958
3	27	0x3f7ffd72	0.9999610185623169	0x3c10a399	0.00882806722074747
3	28	0x3f7ffe58	0.9999747276306152	0x3be91d13	0.0071140616200864315
3	29	0x3f7ffeec	0.999983549118042	0x3bbbda71	0.005732827354222536
3	30	0x3f7fff4d	0.9999893307685852	0x3b976162	0.004619763232767582
3	31	0x3f7fff8c	0.999993085861206	0x3b73fa4d	0.003722804831340909
3	32	0x3f7fffb5	0.9999955296516418	0x3b449b93	0.0029999956022948027
3	33	0x3f7fffcf	0.999997079372406	0x3b1e6f54	0.0024175243452191353
3	34	0x3f7fffe0	0.9999980926513672	0x3aff58db	0.0019481437047943473
3	35	0x3f7fffeb	0.9999987483024597	0x3acdc4fd	0.0015698965871706605
3	36	0x3f7ffff3	0.9999992251396179	0x3aa5d159	0.001265089143998921
3	37	0x3f7ffff8	0.9999995231628418	0x3a859f7a	0.0010194622445851564
3	38	0x3f7ffffb	0.9999997019767761	0x3a575ba9	0.0008215257548727095
3	39	0x3f7ffffd	0.9999998211860657	0x3a2d8b6d	0.0006620202329941094
3	40	0x3f7ffffe	0.9999998807907104	0x3a0bd97e	0.000533483806066215
3	41	0x3f7fffff	0.9999999403953552	0x39e164b6	0.000429903797339648
3	42	0x3f7fffff	0.9999999403953552	0x39b5a1aa	0.0003464345936663449
3	43	0x3f7fffff	0.9999999403953552	0x39925dc8	0.00027917162515223026
3	44	0x3f800000	1.0	0x396be576	0.00022496827295981348
3	45	0x3f800000	1.0	0x393e185f	0.00018128890951629728
3	46	0x3f800000	1.0	0x39192fce	0.000146090256748721
3	47	0x3f800000	1.0	0x38f6e380	0.00011772569268941879
3	48	0x3f800000	1.0	0x38c6f40b	9.486832277616486e-05
3	49	0x3f800000	1.0	0x38a05331	7.644890138180926e-05
3	50	0x3f800000	1.0	0x38813256	6.160575139801949e-05
3	51	0x3f800000	1.0	0x38503964	4.964451363775879e-05
3	52	0x3f800000	1.0	0x3827cbbb	4.0005641494644806e-05
3	53	0x3f800000	1.0	0x3807378a	3.223823296139017e-05
3	54	0x3f800000	1.0	0x37d9ed54	2.5978930352721363e-05
3	55	0x3f800000	1.0	0x37af9d66	2.0934920030413195e-05
3	56	0x3f800000	1.0	0x378d8491	1.6870240870048292e-05
3	57	0x3f800000	1.0	0x37641503	1.3594751180789899e-05
3	58	0x3f800000	1.0	0x3737cc54	1.0955223842756823e-05
3	59	0x3f800000	1.0	0x37141cc0	8.828181307762861e-06
3	60	0x3f800000	1.0	0x36eeb5d6	7.114121217455249e-06
3	61	0x3f800000	1.0	0x36c05ce2	5.732858880946878e-06
3	62	0x3f800000	1.0	0x369b039b	4.619779701897642e-06
3	63	0x3f800000	1.0	0x3679d572	3.7228132896416355e-06
3	64	0xbf7d7026	-0.9899924993515015	0x3e1081c3	0.14112000167369843
3	65	0xbf3fc63b	-0.7491185069084167	0x3f299568	0.6624360084533691
3	66	0xbebca662	-0.3684569001197815	0x3f6dfd34	0.9296448230743408
3	67	0x3a6ba50f	0.0008989134221337736	0x3f7ffff9	0.9999995827674866
3	68	0x3e9a1863	0.3009673058986664	0x3f742164	0.95363450050354
3	69	0x3f061953	0.5238239169120789	0x3f5a114e	0.851826548576355
3	70	0x3f2e5ce1	0.6811047196388245	0x3f3b708b	0.7321860194206238
3	71	0x3f49eba7	0.788752019405365	0x3f1d5dbc	0.6147115230560303
3	72	0x3f5c6d29	0.8610406517982483	0x3f022f6c	0.5085361003875732
3	73	0x3f68b49c	0.909005880355835	0x3ed564a1	0.4167833626270294
3	74	0x3f70ca76	0.9405893087387085	0x3eadd906	0.3395463824272156
3	75	0x3f7616b6	0.9612840414047241	0x3e8d161f	0.2755593955516815
3	76	0x3f798c92	0.9748011827468872	0x3e646de2	0.22307541966438293
3	77	0x3f7bce01	0.9836121201515198	0x3e389fea	0.18029752373695374
3	78	0x3f7d45e5	0.9893477559089661	0x3e15109b	0.14557115733623505
3	79	0x3f7e3a62	0.993078351020813	0x3df08bb3	0.11745395511388779
3	80	0x3f7ed94f	0.9955033659934998	0x3dc1ffc1	0.0947260931134224
3	81	0x3f7f4095	0.9970791935920715	0x3d9c6a36	0.07637445628643036
3	82	0x3f7f83ad	0.9981029629707336	0x3d7c2d75	0.0615667887032032
3	83	0x3f7faf42	0.9987679719924927	0x3d4b42ab	0.04962412640452385
3	84	0x3f7fcb90	0.9991998672485352	0x3d23d1c6	0.039994977414608
3	85	0x3f7fddf2	0.9994803667068481	0x3d040663	0.032232653349637985
3	86	0x3f7fe9e3	0.9996625781059265	0x3cd4cba3	0.02597600780427456
3	87	0x3f7ff1a4	0.9997808933258057	0x3cab7c7f	0.02093338780105114
3	88	0x3f7ff6ad	0.9998577237129211	0x3c8a31c7	0.01686943881213665
3	89	0x3f7ff9f2	0.9999076128005981	0x3c5ebac3	0.01359433215111494
3	90	0x3f7ffc11	0.9999399781227112	0x3c337c9f	0.010955004952847958
3	91	0x3f7ffd72	0.9999610185623169	0x3c10a399	0.00882806722074747
3	92	0x3f7ffe58	0.9999747276306152	0x3be91d13	0.0071140616200864315
3	93	0x3f7ffeec	0.999983549118042	0x3bbbda71	0.005732827354222536
3	94	0x3f7fff4d	0.9999893307685852	0x3b976162	0.004619763232767582
3	95	0x3f7fff8c	0.999993085861206	0x3b73fa4d	0.003722804831340909
3	96	0x3f7fffb5	0.9999955296516418	0x3b449b93	0.0029999956022948027
3	97	0x3f7fffcf	0.999997079372406	0x3b1e6f54	0.0024175243452191353
3	98	0x3f7fffe0	0.9999980926513672	0x3aff58db	0.0019481437047943473
3	99	0x3f7fffeb	0.9999987483024597	0x3acdc4fd	0.0015698965871706605
3	100	0x3f7ffff3	0.9999992251396179	0x3aa5d159	0.001265089143998921
3	101	0x3f7ffff8	0.9999995231628418	0x3a859f7a	0.0010194622445851564
3	102	0x3f7ffffb	0.9999997019767761	0x3a575ba9	0.0008215257548727095
3	103	0x3f7ffffd	0.9999998211860657	0x3a2d8b6d	0.0006620202329941094
3	104	0x3f7ffffe	0.9999998807907104	0x3a0bd97e	0.000533483806066215
3	105	0x3f7fffff	0.9999999403953552	0x39e164b6	0.000429903797339648
3	106	0x3f7fffff	0.9999999403953552	0x39b5a1aa	0.0003464345936663449
3	107	0x3f7fffff	0.9999999403953552	0x39925dc8	0.00027917162515223026
3	108	0x3f800000	1.0	0x396be576	0.00022496827295981348
3	109	0x3f800000	1.0	0x393e185f	0.00018128890951629728
3	110	0x3f800000	1.0	0x39192fce	0.000146090256748721
3	111	0x3f800000	1.0	0x38f6e380	0.00011772569268941879
3	112	0x3f800000	1.0	0x38c6f40b	9.486832277616486e-05
3	113	0x3f800000	1.0	0x38a05331	7.644890138180926e-05
3	114	0x3f800000	1.0	0x38813256	6.160575139801949e-05
3	115	0x3f800000	1.0	0x38503964	4.964451363775879e-05
3	116	0x3f800000	1.0	0x3827cbbb	4.0005641494644806e-05
3	117	0x3f800000	1.0	0x3807378a	3.223823296139017e-05
3	118	0x3f800000	1.0	0x37d9ed54	2.5978930352721363e-05
3	119	0x3f800000	1.0	0x37af9d66	2.0934920030413195e-05
3	120	0x3f800000	1.0	0x378d8491	1.6870240870048292e-05
3	121	0x3f800000	1.0	0x37641503	1.3594751180789899e-05
3	122	0x3f800000	1.0	0x3737cc54	1.0955223842756823e-05
3	123	0x3f800000	1.0	0x37141cc0	8.828181307762861e-06
3	124	0x3f800000	1.0	0x36eeb5d6	7.114121217455249e-06
3	125	0x3f800000	1.0	0x36c05ce2	5.732858880946878e-06
3	126	0x3f800000	1.0	0x369b039b	4.619779701897642e-06
3	127	0x3f800000	1.0	0x3679d572	3.7228132896416355e-06
4	0	0xbf275530	-0.6536436080932617	0xbf41bdcf	-0.756802499294281
4	1	0xbf7f24fe	-0.996658205986023	0xbda74a87	-0.08168511837720871
4	2	0xbf5b0954	-0.8556110858917236	0x3f0482b2	0.517619252204895
4	3	0xbeff77ea	-0.49896174669265747	0x3f5ddb12	0.8666239976882935
4	4	0xbded03c2	-0.11572982370853424	0x3f7e47a5	0.9932807087898254
4	5	0x3e56fa5c	0.20993942022323608	0x3f7a4b7e	0.9777144193649292
4	6	0x3eea5a32	0.4577193856239319	0x3f639bd8	0.889096736907959
4	7	0x3f229421	0.6350727677345276	0x3f45bf6f	0.7724522948265076
4	8	0x3f41ebed	0.7575061917304993	0x3f271fbc	0.6528279781341553
4	9	0x3f571531	0.8401671051979065	0x3f0ad5fc	0.5423276424407959
4	10	0x3f652bf0	0.8952016830444336	0x3ee42db7	0.4456612765789032
4	11	0x3f6e7809	0.931519091129303	0x3eba35e7	0.3636924922466278
4	12	0x3f7491c1	0.9553490281105042	0x3e974920	0.29547977447509766
4	13	0x3f788ebd	0.9709280133247375	0x3e751dd4	0.23937159776687622
4	14	0x3f7b28a5	0.9810889363288879	0x3e4633f5	0.19355757534503937
4	15	0x3f7cda4b	0.9877058863639832	0x3e201359	0.15632380545139313
4	16	0x3f7df469	0.9920106530189514	0x3e012e89	0.1261540800333023
4	17	0x3f7eabd5	0.9948094487190247	0x3dd06529	0.10175544768571854
4	18	0x3f7f2309	0.9966283440589905	0x3da80922	0.08204866945743561
4	19	0x3f7f707b	0.9978100657463074	0x3d8776b2	0.06614436209201813
4	20	0x3f7fa2ca	0.9985777139663696	0x3d5a616d	0.05331556871533394
4	21	0x3f7fc377	0.9990763068199158	0x3d300271	0.04297107830643654
4	22	0x3f7fd8b0	0.9994001388549805	0x3d0dd9ea	0.034631647169589996
4	23	0x3f7fe678	0.999610424041748	0x3ce4a2ac	0.027909599244594574
4	24	0x3f7fef6c	0.9997470378875732	0x3cb840a2	0.022491756826639175
4	25	0x3f7ff53c	0.999835729598999	0x3c947b99	0.018125342205166817
4	26	0x3f7ff902	0.999893307685852	0x3c6f4fe0	0.014606446027755737
4	27	0x3f7ffb76	0.999930739402771	0x3c40d9a1	0.011770636774599552
4	28	0x3f7ffd0d	0.9999549984931946	0x3c1b6874	0.009485352784395218
4	29	0x3f7ffe16	0.9999707937240601	0x3bfa7850	0.007643736898899078
4	30	0x3f7ffec2	0.9999810457229614	0x3bc9d708	0.006159666925668716
4	31	0x3f7fff31	0.9999876618385315	0x3ba2a6cb	0.004963730927556753
4	32	0x3f7fff7a	0.9999920129776001	0x3b831258	0.003999989479780197
4	33	0x3f7fffa9	0.9999948143959045	0x3b533f10	0.003223363310098648
4	34	0x3f7fffc8	0.9999966621398926	0x3b2a3b37	0.002597523620352149
4	35	0x3f7fffdc	0.9999978542327881	0x3b092dfb	0.0020931947510689497
4	36	0x3f7fffe8	0.9999985694885254	0x3add171e	0.0016867851372808218
4	37	0x3f7ffff1	0.9999991059303284	0x3ab229f7	0.0013592828763648868
4	38	0x3f7ffff6	0.9999994039535522	0x3a8f9270	0.0010953675955533981
4	39	0x3f7ffffa	0.9999996423721313	0x3a676490	0.0008826935663819313
4	40	0x3f7ffffc	0.9999997615814209	0x3a3a7752	0.0007113117026165128
4	41	0x3f7ffffe	0.9999998807907104	0x3a164323	0.0005732050049118698
4	42	0x3f7ffffe	0.9999998807907104	0x39f22ce1	0.0004619127430487424
4	43	0x3f7fffff	0.9999999403953552	0x39c327b5	0.0003722288238350302
4	44	0x3f7fffff	0.9999999403953552	0x399d43a4	0.0002999576972797513
4	45	0x3f800000	1.0	0x397d75d4	0.0002417185460217297
4	46	0x3f800000	1.0	0x394c3fbe	0.0001947870186995715
4	47	0x3f800000	1.0	0x392497ab	0.0001569675951031968
4	48	0x3f800000	1.0	0x3904a2b2	0.00012649109703488648
4	49	0x3f800000	1.0	0x38d5c441	0.00010193186608375981
4	50	0x3f800000	1.0	0x38ac431d	8.214099943870679e-05
4	51	0x3f800000	1.0	0x388ad0ed	6.619268242502585e-05
4	52	0x3f800000	1.0	0x385fba4f	5.334085653885268e-05
4	53	0x3f800000	1.0	0x38344a0e	4.2984313040506095e-05
4	54	0x3f800000	1.0	0x381148e3	3.463857501628809e-05
4	55	0x3f800000	1.0	0x37ea2732	2.791322549455799e-05
4	56	0x3f800000	1.0	0x37bcb0c1	2.249365388706792e-05
4	57	0x3f800000	1.0	0x37980e02	1.8126334907719865e-05
4	58	0x3f800000	1.0	0x37751070	1.4606965123675764e-05
4	59	0x3f800000	1.0	0x37457bab	1.1770908713515382e-05
4	60	0x3f800000	1.0	0x371f23e4	9.485494956606999e-06
4	61	0x3f800000	1.0	0x37003dec	7.643811841262504e-06
4	62	0x3f800000	1.0	0x36ceaf79	6.159706117614405e-06
4	63	0x3f800000	1.0	0x36a68e4c	4.963751052855514e-06
4	64	0xbf275530	-0.6536436080932617	0xbf41bdcf	-0.756802499294281
4	65	0xbf7f24fe	-0.996658205986023	0xbda74a87	-0.08168511837720871
4	66	0xbf5b0954	-0.8556110858917236	0x3f0482b2	0.517619252204895
4	67	0xbeff77ea	-0.49896174669265747	0x3f5ddb12	0.8666239976882935
4	68	0xbded03c2	-0.11572982370853424	0x3f7e47a5	0.9932807087898254
4	69	0x3e56fa5c	0.20993942022323608	0x3f7a4b7e	0.9777144193649292
4	70	0x3eea5a32	0.4577193856239319	0x3f639bd8	0.889096736907959
4	71	0x3f229421	0.6350727677345276	0x3f45bf6f	0.7724522948265076
4	72	0x3f41ebed	0.7575061917304993	0x3f271fbc	0.6528279781341553
4	73	0x3f571531	0.8401671051979065	0x3f0ad5fc	0.5423276424407959
4	74	0x3f652bf0	0.8952016830444336	0x3ee42db7	0.4456612765789032
4	75	0x3f6e7809	0.931519091129303	0x3eba35e7	0.3636924922466278
4	76	0x3f7491c1	0.9553490281105042	0x3e974920	0.29547977447509766
4	77	0x3f788ebd	0.9709280133247375	0x3e751dd4	0.23937159776687622
4	78	0x3f7b28a5	0.9810889363288879	0x3e4633f5	0.19355757534503937
4	79	0x3f7cda4b	0.9877058863639832	0x3e201359	0.15632380545139313
4	80	0x3f7df469	0.9920106530189514	0x3e012e89	0.1261540800333023
4	81	0x3f7eabd5	0.9948094487190247	0x3dd06529	0.10175544768571854
4	82	0x3f7f2309	0.9966283440589905	0x3da80922	0.08204866945743561
4	83	0x3f7f707b	0.9978100657463074	0x3d8776b2	0.06614436209201813
4	84	0x3f7fa2ca	0.9985777139663696	0x3d5a616d	0.05331556871533394
4	85	0x3f7fc377	0.9990763068199158	0x3d300271	0.04297107830643654
4	86	0x3f7fd8b0	0.9994001388549805	0x3d0dd9ea	0.034631647169589996
4	87	0x3f7fe678	0.999610424041748	0x3ce4a2ac	0.027909599244594574
4	88	0x3f7fef6c	0.9997470378875732	0x3cb840a2	0.022491756826639175
4	89	0x3f7ff53c	0.999835729598999	0x3c947b99	0.018125342205166817
4	90	0x3f7ff902	0.999893307685852	0x3c6f4fe0	0.014606446027755737
4	91	0x3f7ffb76	0.999930739402771	0x3c40d9a1	0.011770636774599552
4	92	0x3f7ffd0d	0.9999549984931946	0x3c1b6874	0.009485352784395218
4	93	0x3f7ffe16	0.9999707937240601	0x3bfa7850	0.007643736898899078
4	94	0x3f7ffec2	0.9999810457229614	0x3bc9d708	0.006159666925668716
4	95	0x3f7fff31	0.9999876618385315	0x3ba2a6cb	0.004963730927556753
4	96	0x3f7fff7a	0.9999920129776001	0x3b831258	0.003999989479780197
4	97	0x3f7fffa9	0.9999948143959045	0x3b533f10	0.003223363310098648
4	98	0x3f7fffc8	0.9999966621398926	0x3b2a3b37	0.002597523620352149
4	99	0x3f7fffdc	0.9999978542327881	0x3b092dfb	0.0020931947510689497
4	100	0x3f7fffe8	0.9999985694885254	0x3add171e	0.0016867851372808218
4	101	0x3f7ffff1	0.9999991059303284	0x3ab229f7	0.0013592828763648868
4	102	0x3f7ffff6	0.9999994039535522	0x3a8f9270	0.0010953675955533981
4	103	0x3f7ffffa	0.9999996423721313	0x3a676490	0.0008826935663819313
4	104	0x3f7ffffc	0.9999997615814209	0x3a3a7752	0.0007113117026165128
4	105	0x3f7ffffe	0.9999998807907104	0x3a164323	0.0005732050049118698
4	106	0x3f7ffffe	0.9999998807907104	0x39f22ce1	0.0004619127430487424
4	107	0x3f7fffff	0.9999999403953552	0x39c327b5	0.0003722288238350302
4	108	0x3f7fffff	0.9999999403953552	0x399d43a4	0.0002999576972797513
4	109	0x3f800000	1.0	0x397d75d4	0.0002417185460217297
4	110	0x3f800000	1.0	0x394c3fbe	0.0001947870186995715
4	111	0x3f800000	1.0	0x392497ab	0.0001569675951031968
4	112	0x3f800000	1.0	0x3904a2b2	0.00012649109703488648
4	113	0x3f800000	1.0	0x38d5c441	0.00010193186608375981
4	114	0x3f800000	1.0	0x38ac431d	8.214099943870679e-05
4	115	0x3f800000	1.0	0x388ad0ed	6.619268242502585e-05
4	116	0x3f800000	1.0	0x385fba4f	5.334085653885268e-05
4	117	0x3f800000	1.0	0x38344a0e	4.2984313040506095e-05
4	118	0x3f800000	1.0	0x381148e3	3.463857501628809e-05
4	119	0x3f800000	1.0	0x37ea2732	2.791322549455799e-05
4	120	0x3f800000	1.0	0x37bcb0c1	2.249365388706792e-05
4	121	0x3f800000	1.0	0x37980e02	1.8126334907719865e-05
4	122	0x3f800000	1.0	0x37751070	1.4606965123675764e-05
4	123	0x3f800000	1.0	0x37457bab	1.1770908713515382e-05
4	124	0x3f800000	1.0	0x371f23e4	9.485494956606999e-06
4	125	0x3f800000	1.0	0x37003dec	7.643811841262504e-06
4	126	0x3f800000	1.0	0x36ceaf79	6.159706117614405e-06
4	127	0x3f800000	1.0	0x36a68e4c	4.963751052855514e-06
5	0	0x3e913c2c	0.28366219997406006	0xbf757c10	-0.9589242935180664
5	1	0xbf219a51	-0.6312609314918518	0xbf468bca	-0.7755705118179321
5	2	0xbf7e94e5	-0.9944594502449036	0xbdd749a8	-0.1051209568977356
5	3	0xbf5d82b1	-0.8652754426002502	0x3f0054fc	0.5012967586517334
5	4	0xbf031c45	-0.5121501088142395	0x3f5be09b	0.8588959574699402
5	5	0xbe0306ec	-0.1279560923576355	0x3f7de548	0.9917798042297363
5	6	0x3e4d077e	0.2002238929271698	0x3f7ad0e8	0.9797501564025879
5	7	0x3ee6b41c	0.45059287548065186	0x3f6489ed	0.8927295804023743
5	8	0x3f214cf1	0.6300802826881409	0x3f46caab	0.7765299677848816
5	9	0x3f410d04	0.7541048526763916	0x3f282109	0.6567540764808655
5	10	0x3f567fee	0.837889552116394	0x3f0bbc28	0.545839786529541
5	11	0x3f64c915	0.8936932682991028	0x3ee5b92e	0.4486784338951111
5	12	0x3f6e3705	0.9305270314216614	0x3ebb819e	0.3662232756614685
5	13	0x3f74672f	0.9546994566917419	0x3e985b55	0.2975718080997467
5	14	0x3f7872f3	0.9705039858818054	0x3e76df03	0.24108509719371796
5	15	0x3f7b1689	0.9808126091957092	0x3e47a1c0	0.19495296478271484
5	16	0x3f7cce81	0.987525999546051	0x3e213c1f	0.1574559062719345
5	17	0x3f7decbf	0.9918937087059021	0x3e021ebc	0.1270703673362732
5	18	0x3f7ea6d9	0.9947333931922913	0x3dd1e965	0.1024959459900856
5	19	0x3f7f1fcc	0.9965789318084717	0x3da9428f	0.08264648169279099
5	20	0x3f7f6e61	0.9977779984474182	0x3d887392	0.06662668287754059
5	21	0x3f7fa16c	0.9985568523406982	0x3d5bf94b	0.05370454117655754
5	22	0x3f7fc294	0.9990627765655518	0x3d314b49	0.043284688144922256
5	23	0x3f7fd81d	0.9993913769721985	0x3d0ee300	0.03488445281982422
5	24	0x3f7fe619	0.9996047616004944	0x3ce64dfe	0.028113361448049545
5	25	0x3f7fef2e	0.9997433423995972	0x3cb99909	0.02265598066151142
5	26	0x3f7ff514	0.999833345413208	0x3c959128	0.018257692456245422
5	27	0x3f7ff8e8	0.9998917579650879	0x3c710f3c	0.014713104814291
5	28	0x3f7ffb65	0.9999297261238098	0x3c424226	0.011856591328978539
5	29	0x3f7ffd02	0.999954342842102	0x3c1c8afa	0.00955461896955967
5	30	0x3f7ffe0f	0.9999703764915466	0x3bfc4c90	0.007699556648731232
5	31	0x3f7ffebd	0.9999807476997375	0x3bcb5060	0.006204649806022644
5	32	0x3f7fff2f	0.9999875426292419	0x3ba3d6de	0.0049999793991446495
5	33	0x3f7fff78	0.9999918937683105	0x3b840762	0.004029200412333012
5	34	0x3f7fffa8	0.9999947547912598	0x3b54c9fc	0.0032469024881720543
5	35	0x3f7fffc7	0.9999966025352478	0x3b2b7975	0.0026164923328906298
5	36	0x3f7fffdb	0.9999977946281433	0x3b0a2e70	0.002108480781316757
5	37	0x3f7fffe8	0.9999985694885254	0x3adeb473	0.0016991033917292953
5	38	0x3f7ffff1	0.9999991059303284	0x3ab3770a	0.001369209261611104
5	39	0x3f7ffff6	0.9999994039535522	0x3a909ed9	0.0011033668415620923
5	40	0x3f7ffff9	0.9999995827674866	0x3a691526	0.0008891395991668105
5	41	0x3f7ffffc	0.9999997615814209	0x3a3bd3ec	0.0007165062706917524
5	42	0x3f7ffffd	0.9999998211860657	0x3a175c0c	0.00057739089243114
5	43	0x3f7ffffe	0.9999998807907104	0x39f3f1a1	0.0004652859934139997
5	44	0x3f7fffff	0.9999999403953552	0x39c4948d	0.0003749471215996891
5	45	0x3f7fffff	0.9999999403953552	0x399e69a4	0.0003021481679752469
5	46	0x3f800000	1.0	0x397f4fae	0.00024348378065042198
5	47	0x3f800000	1.0	0x394dbd96	0.0001962094975169748
5	48	0x3f800000	1.0	0x3925cb5e	0.00015811386401765049
5	49	0x3f800000	1.0	0x39059aa9	0.00012741483806166798
5	50	0x3f800000	1.0	0x38d753e4	0.00010267624747939408
5	51	0x3f800000	1.0	0x38ad8528	8.274085121229291e-05
5	52	0x3f800000	1.0	0x388bd471	6.667606794508174e-05
5	53	0x3f800000	1.0	0x38615c92	5.373039311962202e-05
5	54	0x3f800000	1.0	0x38359b1c	4.329821967985481e-05
5	55	0x3f800000	1.0	0x3812587f	3.489153095870279e-05
5	56	0x3f800000	1.0	0x37ebdcf1	2.811706690408755e-05
5	57	0x3f800000	1.0	0x37be1182	2.265791772515513e-05
5	58	0x3f800000	1.0	0x37992a46	1.8258706404594705e-05
5	59	0x3f800000	1.0	0x3776da96	1.4713636119267903e-05
5	60	0x3f800000	1.0	0x3746ecdd	1.1856868695758749e-05
5	61	0x3f800000	1.0	0x37204d67	9.55476480157813e-06
5	62	0x3f800000	1.0	0x37012dac	7.69963298807852e-06
5	63	0x3f800000	1.0	0x36d031df	6.2046888160693925e-06
5	64	0x3e913c2c	0.28366219997406006	0xbf757c10	-0.9589242935180664
5	65	0xbf219a51	-0.6312609314918518	0xbf468bca	-0.7755705118179321
5	66	0xbf7e94e5	-0.9944594502449036	0xbdd749a8	-0.1051209568977356
5	67	0xbf5d82b1	-0.8652754426002502	0x3f0054fc	0.5012967586517334
5	68	0xbf031c45	-0.5121501088142395	0x3f5be09b	0.8588959574699402
5	69	0xbe0306ec	-0.1279560923576355	0x3f7de548	0.9917798042297363
5	70	0x3e4d077e	0.2002238929271698	0x3f7ad0e8	0.9797501564025879
5	71	0x3ee6b41c	0.45059287548065186	0x3f6489ed	0.8927295804023743
5	72	0x3f214cf1	0.6300802826881409	0x3f46caab	0.7765299677848816
5	73	0x3f410d04	0.7541048526763916	0x3f282109	0.6567540764808655
5	74	0x3f567fee	0.837889552116394	0x3f0bbc28	0.545839786529541
5	75	0x3f64c915	0.8936932682991028	0x3ee5b92e	0.4486784338951111
5	76	0x3f6e3705	0.9305270314216614	0x3ebb819e	0.3662232756614685
5	77	0x3f74672f	0.9546994566917419	0x3e985b55	0.2975718080997467
5	78	0x3f7872f3	0.9705039858818054	0x3e76df03	0.24108509719371796
5	79	0x3f7b1689	0.9808126091957092	0x3e47a1c0	0.19495296478271484
5	80	0x3f7cce81	0.987525999546051	0x3e213c1f	0.1574559062719345
5	81	0x3f7decbf	0.9918937087059021	0x3e021ebc	0.1270703673362732
5	82	0x3f7ea6d9	0.9947333931922913	0x3dd1e965	0.1024959459900856
5	83	0x3f7f1fcc	0.9965789318084717	0x3da9428f	0.08264648169279099
5	84	0x3f7f6e61	0.9977779984474182	0x3d887392	0.06662668287754059
5	85	0x3f7fa16c	0.9985568523406982	0x3d5bf94b	0.05370454117655754
5	86	0x3f7fc294	0.9990627765655518	0x3d314b49	0.043284688144922256
5	87	0x3f7fd81d	0.9993913769721985	0x3d0ee300	0.03488445281982422
5	88	0x3f7fe619	0.9996047616004944	0x3ce64dfe	0.028113361448049545
5	89	0x3f7fef2e	0.9997433423995972	0x3cb99909	0.02265598066151142
5	90	0x3f7ff514	0.999833345413208	0x3c959128	0.018257692456245422
5	91	0x3f7ff8e8	0.9998917579650879	0x3c710f3c	0.014713104814291
5	92	0x3f7ffb65	0.9999297261238098	0x3c424226	0.011856591328978539
5	93	0x3f7ffd02	0.999954342842102	0x3c1c8afa	0.00955461896955967
5	94	0x3f7ffe0f	0.9999703764915466	0x3bfc4c90	0.007699556648731232
5	95	0x3f7ffebd	0.9999807476997375	0x3bcb5060	0.006204649806022644
5	96	0x3f7fff2f	0.9999875426292419	0x3ba3d6de	0.0049999793991446495
5	97	0x3f7fff78	0.9999918937683105	0x3b840762	0.004029200412333012
5	98	0x3f7fffa8	0.9999947547912598	0x3b54c9fc	0.0032469024881720543
5	99	0x3f7fffc7	0.9999966025352478	0x3b2b7975	0.0026164923328906298
5	100	0x3f7fffdb	0.9999977946281433	0x3b0a2e70	0.002108480781316757
5	101	0x3f7fffe8	0.9999985694885254	0x3adeb473	0.0016991033917292953
5	102	0x3f7ffff1	0.9999991059303284	0x3ab3770a	0.001369209261611104
5	103	0x3f7ffff6	0.9999994039535522	0x3a909ed9	0.0011033668415620923
5	104	0x3f7ffff9	0.9999995827674866	0x3a691526	0.0008891395991668105
5	105	0x3f7ffffc	0.9999997615814209	0x3a3bd3ec	0.0007165062706917524
5	106	0x3f7ffffd	0.9999998211860657	0x3a175c0c	0.00057739089243114
5	107	0x3f7ffffe	0.9999998807907104	0x39f3f1a1	0.0004652859934139997
5	108	0x3f7fffff	0.9999999403953552	0x39c4948d	0.0003749471215996891
5	109	0x3f7fffff	0.9999999403953552	0x399e69a4	0.0003021481679752469
5	110	0x3f800000	1.0	0x397f4fae	0.00024348378065042198
5	111	0x3f800000	1.0	0x394dbd96	0.0001962094975169748
5	112	0x3f800000	1.0	0x3925cb5e	0.00015811386401765049
5	113	0x3f800000	1.0	0x39059aa9	0.00012741483806166798
5	114	0x3f800000	1.0	0x38d753e4	0.00010267624747939408
5	115	0x3f800000	1.0	0x38ad8528	8.274085121229291e-05
5	116	0x3f800000	1.0	0x388bd471	6.667606794508174e-05
5	117	0x3f800000	1.0	0x38615c92	5.373039311962202e-05
5	118	0x3f800000	1.0	0x38359b1c	4.329821967985481e-05
5	119	0x3f800000	1.0	0x3812587f	3.489153095870279e-05
5	120	0x3f800000	1.0	0x37ebdcf1	2.811706690408755e-05
5	121	0x3f800000	1.0	0x37be1182	2.265791772515513e-05
5	122	0x3f800000	1.0	0x37992a46	1.8258706404594705e-05
5	123	0x3f800000	1.0	0x3776da96	1.4713636119267903e-05
5	124	0x3f800000	1.0	0x3746ecdd	1.1856868695758749e-05
5	125	0x3f800000	1.0	0x37204d67	9.55476480157813e-06
5	126	0x3f800000	1.0	0x37012dac	7.69963298807852e-06
5	127	0x3f800000	1.0	0x36d031df	6.2046888160693925e-06
6	0	0x3f75cdb8	0.9601702690124512	0xbe8f0f8c	-0.279415488243103
6	1	0x3dfa965a	0.1223570853471756	0xbf7e1392	-0.9924861192703247
6	2	0xbf3a7d9a	-0.7284790277481079	0xbf2f609f	-0.6850680708885193
6	3	0xbf7fffe5	-0.9999983906745911	0x3aeba509	0.0017978261457756162
6	4	0xbf519f53	-0.8188373446464539	0x3f12f357	0.574025571346283
6	5	0xbee705eb	-0.45121702551841736	0x3f647543	0.8924142718315125
6	6	0xbd93d9c1	-0.07219267636537552	0x3f7f54ff	0.9973906874656677
6	7	0x3e7a1f25	0.24425943195819855	0x3f783ee9	0.9697099328041077
6	8	0x3ef72f35	0.4827820360660553	0x3f603088	0.8757405281066895
6	9	0x3f270fb2	0.6525832414627075	0x3f41f9be	0.7577170133590698
6	10	0x3f44f87b	0.7694165110588074	0x3f2384f3	0.6387473940849304
6	11	0x3f591f50	0.8481340408325195	0x3f079fc6	0.529781699180603
6	12	0x3f668583	0.9004747271537781	0x3edeac4f	0.43490836024284363
6	13	0x3f6f5b38	0.9349856376647949	0x3eb5995c	0.3546856641769409
6	14	0x3f752675	0.9576180577278137	0x3e937a1c	0.28804099559783936
6	15	0x3f78efce	0.9724091291427612	0x3e6ee177	0.2332819551229477
6	16	0x3f7b67e3	0.9820539355278015	0x3e41206f	0.18860028684139252
6	17	0x3f7d0373	0.9883338809013367	0x3e1bf542	0.15230277180671692
6	18	0x3f7e0f2d	0.9924190640449524	0x3dfbb2fe	0.12289999425411224
6	19	0x3f7ebd3a	0.9950748682022095	0x3dcb028f	0.09912597388029099
6	20	0x3f7f2e56	0.9968007802963257	0x3da3b038	0.07992595434188843
6	21	0x3f7f77d3	0.9979221224784851	0x3d83f4d3	0.0644318088889122
6	22	0x3f7fa78f	0.9986504912376404	0x3d54b941	0.051934484392404556
6	23	0x3f7fc690	0.9991235733032227	0x3d2b72e0	0.04185760021209717
6	24	0x3f7fdab3	0.9994308352470398	0x3d0a2cbf	0.03373407945036888
6	25	0x3f7fe7c7	0.9996303915977478	0x3cdeb57f	0.027186153456568718
6	26	0x3f7ff045	0.9997599720954895	0x3cb379dd	0.021908694878220558
6	27	0x3f7ff5c9	0.9998441338539124	0x3c90a227	0.017655445262789726
6	28	0x3f7ff95e	0.9998987913131714	0x3c691b91	0.014227763749659061
6	29	0x3f7ffbb1	0.9999342560768127	0x3c3bd9a6	0.011465465649962425
6	30	0x3f7ffd34	0.9999573230743408	0x3c1760f8	0.009239427745342255
6	31	0x3f7ffe2f	0.9999722838401794	0x3bf3f9de	0.007445557974278927
6	32	0x3f7ffed2	0.9999819993972778	0x3bc49b59	0.0059999641962349415
6	33	0x3f7fff3c	0.999988317489624	0x3b9e6f36	0.004835034720599651
6	34	0x3f7fff81	0.9999924302101135	0x3b7f58bc	0.0038962801918387413
6	35	0x3f7fffad	0.9999950528144836	0x3b4dc4ed	0.0031397894490510225
6	36	0x3f7fffcb	0.9999968409538269	0x3b25d150	0.002530176192522049
6	37	0x3f7fffdd	0.9999979138374329	0x3b059f76	0.0020389235578477383
6	38	0x3f7fffea	0.9999986886978149	0x3ad75ba5	0.0016430510440841317
6	39	0x3f7ffff1	0.9999991059303284	0x3aad8b6b	0.0013240402331575751
6	40	0x3f7ffff7	0.999999463558197	0x3a8bd97c	0.0010669673793017864
6	41	0x3f7ffffa	0.9999996423721313	0x3a6164b4	0.0008598074782639742
6	42	0x3f7ffffc	0.9999997615814209	0x3a35a1a9	0.0006928691291250288
6	43	0x3f7ffffe	0.9999998807907104	0x3a125dc8	0.0005583432503044605
6	44	0x3f7fffff	0.9999999403953552	0x39ebe575	0.0004499365168157965
6	45	0x3f7fffff	0.9999999403953552	0x39be185f	0.00036257781903259456
6	46	0x3f7fffff	0.9999999403953552	0x39992fce	0.000292180513497442
6	47	0x3f800000	1.0	0x3976e380	0.00023545138537883759
6	48	0x3f800000	1.0	0x3946f40b	0.00018973664555232972
6	49	0x3f800000	1.0	0x39205331	0.00015289780276361853
6	50	0x3f800000	1.0	0x39013256	0.00012321150279603899
6	51	0x3f800000	1.0	0x38d03964	9.928902727551758e-05
6	52	0x3f800000	1.0	0x38a7cbbb	8.001128298928961e-05
6	53	0x3f800000	1.0	0x3887378a	6.447646592278033e-05
6	54	0x3f800000	1.0	0x3859ed54	5.195786070544273e-05
6	55	0x3f800000	1.0	0x382f9d66	4.186984006082639e-05
6	56	0x3f800000	1.0	0x380d8491	3.3740481740096584e-05
6	57	0x3f800000	1.0	0x37e41503	2.7189502361579798e-05
6	58	0x3f800000	1.0	0x37b7cc54	2.1910447685513645e-05
6	59	0x3f800000	1.0	0x37941cc0	1.7656362615525723e-05
6	60	0x3f800000	1.0	0x376eb5d6	1.4228242434910499e-05
6	61	0x3f800000	1.0	0x37405ce2	1.1465717761893757e-05
6	62	0x3f800000	1.0	0x371b039b	9.239559403795283e-06
6	63	0x3f800000	1.0	0x36f9d572	7.445626579283271e-06
6	64	0x3f75cdb8	0.9601702690124512	0xbe8f0f8c	-0.279415488243103
6	65	0x3dfa965a	0.1223570853471756	0xbf7e1392	-0.9924861192703247
6	66	0xbf3a7d9a	-0.7284790277481079	0xbf2f609f	-0.6850680708885193
6	67	0xbf7fffe5	-0.9999983906745911	0x3aeba509	0.0017978261457756162
6	68	0xbf519f53	-0.8188373446464539	0x3f12f357	0.574025571346283
6	69	0xbee705eb	-0.45121702551841736	0x3f647543	0.8924142718315125
6	70	0xbd93d9c1	-0.07219267636537552	0x3f7f54ff	0.9973906874656677
6	71	0x3e7a1f25	0.24425943195819855	0x3f783ee9	0.9697099328041077
6	72	0x3ef72f35	0.4827820360660553	0x3f603088	0.8757405281066895
6	73	0x3f270fb2	0.6525832414627075	0x3f41f9be	0.7577170133590698
6	74	0x3f44f87b	0.7694165110588074	0x3f2384f3	0.6387473940849304
6	75	0x3f591f50	0.8481340408325195	0x3f079fc6	0.529781699180603
6	76	0x3f668583	0.9004747271537781	0x3edeac4f	0.43490836024284363
6	77	0x3f6f5b38	0.9349856376647949	0x3eb5995c	0.3546856641769409
6	78	0x3f752675	0.9576180577278137	0x3e937a1c	0.28804099559783936
6	79	0x3f78efce	0.9724091291427612	0x3e6ee177	0.2332819551229477
6	80	0x3f7b67e3	0.9820539355278015	0x3e41206f	0.18860028684139252
6	81	0x3f7d0373	0.9883338809013367	0x3e1bf542	0.15230277180671692
6	82	0x3f7e0f2d	0.9924190640449524	0x3dfbb2fe	0.12289999425411224
6	83	0x3f7ebd3a	0.9950748682022095	0x3dcb028f	0.09912597388029099
6	84	0x3f7f2e56	0.9968007802963257	0x3da3b038	0.07992595434188843
6	85	0x3f7f77d3	0.9979221224784851	0x3d83f4d3	0.0644318088889122
6	86	0x3f7fa78f	0.9986504912376404	0x3d54b941	0.051934484392404556
6	87	0x3f7fc690	0.9991235733032227	0x3d2b72e0	0.04185760021209717
6	88	0x3f7fdab3	0.9994308352470398	0x3d0a2cbf	0.03373407945036888
6	89	0x3f7fe7c7	0.9996303915977478	0x3cdeb57f	0.027186153456568718
6	90	0x3f7ff045	0.9997599720954895	0x3cb379dd	0.021908694878220558
6	91	0x3f7ff5c9	0.9998441338539124	0x3c90a227	0.017655445262789726
6	92	0x3f7ff95e	0.9998987913131714	0x3c691b91	0.014227763749659061
6	93	0x3f7ffbb1	0.9999342560768127	0x3c3bd9a6	0.011465465649962425
6	94	0x3f7ffd34	0.9999573230743408	0x3c1760f8	0.009239427745342255
6	95	0x3f7ffe2f	0.9999722838401794	0x3bf3f9de	0.007445557974278927
6	96	0x3f7ffed2	0.9999819993972778	0x3bc49b59	0.0059999641962349415
6	97	0x3f7fff3c	0.999988317489624	0x3b9e6f36	0.004835034720599651
6	98	0x3f7fff81	0.9999924302101135	0x3b7f58bc	0.0038962801918387413
6	99	0x3f7fffad	0.9999950528144836	0x3b4dc4ed	0.0031397894490510225
6	100	0x3f7fffcb	0.9999968409538269	0x3b25d150	0.002530176192522049
6	101	0x3f7fffdd	0.9999979138374329	0x3b059f76	0.0020389235578477383
6	102	0x3f7fffea	0.9999986886978149	0x3ad75ba5	0.0016430510440841317
6	103	0x3f7ffff1	0.9999991059303284	0x3aad8b6b	0.0013240402331575751
6	104	0x3f7ffff7	0.999999463558197	0x3a8bd97c	0.0010669673793017864
6	105	0x3f7ffffa	0.9999996423721313	0x3a6164b4	0.0008598074782639742
6	106	0x3f7ffffc	0.9999997615814209	0x3a35a1a9	0.0006928691291250288
6	107	0x3f7ffffe	0.9999998807907104	0x3a125dc8	0.0005583432503044605
6	108	0x3f7fffff	0.9999999403953552	0x39ebe575	0.0004499365168157965
6	109	0x3f7fffff	0.9999999403953552	0x39be185f	0.00036257781903259456
6	110	0x3f7fffff	0.9999999403953552	0x39992fce	0.000292180513497442
6	111	0x3f800000	1.0	0x3976e380	0.00023545138537883759
6	112	0x3f800000	1.0	0x3946f40b	0.00018973664555232972
6	113	0x3f800000	1.0	0x39205331	0.00015289780276361853
6	114	0x3f800000	1.0	0x39013256	0.00012321150279603899
6	115	0x3f800000	1.0	0x38d03964	9.928902727551758e-05
6	116	0x3f800000	1.0	0x38a7cbbb	8.001128298928961e-05
6	117	0x3f800000	1.0	0x3887378a	6.447646592278033e-05
6	118	0x3f800000	1.0	0x3859ed54	5.195786070544273e-05
6	119	0x3f800000	1.0	0x382f9d66	4.186984006082639e-05
6	120	0x3f800000	1.0	0x380d8491	3.3740481740096584e-05
6	121	0x3f800000	1.0	0x37e41503	2.7189502361579798e-05
6	122	0x3f800000	1.0	0x37b7cc54	2.1910447685513645e-05
6	123	0x3f800000	1.0	0x37941cc0	1.7656362615525723e-05
6	124	0x3f800000	1.0	0x376eb5d6	1.4228242434910499e-05
6	125	0x3f800000	1.0	0x37405ce2	1.1465717761893757e-05
6	126	0x3f800000	1.0	0x371b039b	9.239559403795283e-06
6	127	0x3f800000	1.0	0x36f9d572	7.445626579283271e-06
7	0	0x3f40ffbd	0.7539022564888	0x3f283046	0.6569865942001343
7	1	0x3f4cfc63	0.8007261157035828	0xbf195a12	-0.599030613899231
7	2	0xbe29edd2	-0.16594627499580383	0xbf7c7354	-0.9861347675323486
7	3	0xbf5df871	-0.8670721650123596	0xbeff11c7	-0.4981825053691864
7	4	0xbf7b6821	-0.9820576310157776	0x3e411b5d	0.1885809451341629
7	5	0xbf390e21	-0.7228718400001526	0x3f30e435	0.6909821629524231
7	6	0xbeadaf77	-0.3392293155193329	0x3f70d1f5	0.9407036900520325
7	7	0x3cd5a4f5	0.026079634204506874	0x3f7fe9b6	0.9996598958969116
7	8	0x3ea3f8ba	0.3202570080757141	0x3f728444	0.9473307132720947
7	9	0x3f09a5a3	0.5376836657524109	0x3f57d875	0.8431466221809387
7	10	0x3f30d15a	0.6906944513320923	0x3f392025	0.7231467366218567
7	11	0x3f4b948e	0.7952355146408081	0x3f1b3685	0.6063006520271301
7	12	0x3f5d884e	0.8653610944747925	0x3f004b4b	0.5011488795280457
7	13	0x3f696f8f	0.9118584990501404	0x3ed22dad	0.4105047285556793
7	14	0x3f71452c	0.9424617290496826	0x3eab2b35	0.3343140184879303
7	15	0x3f7666f4	0.9625084400177002	0x3e8ae182	0.27125173807144165
7	16	0x3f79c0ea	0.9755998849868774	0x3e60d351	0.21955610811710358
7	17	0x3f7bf018	0.9841322898864746	0x3e35b1db	0.17743627727031708
7	18	0x3f7d5c13	0.9896861910820007	0x3e12b0b7	0.14325223863124847
7	19	0x3f7e48cd	0.993298351764679	0x3decb453	0.1155783161520958
7	20	0x3f7ee2ae	0.9956463575363159	0x3dbee569	0.09321100264787674
7	21	0x3f7f46ac	0.9971721172332764	0x3d99e919	0.07515162974596024
7	22	0x3f7f87a2	0.9981633424758911	0x3d782324	0.06058038771152496
7	23	0x3f7fb1d4	0.9988071918487549	0x3d48009f	0.048828717321157455
7	24	0x3f7fcd3b	0.9992253184318542	0x3d21315f	0.03935372456908226
7	25	0x3f7fdf08	0.9994969367980957	0x3d01e864	0.031715765595436096
7	26	0x3f7fea97	0.9996733069419861	0x3cd161f5	0.025559404864907265
7	27	0x3f7ff219	0.9997878670692444	0x3ca8bc5e	0.020597632974386215
7	28	0x3f7ff6f9	0.9998622536659241	0x3c87fa52	0.016598854213953018
7	29	0x3f7ffa23	0.9999105334281921	0x3c5b2826	0.013376271352171898
7	30	0x3f7ffc31	0.999941885471344	0x3c309b90	0.010779276490211487
7	31	0x3f7ffd87	0.9999622702598572	0x3c0e51a3	0.008686455897986889
7	32	0x3f7ffe65	0.9999755024909973	0x3be55fc7	0.0069999429397284985
7	33	0x3f7ffef5	0.999984085559845	0x3bb8d703	0.00564086576923728
7	34	0x3f7fff53	0.9999896883964539	0x3b94f3ba	0.004545656032860279
7	35	0x3f7fff90	0.9999933242797852	0x3b701061	0.0036630856338888407
7	36	0x3f7fffb7	0.9999956488609314	0x3b41742e	0.0029518711380660534
7	37	0x3f7fffd1	0.9999971985816956	0x3b1be4b2	0.0023787436075508595
7	38	0x3f7fffe1	0.999998152256012	0x3afb403e	0.0019168925937265158
7	39	0x3f7fffec	0.9999988079071045	0x3aca77fb	0.0015447133919224143
7	40	0x3f7ffff3	0.9999992251396179	0x3aa32866	0.0012447952758520842
7	41	0x3f7ffff8	0.9999995231628418	0x3a837abf	0.0010031088022515178
7	42	0x3f7ffffb	0.9999997019767761	0x3a53e744	0.0008083472494035959
7	43	0x3f7ffffd	0.9999998211860657	0x3a2ac2bd	0.0006514003616757691
7	44	0x3f7ffffe	0.9999998807907104	0x3a099b30	0.0005249259993433952
7	45	0x3f7fffff	0.9999999403953552	0x39ddc71a	0.0004230074700899422
7	46	0x3f7fffff	0.9999999403953552	0x39b2b7c6	0.0003408772754482925
7	47	0x3f800000	1.0	0x399004b6	0.0002746933023445308
7	48	0x3f800000	1.0	0x39681cb8	0.00022135942708700895
7	49	0x3f800000	1.0	0x393b0bb9	0.00017838076746556908
7	50	0x3f800000	1.0	0x3916bab9	0.00014374674356076866
7	51	0x3f800000	1.0	0x38f2ed9f	0.00011583719606278464
7	52	0x3f800000	1.0	0x38c3c305	9.334649803349748e-05
7	53	0x3f800000	1.0	0x389dc0cc	7.522254600189626e-05
7	54	0x3f800000	1.0	0x387e3f8d	6.061750536900945e-05
7	55	0x3f800000	1.0	0x384ce24c	4.884814552497119e-05
7	56	0x3f800000	1.0	0x38251aa9	3.9363894757116213e-05
7	57	0x3f800000	1.0	0x38050c42	3.1721086998004466e-05
7	58	0x3f800000	1.0	0x37d66e62	2.5562188966432586e-05
7	59	0x3f800000	1.0	0x37accc36	2.0599090930772945e-05
7	60	0x3f800000	1.0	0x378b3f68	1.659961708355695e-05
7	61	0x3f800000	1.0	0x37606c5d	1.3376670722209383e-05
7	62	0x3f800000	1.0	0x3734d98a	1.0779485819512047e-05
7	63	0x3f800000	1.0	0x3711bc82	8.686563887749799e-06
7	64	0x3f40ffbd	0.7539022564888	0x3f283046	0.6569865942001343
7	65	0x3f4cfc63	0.8007261157035828	0xbf195a12	-0.599030613899231
7	66	0xbe29edd2	-0.16594627499580383	0xbf7c7354	-0.9861347675323486
7	67	0xbf5df871	-0.8670721650123596	0xbeff11c7	-0.4981825053691864
7	68	0xbf7b6821	-0.9820576310157776	0x3e411b5d	0.1885809451341629
7	69	0xbf390e21	-0.7228718400001526	0x3f30e435	0.6909821629524231
7	70	0xbeadaf77	-0.3392293155193329	0x3f70d1f5	0.9407036900520325
7	71	0x3cd5a4f5	0.026079634204506874	0x3f7fe9b6	0.9996598958969116
7	72	0x3ea3f8ba	0.3202570080757141	0x3f728444	0.9473307132720947
7	73	0x3f09a5a3	0.5376836657524109	0x3f57d875	0.8431466221809387
7	74	0x3f30d15a	0.6906944513320923	0x3f392025	0.7231467366218567
7	75	0x3f4b948e	0.7952355146408081	0x3f1b3685	0.6063006520271301
7	76	0x3f5d884e	0.8653610944747925	0x3f004b4b	0.5011488795280457
7	77	0x3f696f8f	0.9118584990501404	0x3ed22dad	0.4105047285556793
7	78	0x3f71452c	0.9424617290496826	0x3eab2b35	0.3343140184879303
7	79	0x3f7666f4	0.9625084400177002	0x3e8ae182	0.27125173807144165
7	80	0x3f79c0ea	0.9755998849868774	0x3e60d351	0.21955610811710358
7	81	0x3f7bf018	0.9841322898864746	0x3e35b1db	0.17743627727031708
7	82	0x3f7d5c13	0.9896861910820007	0x3e12b0b7	0.14325223863124847
7	83	0x3f7e48cd	0.993298351764679	0x3decb453	0.1155783161520958
7	84	0x3f7ee2ae	0.9956463575363159	0x3dbee569	0.09321100264787674
7	85	0x3f7f46ac	0.9971721172332764	0x3d99e919	0.07515162974596024
7	86	0x3f7f87a2	0.9981633424758911	0x3d782324	0.06058038771152496
7	87	0x3f7fb1d4	0.9988071918487549	0x3d48009f	0.048828717321157455
7	88	0x3f7fcd3b	0.9992253184318542	0x3d21315f	0.03935372456908226
7	89	0x3f7fdf08	0.9994969367980957	0x3d01e864	0.031715765595436096
7	90	0x3f7fea97	0.9996733069419861	0x3cd161f5	0.025559404864907265
7	91	0x3f7ff219	0.9997878670692444	0x3ca8bc5e	0.020597632974386215
7	92	0x3f7ff6f9	0.9998622536659241	0x3c87fa52	0.016598854213953018
7	93	0x3f7ffa23	0.9999105334281921	0x3c5b2826	0.013376271352171898
7	94	0x3f7ffc31	0.999941885471344	0x3c309b90	0.010779276490211487
7	95	0x3f7ffd87	0.9999622702598572	0x3c0e51a3	0.008686455897986889
7	96	0x3f7ffe65	0.9999755024909973	0x3be55fc7	0.0069999429397284985
7	97	0x3f7ffef5	0.999984085559845	0x3bb8d703	0.00564086576923728
7	98	0x3f7fff53	0.9999896883964539	0x3b94f3ba	0.004545656032860279
7	99	0x3f7fff90	0.9999933242797852	0x3b701061	0.0036630856338888407
7	100	0x3f7fffb7	0.9999956488609314	0x3b41742e	0.0029518711380660534
7	101	0x3f7fffd1	0.9999971985816956	0x3b1be4b2	0.0023787436075508595
7	102	0x3f7fffe1	0.999998152256012	0x3afb403e	0.0019168925937265158
7	103	0x3f7fffec	0.9999988079071045	0x3aca77fb	0.0015447133919224143
7	104	0x3f7ffff3	0.9999992251396179	0x3aa32866	0.0012447952758520842
7	105	0x3f7ffff8	0.9999995231628418	0x3a837abf	0.0010031088022515178
7	106	0x3f7ffffb	0.9999997019767761	0x3a53e744	0.0008083472494035959
7	107	0x3f7ffffd	0.9999998211860657	0x3a2ac2bd	0.0006514003616757691
7	108	0x3f7ffffe	0.9999998807907104	0x3a099b30	0.0005249259993433952
7	109	0x3f7fffff	0.9999999403953552	0x39ddc71a	0.0004230074700899422
7	110	0x3f7fffff	0.9999999403953552	0x39b2b7c6	0.0003408772754482925
7	111	0x3f800000	1.0	0x399004b6	0.0002746933023445308
7	112	0x3f800000	1.0	0x39681cb8	0.00022135942708700895
7	113	0x3f800000	1.0	0x393b0bb9	0.00017838076746556908
7	114	0x3f800000	1.0	0x3916bab9	0.00014374674356076866
7	115	0x3f800000	1.0	0x38f2ed9f	0.00011583719606278464
7	116	0x3f800000	1.0	0x38c3c305	9.334649803349748e-05
7	117	0x3f800000	1.0	0x389dc0cc	7.522254600189626e-05
7	118	0x3f800000	1.0	0x387e3f8d	6.061750536900945e-05
7	119	0x3f800000	1.0	0x384ce24c	4.884814552497119e-05
7	120	0x3f800000	1.0	0x38251aa9	3.9363894757116213e-05
7	121	0x3f800000	1.0	0x38050c42	3.1721086998004466e-05
7	122	0x3f800000	1.0	0x37d66e62	2.5562188966432586e-05
7	123	0x3f800000	1.0	0x37accc36	2.0599090930772945e-05
7	124	0x3f800000	1.0	0x378b3f68	1.659961708355695e-05
7	125	0x3f800000	1.0	0x37606c5d	1.3376670722209383e-05
7	126	0x3f800000	1.0	0x3734d98a	1.0779485819512047e-05
7	127	0x3f800000	1.0	0x3711bc82	8.686563887749799e-06
8	0	0xbe14fdf6	-0.1455000340938568	0x3f7d4695	0.9893582463264465
8	1	0x3f7c956d	0.986655056476593	0x3e26bb68	0.16282427310943604
8	2	0x3eeda3d6	0.4641405940055847	0xbf62c145	-0.885761559009552
8	3	0xbf0087f2	-0.5020743608474731	0xbf5d6523	-0.8648244738578796
8	4	0xbf792480	-0.9732131958007812	0xbe6b6c10	-0.2299044132232666
8	5	0xbf696f0f	-0.9118508696556091	0x3ed22fe3	0.41052159667015076
8	6	0xbf14bb7e	-0.5809859037399292	0x3f505ca4	0.8139135837554932
8	7	0xbe460182	-0.19336512684822083	0x3f7b2b21	0.9811268448829651
8	8	0x3e172ca3	0.1476312130689621	0x3f7d31e3	0.9890424609184265
8	9	0x3ed2d268	0.4117615222930908	0x3f694a69	0.9112916588783264
8	10	0x3f1a4f45	0.602772057056427	0x3f4c440e	0.7979134321212769
8	11	0x3f3c46d0	0.7354555130004883	0x3f2d756d	0.677573025226593
8	12	0x3f534c54	0.8253834247589111	0x3f1087d4	0.5645725727081299
8	13	0x3f62a9bd	0.885402500629425	0x3eedfd91	0.46482518315315247
8	14	0x3f6cd173	0.9250709414482117	0x3ec27469	0.3797943890094757
8	15	0x3f737cfa	0.9511257410049438	0x3e9e1b8b	0.30880388617515564
8	16	0x3f77da02	0.9681702852249146	0x3e802652	0.2502923607826233
8	17	0x3f7ab2dc	0.9792916774749756	0x3e4f5040	0.2024545669555664
8	18	0x3f7c8da0	0.9865360260009766	0x3e277817	0.16354404389858246
8	19	0x3f7dc28d	0.9912498593330383	0x3e072ac0	0.13199901580810547
8	20	0x3f7e8b6c	0.9943149089813232	0x3dda11ea	0.10647948086261749
8	21	0x3f7f0df9	0.9963069558143616	0x3dafd8d2	0.08586277067661285
8	22	0x3f7f62cc	0.9976012706756592	0x3d8dc421	0.06922174245119095
8	23	0x3f7f99e7	0.9984421133995056	0x3d648bdf	0.055797453969717026
8	24	0x3f7fbdb1	0.9989882111549377	0x3d3834b3	0.04497213289141655
8	25	0x3f7fd4f1	0.9993429780006409	0x3d14755b	0.03624473139643669
8	26	0x3f7fe409	0.999573290348053	0x3cef4957	0.02920977585017681
8	27	0x3f7fedd7	0.9997228980064392	0x3cc0d636	0.023539643734693527
8	28	0x3f7ff435	0.9998200535774231	0x3c9b66aa	0.018969852477312088
8	29	0x3f7ff858	0.9998831748962402	0x3c7a7671	0.015287027694284916
8	30	0x3f7ffb07	0.9999241232872009	0x3c49d60d	0.012319100089371204
8	31	0x3f7ffcc5	0.9999507069587708	0x3c22a648	0.009927339851856232
8	32	0x3f7ffde7	0.9999679923057556	0x3c031213	0.007999914698302746
8	33	0x3f7ffea4	0.9999792575836182	0x3bd33ec8	0.00644669309258461
8	34	0x3f7fff1e	0.9999865293502808	0x3baa3b12	0.005195030011236668
8	35	0x3f7fff6d	0.999991238117218	0x3b892de8	0.0041863806545734406
8	36	0x3f7fffa1	0.9999943375587463	0x3b5d170a	0.0033735656179487705
8	37	0x3f7fffc2	0.9999963045120239	0x3b3229ed	0.002718563424423337
8	38	0x3f7fffd8	0.999997615814209	0x3b0f926a	0.0021907337941229343
8	39	0x3f7fffe6	0.9999984502792358	0x3ae7648a	0.0017653864342719316
8	40	0x3f7fffef	0.9999989867210388	0x3aba774f	0.00142262305598706
8	41	0x3f7ffff5	0.9999993443489075	0x3a964322	0.0011464098934084177
8	42	0x3f7ffff9	0.9999995827674866	0x3a722ce0	0.0009238254278898239
8	43	0x3f7ffffc	0.9999997615814209	0x3a4327b4	0.0007444575894623995
8	44	0x3f7ffffd	0.9999998211860657	0x3a1d43a3	0.0005999153363518417
8	45	0x3f7ffffe	0.9999998807907104	0x39fd75d3	0.00048343706293962896
8	46	0x3f7fffff	0.9999999403953552	0x39cc3fbe	0.000389574037399143
8	47	0x3f7fffff	0.9999999403953552	0x39a497ab	0.0003139351902063936
8	48	0x3f800000	1.0	0x3984a2b2	0.00025298219406977296
8	49	0x3f800000	1.0	0x3955c441	0.00020386373216751963
8	50	0x3f800000	1.0	0x392c431d	0.00016428199887741357
8	51	0x3f800000	1.0	0x390ad0ed	0.0001323853648500517
8	52	0x3f800000	1.0	0x38dfba4f	0.00010668171307770535
8	53	0x3f800000	1.0	0x38b44a0e	8.596862608101219e-05
8	54	0x3f800000	1.0	0x389148e3	6.927715003257617e-05
8	55	0x3f800000	1.0	0x386a2732	5.582645098911598e-05
8	56	0x3f800000	1.0	0x383cb0c1	4.498730777413584e-05
8	57	0x3f800000	1.0	0x38180e02	3.625266981543973e-05
8	58	0x3f800000	1.0	0x37f51070	2.9213930247351527e-05
8	59	0x3f800000	1.0	0x37c57bab	2.3541817427030765e-05
8	60	0x3f800000	1.0	0x379f23e4	1.8970989913213998e-05
8	61	0x3f800000	1.0	0x37803dec	1.528762368252501e-05
8	62	0x3f800000	1.0	0x374eaf79	1.231941223522881e-05
8	63	0x3f800000	1.0	0x37268e4c	9.927502105711028e-06
8	64	0xbe14fdf6	-0.1455000340938568	0x3f7d4695	0.9893582463264465
8	65	0x3f7c956d	0.986655056476593	0x3e26bb68	0.16282427310943604
8	66	0x3eeda3d6	0.4641405940055847	0xbf62c145	-0.885761559009552
8	67	0xbf0087f2	-0.5020743608474731	0xbf5d6523	-0.8648244738578796
8	68	0xbf792480	-0.9732131958007812	0xbe6b6c10	-0.2299044132232666
8	69	0xbf696f0f	-0.9118508696556091	0x3ed22fe3	0.41052159667015076
8	70	0xbf14bb7e	-0.5809859037399292	0x3f505ca4	0.8139135837554932
8	71	0xbe460182	-0.19336512684822083	0x3f7b2b21	0.9811268448829651
8	72	0x3e172ca3	0.1476312130689621	0x3f7d31e3	0.9890424609184265
8	73	0x3ed2d268	0.4117615222930908	0x3f694a69	0.9112916588783264
8	74	0x3f1a4f45	0.602772057056427	0x3f4c440e	0.7979134321212769
8	75	0x3f3c46d0	0.7354555130004883	0x3f2d756d	0.677573025226593
8	76	0x3f534c54	0.8253834247589111	0x3f1087d4	0.5645725727081299
8	77	0x3f62a9bd	0.885402500629425	0x3eedfd91	0.46482518315315247
8	78	0x3f6cd173	0.9250709414482117	0x3ec27469	0.3797943890094757
8	79	0x3f737cfa	0.9511257410049438	0x3e9e1b8b	0.30880388617515564
8	80	0x3f77da02	0.9681702852249146	0x3e802652	0.2502923607826233
8	81	0x3f7ab2dc	0.9792916774749756	0x3e4f5040	0.2024545669555664
8	82	0x3f7c8da0	0.9865360260009766	0x3e277817	0.16354404389858246
8	83	0x3f7dc28d	0.9912498593330383	0x3e072ac0	0.13199901580810547
8	84	0x3f7e8b6c	0.9943149089813232	0x3dda11ea	0.10647948086261749
8	85	0x3f7f0df9	0.9963069558143616	0x3dafd8d2	0.08586277067661285
8	86	0x3f7f62cc	0.9976012706756592	0x3d8dc421	0.06922174245119095
8	87	0x3f7f99e7	0.9984421133995056	0x3d648bdf	0.055797453969717026
8	88	0x3f7fbdb1	0.9989882111549377	0x3d3834b3	0.04497213289141655
8	89	0x3f7fd4f1	0.9993429780006409	0x3d14755b	0.03624473139643669
8	90	0x3f7fe409	0.999573290348053	0x3cef4957	0.02920977585017681
8	91	0x3f7fedd7	0.9997228980064392	0x3cc0d636	0.023539643734693527
8	92	0x3f7ff435	0.9998200535774231	0x3c9b66aa	0.018969852477312088
8	93	0x3f7ff858	0.9998831748962402	0x3c7a7671	0.015287027694284916
8	94	0x3f7ffb07	0.9999241232872009	0x3c49d60d	0.012319100089371204
8	95	0x3f7ffcc5	0.9999507069587708	0x3c22a648	0.009927339851856232
8	96	0x3f7ffde7	0.9999679923057556	0x3c031213	0.007999914698302746
8	97	0x3f7ffea4	0.9999792575836182	0x3bd33ec8	0.00644669309258461
8	98	0x3f7fff1e	0.9999865293502808	0x3baa3b12	0.005195030011236668
8	99	0x3f7fff6d	0.999991238117218	0x3b892de8	0.0041863806545734406
8	100	0x3f7fffa1	0.9999943375587463	0x3b5d170a	0.0033735656179487705
8	101	0x3f7fffc2	0.9999963045120239	0x3b3229ed	0.002718563424423337
8	102	0x3f7fffd8	0.999997615814209	0x3b0f926a	0.0021907337941229343
8	103	0x3f7fffe6	0.9999984502792358	0x3ae7648a	0.0017653864342719316
8	104	0x3f7fffef	0.9999989867210388	0x3aba774f	0.00142262305598706
8	105	0x3f7ffff5	0.9999993443489075	0x3a964322	0.0011464098934084177
8	106	0x3f7ffff9	0.9999995827674866	0x3a722ce0	0.0009238254278898239
8	107	0x3f7ffffc	0.9999997615814209	0x3a4327b4	0.0007444575894623995
8	108	0x3f7ffffd	0.9999998211860657	0x3a1d43a3	0.0005999153363518417
8	109	0x3f7ffffe	0.9999998807907104	0x39fd75d3	0.00048343706293962896
8	110	0x3f7fffff	0.9999999403953552	0x39cc3fbe	0.000389574037399143
8	111	0x3f7fffff	0.9999999403953552	0x39a497ab	0.0003139351902063936
8	112	0x3f800000	1.0	0x3984a2b2	0.00025298219406977296
8	113	0x3f800000	1.0	0x3955c441	0.00020386373216751963
8	114	0x3f800000	1.0	0x392c431d	0.00016428199887741357
8	115	0x3f800000	1.0	0x390ad0ed	0.0001323853648500517
8	116	0x3f800000	1.0	0x38dfba4f	0.00010668171307770535
8	117	0x3f800000	1.0	0x38b44a0e	8.596862608101219e-05
8	118	0x3f800000	1.0	0x389148e3	6.927715003257617e-05
8	119	0x3f800000	1.0	0x386a2732	5.582645098911598e-05
8	120	0x3f800000	1.0	0x383cb0c1	4.498730777413584e-05
8	121	0x3f800000	1.0	0x38180e02	3.625266981543973e-05
8	122	0x3f800000	1.0	0x37f51070	2.9213930247351527e-05
8	123	0x3f800000	1.0	0x37c57bab	2.3541817427030765e-05
8	124	0x3f800000	1.0	0x379f23e4	1.8970989913213998e-05
8	125	0x3f800000	1.0	0x37803dec	1.528762368252501e-05
8	126	0x3f800000	1.0	0x374eaf79	1.231941223522881e-05
8	127	0x3f800000	1.0	0x37268e4c	9.927502105711028e-06
9	0	0xbf693fd5	-0.9111302495002747	0x3ed30132	0.41211849451065063
9	1	0x3f10d82d	0.5657985806465149	0x3f531548	0.8245434761047363
9	2	0x3f67c0a3	0.9052831530570984	0xbed98087	-0.42480871081352234
9	3	0xbb30b7bf	-0.0026964989956468344	0xbf7fffc3	-0.9999963641166687
9	4	0xbf4b3a01	-0.7938538193702698	0xbf1bad02	-0.608108639717102
9	5	0xbf7f1d46	-0.9965404272079468	0x3daa3523	0.08310916274785995
9	6	0xbf4789c9	-0.7794461846351624	0x3f206048	0.6264691352844238
9	7	0xbece8e9c	-0.40343177318573	0x3f6a3e14	0.9150097370147705
9	8	0xbcf2e63a	-0.029650796204805374	0x3f7fe32f	0.9995602965354919
9	9	0x3e8e0723	0.2773981988430023	0x3f75f40b	0.9607550501823425
9	10	0x3f01befe	0.506820559501648	0x3f5caf6a	0.8620516061782837
9	11	0x3f2b57fd	0.6693113446235657	0x3f3e3412	0.742982029914856
9	12	0x3f47e050	0.780766487121582	0x3f1ff466	0.6248229742050171
9	13	0x3f5b1016	0.8557142019271851	0x3f047785	0.5174487233161926
9	14	0x3f67cdfd	0.9054868817329407	0x3ed94797	0.4243743121623993
9	15	0x3f703306	0.9382785558700562	0x3eb11742	0.34588056802749634
9	16	0x3f75b3a9	0.9597726464271545	0x3e8fc22e	0.28077834844589233
9	17	0x3f794bf3	0.9738151431083679	0x3e68cc2e	0.22734138369560242
9	18	0x3f7ba3ea	0.9829698801040649	0x3e3c2d64	0.1837669014930725
9	19	0x3f7d2a82	0.9889298677444458	0x3e17f1dd	0.14838357269763947
9	20	0x3f7e2893	0.992806613445282	0x3df5347d	0.11972901970148087
9	21	0x3f7ecdbc	0.9953267574310303	0x3dc5c359	0.09656400233507156
9	22	0x3f7f3910	0.9969644546508789	0x3d9f73f8	0.07785791158676147
9	23	0x3f7f7eca	0.9980283975601196	0x3d808a22	0.06276346743106842
9	24	0x3f7fac16	0.9987195730209351	0x3d4f3689	0.05058911815285683
9	25	0x3f7fc981	0.9991684556007385	0x3d270189	0.040772948414087296
9	26	0x3f7fdc9c	0.999459981918335	0x3d0697f4	0.03285975754261017
9	27	0x3f7fe904	0.9996492862701416	0x3cd8efa0	0.026481449604034424
9	28	0x3f7ff113	0.9997722506523132	0x3caed2c9	0.02134074456989765
9	29	0x3f7ff64f	0.9998521208763123	0x3c8ce240	0.017197728157043457
9	30	0x3f7ff9b5	0.9999039769172668	0x3c63106c	0.013858895748853683
9	31	0x3f7ffbea	0.9999376535415649	0x3c36fadd	0.01116820890456438
9	32	0x3f7ffd59	0.9999595284461975	0x3c13743b	0.008999879471957684
9	33	0x3f7ffe47	0.999973714351654	0x3beda684	0.007252516224980354
9	34	0x3f7ffee2	0.9999829530715942	0x3bbf8265	0.00584440166130662
9	35	0x3f7fff46	0.9999889135360718	0x3b9a539d	0.004709674511104822
9	36	0x3f7fff87	0.9999927878379822	0x3b78b9e3	0.0037952593993395567
9	37	0x3f7fffb2	0.9999953508377075	0x3b486f26	0.003058382775634527
9	38	0x3f7fffcd	0.9999969601631165	0x3b2184b5	0.002464574994519353
9	39	0x3f7fffdf	0.9999980330467224	0x3b02288c	0.001986059360206127
9	40	0x3f7fffeb	0.9999987483024597	0x3ad1c637	0.0016004507197067142
9	41	0x3f7ffff2	0.9999991655349731	0x3aa90b85	0.0012897109845653176
9	42	0x3f7ffff7	0.999999463558197	0x3a88393d	0.00103930348996073
9	43	0x3f7ffffa	0.9999996423721313	0x3a5b8caa	0.000837514759041369
9	44	0x3f7ffffc	0.9999997615814209	0x3a30ec17	0.0006749047315679491
9	45	0x3f7ffffe	0.9999998807907104	0x3a0e9247	0.0005438667139969766
9	46	0x3f7fffff	0.9999999403953552	0x39e5c7b6	0.00043827079934999347
9	47	0x3f7fffff	0.9999999403953552	0x39b92aa0	0.0003531770780682564
9	48	0x3f800000	1.0	0x39953708	0.00028460496105253696
9	49	0x3f800000	1.0	0x39707cc9	0.00022934669686947018
9	50	0x3f800000	1.0	0x3941cb81	0.00018481725419405848
9	51	0x3f800000	1.0	0x391c2b0b	0.00014893354091327637
9	52	0x3f800000	1.0	0x38fbb199	0.00012001692812191322
9	53	0x3f800000	1.0	0x38cad350	9.671470616012812e-05
9	54	0x3f800000	1.0	0x38a371ff	7.793679105816409e-05
9	55	0x3f800000	1.0	0x3883b60c	6.280475645326078e-05
9	56	0x3f800000	1.0	0x385446d9	5.061072079115547e-05
9	57	0x3f800000	1.0	0x382b0fc2	4.0784252632874995e-05
9	58	0x3f800000	1.0	0x3809d93f	3.286567152827047e-05
9	59	0x3f800000	1.0	0x37de2b20	2.6484543923288584e-05
9	60	0x3f800000	1.0	0x37b30860	2.1342362742871046e-05
9	61	0x3f800000	1.0	0x379045aa	1.7198577552335337e-05
9	62	0x3f800000	1.0	0x37688568	1.3859338650945574e-05
9	63	0x3f800000	1.0	0x373b6016	1.1168440323672257e-05
9	64	0xbf693fd5	-0.9111302495002747	0x3ed30132	0.41211849451065063
9	65	0x3f10d82d	0.5657985806465149	0x3f531548	0.8245434761047363
9	66	0x3f67c0a3	0.9052831530570984	0xbed98087	-0.42480871081352234
9	67	0xbb30b7bf	-0.0026964989956468344	0xbf7fffc3	-0.9999963641166687
9	68	0xbf4b3a01	-0.7938538193702698	0xbf1bad02	-0.608108639717102
9	69	0xbf7f1d46	-0.9965404272079468	0x3daa3523	0.08310916274785995
9	70	0xbf4789c9	-0.7794461846351624	0x3f206048	0.6264691352844238
9	71	0xbece8e9c	-0.40343177318573	0x3f6a3e14	0.9150097370147705
9	72	0xbcf2e63a	-0.029650796204805374	0x3f7fe32f	0.9995602965354919
9	73	0x3e8e0723	0.2773981988430023	0x3f75f40b	0.9607550501823425
9	74	0x3f01befe	0.506820559501648	0x3f5caf6a	0.8620516061782837
9	75	0x3f2b57fd	0.6693113446235657	0x3f3e3412	0.742982029914856
9	76	0x3f47e050	0.780766487121582	0x3f1ff466	0.6248229742050171
9	77	0x3f5b1016	0.8557142019271851	0x3f047785	0.5174487233161926
9	78	0x3f67cdfd	0.9054868817329407	0x3ed94797	0.4243743121623993
9	79	0x3f703306	0.9382785558700562	0x3eb11742	0.34588056802749634
9	80	0x3f75b3a9	0.9597726464271545	0x3e8fc22e	0.28077834844589233
9	81	0x3f794bf3	0.9738151431083679	0x3e68cc2e	0.22734138369560242
9	82	0x3f7ba3ea	0.9829698801040649	0x3e3c2d64	0.1837669014930725
9	83	0x3f7d2a82	0.9889298677444458	0x3e17f1dd	0.14838357269763947
9	84	0x3f7e2893	0.992806613445282	0x3df5347d	0.11972901970148087
9	85	0x3f7ecdbc	0.9953267574310303	0x3dc5c359	0.09656400233507156
9	86	0x3f7f3910	0.9969644546508789	0x3d9f73f8	0.07785791158676147
9	87	0x3f7f7eca	0.9980283975601196	0x3d808a22	0.06276346743106842
9	88	0x3f7fac16	0.9987195730209351	0x3d4f3689	0.05058911815285683
9	89	0x3f7fc981	0.9991684556007385	0x3d270189	0.040772948414087296
9	90	0x3f7fdc9c	0.999459981918335	0x3d0697f4	0.03285975754261017
9	91	0x3f7fe904	0.9996492862701416	0x3cd8efa0	0.026481449604034424
9	92	0x3f7ff113	0.9997722506523132	0x3caed2c9	0.02134074456989765
9	93	0x3f7ff64f	0.9998521208763123	0x3c8ce240	0.017197728157043457
9	94	0x3f7ff9b5	0.9999039769172668	0x3c63106c	0.013858895748853683
9	95	0x3f7ffbea	0.9999376535415649	0x3c36fadd	0.01116820890456438
9	96	0x3f7ffd59	0.9999595284461975	0x3c13743b	0.008999879471957684
9	97	0x3f7ffe47	0.999973714351654	0x3beda684	0.007252516224980354
9	98	0x3f7ffee2	0.9999829530715942	0x3bbf8265	0.00584440166130662
9	99	0x3f7fff46	0.9999889135360718	0x3b9a539d	0.004709674511104822
9	100	0x3f7fff87	0.9999927878379822	0x3b78b9e3	0.0037952593993395567
9	101	0x3f7fffb2	0.9999953508377075	0x3b486f26	0.003058382775634527
9	102	0x3f7fffcd	0.9999969601631165	0x3b2184b5	0.002464574994519353
9	103	0x3f7fffdf	0.9999980330467224	0x3b02288c	0.001986059360206127
9	104	0x3f7fffeb	0.9999987483024597	0x3ad1c637	0.0016004507197067142
9	105	0x3f7ffff2	0.9999991655349731	0x3aa90b85	0.0012897109845653176
9	106	0x3f7ffff7	0.999999463558197	0x3a88393d	0.00103930348996073
9	107	0x3f7ffffa	0.9999996423721313	0x3a5b8caa	0.000837514759041369
9	108	0x3f7ffffc	0.9999997615814209	0x3a30ec17	0.0006749047315679491
9	109	0x3f7ffffe	0.9999998807907104	0x3a0e9247	0.0005438667139969766
9	110	0x3f7fffff	0.9999999403953552	0x39e5c7b6	0.00043827079934999347
9	111	0x3f7fffff	0.9999999403953552	0x39b92aa0	0.0003531770780682564
9	112	0x3f800000	1.0	0x39953708	0.00028460496105253696
9	113	0x3f800000	1.0	0x39707cc9	0.00022934669686947018
9	114	0x3f800000	1.0	0x3941cb81	0.00018481725419405848
9	115	0x3f800000	1.0	0x391c2b0b	0.00014893354091327637
9	116	0x3f800000	1.0	0x38fbb199	0.00012001692812191322
9	117	0x3f800000	1.0	0x38cad350	9.671470616012812e-05
9	118	0x3f800000	1.0	0x38a371ff	7.793679105816409e-05
9	119	0x3f800000	1.0	0x3883b60c	6.280475645326078e-05
9	120	0x3f800000	1.0	0x385446d9	5.061072079115547e-05
9	121	0x3f800000	1.0	0x382b0fc2	4.0784252632874995e-05
9	122	0x3f800000	1.0	0x3809d93f	3.286567152827047e-05
9	123	0x3f800000	1.0	0x37de2b20	2.6484543923288584e-05
9	124	0x3f800000	1.0	0x37b30860	2.1342362742871046e-05
9	125	0x3f800000	1.0	0x379045aa	1.7198577552335337e-05
9	126	0x3f800000	1.0	0x37688568	1.3859338650945574e-05
9	127	0x3f800000	1.0	0x373b6016	1.1168440323672257e-05
10	0	0xbf56cd64	-0.83907151222229	0xbf0b44f8	-0.5440211296081543
10	1	0xbe4fe44b	-0.20301930606365204	0x3f7aab32	0.9791747331619263
10	2	0x3f7a579a	0.9778991937637329	0x3e56184c	0.20907706022262573
10	3	0x3efeab9e	0.497403085231781	0xbf5e15c3	-0.8675195574760437
10	4	0xbef36839	-0.4754045307636261	0xbf61386e	-0.8797672986984253
10	5	0xbf779dfd	-0.9672544598579407	0xbe81f332	-0.25380855798721313
10	6	0xbf6b7960	-0.9198207855224609	0x3ec8e0a2	0.3923388123512268
10	7	0xbf180bef	-0.5939320921897888	0x3f4df4b5	0.8045151829719543
10	8	0xbe52f10b	-0.20599763095378876	0x3f7a826b	0.978552520275116
10	9	0x3e0ca500	0.13734817504882812	0x3f7d92e7	0.9905228018760681
10	10	0x3ecee88b	0.4041179120540619	0x3f6a2a3b	0.9147068858146667
10	11	0x3f18ed97	0.5973753333091736	0x3f4d4d5e	0.8019617795944214
10	12	0x3f3b54b1	0.7317610383033752	0x3f2e7acd	0.681561291217804
10	13	0x3f52a9b5	0.8229020237922668	0x3f117475	0.5681832432746887
10	14	0x3f623dd5	0.8837559819221497	0x3eef96e4	0.4679480791091919
10	15	0x3f6c8a64	0.9239866733551025	0x3ec3cd2a	0.38242465257644653
10	16	0x3f734e6a	0.9504152536392212	0x3e9f393f	0.3109836280345917
10	17	0x3f77bb99	0.9677062630653381	0x3e8110b5	0.2520805895328522
10	18	0x3f7a9f09	0.9789891839027405	0x3e50ce62	0.20391228795051575
10	19	0x3f7c80b8	0.9863390922546387	0x3e28ae52	0.16472747921943665
10	20	0x3f7dba28	0.991121768951416	0x3e0825f3	0.13295726478099823
10	21	0x3f7e85f7	0.994231641292572	0x3ddba807	0.10725408047437668
10	22	0x3f7f0a6e	0.9962528944015503	0x3db120bf	0.08648823946714401
10	23	0x3f7f607f	0.9975661635398865	0x3d8eccbc	0.06972643733024597
10	24	0x3f7f9868	0.9984192848205566	0x3d6636b0	0.05620449781417847
10	25	0x3f7fbcb9	0.9989734292030334	0x3d398cd7	0.045300330966711044
10	26	0x3f7fd44f	0.9993333220481873	0x3d158ac6	0.03650929778814316
10	27	0x3f7fe3a0	0.9995670318603516	0x3cf1088e	0.029423024505376816
10	28	0x3f7fed93	0.9997188448905945	0x3cc23ea7	0.023711515590548515
10	29	0x3f7ff409	0.999817430973053	0x3c9c8926	0.0191083662211895
10	30	0x3f7ff83b	0.9998814463615417	0x3c7c4aa6	0.015398656949400902
10	31	0x3f7ffaf4	0.9999229907989502	0x3c4b4f5f	0.012409060262143612
10	32	0x3f7ffcb9	0.9999499917030334	0x3c23d658	0.0099998340010643
10	33	0x3f7ffddf	0.9999675154685974	0x3c04071b	0.008058334700763226
10	34	0x3f7ffe9e	0.9999788999557495	0x3bd4c9b3	0.006493770983070135
10	35	0x3f7fff1a	0.9999862909317017	0x3bab794f	0.005232966970652342
10	36	0x3f7fff6b	0.9999911189079285	0x3b8a2e5c	0.004216952249407768
10	37	0x3f7fff9f	0.9999942183494568	0x3b5eb45e	0.0033982018940150738
10	38	0x3f7fffc1	0.9999962449073792	0x3b3376ff	0.002738415962085128
10	39	0x3f7fffd7	0.9999975562095642	0x3b109ed3	0.0022067322861403227
10	40	0x3f7fffe6	0.9999984502792358	0x3ae91520	0.00177827849984169
10	41	0x3f7fffef	0.9999989867210388	0x3abbd3e9	0.0014330121921375394
10	42	0x3f7ffff5	0.9999993443489075	0x3a975c0b	0.001154781668446958
10	43	0x3f7ffff9	0.9999995827674866	0x3a73f1a0	0.0009305719286203384
10	44	0x3f7ffffb	0.9999997019767761	0x3a44948c	0.0007498941849917173
10	45	0x3f7ffffd	0.9999998211860657	0x3a1e69a3	0.0006042962777428329
10	46	0x3f7ffffe	0.9999998807907104	0x39ff4fad	0.0004869675321970135
10	47	0x3f7fffff	0.9999999403953552	0x39cdbd96	0.0003924189950339496
10	48	0x3f7fffff	0.9999999403953552	0x39a5cb5e	0.00031622772803530097
10	49	0x3f800000	1.0	0x39859aa9	0.00025482967612333596
10	50	0x3f800000	1.0	0x395753e4	0.00020535249495878816
10	51	0x3f800000	1.0	0x392d8528	0.00016548170242458582
10	52	0x3f800000	1.0	0x390bd471	0.00013335213589016348
10	53	0x3f800000	1.0	0x38e15c92	0.00010746078623924404
10	54	0x3f800000	1.0	0x38b59b1c	8.659643935970962e-05
10	55	0x3f800000	1.0	0x3892587f	6.978306191740558e-05
10	56	0x3f800000	1.0	0x386bdcf1	5.62341338081751e-05
10	57	0x3f800000	1.0	0x383e1182	4.531583545031026e-05
10	58	0x3f800000	1.0	0x38192a46	3.651741280918941e-05
10	59	0x3f800000	1.0	0x37f6da96	2.9427272238535807e-05
10	60	0x3f800000	1.0	0x37c6ecdd	2.3713737391517498e-05
10	61	0x3f800000	1.0	0x37a04d67	1.910952960315626e-05
10	62	0x3f800000	1.0	0x37812dac	1.539926597615704e-05
10	63	0x3f800000	1.0	0x375031df	1.2409377632138785e-05
10	64	0xbf56cd64	-0.83907151222229	0xbf0b44f8	-0.5440211296081543
10	65	0xbe4fe44b	-0.20301930606365204	0x3f7aab32	0.9791747331619263
10	66	0x3f7a579a	0.9778991937637329	0x3e56184c	0.20907706022262573
10	67	0x3efeab9e	0.497403085231781	0xbf5e15c3	-0.8675195574760437
10	68	0xbef36839	-0.4754045307636261	0xbf61386e	-0.8797672986984253
10	69	0xbf779dfd	-0.9672544598579407	0xbe81f332	-0.25380855798721313
10	70	0xbf6b7960	-0.9198207855224609	0x3ec8e0a2	0.3923388123512268
10	71	0xbf180bef	-0.5939320921897888	0x3f4df4b5	0.8045151829719543
10	72	0xbe52f10b	-0.20599763095378876	0x3f7a826b	0.978552520275116
10	73	0x3e0ca500	0.13734817504882812	0x3f7d92e7	0.9905228018760681
10	74	0x3ecee88b	0.4041179120540619	0x3f6a2a3b	0.9147068858146667
10	75	0x3f18ed97	0.5973753333091736	0x3f4d4d5e	0.8019617795944214
10	76	0x3f3b54b1	0.7317610383033752	0x3f2e7acd	0.681561291217804
10	77	0x3f52a9b5	0.8229020237922668	0x3f117475	0.5681832432746887
10	78	0x3f623dd5	0.8837559819221497	0x3eef96e4	0.4679480791091919
10	79	0x3f6c8a64	0.9239866733551025	0x3ec3cd2a	0.38242465257644653
10	80	0x3f734e6a	0.9504152536392212	0x3e9f393f	0.3109836280345917
10	81	0x3f77bb99	0.9677062630653381	0x3e8110b5	0.2520805895328522
10	82	0x3f7a9f09	0.9789891839027405	0x3e50ce62	0.20391228795051575
10	83	0x3f7c80b8	0.9863390922546387	0x3e28ae52	0.16472747921943665
10	84	0x3f7dba28	0.991121768951416	0x3e0825f3	0.13295726478099823
10	85	0x3f7e85f7	0.994231641292572	0x3ddba807	0.10725408047437668
10	86	0x3f7f0a6e	0.9962528944015503	0x3db120bf	0.08648823946714401
10	87	0x3f7f607f	0.9975661635398865	0x3d8eccbc	0.06972643733024597
10	88	0x3f7f9868	0.9984192848205566	0x3d6636b0	0.05620449781417847
10	89	0x3f7fbcb9	0.9989734292030334	0x3d398cd7	0.045300330966711044
10	90	0x3f7fd44f	0.9993333220481873	0x3d158ac6	0.03650929778814316
10	91	0x3f7fe3a0	0.9995670318603516	0x3cf1088e	0.029423024505376816
10	92	0x3f7fed93	0.9997188448905945	0x3cc23ea7	0.023711515590548515
10	93	0x3f7ff409	0.999817430973053	0x3c9c8926	0.0191083662211895
10	94	0x3f7ff83b	0.9998814463615417	0x3c7c4aa6	0.015398656949400902
10	95	0x3f7ffaf4	0.9999229907989502	0x3c4b4f5f	0.012409060262143612
10	96	0x3f7ffcb9	0.9999499917030334	0x3c23d658	0.0099998340010643
10	97	0x3f7ffddf	0.9999675154685974	0x3c04071b	0.008058334700763226
10	98	0x3f7ffe9e	0.9999788999557495	0x3bd4c9b3	0.006493770983070135
10	99	0x3f7fff1a	0.9999862909317017	0x3bab794f	0.005232966970652342
10	100	0x3f7fff6b	0.9999911189079285	0x3b8a2e5c	0.004216952249407768
10	101	0x3f7fff9f	0.9999942183494568	0x3b5eb45e	0.0033982018940150738
10	102	0x3f7fffc1	0.9999962449073792	0x3b3376ff	0.002738415962085128
10	103	0x3f7fffd7	0.9999975562095642	0x3b109ed3	0.0022067322861403227
10	104	0x3f7fffe6	0.9999984502792358	0x3ae91520	0.00177827849984169
10	105	0x3f7fffef	0.9999989867210388	0x3abbd3e9	0.0014330121921375394
10	106	0x3f7ffff5	0.9999993443489075	0x3a975c0b	0.001154781668446958
10	107	0x3f7ffff9	0.9999995827674866	0x3a73f1a0	0.0009305719286203384
10	108	0x3f7ffffb	0.9999997019767761	0x3a44948c	0.0007498941849917173
10	109	0x3f7ffffd	0.9999998211860657	0x3a1e69a3	0.0006042962777428329
10	110	0x3f7ffffe	0.9999998807907104	0x39ff4fad	0.0004869675321970135
10	111	0x3f7fffff	0.9999999403953552	0x39cdbd96	0.0003924189950339496
10	112	0x3f7fffff	0.9999999403953552	0x39a5cb5e	0.00031622772803530097
10	113	0x3f800000	1.0	0x39859aa9	0.00025482967612333596
10	114	0x3f800000	1.0	0x395753e4	0.00020535249495878816
10	115	0x3f800000	1.0	0x392d8528	0.00016548170242458582
10	116	0x3f800000	1.0	0x390bd471	0.00013335213589016348
10	117	0x3f800000	1.0	0x38e15c92	0.00010746078623924404
10	118	0x3f800000	1.0	0x38b59b1c	8.659643935970962e-05
10	119	0x3f800000	1.0	0x3892587f	6.978306191740558e-05
10	120	0x3f800000	1.0	0x386bdcf1	5.62341338081751e-05
10	121	0x3f800000	1.0	0x383e1182	4.531583545031026e-05
10	122	0x3f800000	1.0	0x38192a46	3.651741280918941e-05
10	123	0x3f800000	1.0	0x37f6da96	2.9427272238535807e-05
10	124	0x3f800000	1.0	0x37c6ecdd	2.3713737391517498e-05
10	125	0x3f800000	1.0	0x37a04d67	1.910952960315626e-05
10	126	0x3f800000	1.0	0x37812dac	1.539926597615704e-05
10	127	0x3f800000	1.0	0x375031df	1.2409377632138785e-05
11	0	0x3b910572	0.004425697959959507	0xbf7fff5c	-0.9999902248382568
11	1	0xbf58d3d4	-0.8469822406768799	0x3f081853	0.5316211581230164
11	2	0x3f270583	0.6524278521537781	0x3f420283	0.7578508257865906
11	3	0x3f5d478b	0.8643729090690613	0xbf00bade	-0.5028513669967651
11	4	0xbd96db3c	-0.07366034388542175	0xbf7f4df7	-0.997283399105072
11	5	0xbf53ccb7	-0.8273424506187439	0xbf0fcb6f	-0.5616979002952576
11	6	0xbf7ddcac	-0.9916484355926514	0x3e0410db	0.12897054851055145
11	7	0xbf4170c6	-0.7556270360946655	0x3f27ae38	0.6550021171569824
11	8	0xbec06f12	-0.37584739923477173	0x3f6d3b01	0.9266815781593323
11	9	0xbbb4cc22	-0.005517498590052128	0x3f7fff01	0.9999848008155823
11	10	0x3e97918d	0.2960323393344879	0x3f74868a	0.955177903175354
11	11	0x3f05306b	0.520270049571991	0x3f5a9fdd	0.8540018200874329
11	12	0x3f2dbb83	0.6786424517631531	0x3f3c0625	0.7344687581062317
11	13	0x3f497e74	0.787085771560669	0x3f1de976	0.616843581199646
11	14	0x3f5c245c	0.8599298000335693	0x3f02aa63	0.5104123950004578
11	15	0x3f688486	0.9082721471786499	0x3ed635e5	0.41837993264198303
11	16	0x3f70aae4	0.9401075839996338	0x3eae878c	0.340877890586853
11	17	0x3f760210	0.9609689712524414	0x3e8da5df	0.2766561210155487
11	18	0x3f797f1a	0.9745956659317017	0x3e6558d4	0.2239716649055481
11	19	0x3f7bc53b	0.9834782481193542	0x3e395ef5	0.18102629482746124
11	20	0x3f7d4030	0.9892606735229492	0x3e15ab75	0.14616186916828156
11	21	0x3f7e36ab	0.9930216670036316	0x3df18637	0.1179317757487297
11	22	0x3f7ed6e6	0.9954665899276733	0x3dc2ca20	0.09511208534240723
11	23	0x3f7f3f04	0.9970552921295166	0x3d9d0d8d	0.07668600231409073
11	24	0x3f7f82a8	0.9980874061584473	0x3d7d34fb	0.06181810423731804
11	25	0x3f7fae99	0.9987578988075256	0x3d4c172a	0.04982677847146988
11	26	0x3f7fcb22	0.9991933107376099	0x3d247d16	0.04015835374593735
11	27	0x3f7fddab	0.9994761347770691	0x3d04907a	0.03236434608697891
11	28	0x3f7fe9b4	0.9996597766876221	0x3cd5aa3e	0.026082154363393784
11	29	0x3f7ff185	0.9997790455818176	0x3cac2fe6	0.02101893350481987
11	30	0x3f7ff699	0.9998565316200256	0x3c8ac25c	0.016938380897045135
11	31	0x3f7ff9e5	0.9999068379402161	0x3c5fa3cd	0.01364989299327135
11	32	0x3f7ffc09	0.999939501285553	0x3c34386b	0.010999779216945171
11	33	0x3f7ffd6d	0.999960720539093	0x3c113aef	0.008864148519933224
11	34	0x3f7ffe54	0.9999744892120361	0x3bea10fc	0.007143137976527214
11	35	0x3f7ffeea	0.9999834299087524	0x3bbc9eff	0.005756258498877287
11	36	0x3f7fff4c	0.9999892711639404	0x3b97ffc5	0.004638644400984049
11	37	0x3f7fff8b	0.9999930262565613	0x3b74f994	0.003738020546734333
11	38	0x3f7fffb4	0.9999954700469971	0x3b456949	0.0030122569296509027
11	39	0x3f7fffcf	0.999997079372406	0x3b1f151a	0.002427405212074518
11	40	0x3f7fffe0	0.9999980926513672	0x3b003204	0.001956106163561344
11	41	0x3f7fffeb	0.9999987483024597	0x3ace9c4c	0.0015763132832944393
11	42	0x3f7ffff3	0.9999992251396179	0x3aa67ed8	0.0012702597305178642
11	43	0x3f7ffff7	0.999999463558197	0x3a862b4a	0.001023628981783986
11	44	0x3f7ffffa	0.9999996423721313	0x3a583d00	0.0008248835802078247
11	45	0x3f7ffffd	0.9999998211860657	0x3a2e4101	0.000664725957904011
11	46	0x3f7ffffe	0.9999998807907104	0x3a0c6bd3	0.0005356643232516944
11	47	0x3f7fffff	0.9999999403953552	0x39e2508b	0.0004316608828958124
11	48	0x3f7fffff	0.9999999403953552	0x39b65fb5	0.00034785052412189543
11	49	0x3f800000	1.0	0x3992f6ed	0.0002803126408252865
11	50	0x3f800000	1.0	0x396cdc48	0.00022588775027543306
11	51	0x3f800000	1.0	0x393edf46	0.0001820298784878105
11	52	0x3f800000	1.0	0x3919d016	0.00014668735093437135
11	53	0x3f800000	1.0	0x38f7e5d3	0.00011820685904240236
11	54	0x3f800000	1.0	0x38c7c438	9.525608038529754e-05
11	55	0x3f800000	1.0	0x38a0faf2	7.676136738155037e-05
11	56	0x3f800000	1.0	0x3881b985	6.185755046317354e-05
11	57	0x3f800000	1.0	0x38511343	4.984742190572433e-05
11	58	0x3f800000	1.0	0x38287b4d	4.016915409010835e-05
11	59	0x3f800000	1.0	0x3807c506	3.237000055378303e-05
11	60	0x3f800000	1.0	0x37dad15a	2.608511204016395e-05
11	61	0x3f800000	1.0	0x37b05524	2.1020481653977185e-05
11	62	0x3f800000	1.0	0x378e18a3	1.69391914823791e-05
11	63	0x3f800000	1.0	0x376503a8	1.3650314940605313e-05
11	64	0x3b910572	0.004425697959959507	0xbf7fff5c	-0.9999902248382568
11	65	0xbf58d3d4	-0.8469822406768799	0x3f081853	0.5316211581230164
11	66	0x3f270583	0.6524278521537781	0x3f420283	0.7578508257865906
11	67	0x3f5d478b	0.8643729090690613	0xbf00bade	-0.5028513669967651
11	68	0xbd96db3c	-0.07366034388542175	0xbf7f4df7	-0.997283399105072
11	69	0xbf53ccb7	-0.8273424506187439	0xbf0fcb6f	-0.5616979002952576
11	70	0xbf7ddcac	-0.9916484355926514	0x3e0410db	0.12897054851055145
11	71	0xbf4170c6	-0.7556270360946655	0x3f27ae38	0.6550021171569824
11	72	0xbec06f12	-0.37584739923477173	0x3f6d3b01	0.9266815781593323
11	73	0xbbb4cc22	-0.005517498590052128	0x3f7fff01	0.9999848008155823
11	74	0x3e97918d	0.2960323393344879	0x3f74868a	0.955177903175354
11	75	0x3f05306b	0.520270049571991	0x3f5a9fdd	0.8540018200874329
11	76	0x3f2dbb83	0.6786424517631531	0x3f3c0625	0.7344687581062317
11	77	0x3f497e74	0.787085771560669	0x3f1de976	0.616843581199646
11	78	0x3f5c245c	0.8599298000335693	0x3f02aa63	0.5104123950004578
11	79	0x3f688486	0.9082721471786499	0x3ed635e5	0.41837993264198303
11	80	0x3f70aae4	0.9401075839996338	0x3eae878c	0.340877890586853
11	81	0x3f760210	0.9609689712524414	0x3e8da5df	0.2766561210155487
11	82	0x3f797f1a	0.9745956659317017	0x3e6558d4	0.2239716649055481
11	83	0x3f7bc53b	0.9834782481193542	0x3e395ef5	0.18102629482746124
11	84	0x3f7d4030	0.9892606735229492	0x3e15ab75	0.14616186916828156
11	85	0x3f7e36ab	0.9930216670036316	0x3df18637	0.1179317757487297
11	86	0x3f7ed6e6	0.9954665899276733	0x3dc2ca20	0.09511208534240723
11	87	0x3f7f3f04	0.9970552921295166	0x3d9d0d8d	0.07668600231409073
11	88	0x3f7f82a8	0.9980874061584473	0x3d7d34fb	0.06181810423731804
11	89	0x3f7fae99	0.9987578988075256	0x3d4c172a	0.04982677847146988
11	90	0x3f7fcb22	0.9991933107376099	0x3d247d16	0.04015835374593735
11	91	0x3f7fddab	0.9994761347770691	0x3d04907a	0.03236434608697891
11	92	0x3f7fe9b4	0.9996597766876221	0x3cd5aa3e	0.026082154363393784
11	93	0x3f7ff185	0.9997790455818176	0x3cac2fe6	0.02101893350481987
11	94	0x3f7ff699	0.9998565316200256	0x3c8ac25c	0.016938380897045135
11	95	0x3f7ff9e5	0.9999068379402161	0x3c5fa3cd	0.01364989299327135
11	96	0x3f7ffc09	0.999939501285553	0x3c34386b	0.010999779216945171
11	97	0x3f7ffd6d	0.999960720539093	0x3c113aef	0.008864148519933224
11	98	0x3f7ffe54	0.9999744892120361	0x3bea10fc	0.007143137976527214
11	99	0x3f7ffeea	0.9999834299087524	0x3bbc9eff	0.005756258498877287
11	100	0x3f7fff4c	0.9999892711639404	0x3b97ffc5	0.004638644400984049
11	101	0x3f7fff8b	0.9999930262565613	0x3b74f994	0.003738020546734333
11	102	0x3f7fffb4	0.9999954700469971	0x3b456949	0.0030122569296509027
11	103	0x3f7fffcf	0.999997079372406	0x3b1f151a	0.002427405212074518
11	104	0x3f7fffe0	0.9999980926513672	0x3b003204	0.001956106163561344
11	105	0x3f7fffeb	0.9999987483024597	0x3ace9c4c	0.0015763132832944393
11	106	0x3f7ffff3	0.9999992251396179	0x3aa67ed8	0.0012702597305178642
11	107	0x3f7ffff7	0.999999463558197	0x3a862b4a	0.001023628981783986
11	108	0x3f7ffffa	0.9999996423721313	0x3a583d00	0.0008248835802078247
11	109	0x3f7ffffd	0.9999998211860657	0x3a2e4101	0.000664725957904011
11	110	0x3f7ffffe	0.9999998807907104	0x3a0c6bd3	0.0005356643232516944
11	111	0x3f7fffff	0.9999999403953552	0x39e2508b	0.0004316608828958124
11	112	0x3f7fffff	0.9999999403953552	0x39b65fb5	0.00034785052412189543
11	113	0x3f800000	1.0	0x3992f6ed	0.0002803126408252865
11	114	0x3f800000	1.0	0x396cdc48	0.00022588775027543306
11	115	0x3f800000	1.0	0x393edf46	0.0001820298784878105
11	116	0x3f800000	1.0	0x3919d016	0.00014668735093437135
11	117	0x3f800000	1.0	0x38f7e5d3	0.00011820685904240236
11	118	0x3f800000	1.0	0x38c7c438	9.525608038529754e-05
11	119	0x3f800000	1.0	0x38a0faf2	7.676136738155037e-05
11	120	0x3f800000	1.0	0x3881b985	6.185755046317354e-05
11	121	0x3f800000	1.0	0x38511343	4.984742190572433e-05
11	122	0x3f800000	1.0	0x38287b4d	4.016915409010835e-05
11	123	0x3f800000	1.0	0x3807c506	3.237000055378303e-05
11	124	0x3f800000	1.0	0x37dad15a	2.608511204016395e-05
11	125	0x3f800000	1.0	0x37b05524	2.1020481653977185e-05
11	126	0x3f800000	1.0	0x378e18a3	1.69391914823791e-05
11	127	0x3f800000	1.0	0x376503a8	1.3650314940605313e-05
12	0	0x3f5806d0	0.8438539505004883	0xbf095cd8	-0.5365729331970215
12	1	0xbf7855b0	-0.970057487487793	0xbe78b455	-0.24287541210651398
12	2	0x3d7b5832	0.06136340647935867	0x3f7f847f	0.9981154799461365
12	3	0x3f7fff94	0.9999935626983643	0xbb6ba4f0	-0.003595646470785141
12	4	0x3eae9626	0.34098929166793823	0xbf70a83e	-0.9400671720504761
12	5	0xbf17c229	-0.5928063988685608	0xbf4e2b17	-0.8053449988365173
12	6	0xbf7d54e2	-0.9895764589309692	0xbe1376ff	-0.14400862157344818
12	7	0xbf6173e5	-0.8806746602058411	0x3ef28ba3	0.47372159361839294
12	8	0xbf08a9f0	-0.5338430404663086	0x3f58782b	0.8455836176872253
12	9	0xbe17d424	-0.14827018976211548	0x3f7d2b9f	0.9889468550682068
12	10	0x3e3c6b6a	0.18400350213050842	0x3f7ba103	0.9829255938529968
12	11	0x3ee09865	0.43866267800331116	0x3f660e0b	0.8986517786979675
12	12	0x3f1f2859	0.621709406375885	0x3f4882f0	0.7832479476928711
12	13	0x3f3f96e4	0.7483961582183838	0x3f29cae2	0.6632519960403442
12	14	0x3f558545	0.834064781665802	0x3f0d3a05	0.5516665577888489
12	15	0x3f642300	0.8911590576171875	0x3ee84a30	0.4536910057067871
12	16	0x3f6dc9c3	0.9288598895072937	0x3ebda92d	0.3704313337802887
12	17	0x3f741fa3	0.9536077380180359	0x3e9a237c	0.3010519742965698
12	18	0x3f78443c	0.9697911739349365	0x3e79ca84	0.24393659830093384
12	19	0x3f7af818	0.9803481101989746	0x3e4a0299	0.1972755342721939
12	20	0x3f7cbab1	0.9872236847877502	0x3e232a28	0.159340500831604
12	21	0x3f7ddfdc	0.9916970729827881	0x3e03aea2	0.12859585881233215
12	22	0x3f7e9e79	0.9946056008338928	0x3dd46fc4	0.10372880101203918
12	23	0x3f7f1a5b	0.9964959025382996	0x3dab4c69	0.08364183455705643
12	24	0x3f7f6ad8	0.9977240562438965	0x3d8a189d	0.06742975860834122
12	25	0x3f7f9f20	0.9985218048095703	0x3d5ea06c	0.054352208971977234
12	26	0x3f7fc116	0.9990400075912476	0x3d336ed6	0.04380687326192856
12	27	0x3f7fd725	0.9993765950202942	0x3d109c62	0.035305388271808624
12	28	0x3f7fe578	0.9995951652526855	0x3ce91586	0.028452645987272263
12	29	0x3f7feec5	0.9997370839118958	0x3cbbd67d	0.022929424419999123
12	30	0x3f7ff4d0	0.9998292922973633	0x3c975f50	0.018478065729141235
12	31	0x3f7ff8bc	0.9998891353607178	0x3c73f823	0.014890703372657299
12	32	0x3f7ffb48	0.9999279975891113	0x3c449a71	0.011999712325632572
12	33	0x3f7ffcf0	0.9999532699584961	0x3c1e6ebc	0.0096699558198452
12	34	0x3f7ffe03	0.9999696612358093	0x3bff583d	0.0077925012446939945
12	35	0x3f7ffeb5	0.9999802708625793	0x3bcdc4aa	0.0062795476987957954
12	36	0x3f7fff2a	0.9999872446060181	0x3ba5d12e	0.0050603365525603294
12	37	0x3f7fff75	0.9999917149543762	0x3b859f64	0.004077838733792305
12	38	0x3f7fffa6	0.9999946355819702	0x3b575b92	0.003286097664386034
12	39	0x3f7fffc5	0.9999964833259583	0x3b2d8b61	0.0026480781380087137
12	40	0x3f7fffda	0.9999977350234985	0x3b0bd977	0.0021339335944503546
12	41	0x3f7fffe8	0.9999985694885254	0x3ae164af	0.0017196143744513392
12	42	0x3f7ffff0	0.9999990463256836	0x3ab5a1a6	0.0013857379090040922
12	43	0x3f7ffff6	0.9999994039535522	0x3a925dc6	0.0011166862677782774
12	44	0x3f7ffff9	0.9999995827674866	0x3a6be574	0.0008998729754239321
12	45	0x3f7ffffc	0.9999997615814209	0x3a3e185e	0.0007251555798575282
12	46	0x3f7ffffd	0.9999998211860657	0x3a192fcd	0.0005843609687872231
12	47	0x3f7ffffe	0.9999998807907104	0x39f6e37f	0.0004709027416538447
12	48	0x3f7fffff	0.9999999403953552	0x39c6f40b	0.00037947329110465944
12	49	0x3f800000	1.0	0x39a05331	0.00030579560552723706
12	50	0x3f800000	1.0	0x39813256	0.00024642300559207797
12	51	0x3f800000	1.0	0x39503964	0.00019857805455103517
12	52	0x3f800000	1.0	0x3927cbbb	0.00016002256597857922
12	53	0x3f800000	1.0	0x3907378a	0.00012895293184556067
12	54	0x3f800000	1.0	0x38d9ed54	0.00010391572141088545
12	55	0x3f800000	1.0	0x38af9d66	8.373968012165278e-05
12	56	0x3f800000	1.0	0x388d8491	6.748096348019317e-05
12	57	0x3f800000	1.0	0x38641503	5.4379004723159596e-05
12	58	0x3f800000	1.0	0x3837cc54	4.382089537102729e-05
12	59	0x3f800000	1.0	0x38141cc0	3.5312725231051445e-05
12	60	0x3f800000	1.0	0x37eeb5d6	2.8456484869820997e-05
12	61	0x3f800000	1.0	0x37c05ce2	2.2931435523787513e-05
12	62	0x3f800000	1.0	0x379b039b	1.8479118807590567e-05
12	63	0x3f800000	1.0	0x3779d572	1.4891253158566542e-05
12	64	0x3f5806d0	0.8438539505004883	0xbf095cd8	-0.5365729331970215
12	65	0xbf7855b0	-0.970057487487793	0xbe78b455	-0.24287541210651398
12	66	0x3d7b5832	0.06136340647935867	0x3f7f847f	0.9981154799461365
12	67	0x3f7fff94	0.9999935626983643	0xbb6ba4f0	-0.003595646470785141
12	68	0x3eae9626	0.34098929166793823	0xbf70a83e	-0.9400671720504761
12	69	0xbf17c229	-0.5928063988685608	0xbf4e2b17	-0.8053449988365173
12	70	0xbf7d54e2	-0.9895764589309692	0xbe1376ff	-0.14400862157344818
12	71	0xbf6173e5	-0.8806746602058411	0x3ef28ba3	0.47372159361839294
12	72	0xbf08a9f0	-0.5338430404663086	0x3f58782b	0.8455836176872253
12	73	0xbe17d424	-0.14827018976211548	0x3f7d2b9f	0.9889468550682068
12	74	0x3e3c6b6a	0.18400350213050842	0x3f7ba103	0.9829255938529968
12	75	0x3ee09865	0.43866267800331116	0x3f660e0b	0.8986517786979675
12	76	0x3f1f2859	0.621709406375885	0x3f4882f0	0.7832479476928711
12	77	0x3f3f96e4	0.7483961582183838	0x3f29cae2	0.6632519960403442
12	78	0x3f558545	0.834064781665802	0x3f0d3a05	0.5516665577888489
12	79	0x3f642300	0.8911590576171875	0x3ee84a30	0.4536910057067871
12	80	0x3f6dc9c3	0.9288598895072937	0x3ebda92d	0.3704313337802887
12	81	0x3f741fa3	0.9536077380180359	0x3e9a237c	0.3010519742965698
12	82	0x3f78443c	0.9697911739349365	0x3e79ca84	0.24393659830093384
12	83	0x3f7af818	0.9803481101989746	0x3e4a0299	0.1972755342721939
12	84	0x3f7cbab1	0.9872236847877502	0x3e232a28	0.159340500831604
12	85	0x3f7ddfdc	0.9916970729827881	0x3e03aea2	0.12859585881233215
12	86	0x3f7e9e79	0.9946056008338928	0x3dd46fc4	0.10372880101203918
12	87	0x3f7f1a5b	0.9964959025382996	0x3dab4c69	0.08364183455705643
12	88	0x3f7f6ad8	0.9977240562438965	0x3d8a189d	0.06742975860834122
12	89	0x3f7f9f20	0.9985218048095703	0x3d5ea06c	0.054352208971977234
12	90	0x3f7fc116	0.9990400075912476	0x3d336ed6	0.04380687326192856
12	91	0x3f7fd725	0.9993765950202942	0x3d109c62	0.035305388271808624
12	92	0x3f7fe578	0.9995951652526855	0x3ce91586	0.028452645987272263
12	93	0x3f7feec5	0.9997370839118958	0x3cbbd67d	0.022929424419999123
12	94	0x3f7ff4d0	0.9998292922973633	0x3c975f50	0.018478065729141235
12	95	0x3f7ff8bc	0.9998891353607178	0x3c73f823	0.014890703372657299
12	96	0x3f7ffb48	0.9999279975891113	0x3c449a71	0.011999712325632572
12	97	0x3f7ffcf0	0.9999532699584961	0x3c1e6ebc	0.0096699558198452
12	98	0x3f7ffe03	0.9999696612358093	0x3bff583d	0.0077925012446939945
12	99	0x3f7ffeb5	0.9999802708625793	0x3bcdc4aa	0.0062795476987957954
12	100	0x3f7fff2a	0.9999872446060181	0x3ba5d12e	0.0050603365525603294
12	101	0x3f7fff75	0.9999917149543762	0x3b859f64	0.004077838733792305
12	102	0x3f7fffa6	0.9999946355819702	0x3b575b92	0.003286097664386034
12	103	0x3f7fffc5	0.9999964833259583	0x3b2d8b61	0.0026480781380087137
12	104	0x3f7fffda	0.9999977350234985	0x3b0bd977	0.0021339335944503546
12	105	0x3f7fffe8	0.9999985694885254	0x3ae164af	0.0017196143744513392
12	106	0x3f7ffff0	0.9999990463256836	0x3ab5a1a6	0.0013857379090040922
12	107	0x3f7ffff6	0.9999994039535522	0x3a925dc6	0.0011166862677782774
12	108	0x3f7ffff9	0.9999995827674866	0x3a6be574	0.0008998729754239321
12	109	0x3f7ffffc	0.9999997615814209	0x3a3e185e	0.0007251555798575282
12	110	0x3f7ffffd	0.9999998211860657	0x3a192fcd	0.0005843609687872231
12	111	0x3f7ffffe	0.9999998807907104	0x39f6e37f	0.0004709027416538447
12	112	0x3f7fffff	0.9999999403953552	0x39c6f40b	0.00037947329110465944
12	113	0x3f800000	1.0	0x39a05331	0.00030579560552723706
12	114	0x3f800000	1.0	0x39813256	0.00024642300559207797
12	115	0x3f800000	1.0	0x39503964	0.00019857805455103517
12	116	0x3f800000	1.0	0x3927cbbb	0.00016002256597857922
12	117	0x3f800000	1.0	0x3907378a	0.00012895293184556067
12	118	0x3f800000	1.0	0x38d9ed54	0.00010391572141088545
12	119	0x3f800000	1.0	0x38af9d66	8.373968012165278e-05
12	120	0x3f800000	1.0	0x388d8491	6.748096348019317e-05
12	121	0x3f800000	1.0	0x38641503	5.4379004723159596e-05
12	122	0x3f800000	1.0	0x3837cc54	4.382089537102729e-05
12	123	0x3f800000	1.0	0x38141cc0	3.5312725231051445e-05
12	124	0x3f800000	1.0	0x37eeb5d6	2.8456484869820997e-05
12	125	0x3f800000	1.0	0x37c05ce2	2.2931435523787513e-05
12	126	0x3f800000	1.0	0x379b039b	1.8479118807590567e-05
12	127	0x3f800000	1.0	0x3779d572	1.4891253158566542e-05
13	0	0x3f684e6f	0.9074468016624451	0x3ed72022	0.4201670289039612
13	1	0xbefe3c6a	-0.4965546727180481	0xbf5e359b	-0.8680054545402527
13	2	0xbf0dff95	-0.554681122303009	0x3f550215	0.8320630192756653
13	3	0x3f5e330c	0.8679664134979248	0x3efe455a	0.49662286043167114
13	4	0x3f322630	0.6958951950073242	0xbf37d83e	-0.7181433439254761
13	5	0xbe94b885	-0.29047027230262756	0xbf74f65a	-0.9568840265274048
13	6	0xbf69ec21	-0.9137592911720276	0xbed000c9	-0.4062559902667999
13	7	0xbf7687d1	-0.9630098938941956	0x3e89f774	0.2694660425186157
13	8	0xbf2ccce9	-0.6750016808509827	0x3f3ce186	0.7378162145614624
13	9	0xbe937289	-0.2879832088947296	0x3f752799	0.9576354622840881
13	10	0x3d8e625d	0.06952355057001114	0x3f7f616c	0.9975802898406982
13	11	0x3eb4de66	0.35325926542282104	0x3f6f7e99	0.9355254769325256
13	12	0x3f0fb02c	0.5612819194793701	0x3f53df36	0.8276246786117554
13	13	0x3f34fc46	0.7069743871688843	0x3f350da0	0.7072391510009766
13	14	0x3f4e6495	0.8062222599983215	0x3f1773ef	0.5916127562522888
13	15	0x3f5f678e	0.8726738691329956	0x3efa02ec	0.488303542137146
13	16	0x3f6aabc3	0.9166833758354187	0x3ecc9a41	0.3996143639087677
13	17	0x3f7214a1	0.9456272721290588	0x3ea68779	0.32525232434272766
13	18	0x3f76ee92	0.9645777940750122	0x3e87109f	0.26379868388175964
13	19	0x3f7a195c	0.9769494533538818	0x3e5a9814	0.21347075700759888
13	20	0x3f7c29b1	0.9850111603736877	0x3e30a16d	0.17249079048633575
13	21	0x3f7d818c	0.990257978439331	0x3e0e9643	0.13924507796764374
13	22	0x3f7e612a	0.9936701059341431	0x3de61153	0.11233773082494736
13	23	0x3f7ef283	0.9958879351615906	0x3db98923	0.0905935987830162
13	24	0x3f7f50f5	0.99732905626297	0x3d95959e	0.07303927838802338
13	25	0x3f7f8e50	0.998265266418457	0x3d712882	0.05887652188539505
13	26	0x3f7fb62b	0.9988734126091003	0x3d425ff9	0.04745480790734291
13	27	0x3f7fd00d	0.9992683529853821	0x3d1ca7f7	0.038246121257543564
13	28	0x3f7fe0dc	0.9995248317718506	0x3cfc8078	0.030822977423667908
13	29	0x3f7febc7	0.9996914267539978	0x3ccb7ce7	0.02483983151614666
13	30	0x3f7ff2de	0.9997996091842651	0x3ca3fc2d	0.020017707720398903
13	31	0x3f7ff779	0.9998698830604553	0x3c842631	0.01613149233162403
13	32	0x3f7ffa76	0.9999154806137085	0x3c54fc6b	0.012999634258449078
13	33	0x3f7ffc67	0.9999451041221619	0x3c2ba282	0.010475756600499153
13	34	0x3f7ffdaa	0.9999643564224243	0x3c0a4fbb	0.008441860787570477
13	35	0x3f7ffe7c	0.9999768733978271	0x3bdeea52	0.006802835501730442
13	36	0x3f7fff04	0.9999849796295166	0x3bb3a293	0.005482026841491461
13	37	0x3f7fff5c	0.9999902248382568	0x3b90c1fd	0.00441765645518899
13	38	0x3f7fff96	0.9999936819076538	0x3b694dd9	0.003559937933459878
13	39	0x3f7fffbb	0.9999958872795105	0x3b3c01a6	0.002868750598281622
13	40	0x3f7fffd3	0.9999973177909851	0x3b1780ea	0.002311761025339365
13	41	0x3f7fffe3	0.9999982714653015	0x3af42d11	0.0018629153491929173
13	42	0x3f7fffed	0.9999988675117493	0x3ac4c473	0.0015012159710749984
13	43	0x3f7ffff4	0.9999992847442627	0x3a9e9040	0.001209743320941925
13	44	0x3f7ffff8	0.9999995231628418	0x3a7f8de7	0.0009748623124323785
13	45	0x3f7ffffb	0.9999997019767761	0x3a4defbb	0.0007855852018110454
13	46	0x3f7ffffd	0.9999998211860657	0x3a25f3c9	0.0006330577307380736
13	47	0x3f7ffffe	0.9999998807907104	0x3a05bb3b	0.0005101446877233684
13	48	0x3f7fffff	0.9999999403953552	0x39d78861	0.00041109605808742344
13	49	0x3f7fffff	0.9999999403953552	0x39adaf75	0.0003312785702291876
13	50	0x3f800000	1.0	0x398bf688	0.0002669582609087229
13	51	0x3f800000	1.0	0x39619381	0.0002151262160623446
13	52	0x3f800000	1.0	0x3935c760	0.0001733577810227871
13	53	0x3f800000	1.0	0x39127c2b	0.0001396990119246766
13	54	0x3f800000	1.0	0x38ec1671	0.00011257536971243098
13	55	0x3f800000	1.0	0x38be3fd9	9.071798558579758e-05
13	56	0x3f800000	1.0	0x38994f9d	7.31043764972128e-05
13	57	0x3f800000	1.0	0x387716c3	5.891058754059486e-05
13	58	0x3f800000	1.0	0x38471d5b	4.747263665194623e-05
13	59	0x3f800000	1.0	0x3820747b	3.825545354629867e-05
13	60	0x3f800000	1.0	0x38014d29	3.0827857699478045e-05
13	61	0x3f800000	1.0	0x37d064a0	2.484238939359784e-05
13	62	0x3f800000	1.0	0x37a7ee92	2.001904431381263e-05
13	63	0x3f800000	1.0	0x3787539e	1.613219137652777e-05
13	64	0x3f684e6f	0.9074468016624451	0x3ed72022	0.4201670289039612
13	65	0xbefe3c6a	-0.4965546727180481	0xbf5e359b	-0.8680054545402527
13	66	0xbf0dff95	-0.554681122303009	0x3f550215	0.8320630192756653
13	67	0x3f5e330c	0.8679664134979248	0x3efe455a	0.49662286043167114
13	68	0x3f322630	0.6958951950073242	0xbf37d83e	-0.7181433439254761
13	69	0xbe94b885	-0.29047027230262756	0xbf74f65a	-0.9568840265274048
13	70	0xbf69ec21	-0.9137592911720276	0xbed000c9	-0.4062559902667999
13	71	0xbf7687d1	-0.9630098938941956	0x3e89f774	0.2694660425186157
13	72	0xbf2ccce9	-0.6750016808509827	0x3f3ce186	0.7378162145614624
13	73	0xbe937289	-0.2879832088947296	0x3f752799	0.9576354622840881
13	74	0x3d8e625d	0.06952355057001114	0x3f7f616c	0.9975802898406982
13	75	0x3eb4de66	0.35325926542282104	0x3f6f7e99	0.9355254769325256
13	76	0x3f0fb02c	0.5612819194793701	0x3f53df36	0.8276246786117554
13	77	0x3f34fc46	0.7069743871688843	0x3f350da0	0.7072391510009766
13	78	0x3f4e6495	0.8062222599983215	0x3f1773ef	0.5916127562522888
13	79	0x3f5f678e	0.8726738691329956	0x3efa02ec	0.488303542137146
13	80	0x3f6aabc3	0.9166833758354187	0x3ecc9a41	0.3996143639087677
13	81	0x3f7214a1	0.9456272721290588	0x3ea68779	0.32525232434272766
13	82	0x3f76ee92	0.9645777940750122	0x3e87109f	0.26379868388175964
13	83	0x3f7a195c	0.9769494533538818	0x3e5a9814	0.21347075700759888
13	84	0x3f7c29b1	0.9850111603736877	0x3e30a16d	0.17249079048633575
13	85	0x3f7d818c	0.990257978439331	0x3e0e9643	0.13924507796764374
13	86	0x3f7e612a	0.9936701059341431	0x3de61153	0.11233773082494736
13	87	0x3f7ef283	0.9958879351615906	0x3db98923	0.0905935987830162
13	88	0x3f7f50f5	0.99732905626297	0x3d95959e	0.07303927838802338
13	89	0x3f7f8e50	0.998265266418457	0x3d712882	0.05887652188539505
13	90	0x3f7fb62b	0.9988734126091003	0x3d425ff9	0.04745480790734291
13	91	0x3f7fd00d	0.9992683529853821	0x3d1ca7f7	0.038246121257543564
13	92	0x3f7fe0dc	0.9995248317718506	0x3cfc8078	0.030822977423667908
13	93	0x3f7febc7	0.9996914267539978	0x3ccb7ce7	0.02483983151614666
13	94	0x3f7ff2de	0.9997996091842651	0x3ca3fc2d	0.020017707720398903
13	95	0x3f7ff779	0.9998698830604553	0x3c842631	0.01613149233162403
13	96	0x3f7ffa76	0.9999154806137085	0x3c54fc6b	0.012999634258449078
13	97	0x3f7ffc67	0.9999451041221619	0x3c2ba282	0.010475756600499153
13	98	0x3f7ffdaa	0.9999643564224243	0x3c0a4fbb	0.008441860787570477
13	99	0x3f7ffe7c	0.9999768733978271	0x3bdeea52	0.006802835501730442
13	100	0x3f7fff04	0.9999849796295166	0x3bb3a293	0.005482026841491461
13	101	0x3f7fff5c	0.9999902248382568	0x3b90c1fd	0.00441765645518899
13	102	0x3f7fff96	0.9999936819076538	0x3b694dd9	0.003559937933459878
13	103	0x3f7fffbb	0.9999958872795105	0x3b3c01a6	0.002868750598281622
13	104	0x3f7fffd3	0.9999973177909851	0x3b1780ea	0.002311761025339365
13	105	0x3f7fffe3	0.9999982714653015	0x3af42d11	0.0018629153491929173
13	106	0x3f7fffed	0.9999988675117493	0x3ac4c473	0.0015012159710749984
13	107	0x3f7ffff4	0.9999992847442627	0x3a9e9040	0.001209743320941925
13	108	0x3f7ffff8	0.9999995231628418	0x3a7f8de7	0.0009748623124323785
13	109	0x3f7ffffb	0.9999997019767761	0x3a4defbb	0.0007855852018110454
13	110	0x3f7ffffd	0.9999998211860657	0x3a25f3c9	0.0006330577307380736
13	111	0x3f7ffffe	0.9999998807907104	0x3a05bb3b	0.0005101446877233684
13	112	0x3f7fffff	0.9999999403953552	0x39d78861	0.00041109605808742344
13	113	0x3f7fffff	0.9999999403953552	0x39adaf75	0.0003312785702291876
13	114	0x3f800000	1.0	0x398bf688	0.0002669582609087229
13	115	0x3f800000	1.0	0x39619381	0.0002151262160623446
13	116	0x3f800000	1.0	0x3935c760	0.0001733577810227871
13	117	0x3f800000	1.0	0x39127c2b	0.0001396990119246766
13	118	0x3f800000	1.0	0x38ec1671	0.00011257536971243098
13	119	0x3f800000	1.0	0x38be3fd9	9.071798558579758e-05
13	120	0x3f800000	1.0	0x38994f9d	7.31043764972128e-05
13	121	0x3f800000	1.0	0x387716c3	5.891058754059486e-05
13	122	0x3f800000	1.0	0x38471d5b	4.747263665194623e-05
13	123	0x3f800000	1.0	0x3820747b	3.825545354629867e-05
13	124	0x3f800000	1.0	0x38014d29	3.0827857699478045e-05
13	125	0x3f800000	1.0	0x37d064a0	2.484238939359784e-05
13	126	0x3f800000	1.0	0x37a7ee92	2.001904431381263e-05
13	127	0x3f800000	1.0	0x3787539e	1.613219137652777e-05
14	0	0x3e0c04d7	0.13673721253871918	0x3f7d9872	0.9906073808670044
14	1	0x3e908cda	0.2823246121406555	0xbf7595ed	-0.9593189358711243
14	2	0xbf71e685	-0.9449236989021301	0x3ea792a9	0.327290803194046
14	3	0x3f00edca	0.5036283731460571	0x3f5d29e3	0.8639203906059265
14	4	0x3f6dcab7	0.9288744330406189	0xbebda461	-0.3703947365283966
14	5	0x3d38ad7b	0.04508731886744499	0xbf7fbd5a	-0.9989830255508423
14	6	0xbf4514b0	-0.7698469161987305	0xbf2362f2	-0.6382285356521606
14	7	0xbf7fa6da	-0.998639702796936	0x3d55925b	0.05214152857661247
14	8	0xbf4b7ca9	-0.794870913028717	0x3f1b55d7	0.6067785620689392
14	9	0xbed7f530	-0.42179250717163086	0x3f681cfe	0.906692385673523
14	10	0xbd3bef26	-0.045882366597652435	0x3f7fbafb	0.9989468455314636
14	11	0x3e8793bf	0.2647990882396698	0x3f76dc9a	0.9643036127090454
14	12	0x3efed27c	0.4976996183395386	0x3f5e0a9d	0.8673494458198547
14	13	0x3f29b884	0.6629717350006104	0x3f3fa729	0.7486444115638733
14	14	0x3f46c6a0	0.7764682769775391	0x3f2151ed	0.6301563382148743
14	15	0x3f5a540d	0.8528450131416321	0x3f05ac8d	0.5221641659736633
14	16	0x3f6751b1	0.9035902619361877	0x3edb56f5	0.4283978044986725
14	17	0x3f6fe161	0.9370327591896057	0x3eb2cfc9	0.3492415249347687
14	18	0x3f757e3f	0.9589576125144958	0x3e912d67	0.2835495173931122
14	19	0x3f792918	0.9732832908630371	0x3e6b1e3b	0.2296075075864792
14	20	0x3f7b8d35	0.9826233983039856	0x3e3e10a7	0.18561039865016937
14	21	0x3f7d1bbc	0.9887044429779053	0x3e1979ad	0.14987821877002716
14	22	0x3f7e1ef8	0.9926600456237793	0x3df7ae78	0.120938241481781
14	23	0x3f7ec77e	0.9952315092086792	0x3dc7c38c	0.097540944814682
14	24	0x3f7f3502	0.996902585029602	0x3da11168	0.07864648103713989
14	25	0x3f7f7c28	0.997988224029541	0x3d81d7a9	0.06339962035417557
14	26	0x3f7faa60	0.9986934661865234	0x3d515073	0.05110211297869682
14	27	0x3f7fc864	0.9991514682769775	0x3d28b334	0.04118652641773224
14	28	0x3f7fdbe3	0.9994489550590515	0x3d07f586	0.033193133771419525
14	29	0x3f7fe88c	0.9996421337127686	0x3cdb2321	0.026750149205327034
14	30	0x3f7ff0c5	0.9997676014900208	0x3cb098ef	0.02155729942023754
14	31	0x3f7ff61c	0.9998490810394287	0x3c8e5043	0.01737225614488125
14	32	0x3f7ff994	0.9999020099639893	0x3c655e57	0.013999543152749538
14	33	0x3f7ffbd4	0.9999363422393799	0x3c38d642	0.011281551793217659
14	34	0x3f7ffd4b	0.9999586939811707	0x3c14f356	0.009091218933463097
14	35	0x3f7ffe3e	0.9999731779098511	0x3bf00ff7	0.007326121907681227
14	36	0x3f7ffedc	0.9999825954437256	0x3bc173f6	0.0059037161991000175
14	37	0x3f7fff42	0.9999886751174927	0x3b9be495	0.004757473710924387
14	38	0x3f7fff85	0.9999926686286926	0x3b7b4020	0.003833778202533722
14	39	0x3f7fffb0	0.999995231628418	0x3b4a77eb	0.00308942305855453
14	40	0x3f7fffcc	0.9999969005584717	0x3b23285e	0.002489588689059019
14	41	0x3f7fffdf	0.9999980330467224	0x3b037aba	0.0020062164403498173
14	42	0x3f7fffea	0.9999986886978149	0x3ad3e740	0.0016166940331459045
14	43	0x3f7ffff2	0.9999991655349731	0x3aaac2bb	0.0013028004905208945
14	44	0x3f7ffff7	0.999999463558197	0x3a899b2e	0.0010498517658561468
14	45	0x3f7ffffa	0.9999996423721313	0x3a5dc718	0.0008460148237645626
14	46	0x3f7ffffc	0.9999997615814209	0x3a32b7c5	0.0006817544926889241
14	47	0x3f7ffffe	0.9999998807907104	0x3a1004b6	0.0005493866046890616
14	48	0x3f7fffff	0.9999999403953552	0x39e81cb8	0.0004427188541740179
14	49	0x3f7fffff	0.9999999403953552	0x39bb0bb9	0.00035676153493113816
14	50	0x3f7fffff	0.9999999403953552	0x3996bab9	0.00028749348712153733
14	51	0x3f800000	1.0	0x3972ed9f	0.00023167439212556928
14	52	0x3f800000	1.0	0x3943c305	0.00018669299606699497
14	53	0x3f800000	1.0	0x391dc0cc	0.00015044509200379252
14	54	0x3f800000	1.0	0x38fe3f8d	0.0001212350107380189
14	55	0x3f800000	1.0	0x38cce24c	9.769629104994237e-05
14	56	0x3f800000	1.0	0x38a51aa9	7.872778951423243e-05
14	57	0x3f800000	1.0	0x38850c42	6.344217399600893e-05
14	58	0x3f800000	1.0	0x38566e62	5.112437793286517e-05
14	59	0x3f800000	1.0	0x382ccc36	4.119818186154589e-05
14	60	0x3f800000	1.0	0x380b3f68	3.31992341671139e-05
14	61	0x3f800000	1.0	0x37e06c5d	2.6753341444418766e-05
14	62	0x3f800000	1.0	0x37b4d98a	2.1558971639024094e-05
14	63	0x3f800000	1.0	0x3791bc82	1.7373127775499597e-05
14	64	0x3e0c04d7	0.13673721253871918	0x3f7d9872	0.9906073808670044
14	65	0x3e908cda	0.2823246121406555	0xbf7595ed	-0.9593189358711243
14	66	0xbf71e685	-0.9449236989021301	0x3ea792a9	0.327290803194046
14	67	0x3f00edca	0.5036283731460571	0x3f5d29e3	0.8639203906059265
14	68	0x3f6dcab7	0.9288744330406189	0xbebda461	-0.3703947365283966
14	69	0x3d38ad7b	0.04508731886744499	0xbf7fbd5a	-0.9989830255508423
14	70	0xbf4514b0	-0.7698469161987305	0xbf2362f2	-0.6382285356521606
14	71	0xbf7fa6da	-0.998639702796936	0x3d55925b	0.05214152857661247
14	72	0xbf4b7ca9	-0.794870913028717	0x3f1b55d7	0.6067785620689392
14	73	0xbed7f530	-0.42179250717163086	0x3f681cfe	0.906692385673523
14	74	0xbd3bef26	-0.045882366597652435	0x3f7fbafb	0.9989468455314636
14	75	0x3e8793bf	0.2647990882396698	0x3f76dc9a	0.9643036127090454
14	76	0x3efed27c	0.4976996183395386	0x3f5e0a9d	0.8673494458198547
14	77	0x3f29b884	0.6629717350006104	0x3f3fa729	0.7486444115638733
14	78	0x3f46c6a0	0.7764682769775391	0x3f2151ed	0.6301563382148743
14	79	0x3f5a540d	0.8528450131416321	0x3f05ac8d	0.5221641659736633
14	80	0x3f6751b1	0.9035902619361877	0x3edb56f5	0.4283978044986725
14	81	0x3f6fe161	0.9370327591896057	0x3eb2cfc9	0.3492415249347687
14	82	0x3f757e3f	0.9589576125144958	0x3e912d67	0.2835495173931122
14	83	0x3f792918	0.9732832908630371	0x3e6b1e3b	0.2296075075864792
14	84	0x3f7b8d35	0.9826233983039856	0x3e3e10a7	0.18561039865016937
14	85	0x3f7d1bbc	0.9887044429779053	0x3e1979ad	0.14987821877002716
14	86	0x3f7e1ef8	0.9926600456237793	0x3df7ae78	0.120938241481781
14	87	0x3f7ec77e	0.9952315092086792	0x3dc7c38c	0.097540944814682
14	88	0x3f7f3502	0.996902585029602	0x3da11168	0.07864648103713989
14	89	0x3f7f7c28	0.997988224029541	0x3d81d7a9	0.06339962035417557
14	90	0x3f7faa60	0.9986934661865234	0x3d515073	0.05110211297869682
14	91	0x3f7fc864	0.9991514682769775	0x3d28b334	0.04118652641773224
14	92	0x3f7fdbe3	0.9994489550590515	0x3d07f586	0.033193133771419525
14	93	0x3f7fe88c	0.9996421337127686	0x3cdb2321	0.026750149205327034
14	94	0x3f7ff0c5	0.9997676014900208	0x3cb098ef	0.02155729942023754
14	95	0x3f7ff61c	0.9998490810394287	0x3c8e5043	0.01737225614488125
14	96	0x3f7ff994	0.9999020099639893	0x3c655e57	0.013999543152749538
14	97	0x3f7ffbd4	0.9999363422393799	0x3c38d642	0.011281551793217659
14	98	0x3f7ffd4b	0.9999586939811707	0x3c14f356	0.009091218933463097
14	99	0x3f7ffe3e	0.9999731779098511	0x3bf00ff7	0.007326121907681227
14	100	0x3f7ffedc	0.9999825954437256	0x3bc173f6	0.0059037161991000175
14	101	0x3f7fff42	0.9999886751174927	0x3b9be495	0.004757473710924387
14	102	0x3f7fff85	0.9999926686286926	0x3b7b4020	0.003833778202533722
14	103	0x3f7fffb0	0.999995231628418	0x3b4a77eb	0.00308942305855453
14	104	0x3f7fffcc	0.9999969005584717	0x3b23285e	0.002489588689059019
14	105	0x3f7fffdf	0.9999980330467224	0x3b037aba	0.0020062164403498173
14	106	0x3f7fffea	0.9999986886978149	0x3ad3e740	0.0016166940331459045
14	107	0x3f7ffff2	0.9999991655349731	0x3aaac2bb	0.0013028004905208945
14	108	0x3f7ffff7	0.999999463558197	0x3a899b2e	0.0010498517658561468
14	109	0x3f7ffffa	0.9999996423721313	0x3a5dc718	0.0008460148237645626
14	110	0x3f7ffffc	0.9999997615814209	0x3a32b7c5	0.0006817544926889241
14	111	0x3f7ffffe	0.9999998807907104	0x3a1004b6	0.0005493866046890616
14	112	0x3f7fffff	0.9999999403953552	0x39e81cb8	0.0004427188541740179
14	113	0x3f7fffff	0.9999999403953552	0x39bb0bb9	0.00035676153493113816
14	114	0x3f7fffff	0.9999999403953552	0x3996bab9	0.00028749348712153733
14	115	0x3f800000	1.0	0x3972ed9f	0.00023167439212556928
14	116	0x3f800000	1.0	0x3943c305	0.00018669299606699497
14	117	0x3f800000	1.0	0x391dc0cc	0.00015044509200379252
14	118	0x3f800000	1.0	0x38fe3f8d	0.0001212350107380189
14	119	0x3f800000	1.0	0x38cce24c	9.769629104994237e-05
14	120	0x3f800000	1.0	0x38a51aa9	7.872778951423243e-05
14	121	0x3f800000	1.0	0x38850c42	6.344217399600893e-05
14	122	0x3f800000	1.0	0x38566e62	5.112437793286517e-05
14	123	0x3f800000	1.0	0x382ccc36	4.119818186154589e-05
14	124	0x3f800000	1.0	0x380b3f68	3.31992341671139e-05
14	125	0x3f800000	1.0	0x37e06c5d	2.6753341444418766e-05
14	126	0x3f800000	1.0	0x37b4d98a	2.1558971639024094e-05
14	127	0x3f800000	1.0	0x3791bc82	1.7373127775499597e-05
15	0	0xbf427ae8	-0.7596879005432129	0x3f267944	0.6502878665924072
15	1	0x3f633843	0.8875772356987	0xbeebdb7e	-0.4606589674949646
15	2	0xbf735425	-0.9505026936531067	0xbe9f1637	-0.3107163608074188
15	3	0x3b93450a	0.004494314081966877	0x3f7fff57	0.999989926815033
15	4	0x3f7fc57b	0.9991070628166199	0x3d2d0dfe	0.04224967211484909
15	5	0x3ec03ffe	0.3754882216453552	0xbf6d448c	-0.9268271923065186
15	6	0xbf118d69	-0.5685639977455139	0xbf529879	-0.8226390480995178
15	7	0xbf7c5fc0	-0.9858360290527344	0xbe2bbcb5	-0.1677120476961136
15	8	0xbf63c171	-0.8896704316139221	0x3ee9c7e7	0.4566032588481903
15	9	0xbf0c053f	-0.5469550490379333	0x3f565040	0.8371620178222656
15	10	0xbe248892	-0.1606772243976593	0x3f7cac7e	0.9870070219039917
15	11	0x3e323978	0.1740473508834839	0x3f7c17be	0.9847372770309448
15	12	0x3edcd5f2	0.4313197731971741	0x3f66f685	0.9021990895271301
15	13	0x3f1dd625	0.6165488362312317	0x3f498d96	0.7873166799545288
15	14	0x3f3eb006	0.7448734045028687	0x3f2ace01	0.6672058701515198
15	15	0x3f54ea7c	0.8317029476165771	0x3f0e22f4	0.5552208423614502
15	16	0x3f63bc68	0.8895936012268066	0x3ee9db85	0.4567529261112213
15	17	0x3f6d8640	0.9278297424316406	0x3ebefa60	0.3730039596557617
15	18	0x3f73f36c	0.9529330730438232	0x3e9b3a82	0.3031807541847229
15	19	0x3f78275d	0.9693506360054016	0x3e7b93e8	0.24568140506744385
15	20	0x3f7ae547	0.9800609946250916	0x3e4b773a	0.19869700074195862
15	21	0x3f7cae72	0.9870368242263794	0x3e24588e	0.16049405932426453
15	22	0x3f7dd7e5	0.9915755391120911	0x3e04a36d	0.129529669880867
15	23	0x3f7e994c	0.9945266246795654	0x3dd5fb78	0.10448354482650757
15	24	0x3f7f16fd	0.9964445233345032	0x3dac8be5	0.08425120264291763
15	25	0x3f7f68a8	0.9976906776428223	0x3d8b1a63	0.06792142242193222
15	26	0x3f7f9db5	0.9985001683235168	0x3d604035	0.05474873259663582
15	27	0x3f7fc02a	0.9990259408950806	0x3d34be12	0.04412657767534256
15	28	0x3f7fd68b	0.9993674159049988	0x3d11aa9f	0.03556310757994652
15	29	0x3f7fe514	0.999589204788208	0x3ceac926	0.0286603681743145
15	30	0x3f7fee84	0.9997332096099854	0x3cbd3597	0.0230968426913023
15	31	0x3f7ff4a6	0.9998267889022827	0x3c987a47	0.018612993881106377
15	32	0x3f7ff8a1	0.9998875260353088	0x3c75c034	0.01499943807721138
15	33	0x3f7ffb37	0.9999269843101501	0x3c4609fa	0.012087339535355568
15	34	0x3f7ffce4	0.9999525547027588	0x3c1f96eb	0.009740571491420269
15	35	0x3f7ffdfb	0.9999691843986511	0x3c009acb	0.007849405519664288
15	36	0x3f7ffeb0	0.9999799728393555	0x3bcf4558	0.006325405091047287
15	37	0x3f7fff26	0.999987006187439	0x3ba7072c	0.005097290500998497
15	38	0x3f7fff73	0.9999915957450867	0x3b869932	0.004107617773115635
15	39	0x3f7fffa4	0.9999945163726807	0x3b58ee2f	0.0033100952859967947
15	40	0x3f7fffc5	0.9999964833259583	0x3b2ecfd0	0.002667415887117386
15	41	0x3f7fffd9	0.9999976754188538	0x3b0cdeeb	0.0021495174150913954
15	42	0x3f7fffe7	0.9999985098838806	0x3ae30a0d	0.0017321720952168107
15	43	0x3f7ffff0	0.9999990463256836	0x3ab6f536	0.001395857660099864
15	44	0x3f7ffff5	0.9999993443489075	0x3a936f68	0.0011248411610722542
15	45	0x3f7ffff9	0.9999995827674866	0x3a6d9e75	0.0009064444457180798
15	46	0x3f7ffffc	0.9999997615814209	0x3a3f7bc1	0.0007304512546397746
15	47	0x3f7ffffd	0.9999998211860657	0x3a1a4e2f	0.000588628405239433
15	48	0x3f7ffffe	0.9999998807907104	0x39f8b10d	0.00047434159205295146
15	49	0x3f7fffff	0.9999999403953552	0x39c867fd	0.0003822444996330887
15	50	0x3f7fffff	0.9999999403953552	0x39a17eeb	0.00030802874243818223
15	51	0x3f800000	1.0	0x398223de	0.00024822255363687873
15	52	0x3f800000	1.0	0x3951beaa	0.00020002821111120284
15	53	0x3f800000	1.0	0x3929056d	0.00016119117208290845
15	54	0x3f800000	1.0	0x39083455	0.00012989465903956443
15	55	0x3f800000	1.0	0x38db84bf	0.00010467459651408717
15	56	0x3f800000	1.0	0x38b0e5b5	8.435120253125206e-05
15	57	0x3f800000	1.0	0x388e8d22	6.79737568134442e-05
15	58	0x3f800000	1.0	0x3865bf69	5.4776119213784114e-05
15	59	0x3f800000	1.0	0x383923f0	4.4140906538814306e-05
15	60	0x3f800000	1.0	0x381531a6	3.557060699677095e-05
15	61	0x3f800000	1.0	0x37f0741a	2.866429349523969e-05
15	62	0x3f800000	1.0	0x37c1c481	2.3098897145246156e-05
15	63	0x3f800000	1.0	0x379c2567	1.8614065993460827e-05
15	64	0xbf427ae8	-0.7596879005432129	0x3f267944	0.6502878665924072
15	65	0x3f633843	0.8875772356987	0xbeebdb7e	-0.4606589674949646
15	66	0xbf735425	-0.9505026936531067	0xbe9f1637	-0.3107163608074188
15	67	0x3b93450a	0.004494314081966877	0x3f7fff57	0.999989926815033
15	68	0x3f7fc57b	0.9991070628166199	0x3d2d0dfe	0.04224967211484909
15	69	0x3ec03ffe	0.3754882216453552	0xbf6d448c	-0.9268271923065186
15	70	0xbf118d69	-0.5685639977455139	0xbf529879	-0.8226390480995178
15	71	0xbf7c5fc0	-0.9858360290527344	0xbe2bbcb5	-0.1677120476961136
15	72	0xbf63c171	-0.8896704316139221	0x3ee9c7e7	0.4566032588481903
15	73	0xbf0c053f	-0.5469550490379333	0x3f565040	0.8371620178222656
15	74	0xbe248892	-0.1606772243976593	0x3f7cac7e	0.9870070219039917
15	75	0x3e323978	0.1740473508834839	0x3f7c17be	0.9847372770309448
15	76	0x3edcd5f2	0.4313197731971741	0x3f66f685	0.9021990895271301
15	77	0x3f1dd625	0.6165488362312317	0x3f498d96	0.7873166799545288
15	78	0x3f3eb006	0.7448734045028687	0x3f2ace01	0.6672058701515198
15	79	0x3f54ea7c	0.8317029476165771	0x3f0e22f4	0.5552208423614502
15	80	0x3f63bc68	0.8895936012268066	0x3ee9db85	0.4567529261112213
15	81	0x3f6d8640	0.9278297424316406	0x3ebefa60	0.3730039596557617
15	82	0x3f73f36c	0.9529330730438232	0x3e9b3a82	0.3031807541847229
15	83	0x3f78275d	0.9693506360054016	0x3e7b93e8	0.24568140506744385
15	84	0x3f7ae547	0.9800609946250916	0x3e4b773a	0.19869700074195862
15	85	0x3f7cae72	0.9870368242263794	0x3e24588e	0.16049405932426453
15	86	0x3f7dd7e5	0.9915755391120911	0x3e04a36d	0.129529669880867
15	87	0x3f7e994c	0.9945266246795654	0x3dd5fb78	0.10448354482650757
15	88	0x3f7f16fd	0.9964445233345032	0x3dac8be5	0.08425120264291763
15	89	0x3f7f68a8	0.9976906776428223	0x3d8b1a63	0.06792142242193222
15	90	0x3f7f9db5	0.9985001683235168	0x3d604035	0.05474873259663582
15	91	0x3f7fc02a	0.9990259408950806	0x3d34be12	0.04412657767534256
15	92	0x3f7fd68b	0.9993674159049988	0x3d11aa9f	0.03556310757994652
15	93	0x3f7fe514	0.999589204788208	0x3ceac926	0.0286603681743145
15	94	0x3f7fee84	0.9997332096099854	0x3cbd3597	0.0230968426913023
15	95	0x3f7ff4a6	0.9998267889022827	0x3c987a47	0.018612993881106377
15	96	0x3f7ff8a1	0.9998875260353088	0x3c75c034	0.01499943807721138
15	97	0x3f7ffb37	0.9999269843101501	0x3c4609fa	0.012087339535355568
15	98	0x3f7ffce4	0.9999525547027588	0x3c1f96eb	0.009740571491420269
15	99	0x3f7ffdfb	0.9999691843986511	0x3c009acb	0.007849405519664288
15	100	0x3f7ffeb0	0.9999799728393555	0x3bcf4558	0.006325405091047287
15	101	0x3f7fff26	0.999987006187439	0x3ba7072c	0.005097290500998497
15	102	0x3f7fff73	0.9999915957450867	0x3b869932	0.004107617773115635
15	103	0x3f7fffa4	0.9999945163726807	0x3b58ee2f	0.0033100952859967947
15	104	0x3f7fffc5	0.9999964833259583	0x3b2ecfd0	0.002667415887117386
15	105	0x3f7fffd9	0.9999976754188538	0x3b0cdeeb	0.0021495174150913954
15	106	0x3f7fffe7	0.9999985098838806	0x3ae30a0d	0.0017321720952168107
15	107	0x3f7ffff0	0.9999990463256836	0x3ab6f536	0.001395857660099864
15	108	0x3f7ffff5	0.9999993443489075	0x3a936f68	0.0011248411610722542
15	109	0x3f7ffff9	0.9999995827674866	0x3a6d9e75	0.0009064444457180798
15	110	0x3f7ffffc	0.9999997615814209	0x3a3f7bc1	0.0007304512546397746
15	111	0x3f7ffffd	0.9999998211860657	0x3a1a4e2f	0.000588628405239433
15	112	0x3f7ffffe	0.9999998807907104	0x39f8b10d	0.00047434159205295146
15	113	0x3f7fffff	0.9999999403953552	0x39c867fd	0.0003822444996330887
15	114	0x3f7fffff	0.9999999403953552	0x39a17eeb	0.00030802874243818223
15	115	0x3f800000	1.0	0x398223de	0.00024822255363687873
15	116	0x3f800000	1.0	0x3951beaa	0.00020002821111120284
15	117	0x3f800000	1.0	0x3929056d	0.00016119117208290845
15	118	0x3f800000	1.0	0x39083455	0.00012989465903956443
15	119	0x3f800000	1.0	0x38db84bf	0.00010467459651408717
15	120	0x3f800000	1.0	0x38b0e5b5	8.435120253125206e-05
15	121	0x3f800000	1.0	0x388e8d22	6.79737568134442e-05
15	122	0x3f800000	1.0	0x3865bf69	5.4776119213784114e-05
15	123	0x3f800000	1.0	0x383923f0	4.4140906538814306e-05
15	124	0x3f800000	1.0	0x381531a6	3.557060699677095e-05
15	125	0x3f800000	1.0	0x37f0741a	2.866429349523969e-05
15	126	0x3f800000	1.0	0x37c1c481	2.3098897145246156e-05
15	127	0x3f800000	1.0	0x379c2567	1.8614065993460827e-05
16	0	0xbf75292c	-0.9576594829559326	0xbe936810	-0.2879033088684082
16	1	0x3f726d0e	0.9469765424728394	0x3ea481cd	0.3213028013706207
16	2	0xbf11b39e	-0.569146990776062	0xbf527e0b	-0.8222357630729675
16	3	0xbefddf16	-0.4958426356315613	0x3f5e5046	0.8684123754501343
16	4	0x3f64f00e	0.8942879438400269	0x3ee51dac	0.44749200344085693
16	5	0x3f29b6b4	0.6629440784454346	0xbf3fa8c4	-0.748668909072876
16	6	0xbea65ab3	-0.3249107301235199	0xbf721c53	-0.9457446932792664
16	7	0xbf6cdb35	-0.9252198338508606	0xbec244d6	-0.37943142652511597
16	8	0xbf74d74a	-0.9564100503921509	0x3e958493	0.292027086019516
16	9	0xbf293110	-0.6609048843383789	0x3f401ec8	0.7504696846008301
16	10	0xbe8bf222	-0.2733317017555237	0x3f764061	0.9619198441505432
16	11	0x3da78156	0.08178965747356415	0x3f7f246e	0.9966496229171753
16	12	0x3eb99ba5	0.3625155985355377	0x3f6e9617	0.9319776892662048
16	13	0x3f116043	0.5678750872612	0x3f52b7a6	0.8231147527694702
16	14	0x3f3625ae	0.7115124464035034	0x3f33e269	0.7026734948158264
16	15	0x3f4f2cff	0.8092803359031677	0x3f166154	0.5874226093292236
16	16	0x3f5fecd4	0.8747074604034424	0x3ef82437	0.4846512973308563
16	17	0x3f6b03a4	0.9180243015289307	0x3ecb0536	0.3965241312980652
16	18	0x3f724e43	0.946506679058075	0x3ea536dd	0.3226841986179352
16	19	0x3f77143c	0.9651525020599365	0x3e85fbf9	0.2616880238056183
16	20	0x3f7a31ec	0.9773242473602295	0x3e58d489	0.21174825727939606
16	21	0x3f7c39af	0.9852551817893982	0x3e2f3293	0.17109136283397675
16	22	0x3f7d8bf3	0.9904167056083679	0x3e0d6d13	0.1381113976240158
16	23	0x3f7e67ed	0.9937732815742493	0x3de430b9	0.11142105609178543
16	24	0x3f7ef6e8	0.9959549903869629	0x3db804fd	0.08985326439142227
16	25	0x3f7f53d0	0.9973726272583008	0x3d945c62	0.07244183123111725
16	26	0x3f7f902b	0.9982935786247253	0x3d6f2f34	0.058394625782966614
16	27	0x3f7fb75f	0.9988917708396912	0x3d40c888	0.04706624150276184
16	28	0x3f7fd0d5	0.9992802739143372	0x3d1b5f81	0.037932876497507095
16	29	0x3f7fe15f	0.9995326399803162	0x3cfa6ef3	0.030570482835173607
16	30	0x3f7fec1c	0.9996964931488037	0x3cc9d222	0.02463633194565773
16	31	0x3f7ff315	0.9998028874397278	0x3ca2a43b	0.019853701815009117
16	32	0x3f7ff79d	0.9998720288276672	0x3c831101	0.015999319031834602
16	33	0x3f7ffa8e	0.9999169111251831	0x3c533da8	0.01289311796426773
16	34	0x3f7ffc76	0.9999459981918335	0x3c2a3a7b	0.010389919392764568
16	35	0x3f7ffdb4	0.9999649524688721	0x3c092d99	0.008372687734663486
16	36	0x3f7ffe82	0.9999772310256958	0x3bdd16b7	0.0067470925860106945
16	37	0x3f7fff08	0.9999852180480957	0x3bb229c1	0.005437106359750032
16	38	0x3f7fff5f	0.9999904036521912	0x3b8f9254	0.004381457343697548
16	39	0x3f7fff98	0.9999938011169434	0x3b676472	0.0035307672806084156
16	40	0x3f7fffbc	0.9999959468841553	0x3b3a7743	0.0028452433180063963
16	41	0x3f7fffd4	0.9999973773956299	0x3b16431b	0.00229281815700233
16	42	0x3f7fffe4	0.9999983310699463	0x3af22cd9	0.001847650040872395
16	43	0x3f7fffee	0.999998927116394	0x3ac327b0	0.0014889147132635117
16	44	0x3f7ffff4	0.9999992847442627	0x3a9d43a2	0.0011998305562883615
16	45	0x3f7ffff8	0.9999995231628418	0x3a7d75d1	0.0009668740094639361
16	46	0x3f7ffffb	0.9999997019767761	0x3a4c3fbd	0.000779148016590625
16	47	0x3f7ffffd	0.9999998211860657	0x3a2497aa	0.0006278703222051263
16	48	0x3f7ffffe	0.9999998807907104	0x3a04a2b2	0.0005059643881395459
16	49	0x3f7fffff	0.9999999403953552	0x39d5c441	0.00040772746433503926
16	50	0x3f7fffff	0.9999999403953552	0x39ac431d	0.00032856399775482714
16	51	0x3f800000	1.0	0x398ad0ed	0.0002647707297001034
16	52	0x3f800000	1.0	0x395fba4f	0.0002133634261554107
16	53	0x3f800000	1.0	0x39344a0e	0.00017193725216202438
16	54	0x3f800000	1.0	0x391148e3	0.00013855430006515235
16	55	0x3f800000	1.0	0x38ea2732	0.00011165290197823197
16	56	0x3f800000	1.0	0x38bcb0c1	8.997461554827169e-05
16	57	0x3f800000	1.0	0x38980e02	7.250533963087946e-05
16	58	0x3f800000	1.0	0x38751070	5.8427860494703054e-05
16	59	0x3f800000	1.0	0x38457bab	4.708363485406153e-05
16	60	0x3f800000	1.0	0x381f23e4	3.7941979826427996e-05
16	61	0x3f800000	1.0	0x38003dec	3.057524736505002e-05
16	62	0x3f800000	1.0	0x37ceaf79	2.463882447045762e-05
16	63	0x3f800000	1.0	0x37a68e4c	1.9855004211422056e-05
16	64	0xbf75292c	-0.9576594829559326	0xbe936810	-0.2879033088684082
16	65	0x3f726d0e	0.9469765424728394	0x3ea481cd	0.3213028013706207
16	66	0xbf11b39e	-0.569146990776062	0xbf527e0b	-0.8222357630729675
16	67	0xbefddf16	-0.4958426356315613	0x3f5e5046	0.8684123754501343
16	68	0x3f64f00e	0.8942879438400269	0x3ee51dac	0.44749200344085693
16	69	0x3f29b6b4	0.6629440784454346	0xbf3fa8c4	-0.748668909072876
16	70	0xbea65ab3	-0.3249107301235199	0xbf721c53	-0.9457446932792664
16	71	0xbf6cdb35	-0.9252198338508606	0xbec244d6	-0.37943142652511597
16	72	0xbf74d74a	-0.9564100503921509	0x3e958493	0.292027086019516
16	73	0xbf293110	-0.6609048843383789	0x3f401ec8	0.7504696846008301
16	74	0xbe8bf222	-0.2733317017555237	0x3f764061	0.9619198441505432
16	75	0x3da78156	0.08178965747356415	0x3f7f246e	0.9966496229171753
16	76	0x3eb99ba5	0.3625155985355377	0x3f6e9617	0.9319776892662048
16	77	0x3f116043	0.5678750872612	0x3f52b7a6	0.8231147527694702
16	78	0x3f3625ae	0.7115124464035034	0x3f33e269	0.7026734948158264
16	79	0x3f4f2cff	0.8092803359031677	0x3f166154	0.5874226093292236
16	80	0x3f5fecd4	0.8747074604034424	0x3ef82437	0.4846512973308563
16	81	0x3f6b03a4	0.9180243015289307	0x3ecb0536	0.3965241312980652
16	82	0x3f724e43	0.946506679058075	0x3ea536dd	0.3226841986179352
16	83	0x3f77143c	0.9651525020599365	0x3e85fbf9	0.2616880238056183
16	84	0x3f7a31ec	0.9773242473602295	0x3e58d489	0.21174825727939606
16	85	0x3f7c39af	0.9852551817893982	0x3e2f3293	0.17109136283397675
16	86	0x3f7d8bf3	0.9904167056083679	0x3e0d6d13	0.1381113976240158
16	87	0x3f7e67ed	0.9937732815742493	0x3de430b9	0.11142105609178543
16	88	0x3f7ef6e8	0.9959549903869629	0x3db804fd	0.08985326439142227
16	89	0x3f7f53d0	0.9973726272583008	0x3d945c62	0.07244183123111725
16	90	0x3f7f902b	0.9982935786247253	0x3d6f2f34	0.058394625782966614
16	91	0x3f7fb75f	0.9988917708396912	0x3d40c888	0.04706624150276184
16	92	0x3f7fd0d5	0.9992802739143372	0x3d1b5f81	0.037932876497507095
16	93	0x3f7fe15f	0.9995326399803162	0x3cfa6ef3	0.030570482835173607
16	94	0x3f7fec1c	0.9996964931488037	0x3cc9d222	0.02463633194565773
16	95	0x3f7ff315	0.9998028874397278	0x3ca2a43b	0.019853701815009117
16	96	0x3f7ff79d	0.9998720288276672	0x3c831101	0.015999319031834602
16	97	0x3f7ffa8e	0.9999169111251831	0x3c533da8	0.01289311796426773
16	98	0x3f7ffc76	0.9999459981918335	0x3c2a3a7b	0.010389919392764568
16	99	0x3f7ffdb4	0.9999649524688721	0x3c092d99	0.008372687734663486
16	100	0x3f7ffe82	0.9999772310256958	0x3bdd16b7	0.0067470925860106945
16	101	0x3f7fff08	0.9999852180480957	0x3bb229c1	0.005437106359750032
16	102	0x3f7fff5f	0.9999904036521912	0x3b8f9254	0.004381457343697548
16	103	0x3f7fff98	0.9999938011169434	0x3b676472	0.0035307672806084156
16	104	0x3f7fffbc	0.9999959468841553	0x3b3a7743	0.0028452433180063963
16	105	0x3f7fffd4	0.9999973773956299	0x3b16431b	0.00229281815700233
16	106	0x3f7fffe4	0.9999983310699463	0x3af22cd9	0.001847650040872395
16	107	0x3f7fffee	0.999998927116394	0x3ac327b0	0.0014889147132635117
16	108	0x3f7ffff4	0.9999992847442627	0x3a9d43a2	0.0011998305562883615
16	109	0x3f7ffff8	0.9999995231628418	0x3a7d75d1	0.0009668740094639361
16	110	0x3f7ffffb	0.9999997019767761	0x3a4c3fbd	0.000779148016590625
16	111	0x3f7ffffd	0.9999998211860657	0x3a2497aa	0.0006278703222051263
16	112	0x3f7ffffe	0.9999998807907104	0x3a04a2b2	0.0005059643881395459
16	113	0x3f7fffff	0.9999999403953552	0x39d5c441	0.00040772746433503926
16	114	0x3f7fffff	0.9999999403953552	0x39ac431d	0.00032856399775482714
16	115	0x3f800000	1.0	0x398ad0ed	0.0002647707297001034
16	116	0x3f800000	1.0	0x395fba4f	0.0002133634261554107
16	117	0x3f800000	1.0	0x39344a0e	0.00017193725216202438
16	118	0x3f800000	1.0	0x391148e3	0.00013855430006515235
16	119	0x3f800000	1.0	0x38ea2732	0.00011165290197823197
16	120	0x3f800000	1.0	0x38bcb0c1	8.997461554827169e-05
16	121	0x3f800000	1.0	0x38980e02	7.250533963087946e-05
16	122	0x3f800000	1.0	0x38751070	5.8427860494703054e-05
16	123	0x3f800000	1.0	0x38457bab	4.708363485406153e-05
16	124	0x3f800000	1.0	0x381f23e4	3.7941979826427996e-05
16	125	0x3f800000	1.0	0x38003dec	3.057524736505002e-05
16	126	0x3f800000	1.0	0x37ceaf79	2.463882447045762e-05
16	127	0x3f800000	1.0	0x37a68e4c	1.9855004211422056e-05
17	0	0xbe8ce236	-0.27516335248947144	0xbf761e26	-0.9613975286483765
17	1	0x3ed91587	0.4239923655986786	0x3f67d9b6	0.9056657552719116
17	2	0x3d33cfe6	0.04389943927526474	0xbf7fc0d2	-0.9990359544754028
17	3	0xbf5d0c34	-0.8634674549102783	0x3f0120a8	0.5044045448303223
17	4	0x3f21fe00	0.632781982421875	0x3f463a7d	0.7743299603462219
17	5	0x3f5fe45b	0.8745781779289246	0xbef842c9	-0.4848845303058624
17	6	0xbd69a780	-0.05704450607299805	0xbf7f9549	-0.9983716607093811
17	7	0xbf51d9e5	-0.8197310566902161	0xbf129fa7	-0.572748601436615
17	8	0xbf7e3443	-0.99298495054245	0x3df22816	0.11824052035808563
17	9	0xbf42e4f5	-0.76130610704422	0x3f25fd0f	0.6483926177024841
17	10	0xbec3c2c2	-0.3823452591896057	0x3f6c8c8b	0.9240195155143738
17	11	0xbc371ab5	-0.011175801046192646	0x3f7ffbe8	0.9999375343322754
17	12	0x3e955644	0.29167377948760986	0x3f74de5b	0.9565178751945496
17	13	0x3f046285	0.5171282887458801	0x3f5b1cc8	0.8559079170227051
17	14	0x3f2d2cc8	0.6764645576477051	0x3f3c89a3	0.7364751696586609
17	15	0x3f491dd8	0.785611629486084	0x3f1e646e	0.6187199354171753
17	16	0x3f5be3ee	0.858946681022644	0x3f0316b2	0.512065052986145
17	17	0x3f6859f7	0.907622754573822	0x3ed6ee4c	0.41978681087493896
17	18	0x3f708ef2	0.9396811723709106	0x3eaf2162	0.34205156564712524
17	19	0x3f75efca	0.9606901407241821	0x3e8e2498	0.27762293815612793
17	20	0x3f79732e	0.9744137525558472	0x3e6627fa	0.22476187348365784
17	21	0x3f7bbd77	0.9833597540855408	0x3e3a076a	0.18166890740394592
17	22	0x3f7d3b23	0.9891836047172546	0x3e163403	0.14668278396129608
17	23	0x3f7e3362	0.9929715394973755	0x3df26321	0.11835313588380814
17	24	0x3f7ed4c3	0.9954339861869812	0x3dc37c97	0.09545248001813889
17	25	0x3f7f3da1	0.9970341324806213	0x3d9d9d99	0.07696074992418289
17	26	0x3f7f81c2	0.9980736970901489	0x3d7e1d61	0.06203973665833473
17	27	0x3f7fae03	0.9987489581108093	0x3d4cd290	0.05000549554824829
17	28	0x3f7fcac1	0.9991875290870667	0x3d25142b	0.04030243679881096
17	29	0x3f7fdd6c	0.9994723796844482	0x3d050a42	0.03248048573732376
17	30	0x3f7fe98c	0.999657392501831	0x3cd66e8d	0.026175761595368385
17	31	0x3f7ff16b	0.9997774958610535	0x3cacce1e	0.02109437808394432
17	32	0x3f7ff688	0.9998555183410645	0x3c8b41de	0.016999181360006332
17	33	0x3f7ff9da	0.9999061822891235	0x3c60714e	0.013698888942599297
17	34	0x3f7ffc02	0.9999390840530396	0x3c34de07	0.01103926356881857
17	35	0x3f7ffd68	0.9999604225158691	0x3c11c064	0.008895967155694962
17	36	0x3f7ffe51	0.9999743103981018	0x3beae813	0.00716877868399024
17	37	0x3f7ffee8	0.9999833106994629	0x3bbd4c56	0.005776922218501568
17	38	0x3f7fff4a	0.9999891519546509	0x3b988b75	0.004655296448618174
17	39	0x3f7fff8a	0.9999929666519165	0x3b75dab5	0.0037514392752200365
17	40	0x3f7fffb4	0.9999954700469971	0x3b461eb4	0.0030230702832341194
17	41	0x3f7fffce	0.9999970197677612	0x3b1fa74c	0.002436119131743908
17	42	0x3f7fffe0	0.9999980926513672	0x3b00a7d3	0.001963128102943301
17	43	0x3f7fffeb	0.9999987483024597	0x3acf5a2a	0.0015819717664271593
17	44	0x3f7ffff3	0.9999992251396179	0x3aa717db	0.001274819835089147
17	45	0x3f7ffff7	0.999999463558197	0x3a86a697	0.0010273036314174533
17	46	0x3f7ffffa	0.9999996423721313	0x3a5903b8	0.0008278447203338146
17	47	0x3f7ffffc	0.9999997615814209	0x3a2ee125	0.0006671122391708195
17	48	0x3f7ffffe	0.9999998807907104	0x3a0cecdd	0.0005375871551223099
17	49	0x3f7fffff	0.9999999403953552	0x39e32085	0.0004332104290369898
17	50	0x3f7fffff	0.9999999403953552	0x39b7074f	0.00034909925307147205
17	51	0x3f7fffff	0.9999999403953552	0x39937dfc	0.0002813189057633281
17	52	0x3f800000	1.0	0x396db5f4	0.00022669864119961858
17	53	0x3f800000	1.0	0x393f8eaf	0.0001826833322411403
17	54	0x3f800000	1.0	0x391a5d71	0.00014721394109074026
17	55	0x3f800000	1.0	0x38f8c9a5	0.00011863120744237676
17	56	0x3f800000	1.0	0x38c87bcd	9.559802856529132e-05
17	57	0x3f800000	1.0	0x38a18ee2	7.703692244831473e-05
17	58	0x3f800000	1.0	0x388230bc	6.20796054136008e-05
17	59	0x3f800000	1.0	0x3851d366	5.002636316930875e-05
17	60	0x3f800000	1.0	0x38291622	4.0313352656085044e-05
17	61	0x3f800000	1.0	0x380841cb	3.2486201234860346e-05
17	62	0x3f800000	1.0	0x37db9a71	2.6178751795669086e-05
17	63	0x3f800000	1.0	0x37b0f731	2.1095942429383285e-05
17	64	0xbe8ce236	-0.27516335248947144	0xbf761e26	-0.9613975286483765
17	65	0x3ed91587	0.4239923655986786	0x3f67d9b6	0.9056657552719116
17	66	0x3d33cfe6	0.04389943927526474	0xbf7fc0d2	-0.9990359544754028
17	67	0xbf5d0c34	-0.8634674549102783	0x3f0120a8	0.5044045448303223
17	68	0x3f21fe00	0.632781982421875	0x3f463a7d	0.7743299603462219
17	69	0x3f5fe45b	0.8745781779289246	0xbef842c9	-0.4848845303058624
17	70	0xbd69a780	-0.05704450607299805	0xbf7f9549	-0.9983716607093811
17	71	0xbf51d9e5	-0.8197310566902161	0xbf129fa7	-0.572748601436615
17	72	0xbf7e3443	-0.99298495054245	0x3df22816	0.11824052035808563
17	73	0xbf42e4f5	-0.76130610704422	0x3f25fd0f	0.6483926177024841
17	74	0xbec3c2c2	-0.3823452591896057	0x3f6c8c8b	0.9240195155143738
17	75	0xbc371ab5	-0.011175801046192646	0x3f7ffbe8	0.9999375343322754
17	76	0x3e955644	0.29167377948760986	0x3f74de5b	0.9565178751945496
17	77	0x3f046285	0.5171282887458801	0x3f5b1cc8	0.8559079170227051
17	78	0x3f2d2cc8	0.6764645576477051	0x3f3c89a3	0.7364751696586609
17	79	0x3f491dd8	0.785611629486084	0x3f1e646e	0.6187199354171753
17	80	0x3f5be3ee	0.858946681022644	0x3f0316b2	0.512065052986145
17	81	0x3f6859f7	0.907622754573822	0x3ed6ee4c	0.41978681087493896
17	82	0x3f708ef2	0.9396811723709106	0x3eaf2162	0.34205156564712524
17	83	0x3f75efca	0.9606901407241821	0x3e8e2498	0.27762293815612793
17	84	0x3f79732e	0.9744137525558472	0x3e6627fa	0.22476187348365784
17	85	0x3f7bbd77	0.9833597540855408	0x3e3a076a	0.18166890740394592
17	86	0x3f7d3b23	0.9891836047172546	0x3e163403	0.14668278396129608
17	87	0x3f7e3362	0.9929715394973755	0x3df26321	0.11835313588380814
17	88	0x3f7ed4c3	0.9954339861869812	0x3dc37c97	0.09545248001813889
17	89	0x3f7f3da1	0.9970341324806213	0x3d9d9d99	0.07696074992418289
17	90	0x3f7f81c2	0.9980736970901489	0x3d7e1d61	0.06203973665833473
17	91	0x3f7fae03	0.9987489581108093	0x3d4cd290	0.05000549554824829
17	92	0x3f7fcac1	0.9991875290870667	0x3d25142b	0.04030243679881096
17	93	0x3f7fdd6c	0.9994723796844482	0x3d050a42	0.03248048573732376
17	94	0x3f7fe98c	0.999657392501831	0x3cd66e8d	0.026175761595368385
17	95	0x3f7ff16b	0.9997774958610535	0x3cacce1e	0.02109437808394432
17	96	0x3f7ff688	0.9998555183410645	0x3c8b41de	0.016999181360006332
17	97	0x3f7ff9da	0.9999061822891235	0x3c60714e	0.013698888942599297
17	98	0x3f7ffc02	0.9999390840530396	0x3c34de07	0.01103926356881857
17	99	0x3f7ffd68	0.9999604225158691	0x3c11c064	0.008895967155694962
17	100	0x3f7ffe51	0.9999743103981018	0x3beae813	0.00716877868399024
17	101	0x3f7ffee8	0.9999833106994629	0x3bbd4c56	0.005776922218501568
17	102	0x3f7fff4a	0.9999891519546509	0x3b988b75	0.004655296448618174
17	103	0x3f7fff8a	0.9999929666519165	0x3b75dab5	0.0037514392752200365
17	104	0x3f7fffb4	0.9999954700469971	0x3b461eb4	0.0030230702832341194
17	105	0x3f7fffce	0.9999970197677612	0x3b1fa74c	0.002436119131743908
17	106	0x3f7fffe0	0.9999980926513672	0x3b00a7d3	0.001963128102943301
17	107	0x3f7fffeb	0.9999987483024597	0x3acf5a2a	0.0015819717664271593
17	108	0x3f7ffff3	0.9999992251396179	0x3aa717db	0.001274819835089147
17	109	0x3f7ffff7	0.999999463558197	0x3a86a697	0.0010273036314174533
17	110	0x3f7ffffa	0.9999996423721313	0x3a5903b8	0.0008278447203338146
17	111	0x3f7ffffc	0.9999997615814209	0x3a2ee125	0.0006671122391708195
17	112	0x3f7ffffe	0.9999998807907104	0x3a0cecdd	0.0005375871551223099
17	113	0x3f7fffff	0.9999999403953552	0x39e32085	0.0004332104290369898
17	114	0x3f7fffff	0.9999999403953552	0x39b7074f	0.00034909925307147205
17	115	0x3f7fffff	0.9999999403953552	0x39937dfc	0.0002813189057633281
17	116	0x3f800000	1.0	0x396db5f4	0.00022669864119961858
17	117	0x3f800000	1.0	0x393f8eaf	0.0001826833322411403
17	118	0x3f800000	1.0	0x391a5d71	0.00014721394109074026
17	119	0x3f800000	1.0	0x38f8c9a5	0.00011863120744237676
17	120	0x3f800000	1.0	0x38c87bcd	9.559802856529132e-05
17	121	0x3f800000	1.0	0x38a18ee2	7.703692244831473e-05
17	122	0x3f800000	1.0	0x388230bc	6.20796054136008e-05
17	123	0x3f800000	1.0	0x3851d366	5.002636316930875e-05
17	124	0x3f800000	1.0	0x38291622	4.0313352656085044e-05
17	125	0x3f800000	1.0	0x380841cb	3.2486201234860346e-05
17	126	0x3f800000	1.0	0x37db9a71	2.6178751795669086e-05
17	127	0x3f800000	1.0	0x37b0f731	2.1095942429383285e-05
