# spike	reduction-tree-width-interactions
# mode	TreeWidthInteractions
# metric	wall-clock microseconds, commit to completed
# warmup	8
# repetitions	30
# batch	64
# contract	FLUSH_AND_REASSOCIATE_F32
# declaration	BoundMetalCompileDeclaration::first_macos_apple9
# device	Apple M4 Max
# device_apple9	true
# device_max_threads_per_threadgroup	1024
# device_max_threadgroup_memory	32768
# concurrent_build_processes_before	0
# executable_sha256_before	f9bac263c0a140f5843667550a0b5373cc7a21c784dbefb79f837bf4fc6c7b29
# load_before	3.14 3.58 3.68
# oracle_tie	4x16	reference-checked
rows	contributors	elements	strategy	partitions	per_partition	production	widest_workgroup	threadgroup_bytes	encoders	reps	batch	submit_min_us	submit_p50_us	submit_p90_us	submit_stddev_us	batch_min_us	batch_p50_us	batch_p90_us	batch_stddev_us	amortized_min_us	amortized_p50_us	amortized_stddev_us	status
8	780	6240	single-workgroup-tree	2	390	-	2	16	2	30	64	142.875	174.167	214.334	35.749	2159.375	2301.917	2402.875	87.766	32.0079	33.7738	1.9606	measured
8	780	6240	single-workgroup-tree	3	260	-	3	16	2	30	64	114.208	140.458	186.541	40.012	656.792	720.042	801.666	49.139	8.6124	9.1997	1.4151	measured
8	780	6240	single-workgroup-tree	4	195	-	4	16	2	30	64	123.500	149.333	181.209	22.727	924.708	1095.833	1215.041	116.019	12.7176	15.0238	2.2023	measured
8	780	6240	single-workgroup-tree	5	156	-	5	32	2	30	64	117.458	141.333	175.375	21.932	591.250	649.708	719.959	47.835	7.5205	8.0694	1.1074	measured
8	780	6240	single-workgroup-tree	6	130	-	6	32	2	30	64	114.750	140.333	183.750	37.083	639.625	703.584	812.500	56.371	8.3313	8.9405	1.4834	measured
8	780	6240	single-workgroup-tree	10	78	-	10	48	2	30	64	112.375	144.750	185.542	24.207	388.625	432.708	503.083	41.347	4.3849	4.5708	1.0405	measured
8	780	6240	single-workgroup-tree	12	65	-	12	48	2	30	64	116.583	149.542	189.875	32.390	348.958	395.042	444.208	45.464	3.6885	3.8968	1.2358	measured
8	780	6240	single-workgroup-tree	13	60	-	13	64	2	30	64	114.209	151.666	172.500	21.893	602.875	660.917	770.959	67.294	7.7566	8.0833	1.4157	measured
8	780	6240	single-workgroup-tree	15	52	-	15	64	2	30	64	113.834	147.834	191.833	39.942	341.875	389.542	465.458	41.384	3.6197	3.8366	1.2909	measured
8	780	6240	single-workgroup-tree	20	39	-	20	80	2	30	64	113.291	148.958	188.167	36.358	329.334	374.667	437.625	41.652	3.4293	3.5827	1.2383	measured
8	780	6240	single-workgroup-tree	26	30	-	26	112	2	30	64	116.291	145.708	183.000	25.452	479.750	523.667	576.000	37.769	5.7692	5.9993	1.0035	measured
8	780	6240	single-workgroup-tree	30	26	-	30	128	2	30	64	116.083	150.375	188.542	28.971	426.250	463.000	528.916	42.786	4.9233	4.9623	1.1390	measured
8	780	6240	single-workgroup-tree	39	20	-	39	160	2	30	64	115.208	151.791	183.334	41.168	324.125	371.542	408.375	32.862	3.3161	3.4881	1.1751	measured
8	780	6240	single-workgroup-tree	52	15	-	52	208	2	30	64	116.542	150.958	184.583	34.464	327.084	369.125	419.750	45.854	3.3419	3.4630	1.2749	measured
8	780	6240	single-workgroup-tree	60	13	-	60	240	2	30	64	111.542	146.750	177.375	22.981	485.542	527.833	611.667	45.024	5.9365	6.0489	1.0794	measured
8	780	6240	single-workgroup-tree	65	12	-	65	272	2	30	64	111.916	145.833	174.208	24.835	325.875	373.583	428.792	44.728	3.3962	3.6151	1.1042	measured
8	780	6240	single-workgroup-tree	78	10	-	78	320	2	30	64	114.958	141.625	171.292	18.437	338.458	392.209	430.917	43.376	3.5476	3.9775	0.9812	measured
8	780	6240	single-workgroup-tree	130	6	-	130	528	2	30	64	114.084	142.709	178.083	34.517	458.125	495.750	544.292	30.854	5.4610	5.6038	1.0376	measured
8	780	6240	single-workgroup-tree	156	5	-	156	624	2	30	64	110.834	138.167	176.084	22.612	428.833	476.917	547.500	42.151	5.0476	5.3770	1.0280	measured
8	780	6240	single-workgroup-tree	195	4	-	195	784	2	30	64	114.541	142.250	181.250	24.368	638.042	681.875	789.125	60.107	8.3095	8.5655	1.3409	measured
8	780	6240	single-workgroup-tree	260	3	production	260	1040	2	30	64	114.084	139.708	177.125	22.993	483.625	522.417	566.708	32.803	5.8657	6.0747	0.8857	measured
8	780	6240	single-workgroup-tree	390	2	-	390	1568	2	30	64	135.625	162.875	204.458	26.557	1515.083	1656.250	1763.834	86.117	21.8962	23.7044	1.7885	measured
8	1042	8336	single-workgroup-tree	2	521	production	2	16	2	30	64	145.542	184.500	200.166	19.663	692.542	747.125	826.750	49.287	8.6825	8.9306	1.0944	measured
8	1042	8336	single-workgroup-tree	521	2	-	521	2096	2	30	64	150.000	183.083	198.167	39.975	559.625	598.875	721.041	60.749	6.5020	6.5999	1.5988	measured
8	774	6192	single-workgroup-tree	2	387	-	2	16	2	30	64	136.791	166.791	187.625	17.857	1378.291	1577.125	1671.583	97.165	19.7063	22.3863	1.8257	measured
8	774	6192	single-workgroup-tree	3	258	-	3	16	2	30	64	143.375	170.667	201.000	45.662	1579.708	1738.500	1850.084	93.702	22.7989	24.8862	2.2121	measured
8	774	6192	single-workgroup-tree	6	129	-	6	32	2	30	64	119.458	149.458	167.375	16.073	406.500	481.250	529.709	46.242	4.5562	5.2665	0.9891	measured
8	774	6192	single-workgroup-tree	9	86	-	9	48	2	30	64	115.709	151.542	170.959	16.944	365.375	417.542	497.417	54.187	3.9630	4.2222	1.1291	measured
8	774	6192	single-workgroup-tree	18	43	-	18	80	2	30	64	119.500	153.208	171.500	19.423	330.750	370.209	438.125	47.777	3.3532	3.4445	1.0667	measured
8	774	6192	single-workgroup-tree	43	18	-	43	176	2	30	64	120.083	151.208	166.208	22.971	317.292	359.542	414.666	36.378	3.1303	3.3069	0.9420	measured
8	774	6192	single-workgroup-tree	86	9	-	86	352	2	30	64	115.208	148.084	161.334	17.351	338.791	398.417	436.125	37.699	3.5489	3.9735	0.8738	measured
8	774	6192	single-workgroup-tree	129	6	-	129	528	2	30	64	120.834	148.958	169.250	28.233	366.041	403.000	454.958	30.143	3.8922	4.0324	0.9266	measured
8	774	6192	single-workgroup-tree	258	3	production	258	1040	2	30	64	131.875	162.708	195.125	32.935	1143.833	1268.584	1386.417	85.131	16.0628	17.5536	1.8741	measured
8	774	6192	single-workgroup-tree	387	2	-	387	1552	2	30	64	135.000	160.500	175.167	15.044	1005.167	1219.708	1330.292	112.908	13.8122	16.8128	2.0310	measured
8	783	6264	single-workgroup-tree	3	261	-	3	16	2	30	64	117.958	148.833	165.291	11.596	487.542	515.625	538.958	27.055	5.8664	5.8221	0.6135	measured
8	783	6264	single-workgroup-tree	9	87	-	9	48	2	30	64	117.542	149.417	165.958	18.773	650.625	698.208	750.583	43.013	8.4616	8.7110	0.9807	measured
8	783	6264	single-workgroup-tree	27	29	-	27	112	2	30	64	117.125	149.375	171.125	35.489	339.958	367.625	405.167	32.302	3.5370	3.4643	1.0760	measured
8	783	6264	single-workgroup-tree	29	27	-	29	128	2	30	64	117.709	148.792	165.209	11.778	335.125	363.167	378.208	30.630	3.4510	3.4028	0.6731	measured
8	783	6264	single-workgroup-tree	87	9	-	87	352	2	30	64	118.916	150.375	167.750	32.552	457.375	478.125	521.750	27.688	5.3724	5.2024	0.9562	measured
8	783	6264	single-workgroup-tree	261	3	production	261	1056	2	30	64	114.167	149.875	162.458	13.056	419.500	451.542	486.375	36.503	4.8466	4.7884	0.7867	measured
8	900	7200	single-workgroup-tree	2	450	-	2	16	2	30	64	152.792	184.375	214.250	23.365	2449.166	2590.333	2702.584	85.673	36.4504	38.1898	1.7308	measured
8	900	7200	single-workgroup-tree	3	300	-	3	16	2	30	64	120.000	148.875	181.750	20.394	510.708	562.291	606.792	39.867	6.2017	6.5622	0.9565	measured
8	900	7200	single-workgroup-tree	4	225	-	4	16	2	30	64	116.625	150.708	182.875	20.177	480.458	539.333	602.333	37.384	5.7751	6.1687	0.9137	measured
8	900	7200	single-workgroup-tree	5	180	-	5	32	2	30	64	135.875	164.834	203.125	31.200	1225.292	1380.375	1484.375	89.502	17.2923	19.2943	1.9159	measured
8	900	7200	single-workgroup-tree	6	150	-	6	32	2	30	64	136.000	164.459	193.708	31.890	1164.750	1226.375	1393.125	96.175	16.3294	16.8558	2.0328	measured
8	900	7200	single-workgroup-tree	9	100	-	9	48	2	30	64	119.167	144.166	190.541	50.828	404.709	460.208	501.792	35.661	4.5324	5.0165	1.3729	measured
8	900	7200	single-workgroup-tree	10	90	-	10	48	2	30	64	111.667	157.875	180.208	35.864	828.792	891.375	942.834	32.762	11.3829	11.6429	1.0893	measured
8	900	7200	single-workgroup-tree	12	75	-	12	48	2	30	64	115.250	143.708	187.541	40.193	570.333	641.042	702.375	40.597	7.2235	7.8942	1.2824	measured
8	900	7200	single-workgroup-tree	15	60	-	15	64	2	30	64	118.041	149.916	163.500	18.189	612.750	671.250	754.167	43.854	7.8525	8.2751	0.9848	measured
8	900	7200	single-workgroup-tree	18	50	-	18	80	2	30	64	114.791	151.584	193.583	41.076	368.417	427.542	469.625	48.981	4.0258	4.3803	1.4295	measured
8	900	7200	single-workgroup-tree	20	45	-	20	80	2	30	64	114.542	146.958	173.417	20.449	331.583	366.042	430.667	38.041	3.4451	3.4775	0.9284	measured
8	900	7200	single-workgroup-tree	25	36	-	25	112	2	30	64	118.583	150.125	167.917	18.236	346.458	385.250	423.334	25.451	3.6171	3.7321	0.6934	measured
8	900	7200	single-workgroup-tree	30	30	-	30	128	2	30	64	115.084	151.291	175.625	21.476	554.292	582.833	708.208	61.656	6.9716	6.8499	1.3196	measured
8	900	7200	single-workgroup-tree	36	25	-	36	144	2	30	64	116.167	153.542	177.000	20.518	325.584	363.750	438.875	34.703	3.3241	3.3366	0.8765	measured
8	900	7200	single-workgroup-tree	45	20	-	45	192	2	30	64	110.375	152.625	175.584	31.210	315.375	360.750	429.334	49.724	3.2540	3.3036	1.2847	measured
8	900	7200	single-workgroup-tree	50	18	-	50	208	2	30	64	118.500	149.500	182.000	23.696	316.083	371.166	422.875	36.253	3.1362	3.5185	0.9516	measured
8	900	7200	single-workgroup-tree	60	15	-	60	240	2	30	64	115.250	150.417	181.833	33.271	476.500	525.709	582.250	39.226	5.7341	5.9570	1.1508	measured
8	900	7200	single-workgroup-tree	75	12	-	75	304	2	30	64	116.459	152.083	189.416	28.520	427.250	461.958	521.500	53.652	4.9332	4.9187	1.3043	measured
8	900	7200	single-workgroup-tree	90	10	-	90	368	2	30	64	112.875	150.459	174.833	26.744	578.666	626.375	752.250	58.937	7.3935	7.5542	1.3600	measured
8	900	7200	single-workgroup-tree	100	9	-	100	400	2	30	64	116.583	151.916	181.083	23.167	352.666	416.959	481.750	48.022	3.7473	4.2070	1.1300	measured
8	900	7200	single-workgroup-tree	150	6	-	150	608	2	30	64	116.625	152.000	190.666	34.107	755.500	808.167	909.042	54.243	10.1409	10.4153	1.4024	measured
8	900	7200	single-workgroup-tree	180	5	-	180	720	2	30	64	118.917	159.125	191.333	35.535	858.708	941.833	1005.375	58.820	11.7427	12.4239	1.4977	measured
8	900	7200	single-workgroup-tree	225	4	production	225	912	2	30	64	115.959	150.042	168.875	20.518	395.708	462.583	501.875	29.699	4.4405	4.9610	0.7971	measured
8	900	7200	single-workgroup-tree	300	3	-	300	1200	2	30	64	114.875	150.000	182.792	28.190	419.667	469.875	528.334	39.456	4.8380	5.0774	1.0738	measured
8	900	7200	single-workgroup-tree	450	2	-	450	1808	2	30	64	139.833	171.000	200.959	19.486	1735.416	1882.208	1994.625	89.261	25.3267	27.1620	1.7261	measured
8	1006	8048	single-workgroup-tree	2	503	-	2	16	2	30	64	165.084	187.459	208.917	15.443	1715.167	1921.125	1961.708	82.196	24.6045	27.5185	1.5498	measured
8	1006	8048	single-workgroup-tree	503	2	production	503	2016	2	30	64	160.083	180.292	203.750	28.549	1206.334	1403.083	1516.750	107.062	16.6072	19.4094	2.1526	measured
8	1082	8656	single-workgroup-tree	2	541	production	2	16	2	30	64	155.959	185.875	195.667	21.824	701.667	731.292	797.834	41.889	8.6620	8.6574	1.0113	measured
8	1082	8656	single-workgroup-tree	541	2	-	541	2176	2	30	64	150.000	183.416	194.625	115.669	577.291	666.458	732.417	62.390	6.7824	7.6673	2.8263	measured
8	1280	10240	single-workgroup-tree	2	640	-	2	16	2	30	64	127.042	161.959	221.000	43.868	983.584	1186.709	1331.208	115.634	13.5959	16.2659	2.5318	measured
8	1280	10240	single-workgroup-tree	4	320	-	4	16	2	30	64	118.416	147.542	164.916	34.936	601.041	700.916	754.292	49.939	7.6607	8.7837	1.3472	measured
8	1280	10240	single-workgroup-tree	5	256	-	5	32	2	30	64	112.791	150.541	164.042	27.732	499.292	575.708	607.667	34.016	6.1349	6.7487	0.9801	measured
8	1280	10240	single-workgroup-tree	8	160	-	8	32	2	30	64	119.250	150.791	171.917	17.631	608.458	685.542	722.417	37.533	7.7652	8.4881	0.8756	measured
8	1280	10240	single-workgroup-tree	10	128	-	10	48	2	30	64	127.167	159.250	189.875	29.255	906.500	991.791	1053.667	51.238	12.3704	13.2149	1.2777	measured
8	1280	10240	single-workgroup-tree	16	80	-	16	64	2	30	64	119.708	147.542	179.583	29.617	678.125	739.042	798.583	44.164	8.8638	9.3889	1.1711	measured
8	1280	10240	single-workgroup-tree	20	64	-	20	80	2	30	64	111.041	150.167	181.917	31.850	352.833	406.417	475.458	47.966	3.8380	4.0675	1.2669	measured
8	1280	10240	single-workgroup-tree	32	40	-	32	128	2	30	64	116.334	147.709	168.250	18.836	439.083	484.750	553.334	53.534	5.1230	5.3499	1.1487	measured
8	1280	10240	single-workgroup-tree	40	32	-	40	160	2	30	64	112.792	149.834	159.541	28.202	479.375	513.000	561.833	38.536	5.8188	5.7645	1.0593	measured
8	1280	10240	single-workgroup-tree	64	20	-	64	256	2	30	64	116.334	149.375	163.083	33.779	345.917	383.375	415.000	24.279	3.6442	3.7143	0.9216	measured
8	1280	10240	single-workgroup-tree	80	16	-	80	320	2	30	64	113.208	147.166	157.583	17.786	560.291	592.666	715.167	62.812	7.0966	7.0714	1.2793	measured
8	1280	10240	single-workgroup-tree	128	10	-	128	512	2	30	64	116.542	146.791	159.333	18.299	704.834	766.417	823.875	43.162	9.3380	9.8353	0.9756	measured
8	1280	10240	single-workgroup-tree	160	8	-	160	640	2	30	64	118.000	148.958	159.875	17.881	511.250	580.291	623.833	39.586	6.2421	6.8466	0.9122	measured
8	1280	10240	single-workgroup-tree	256	5	production	256	1024	2	30	64	116.792	149.750	164.000	26.844	438.125	481.917	537.500	39.157	5.1005	5.2725	1.0476	measured
8	1280	10240	single-workgroup-tree	320	4	-	320	1280	2	30	64	93.250	148.792	158.042	21.081	491.500	538.625	587.500	32.175	6.3214	6.1878	0.8453	measured
8	1280	10240	single-workgroup-tree	640	2	-	640	2560	2	30	64	117.708	150.125	161.250	27.944	719.209	799.333	876.792	57.599	9.5476	10.3049	1.3578	measured
8	775	6200	single-workgroup-tree	5	155	-	5	32	2	30	64	147.125	177.500	194.375	31.821	420.500	470.416	515.333	30.630	4.3393	4.6495	0.9913	measured
8	775	6200	single-workgroup-tree	25	31	-	25	112	2	30	64	147.375	172.417	195.083	30.438	343.542	404.000	427.875	27.105	3.1138	3.6759	0.9134	measured
8	775	6200	single-workgroup-tree	31	25	-	31	128	2	30	64	145.625	170.500	190.834	17.385	344.042	394.459	410.958	31.399	3.1495	3.5549	0.7744	measured
8	775	6200	single-workgroup-tree	155	5	production	155	624	2	30	64	147.708	174.750	195.541	25.794	391.875	445.916	526.875	59.412	3.8757	4.3042	1.3525	measured
8	785	6280	single-workgroup-tree	5	157	-	5	32	2	30	64	143.916	153.750	172.084	11.191	456.791	517.416	559.042	36.857	4.9663	5.7725	0.7627	measured
8	785	6280	single-workgroup-tree	157	5	production	157	640	2	30	64	146.500	154.750	168.833	28.875	397.500	419.125	482.833	49.043	3.9841	4.1964	1.2368	measured
8	899	7192	single-workgroup-tree	29	31	-	29	128	2	30	64	139.541	150.458	177.000	93.201	351.125	362.250	378.625	9.034	3.3585	3.3618	1.6228	measured
8	899	7192	single-workgroup-tree	31	29	production	31	128	2	30	64	138.959	148.834	172.959	15.506	350.125	367.958	381.333	28.853	3.3518	3.4782	0.7041	measured
8	1008	8064	single-workgroup-tree	2	504	-	2	16	2	30	64	153.458	180.125	216.167	22.612	2681.041	2861.167	2948.916	92.283	40.1204	42.5562	1.8237	measured
8	1008	8064	single-workgroup-tree	3	336	-	3	16	2	30	64	118.125	146.959	192.416	37.191	768.916	836.667	922.291	51.920	10.3300	10.9477	1.4145	measured
8	1008	8064	single-workgroup-tree	4	252	-	4	16	2	30	64	137.708	160.292	207.125	32.815	1631.708	1803.417	1890.417	78.935	23.7143	26.0813	1.7738	measured
8	1008	8064	single-workgroup-tree	6	168	-	6	32	2	30	64	130.875	154.167	185.166	29.999	1113.583	1310.834	1438.500	112.549	15.5985	18.3598	2.2627	measured
8	1008	8064	single-workgroup-tree	7	144	-	7	32	2	30	64	114.917	143.458	163.416	33.112	425.708	494.166	547.750	46.175	4.9332	5.5668	1.2585	measured
8	1008	8064	single-workgroup-tree	8	126	-	8	32	2	30	64	116.250	140.333	164.250	21.420	533.291	586.833	690.375	51.968	6.6197	7.0873	1.1649	measured
8	1008	8064	single-workgroup-tree	9	112	-	9	48	2	30	64	113.041	144.375	162.750	19.829	510.666	563.750	626.292	54.506	6.3115	6.6567	1.1799	measured
8	1008	8064	single-workgroup-tree	12	84	-	12	48	2	30	64	110.084	148.959	183.083	43.157	730.417	790.834	864.792	43.707	9.8466	10.1885	1.3788	measured
8	1008	8064	single-workgroup-tree	14	72	-	14	64	2	30	64	103.959	147.417	184.167	27.419	645.292	700.375	797.000	62.012	8.5926	8.7771	1.4195	measured
8	1008	8064	single-workgroup-tree	16	63	-	16	64	2	30	64	108.292	141.083	175.875	26.783	553.917	604.584	684.625	45.897	7.0734	7.3572	1.1536	measured
8	1008	8064	single-workgroup-tree	18	56	-	18	80	2	30	64	115.209	150.708	185.959	36.081	362.833	395.333	466.375	41.915	3.9305	3.8829	1.2380	measured
8	1008	8064	single-workgroup-tree	21	48	-	21	96	2	30	64	113.459	150.959	176.750	22.083	529.500	568.834	633.250	41.861	6.6038	6.6329	1.0150	measured
8	1008	8064	single-workgroup-tree	24	42	-	24	96	2	30	64	117.250	151.750	165.208	19.199	550.083	598.667	702.834	59.129	6.8704	7.0939	1.2433	measured
8	1008	8064	single-workgroup-tree	28	36	-	28	112	2	30	64	112.541	150.250	187.167	27.564	364.041	400.209	485.541	48.141	3.9921	3.9676	1.2017	measured
8	1008	8064	single-workgroup-tree	36	28	-	36	144	2	30	64	116.208	147.417	180.166	24.583	355.750	403.291	446.000	33.476	3.8023	4.0615	0.9216	measured
8	1008	8064	single-workgroup-tree	42	24	-	42	176	2	30	64	116.500	148.625	165.875	34.149	432.709	485.708	527.542	37.435	5.0192	5.3505	1.1363	measured
8	1008	8064	single-workgroup-tree	48	21	-	48	192	2	30	64	114.417	150.291	168.334	24.752	455.958	492.333	536.167	28.625	5.4213	5.4292	0.8473	measured
8	1008	8064	single-workgroup-tree	56	18	-	56	224	2	30	64	116.958	148.042	165.542	31.714	335.625	379.583	412.750	24.939	3.4709	3.6753	0.8992	measured
8	1008	8064	single-workgroup-tree	63	16	-	63	256	2	30	64	111.709	149.750	164.000	31.365	411.750	449.625	559.584	54.109	4.7626	4.7599	1.3567	measured
8	1008	8064	single-workgroup-tree	72	14	-	72	288	2	30	64	110.125	149.166	155.292	17.621	526.875	575.042	670.000	45.112	6.6151	6.7599	0.9958	measured
8	1008	8064	single-workgroup-tree	84	12	-	84	336	2	30	64	113.667	148.541	164.458	29.051	562.458	631.083	707.958	57.591	7.1237	7.6594	1.3753	measured
8	1008	8064	single-workgroup-tree	112	9	-	112	448	2	30	64	118.500	150.708	162.709	30.305	440.333	506.084	566.166	40.809	5.1085	5.6409	1.1288	measured
8	1008	8064	single-workgroup-tree	126	8	-	126	512	2	30	64	117.666	150.042	156.750	15.798	415.958	450.375	510.041	35.332	4.7348	4.7672	0.8116	measured
8	1008	8064	single-workgroup-tree	144	7	-	144	576	2	30	64	111.666	148.458	162.292	16.165	377.959	423.250	491.583	48.537	4.2269	4.3618	1.0270	measured
8	1008	8064	single-workgroup-tree	168	6	-	168	672	2	30	64	116.250	152.292	165.167	32.802	820.292	881.709	959.000	61.499	11.1753	11.5780	1.4968	measured
8	1008	8064	single-workgroup-tree	252	4	production	252	1008	2	30	64	127.084	162.250	180.458	19.316	1093.625	1224.458	1394.333	111.979	15.3419	16.8604	2.0840	measured
8	1008	8064	single-workgroup-tree	336	3	-	336	1344	2	30	64	117.375	149.000	183.958	37.268	594.250	655.584	773.083	61.045	7.5694	8.0410	1.5605	measured
8	1008	8064	single-workgroup-tree	504	2	-	504	2016	2	30	64	142.167	173.792	185.833	17.227	1907.959	2042.500	2157.708	83.574	28.0284	29.6620	1.6000	measured
8	1094	8752	single-workgroup-tree	2	547	production	2	16	2	30	64	145.958	160.625	172.208	41.265	683.833	703.209	759.250	32.504	8.5377	8.6124	1.1709	measured
8	1094	8752	single-workgroup-tree	547	2	-	547	2192	2	30	64	144.958	155.166	168.417	11.517	569.167	599.375	625.959	39.208	6.7335	7.0509	0.8052	measured
8	1282	10256	single-workgroup-tree	2	641	production	2	16	2	30	64	148.834	183.084	194.708	17.188	756.084	833.375	902.292	49.938	9.6389	10.3221	1.0655	measured
8	1282	10256	single-workgroup-tree	641	2	-	641	2576	2	30	64	147.625	174.084	195.708	16.372	623.500	690.958	779.834	58.151	7.5536	8.2043	1.1829	measured
528	780	411840	single-workgroup-tree	2	390	-	2	16	2	30	64	194.708	218.916	244.417	16.754	3427.417	3583.792	3649.209	72.201	51.3128	53.4107	1.4120	measured
528	780	411840	single-workgroup-tree	3	260	-	3	16	2	30	64	169.417	202.250	220.916	22.441	1875.833	1993.542	2076.666	70.720	27.0860	28.4332	1.4787	measured
528	780	411840	single-workgroup-tree	4	195	-	4	16	2	30	64	175.125	192.208	217.417	15.339	2126.125	2299.541	2394.458	90.101	30.9683	33.4497	1.6736	measured
528	780	411840	single-workgroup-tree	5	156	-	5	32	2	30	64	169.375	201.541	222.208	18.963	1765.250	1896.625	1985.583	70.716	25.3313	26.9061	1.4235	measured
528	780	411840	single-workgroup-tree	6	130	-	6	32	2	30	64	171.209	201.917	219.167	18.114	1801.333	1928.167	2019.500	81.056	25.8750	27.4008	1.5741	measured
528	780	411840	single-workgroup-tree	10	78	-	10	48	2	30	64	167.625	199.250	215.625	17.989	1535.125	1660.583	1785.708	90.634	21.7063	23.1958	1.7242	measured
528	780	411840	single-workgroup-tree	12	65	-	12	48	2	30	64	172.291	196.250	212.500	29.899	1506.667	1598.333	1733.583	79.150	21.1806	22.2553	1.7309	measured
528	780	411840	single-workgroup-tree	13	60	-	13	64	2	30	64	171.292	182.917	216.917	20.710	1775.250	1916.542	2005.042	86.622	25.4597	27.5179	1.7037	measured
528	780	411840	single-workgroup-tree	15	52	-	15	64	2	30	64	166.250	196.500	303.458	51.916	1504.750	1641.416	1735.625	77.054	21.2460	22.9352	2.0471	measured
528	780	411840	single-workgroup-tree	20	39	-	20	80	2	30	64	150.959	182.875	210.417	38.741	1505.541	1645.834	1740.792	84.772	21.5013	23.2216	1.9605	measured
528	780	411840	single-workgroup-tree	26	30	-	26	112	2	30	64	135.458	181.125	217.916	23.052	1634.167	1778.500	1844.292	77.355	23.7890	25.3552	1.5938	measured
528	780	411840	single-workgroup-tree	30	26	-	30	128	2	30	64	167.334	196.709	228.167	44.030	1600.500	1716.917	1817.875	72.371	22.7487	24.1303	1.8476	measured
528	780	411840	single-workgroup-tree	39	20	-	39	160	2	30	64	166.000	180.833	214.166	19.077	1487.000	1671.625	1724.667	80.013	20.9683	23.6634	1.5729	measured
528	780	411840	single-workgroup-tree	52	15	-	52	208	2	30	64	167.334	180.334	217.166	41.019	1509.166	1657.125	1745.417	87.224	21.2989	23.4411	2.0356	measured
528	780	411840	single-workgroup-tree	60	13	-	60	240	2	30	64	166.542	187.542	212.250	17.259	1664.834	1757.125	1897.125	92.929	23.7824	24.9140	1.7490	measured
528	780	411840	single-workgroup-tree	65	12	-	65	272	2	30	64	167.458	198.417	210.666	17.352	1505.750	1621.625	1716.500	73.983	21.2427	22.5906	1.4498	measured
528	780	411840	single-workgroup-tree	78	10	-	78	320	2	30	64	167.292	201.875	220.042	41.833	1515.375	1610.417	1740.167	82.877	21.3981	22.3578	1.9795	measured
528	780	411840	single-workgroup-tree	130	6	-	130	528	2	30	64	168.417	187.959	216.959	17.827	1664.250	1721.875	1831.541	71.585	23.7434	24.3479	1.4192	measured
528	780	411840	single-workgroup-tree	156	5	-	156	624	2	30	64	168.750	201.083	213.875	25.140	1636.333	1749.167	1847.083	70.573	23.2950	24.5728	1.5193	measured
528	780	411840	single-workgroup-tree	195	4	-	195	784	2	30	64	175.416	190.542	218.791	16.839	1864.125	1968.125	2055.000	64.393	26.8049	28.2156	1.2894	measured
528	780	411840	single-workgroup-tree	260	3	production	260	1040	2	30	64	168.833	201.500	214.959	17.315	1750.208	1902.875	1986.667	86.319	25.1012	27.0060	1.6450	measured
528	780	411840	single-workgroup-tree	390	2	-	390	1568	2	30	64	169.542	219.417	234.416	22.157	2828.250	3003.292	3105.084	100.209	42.2017	44.1885	1.9423	measured
528	1042	550176	single-workgroup-tree	2	521	production	2	16	2	30	64	182.291	192.083	197.958	30.447	2369.083	2513.875	2593.125	75.714	34.7110	36.8538	1.6851	measured
528	1042	550176	single-workgroup-tree	521	2	-	521	2096	2	30	64	181.792	191.959	197.208	5.087	2363.250	2470.708	2543.666	60.073	34.6263	36.1706	1.0343	measured
528	774	408672	single-workgroup-tree	2	387	-	2	16	2	30	64	185.333	202.125	236.959	29.203	2634.792	2797.833	2891.375	89.208	38.8803	41.2017	1.8796	measured
528	774	408672	single-workgroup-tree	3	258	-	3	16	2	30	64	185.083	206.042	238.666	32.415	2811.333	2989.417	3051.917	90.514	41.6865	44.1806	1.9513	measured
528	774	408672	single-workgroup-tree	6	129	-	6	32	2	30	64	162.958	191.750	219.834	30.798	1588.917	1728.958	1817.375	73.333	22.6343	24.4001	1.6529	measured
528	774	408672	single-workgroup-tree	9	86	-	9	48	2	30	64	161.625	197.500	227.375	31.628	1529.375	1666.833	1758.750	79.790	21.7103	23.3227	1.7685	measured
528	774	408672	single-workgroup-tree	18	43	-	18	80	2	30	64	167.875	188.500	213.916	14.644	1490.000	1614.583	1723.375	89.432	20.9861	22.6362	1.6520	measured
528	774	408672	single-workgroup-tree	43	18	-	43	176	2	30	64	163.291	194.792	216.167	27.372	1473.250	1643.375	1707.458	76.830	20.7930	22.9934	1.6540	measured
528	774	408672	single-workgroup-tree	86	9	-	86	352	2	30	64	165.125	190.750	218.125	24.016	1518.250	1683.250	1756.250	81.208	21.4782	23.6905	1.6702	measured
528	774	408672	single-workgroup-tree	129	6	-	129	528	2	30	64	163.209	194.875	216.666	18.380	1586.125	1673.459	1789.917	76.479	22.5860	23.4696	1.5057	measured
528	774	408672	single-workgroup-tree	258	3	production	258	1040	2	30	64	177.625	196.417	231.833	18.142	2353.792	2490.125	2610.708	91.279	34.5423	36.4081	1.7368	measured
528	774	408672	single-workgroup-tree	387	2	-	387	1552	2	30	64	178.833	206.958	232.958	31.116	2318.167	2462.000	2576.208	85.408	33.9577	35.7943	1.8496	measured
528	783	413424	single-workgroup-tree	3	261	-	3	16	2	30	64	172.541	202.750	219.833	17.506	1753.792	1874.667	1953.292	69.201	25.0992	26.5384	1.3763	measured
528	783	413424	single-workgroup-tree	9	87	-	9	48	2	30	64	172.792	192.625	221.000	31.107	1826.250	1970.917	2057.334	72.867	26.2454	28.2269	1.6504	measured
528	783	413424	single-workgroup-tree	27	29	-	27	112	2	30	64	148.709	190.583	216.542	19.868	1503.916	1671.167	1760.250	82.223	21.5112	23.5013	1.6205	measured
528	783	413424	single-workgroup-tree	29	27	-	29	128	2	30	64	168.458	185.541	221.000	36.681	1491.750	1639.959	1741.125	82.473	21.0046	23.0860	1.8913	measured
528	783	413424	single-workgroup-tree	87	9	-	87	352	2	30	64	170.000	191.208	220.084	20.936	1650.042	1761.000	1852.667	68.756	23.4927	24.9173	1.4237	measured
528	783	413424	single-workgroup-tree	261	3	production	261	1056	2	30	64	170.625	202.417	215.792	16.307	1716.500	1826.083	1928.709	73.848	24.5377	25.7725	1.4310	measured
528	900	475200	single-workgroup-tree	2	450	-	2	16	2	30	64	204.875	223.625	265.875	27.039	3874.167	4021.459	4127.417	87.547	58.2427	60.2831	1.8188	measured
528	900	475200	single-workgroup-tree	3	300	-	3	16	2	30	64	173.583	189.791	212.167	14.546	1928.125	2024.916	2135.125	76.226	27.8499	29.1290	1.4408	measured
528	900	475200	single-workgroup-tree	4	225	-	4	16	2	30	64	170.417	192.959	214.709	16.827	1856.166	1960.750	2061.583	75.125	26.7579	28.0602	1.4596	measured
528	900	475200	single-workgroup-tree	5	180	-	5	32	2	30	64	171.125	209.458	232.458	29.548	2586.417	2709.041	2819.625	87.532	38.3380	39.6759	1.8584	measured
528	900	475200	single-workgroup-tree	6	150	-	6	32	2	30	64	180.583	207.917	231.625	21.126	2497.500	2601.417	2747.500	92.368	36.7765	37.9921	1.8015	measured
528	900	475200	single-workgroup-tree	9	100	-	9	48	2	30	64	166.000	183.542	216.125	39.023	1740.500	1825.583	1953.833	75.935	24.9921	26.0641	1.8247	measured
528	900	475200	single-workgroup-tree	10	90	-	10	48	2	30	64	177.666	198.208	218.916	16.233	2172.042	2291.000	2373.542	83.477	31.6568	33.2189	1.5827	measured
528	900	475200	single-workgroup-tree	12	75	-	12	48	2	30	64	168.458	192.750	217.334	18.767	1911.541	2056.667	2110.875	74.563	27.6680	29.5860	1.4814	measured
528	900	475200	single-workgroup-tree	15	60	-	15	64	2	30	64	171.458	187.709	213.792	16.144	1943.958	2066.791	2141.333	68.315	28.1349	29.8267	1.3406	measured
528	900	475200	single-workgroup-tree	18	50	-	18	80	2	30	64	164.584	189.208	216.625	29.985	1684.625	1785.417	1899.708	73.390	24.1276	25.3367	1.6409	measured
528	900	475200	single-workgroup-tree	20	45	-	20	80	2	30	64	163.917	184.875	210.292	16.140	1665.250	1765.083	1898.625	89.582	23.8307	25.0827	1.6781	measured
528	900	475200	single-workgroup-tree	25	36	-	25	112	2	30	64	170.000	187.000	210.459	14.996	1659.833	1781.291	1883.042	90.532	23.6481	25.3062	1.6750	measured
528	900	475200	single-workgroup-tree	30	30	-	30	128	2	30	64	172.375	198.167	217.125	33.189	1873.583	1972.083	2093.875	88.910	27.0033	28.1574	1.9381	measured
528	900	475200	single-workgroup-tree	36	25	-	36	144	2	30	64	172.583	194.500	215.917	16.508	1681.625	1781.708	1892.500	79.440	23.9530	25.1938	1.5230	measured
528	900	475200	single-workgroup-tree	45	20	-	45	192	2	30	64	171.167	199.875	212.542	22.980	1662.542	1771.042	1894.167	80.506	23.6726	24.9392	1.6426	measured
528	900	475200	single-workgroup-tree	50	18	-	50	208	2	30	64	167.500	184.084	215.375	18.162	1686.875	1826.375	1909.583	85.937	24.1171	26.0681	1.6524	measured
528	900	475200	single-workgroup-tree	60	15	-	60	240	2	30	64	173.250	197.625	221.000	32.063	1817.042	1924.042	2048.958	81.566	26.0919	27.4034	1.8036	measured
528	900	475200	single-workgroup-tree	75	12	-	75	304	2	30	64	171.500	188.875	219.458	29.716	1772.042	1910.375	2021.417	82.923	25.4054	27.3254	1.7879	measured
528	900	475200	single-workgroup-tree	90	10	-	90	368	2	30	64	171.875	190.166	214.333	17.347	1917.500	2034.833	2177.458	96.590	27.7083	29.2804	1.8085	measured
528	900	475200	single-workgroup-tree	100	9	-	100	400	2	30	64	170.917	186.667	224.666	26.827	1719.333	1824.458	1943.333	79.825	24.5780	25.9967	1.6929	measured
528	900	475200	single-workgroup-tree	150	6	-	150	608	2	30	64	179.708	193.917	225.167	30.712	2140.166	2266.625	2383.750	79.465	31.1184	32.9001	1.7488	measured
528	900	475200	single-workgroup-tree	180	5	-	180	720	2	30	64	177.917	197.208	222.292	38.505	2235.666	2381.167	2478.500	82.754	32.6627	34.6660	1.9247	measured
528	900	475200	single-workgroup-tree	225	4	production	225	912	2	30	64	166.333	185.000	219.542	26.750	1837.334	1948.666	2080.709	86.747	26.5238	27.9947	1.8015	measured
528	900	475200	single-workgroup-tree	300	3	-	300	1200	2	30	64	170.084	182.625	220.458	17.848	1882.166	2007.542	2106.750	81.095	27.1759	28.9669	1.5705	measured
528	900	475200	single-workgroup-tree	450	2	-	450	1808	2	30	64	194.291	208.625	237.208	30.212	3191.875	3344.708	3496.125	118.308	47.5807	49.7791	2.3575	measured
528	1006	531168	single-workgroup-tree	2	503	-	2	16	2	30	64	196.250	215.542	233.917	16.194	3327.541	3439.292	3560.000	71.831	49.7030	51.1706	1.3972	measured
528	1006	531168	single-workgroup-tree	503	2	production	503	2016	2	30	64	189.584	207.333	238.375	26.901	2878.666	3011.250	3133.917	98.256	42.6838	44.5066	1.9866	measured
528	1082	571296	single-workgroup-tree	2	541	production	2	16	2	30	64	189.375	225.584	238.417	18.020	2443.583	2641.541	2703.708	85.916	35.7811	38.3485	1.6498	measured
528	1082	571296	single-workgroup-tree	541	2	-	541	2176	2	30	64	199.917	226.209	236.083	17.415	2444.542	2559.125	2655.209	66.424	35.6290	37.0304	1.3308	measured
528	1280	675840	single-workgroup-tree	2	640	-	2	16	2	30	64	188.667	207.459	239.500	19.590	3026.667	3242.666	3314.250	108.482	45.0476	48.1779	2.0329	measured
528	1280	675840	single-workgroup-tree	4	320	-	4	16	2	30	64	180.250	209.709	241.167	34.424	2542.875	2663.500	2749.084	82.237	37.5020	38.9491	1.8518	measured
528	1280	675840	single-workgroup-tree	5	256	-	5	32	2	30	64	176.750	206.542	237.667	27.830	2449.291	2545.625	2615.750	73.524	36.0721	37.1283	1.6088	measured
528	1280	675840	single-workgroup-tree	8	160	-	8	32	2	30	64	183.125	212.333	230.167	31.665	2505.042	2619.958	2683.000	52.094	36.8558	38.2163	1.3295	measured
528	1280	675840	single-workgroup-tree	10	128	-	10	48	2	30	64	169.583	212.916	232.542	32.086	2765.291	2904.750	3002.209	73.631	41.2017	42.7275	1.6780	measured
528	1280	675840	single-workgroup-tree	16	80	-	16	64	2	30	64	181.875	201.791	233.625	30.803	2525.166	2667.583	2724.416	66.964	37.1951	39.1396	1.5519	measured
528	1280	675840	single-workgroup-tree	20	64	-	20	80	2	30	64	178.375	196.000	227.667	17.783	2228.750	2363.458	2449.167	83.242	32.5456	34.4041	1.6036	measured
528	1280	675840	single-workgroup-tree	32	40	-	32	128	2	30	64	180.708	212.792	237.791	47.966	2300.875	2456.167	2523.458	73.000	33.6534	35.6091	1.9201	measured
528	1280	675840	single-workgroup-tree	40	32	-	40	160	2	30	64	145.750	206.708	231.292	22.934	2444.459	2569.166	2653.666	65.839	36.4874	37.4993	1.4091	measured
528	1280	675840	single-workgroup-tree	64	20	-	64	256	2	30	64	174.542	197.416	218.000	15.643	2231.042	2371.458	2427.000	62.503	32.6429	34.5086	1.2404	measured
528	1280	675840	single-workgroup-tree	80	16	-	80	320	2	30	64	179.042	198.750	226.250	30.667	2451.084	2590.708	2666.250	67.038	36.0642	37.9676	1.5509	measured
528	1280	675840	single-workgroup-tree	128	10	-	128	512	2	30	64	179.916	203.458	233.875	20.638	2598.875	2743.208	2806.875	65.940	38.3962	40.3135	1.3743	measured
528	1280	675840	single-workgroup-tree	160	8	-	160	640	2	30	64	180.500	200.417	236.333	37.994	2448.167	2548.583	2639.000	72.934	35.9947	37.2725	1.7608	measured
528	1280	675840	single-workgroup-tree	256	5	production	256	1024	2	30	64	182.583	207.083	243.459	37.780	2411.709	2576.458	2623.125	75.087	35.3830	37.6091	1.7915	measured
528	1280	675840	single-workgroup-tree	320	4	-	320	1280	2	30	64	182.333	195.292	228.167	16.679	2511.375	2625.000	2690.625	63.151	36.9689	38.5668	1.2671	measured
528	1280	675840	single-workgroup-tree	640	2	-	640	2560	2	30	64	187.333	202.750	237.583	20.525	2930.458	3112.375	3200.083	90.171	43.5417	46.1845	1.7571	measured
528	775	409200	single-workgroup-tree	5	155	-	5	32	2	30	64	170.583	188.625	215.416	16.112	1655.125	1776.292	1847.166	68.836	23.5642	25.2011	1.3484	measured
528	775	409200	single-workgroup-tree	25	31	-	25	112	2	30	64	166.834	189.208	210.208	16.943	1480.125	1619.750	1714.333	79.728	20.8459	22.7070	1.5345	measured
528	775	409200	single-workgroup-tree	31	25	-	31	128	2	30	64	164.417	196.833	231.750	40.189	1462.334	1625.000	1710.500	73.832	20.6019	22.6693	1.8099	measured
528	775	409200	single-workgroup-tree	155	5	production	155	624	2	30	64	152.000	196.500	217.666	19.852	1585.125	1750.583	1827.750	80.743	22.7480	24.6680	1.5967	measured
528	785	414480	single-workgroup-tree	5	157	-	5	32	2	30	64	174.875	182.291	205.000	11.202	1649.541	1805.292	1872.792	80.057	23.4074	25.7619	1.4486	measured
528	785	414480	single-workgroup-tree	157	5	production	157	640	2	30	64	168.708	180.583	203.041	27.864	1614.667	1745.500	1854.291	83.939	22.9517	24.8400	1.7747	measured
528	899	474672	single-workgroup-tree	29	31	-	29	128	2	30	64	160.625	175.292	182.375	8.021	1657.333	1813.625	1889.791	82.560	23.7573	26.0053	1.4378	measured
528	899	474672	single-workgroup-tree	31	29	production	31	128	2	30	64	160.167	175.875	183.667	26.536	1663.291	1803.333	1899.500	84.229	23.8591	25.8327	1.7582	measured
528	1008	532224	single-workgroup-tree	2	504	-	2	16	2	30	64	210.917	237.666	254.875	16.573	4289.375	4489.458	4568.875	104.084	64.7374	67.4888	1.9152	measured
528	1008	532224	single-workgroup-tree	3	336	-	3	16	2	30	64	179.625	207.334	226.792	21.680	2388.167	2513.542	2665.375	121.008	35.0562	36.6065	2.2649	measured
528	1008	532224	single-workgroup-tree	4	252	-	4	16	2	30	64	187.792	209.125	235.500	15.973	3129.792	3282.083	3397.917	92.187	46.6984	48.7771	1.7168	measured
528	1008	532224	single-workgroup-tree	6	168	-	6	32	2	30	64	187.708	209.750	224.875	26.605	2610.583	2773.042	2883.292	95.915	38.4583	40.6872	1.9448	measured
528	1008	532224	single-workgroup-tree	7	144	-	7	32	2	30	64	170.750	202.917	220.250	29.119	1911.500	2049.625	2122.375	64.456	27.6310	29.3128	1.4853	measured
528	1008	532224	single-workgroup-tree	8	126	-	8	32	2	30	64	175.084	204.708	238.417	46.552	2013.709	2154.542	2249.208	73.366	29.1845	30.9497	1.9035	measured
528	1008	532224	single-workgroup-tree	9	112	-	9	48	2	30	64	174.417	201.083	223.916	17.329	1987.250	2088.500	2202.500	73.303	28.7751	29.9590	1.4386	measured
528	1008	532224	single-workgroup-tree	12	84	-	12	48	2	30	64	177.292	205.250	232.000	45.810	2231.875	2310.750	2422.916	70.742	32.6124	33.4206	1.8500	measured
528	1008	532224	single-workgroup-tree	14	72	-	14	64	2	30	64	176.625	198.083	222.625	21.158	2121.167	2215.792	2289.292	57.028	30.8657	32.0271	1.2410	measured
528	1008	532224	single-workgroup-tree	16	63	-	16	64	2	30	64	172.167	193.417	224.042	19.583	2011.334	2154.083	2212.667	70.766	29.1931	31.1217	1.4341	measured
528	1008	532224	single-workgroup-tree	18	56	-	18	80	2	30	64	167.667	190.125	215.000	26.170	1837.000	1951.167	2066.792	86.980	26.4973	27.9530	1.7960	measured
528	1008	532224	single-workgroup-tree	21	48	-	21	96	2	30	64	174.417	199.417	218.000	17.042	2006.916	2125.375	2255.250	91.710	29.0873	30.5708	1.7262	measured
528	1008	532224	single-workgroup-tree	24	42	-	24	96	2	30	64	175.042	195.417	219.875	17.572	2013.625	2169.042	2237.250	83.012	29.1839	31.3274	1.5966	measured
528	1008	532224	single-workgroup-tree	28	36	-	28	112	2	30	64	171.250	201.292	216.042	16.723	1821.583	1967.292	2051.000	71.766	26.1958	28.0317	1.4046	measured
528	1008	532224	single-workgroup-tree	36	28	-	36	144	2	30	64	167.083	203.083	215.584	18.239	1864.042	2008.625	2083.667	73.487	26.9359	28.6594	1.4560	measured
528	1008	532224	single-workgroup-tree	42	24	-	42	176	2	30	64	172.792	205.792	222.125	31.881	1919.209	2076.541	2173.084	92.058	27.7209	29.6944	1.9673	measured
528	1008	532224	single-workgroup-tree	48	21	-	48	192	2	30	64	174.542	203.625	221.041	19.109	1958.625	2055.750	2187.042	75.758	28.3188	29.3988	1.5058	measured
528	1008	532224	single-workgroup-tree	56	18	-	56	224	2	30	64	141.000	203.208	217.250	37.150	1829.708	1905.667	2019.541	67.036	26.8049	27.0232	1.6538	measured
528	1008	532224	single-workgroup-tree	63	16	-	63	256	2	30	64	171.791	204.000	227.583	43.141	1903.250	2037.416	2129.833	80.845	27.4835	29.1018	1.9680	measured
528	1008	532224	single-workgroup-tree	72	14	-	72	288	2	30	64	170.209	197.583	219.125	24.402	2035.583	2137.250	2245.000	73.233	29.6091	30.7884	1.5498	measured
528	1008	532224	single-workgroup-tree	84	12	-	84	336	2	30	64	153.042	204.583	221.750	21.126	2067.791	2216.542	2276.541	71.021	30.3928	31.9359	1.4626	measured
528	1008	532224	single-workgroup-tree	112	9	-	112	448	2	30	64	173.958	202.208	217.958	17.116	1944.791	2080.125	2167.791	76.852	28.1085	29.8082	1.4916	measured
528	1008	532224	single-workgroup-tree	126	8	-	126	512	2	30	64	171.917	195.541	218.292	41.744	1912.375	2087.416	2154.583	80.983	27.6263	30.0298	1.9480	measured
528	1008	532224	single-workgroup-tree	144	7	-	144	576	2	30	64	172.708	199.875	219.750	18.385	1920.292	2044.625	2126.458	78.891	27.7394	29.2817	1.5441	measured
528	1008	532224	single-workgroup-tree	168	6	-	168	672	2	30	64	177.541	207.166	226.292	27.704	2337.041	2476.167	2613.083	87.635	34.2778	36.0159	1.8308	measured
528	1008	532224	single-workgroup-tree	252	4	production	252	1008	2	30	64	185.333	206.542	228.958	15.552	2632.333	2770.500	2951.792	118.921	38.8413	40.6977	2.1345	measured
528	1008	532224	single-workgroup-tree	336	3	-	336	1344	2	30	64	173.958	201.416	226.750	20.551	2220.625	2385.875	2452.833	83.492	32.4868	34.6740	1.6515	measured
528	1008	532224	single-workgroup-tree	504	2	-	504	2016	2	30	64	196.542	229.958	238.458	14.032	3569.375	3776.250	3868.333	121.752	53.5370	56.2903	2.1553	measured
528	1094	577632	single-workgroup-tree	2	547	production	2	16	2	30	64	185.834	208.750	234.375	16.668	2480.416	2634.125	2703.292	84.992	36.4219	38.4980	1.6137	measured
528	1094	577632	single-workgroup-tree	547	2	-	547	2192	2	30	64	168.667	208.666	232.292	28.349	2461.750	2609.417	2705.584	80.505	36.3981	38.1072	1.7278	measured
528	1282	676896	single-workgroup-tree	2	641	production	2	16	2	30	64	187.667	202.083	224.667	13.905	2835.959	2991.666	3093.125	93.487	42.0364	44.2791	1.7046	measured
528	1282	676896	single-workgroup-tree	641	2	-	641	2576	2	30	64	190.250	205.708	241.958	38.439	2799.291	2987.084	3062.459	108.438	41.4133	44.1488	2.3314	measured
1056	780	823680	single-workgroup-tree	2	390	-	2	16	2	30	64	222.625	249.542	268.625	10.701	6182.375	6318.208	6371.334	59.050	94.5992	96.3280	1.1072	measured
1056	780	823680	single-workgroup-tree	3	260	-	3	16	2	30	64	192.125	208.625	223.958	30.760	3341.625	3453.709	3544.917	71.039	49.9921	51.5093	1.6159	measured
1056	780	823680	single-workgroup-tree	4	195	-	4	16	2	30	64	199.958	214.250	236.208	33.536	3528.292	3657.083	3740.250	69.313	52.8307	54.6481	1.6325	measured
1056	780	823680	single-workgroup-tree	5	156	-	5	32	2	30	64	189.458	207.125	222.458	29.951	3114.833	3266.125	3351.000	77.217	46.4345	48.5556	1.7011	measured
1056	780	823680	single-workgroup-tree	6	130	-	6	32	2	30	64	188.125	205.542	219.500	15.509	3024.625	3148.750	3230.667	63.725	45.0238	46.7176	1.2577	measured
1056	780	823680	single-workgroup-tree	10	78	-	10	48	2	30	64	184.292	201.000	214.333	9.276	2720.667	2841.750	2929.125	74.354	40.2599	41.9167	1.3275	measured
1056	780	823680	single-workgroup-tree	12	65	-	12	48	2	30	64	185.875	198.666	217.084	31.893	2660.834	2772.042	2870.542	67.442	39.2851	40.8472	1.5767	measured
1056	780	823680	single-workgroup-tree	13	60	-	13	64	2	30	64	190.959	202.542	222.834	11.726	3078.792	3146.375	3261.375	79.226	45.8386	46.7275	1.4437	measured
1056	780	823680	single-workgroup-tree	15	52	-	15	64	2	30	64	185.542	196.416	213.208	8.766	2658.875	2750.250	2843.333	60.811	39.2593	40.5370	1.1044	measured
1056	780	823680	single-workgroup-tree	20	39	-	20	80	2	30	64	185.542	201.292	212.250	24.323	2671.667	2786.292	2840.500	70.154	39.4623	41.0317	1.4996	measured
1056	780	823680	single-workgroup-tree	26	30	-	26	112	2	30	64	187.500	200.334	216.000	9.845	2876.583	2964.084	3049.292	68.396	42.6839	43.8690	1.2419	measured
1056	780	823680	single-workgroup-tree	30	26	-	30	128	2	30	64	168.667	203.917	217.042	27.271	2804.209	2962.000	2994.375	70.964	41.8340	43.7791	1.5593	measured
1056	780	823680	single-workgroup-tree	39	20	-	39	160	2	30	64	167.292	198.500	216.875	30.031	2699.625	2849.083	2883.375	62.166	40.1958	42.0727	1.4635	measured
1056	780	823680	single-workgroup-tree	52	15	-	52	208	2	30	64	184.958	199.125	217.750	25.889	2693.125	2820.167	2872.667	60.954	39.8122	41.6038	1.3785	measured
1056	780	823680	single-workgroup-tree	60	13	-	60	240	2	30	64	187.542	206.542	221.166	30.743	2957.875	3074.875	3150.166	62.795	43.9735	45.5291	1.4847	measured
1056	780	823680	single-workgroup-tree	65	12	-	65	272	2	30	64	184.250	199.625	216.500	29.563	2672.666	2822.792	2873.541	62.466	39.4987	41.6376	1.4608	measured
1056	780	823680	single-workgroup-tree	78	10	-	78	320	2	30	64	188.917	199.042	215.792	10.973	2701.209	2828.250	2904.500	72.351	39.8777	41.7335	1.3226	measured
1056	780	823680	single-workgroup-tree	130	6	-	130	528	2	30	64	185.250	205.000	221.042	28.289	2924.333	3037.792	3108.042	62.061	43.4775	44.9650	1.4341	measured
1056	780	823680	single-workgroup-tree	156	5	-	156	624	2	30	64	184.250	202.958	218.000	29.507	2919.750	3008.375	3059.959	50.154	43.4206	44.5304	1.2645	measured
1056	780	823680	single-workgroup-tree	195	4	-	195	784	2	30	64	197.125	207.375	223.791	26.024	3327.875	3468.708	3551.958	73.235	49.6944	51.7672	1.5755	measured
1056	780	823680	single-workgroup-tree	260	3	production	260	1040	2	30	64	191.083	205.459	220.833	9.498	3131.083	3250.834	3336.917	74.294	46.6667	48.3393	1.3300	measured
1056	780	823680	single-workgroup-tree	390	2	-	390	1568	2	30	64	224.500	238.959	257.792	34.136	5194.000	5328.833	5398.208	65.322	78.8810	80.7917	1.5787	measured
1056	1042	1100352	single-workgroup-tree	2	521	production	2	16	2	30	64	212.667	240.291	265.958	20.147	4278.041	4363.208	4475.417	71.350	64.5297	65.4431	1.4523	measured
1056	1042	1100352	single-workgroup-tree	521	2	-	521	2096	2	30	64	213.375	231.542	262.375	33.049	4242.459	4341.291	4409.208	63.080	63.9537	65.2341	1.5259	measured
1056	774	817344	single-workgroup-tree	2	387	-	2	16	2	30	64	212.334	254.125	265.250	26.369	4530.459	4658.625	4749.917	75.410	68.5417	69.9127	1.6155	measured
1056	774	817344	single-workgroup-tree	3	258	-	3	16	2	30	64	217.875	257.292	274.375	39.772	4898.959	5033.583	5126.708	75.943	74.3029	75.8141	1.8368	measured
1056	774	817344	single-workgroup-tree	6	129	-	6	32	2	30	64	162.375	220.875	242.917	30.892	2857.292	2948.875	3039.125	63.003	42.7765	43.3016	1.4904	measured
1056	774	817344	single-workgroup-tree	9	86	-	9	48	2	30	64	189.875	215.209	238.250	18.667	2719.584	2832.333	2904.584	65.243	40.1541	41.5417	1.3319	measured
1056	774	817344	single-workgroup-tree	18	43	-	18	80	2	30	64	189.625	217.791	241.958	19.864	2635.792	2742.792	2819.750	65.703	38.8280	40.0794	1.3582	measured
1056	774	817344	single-workgroup-tree	43	18	-	43	176	2	30	64	183.125	224.083	239.708	19.315	2659.333	2791.000	2851.875	70.979	39.3049	40.7447	1.4332	measured
1056	774	817344	single-workgroup-tree	86	9	-	86	352	2	30	64	185.666	219.875	244.583	26.539	2695.000	2798.083	2873.583	66.196	39.8307	40.9239	1.4720	measured
1056	774	817344	single-workgroup-tree	129	6	-	129	528	2	30	64	188.125	217.542	242.417	24.573	2766.209	2859.500	2945.834	65.239	40.9220	41.9358	1.4256	measured
1056	774	817344	single-workgroup-tree	258	3	production	258	1040	2	30	64	202.625	248.209	262.916	21.464	4210.959	4379.083	4469.334	83.218	63.6243	65.5694	1.6616	measured
1056	774	817344	single-workgroup-tree	387	2	-	387	1552	2	30	64	206.916	240.292	266.542	42.779	4080.375	4216.292	4327.542	79.351	61.4835	63.1111	1.9386	measured
1056	783	826848	single-workgroup-tree	3	261	-	3	16	2	30	64	193.709	212.167	249.208	39.124	3144.917	3284.708	3371.833	86.078	46.8446	48.7705	1.9873	measured
1056	783	826848	single-workgroup-tree	9	87	-	9	48	2	30	64	192.208	217.500	240.583	18.800	3014.041	3131.583	3207.958	55.613	44.7910	46.2553	1.1811	measured
1056	783	826848	single-workgroup-tree	27	29	-	27	112	2	30	64	187.833	212.750	242.291	26.817	2659.250	2781.084	2838.042	61.977	39.2288	40.7672	1.4094	measured
1056	783	826848	single-workgroup-tree	29	27	-	29	128	2	30	64	188.959	202.334	236.625	32.211	2659.084	2759.083	2834.583	64.208	39.2083	40.5833	1.5305	measured
1056	783	826848	single-workgroup-tree	87	9	-	87	352	2	30	64	192.292	206.584	241.958	18.814	2919.542	3038.417	3107.166	69.589	43.2897	44.9497	1.4032	measured
1056	783	826848	single-workgroup-tree	261	3	production	261	1056	2	30	64	194.125	206.167	240.334	18.188	3025.000	3110.875	3210.167	61.849	44.9345	46.1065	1.2704	measured
1056	900	950400	single-workgroup-tree	2	450	-	2	16	2	30	64	257.292	279.208	302.500	18.291	7067.125	7162.917	7257.500	67.797	108.0926	109.2652	1.3665	measured
1056	900	950400	single-workgroup-tree	3	300	-	3	16	2	30	64	201.958	231.334	257.375	20.033	3555.375	3665.834	3747.666	67.722	53.2288	54.5159	1.3929	measured
1056	900	950400	single-workgroup-tree	4	225	-	4	16	2	30	64	179.125	231.417	251.834	19.809	3479.209	3650.958	3746.416	100.290	52.3823	54.2784	1.9063	measured
1056	900	950400	single-workgroup-tree	5	180	-	5	32	2	30	64	216.000	248.000	265.625	17.864	4501.833	4644.375	4700.291	61.671	68.0291	69.7837	1.2625	measured
1056	900	950400	single-workgroup-tree	6	150	-	6	32	2	30	64	210.375	243.417	265.083	36.544	4195.500	4336.333	4442.833	79.438	63.2560	64.9669	1.8410	measured
1056	900	950400	single-workgroup-tree	9	100	-	9	48	2	30	64	192.750	226.541	247.584	39.851	3107.667	3223.875	3279.083	64.498	46.2685	47.5767	1.6563	measured
1056	900	950400	single-workgroup-tree	10	90	-	10	48	2	30	64	200.708	224.500	251.375	22.313	3664.000	3794.750	3877.708	72.793	54.9729	56.6706	1.5096	measured
1056	900	950400	single-workgroup-tree	12	75	-	12	48	2	30	64	196.375	219.166	248.541	20.179	3268.000	3385.375	3444.166	58.112	48.7560	50.2573	1.2427	measured
1056	900	950400	single-workgroup-tree	15	60	-	15	64	2	30	64	199.459	217.750	253.667	37.573	3400.833	3554.416	3630.917	75.953	50.8155	52.9630	1.8020	measured
1056	900	950400	single-workgroup-tree	18	50	-	18	80	2	30	64	194.750	216.375	241.166	26.421	3029.083	3131.083	3219.792	61.366	44.9894	46.2652	1.3934	measured
1056	900	950400	single-workgroup-tree	20	45	-	20	80	2	30	64	192.875	217.542	242.042	18.399	3014.083	3133.084	3221.084	62.041	44.7811	46.2784	1.2768	measured
1056	900	950400	single-workgroup-tree	25	36	-	25	112	2	30	64	194.667	208.167	248.958	30.666	3011.167	3116.750	3191.166	59.583	44.7063	46.1680	1.4325	measured
1056	900	950400	single-workgroup-tree	30	30	-	30	128	2	30	64	177.000	213.250	239.875	19.571	3317.375	3442.250	3488.458	68.875	49.8472	51.2540	1.4039	measured
1056	900	950400	single-workgroup-tree	36	25	-	36	144	2	30	64	190.083	210.625	239.083	20.349	3058.583	3164.292	3255.042	74.021	45.5317	46.8836	1.4979	measured
1056	900	950400	single-workgroup-tree	45	20	-	45	192	2	30	64	195.375	209.166	240.542	17.453	3029.541	3136.625	3237.584	143.018	44.9868	46.4676	2.5472	measured
1056	900	950400	single-workgroup-tree	50	18	-	50	208	2	30	64	192.250	217.292	241.500	17.521	3011.750	3140.000	3197.917	56.904	44.7540	46.3922	1.1814	measured
1056	900	950400	single-workgroup-tree	60	15	-	60	240	2	30	64	197.834	228.125	243.750	17.925	3319.000	3452.292	3515.834	60.343	49.5423	51.1773	1.2424	measured
1056	900	950400	single-workgroup-tree	75	12	-	75	304	2	30	64	194.917	220.250	242.667	18.026	3225.708	3337.083	3397.667	60.318	48.1078	49.4735	1.2436	measured
1056	900	950400	single-workgroup-tree	90	10	-	90	368	2	30	64	203.083	229.333	316.583	43.397	3520.333	3690.417	3754.875	83.618	52.6548	54.9378	2.0161	measured
1056	900	950400	single-workgroup-tree	100	9	-	100	400	2	30	64	195.458	216.958	239.167	17.333	3083.500	3211.083	3295.250	72.603	45.8419	47.5258	1.4276	measured
1056	900	950400	single-workgroup-tree	150	6	-	150	608	2	30	64	206.000	237.791	259.625	23.768	3893.375	4049.583	4134.584	84.665	58.5298	60.5046	1.7212	measured
1056	900	950400	single-workgroup-tree	180	5	-	180	720	2	30	64	209.875	236.958	262.917	43.077	4072.833	4228.750	4298.875	77.239	61.3168	63.3618	1.9098	measured
1056	900	950400	single-workgroup-tree	225	4	production	225	912	2	30	64	194.667	211.666	244.875	20.355	3266.792	3364.792	3469.584	74.441	48.7639	50.0496	1.5047	measured
1056	900	950400	single-workgroup-tree	300	3	-	300	1200	2	30	64	196.875	230.125	247.417	30.769	3370.541	3488.417	3573.500	65.127	50.3757	51.7189	1.5222	measured
1056	900	950400	single-workgroup-tree	450	2	-	450	1808	2	30	64	238.750	250.458	285.958	18.512	5885.875	6002.333	6108.083	78.546	89.6369	91.2996	1.5406	measured
1056	1006	1062336	single-workgroup-tree	2	503	-	2	16	2	30	64	238.334	257.375	292.625	33.181	5809.667	5919.917	5993.208	61.607	88.4339	89.8816	1.5046	measured
1056	1006	1062336	single-workgroup-tree	503	2	production	503	2016	2	30	64	228.583	242.834	276.458	32.141	5187.625	5279.042	5425.834	74.899	78.7150	79.9398	1.6990	measured
1056	1082	1142592	single-workgroup-tree	2	541	production	2	16	2	30	64	224.667	252.958	278.917	32.487	4422.084	4546.167	4630.708	76.407	66.6257	68.1462	1.7285	measured
1056	1082	1142592	single-workgroup-tree	541	2	-	541	2176	2	30	64	189.709	251.959	268.334	35.527	4369.291	4544.083	4595.292	69.173	66.3426	68.1290	1.6619	measured
1056	1280	1351680	single-workgroup-tree	2	640	-	2	16	2	30	64	230.791	249.042	289.667	30.798	5549.583	5684.417	5746.709	61.464	84.4253	86.2758	1.4645	measured
1056	1280	1351680	single-workgroup-tree	4	320	-	4	16	2	30	64	219.083	239.250	273.667	25.761	4706.417	4849.125	4917.667	74.526	71.2275	73.1726	1.5919	measured
1056	1280	1351680	single-workgroup-tree	5	256	-	5	32	2	30	64	219.292	238.833	268.917	30.775	4547.875	4658.833	4720.125	57.206	68.7077	70.1587	1.3965	measured
1056	1280	1351680	single-workgroup-tree	8	160	-	8	32	2	30	64	218.417	242.417	271.375	27.372	4525.625	4696.458	4756.375	65.631	68.3684	70.6991	1.4762	measured
1056	1280	1351680	single-workgroup-tree	10	128	-	10	48	2	30	64	229.417	254.083	279.416	29.872	5104.959	5279.583	5347.500	77.743	77.3896	79.7698	1.7082	measured
1056	1280	1351680	single-workgroup-tree	16	80	-	16	64	2	30	64	208.042	256.250	278.792	35.632	4664.916	4787.625	4856.333	71.593	70.7440	71.9266	1.7020	measured
1056	1280	1351680	single-workgroup-tree	20	64	-	20	80	2	30	64	197.125	245.042	265.500	30.347	4094.083	4223.959	4270.250	61.554	61.8565	63.1574	1.4587	measured
1056	1280	1351680	single-workgroup-tree	32	40	-	32	128	2	30	64	210.208	239.583	265.958	19.132	4277.750	4362.875	4444.708	59.911	64.5642	65.4491	1.2546	measured
1056	1280	1351680	single-workgroup-tree	40	32	-	40	160	2	30	64	217.083	242.083	267.208	29.994	4474.875	4600.167	4663.833	61.557	67.5840	69.1759	1.4532	measured
1056	1280	1351680	single-workgroup-tree	64	20	-	64	256	2	30	64	210.792	236.500	272.250	37.845	4146.417	4255.750	4303.334	48.385	62.4702	63.7976	1.3687	measured
1056	1280	1351680	single-workgroup-tree	80	16	-	80	320	2	30	64	218.167	243.208	272.375	32.371	4562.917	4693.875	4780.125	69.645	68.9643	70.6455	1.6193	measured
1056	1280	1351680	single-workgroup-tree	128	10	-	128	512	2	30	64	223.458	245.917	270.000	17.074	4820.458	4933.875	5038.542	61.317	72.9683	74.4120	1.2443	measured
1056	1280	1351680	single-workgroup-tree	160	8	-	160	640	2	30	64	216.208	242.709	269.375	27.804	4474.833	4582.042	4644.459	54.516	67.5972	68.8783	1.3067	measured
1056	1280	1351680	single-workgroup-tree	256	5	production	256	1024	2	30	64	211.000	244.375	268.125	18.769	4440.250	4512.333	4575.541	48.805	67.1310	67.7454	1.0726	measured
1056	1280	1351680	single-workgroup-tree	320	4	-	320	1280	2	30	64	206.500	241.584	273.250	22.597	4576.417	4700.500	4771.417	70.043	69.3638	70.7764	1.4705	measured
1056	1280	1351680	single-workgroup-tree	640	2	-	640	2560	2	30	64	230.083	251.958	291.458	43.251	5310.291	5432.375	5486.833	67.523	80.6382	82.2288	1.7583	measured
1056	775	818400	single-workgroup-tree	5	155	-	5	32	2	30	64	188.625	197.708	203.917	8.823	2950.167	3020.750	3119.083	55.527	43.8340	44.8102	1.0214	measured
1056	775	818400	single-workgroup-tree	25	31	-	25	112	2	30	64	183.542	191.125	198.292	16.244	2609.791	2687.125	2774.750	63.827	38.5119	39.6190	1.2710	measured
1056	775	818400	single-workgroup-tree	31	25	-	31	128	2	30	64	183.834	192.833	201.000	34.698	2598.167	2698.833	2801.208	60.979	38.3227	39.7778	1.5187	measured
1056	775	818400	single-workgroup-tree	155	5	production	155	624	2	30	64	185.084	193.625	203.500	31.499	2788.250	2874.584	2960.500	71.190	41.3201	42.5549	1.6300	measured
1056	785	828960	single-workgroup-tree	5	157	-	5	32	2	30	64	179.958	199.500	241.708	24.408	3025.542	3120.375	3174.417	47.266	45.1680	46.3631	1.1377	measured
1056	785	828960	single-workgroup-tree	157	5	production	157	640	2	30	64	189.459	199.084	238.292	29.054	2870.666	2938.625	3041.625	73.556	42.5588	43.4848	1.6287	measured
1056	899	949344	single-workgroup-tree	29	31	-	29	128	2	30	64	203.792	238.458	247.333	23.289	2977.000	3109.792	3168.750	69.083	44.0192	45.5767	1.4662	measured
1056	899	949344	single-workgroup-tree	31	29	production	31	128	2	30	64	210.209	239.750	247.958	24.598	2987.667	3074.209	3156.875	55.193	44.0866	44.9914	1.2665	measured
1056	1008	1064448	single-workgroup-tree	2	504	-	2	16	2	30	64	271.500	292.250	320.500	41.094	7894.667	7988.916	8063.750	69.071	121.0027	122.1693	1.7486	measured
1056	1008	1064448	single-workgroup-tree	3	336	-	3	16	2	30	64	214.208	230.750	262.833	17.678	4339.250	4453.542	4566.333	79.278	65.4769	67.0284	1.5390	measured
1056	1008	1064448	single-workgroup-tree	4	252	-	4	16	2	30	64	231.250	256.125	292.875	24.661	5453.250	5577.208	5692.917	85.123	82.8889	84.4616	1.7426	measured
1056	1008	1064448	single-workgroup-tree	6	168	-	6	32	2	30	64	222.084	238.000	267.250	17.417	4727.583	4897.584	4938.667	65.986	71.5159	73.9617	1.3239	measured
1056	1008	1064448	single-workgroup-tree	7	144	-	7	32	2	30	64	184.792	231.833	250.584	21.080	3489.083	3610.125	3660.750	59.961	52.4491	53.6237	1.2864	measured
1056	1008	1064448	single-workgroup-tree	8	126	-	8	32	2	30	64	207.000	219.541	254.958	40.904	3648.833	3718.875	3815.833	56.762	54.6323	55.5450	1.5503	measured
1056	1008	1064448	single-workgroup-tree	9	112	-	9	48	2	30	64	202.875	227.000	256.000	37.967	3594.458	3700.625	3784.958	60.629	53.8347	55.1369	1.5650	measured
1056	1008	1064448	single-workgroup-tree	12	84	-	12	48	2	30	64	208.583	224.583	248.834	17.432	3920.042	4074.583	4153.584	75.090	58.9120	61.1111	1.4686	measured
1056	1008	1064448	single-workgroup-tree	14	72	-	14	64	2	30	64	204.417	226.250	255.292	20.263	3782.959	3966.667	4026.208	63.834	56.8023	59.3717	1.3349	measured
1056	1008	1064448	single-workgroup-tree	16	63	-	16	64	2	30	64	198.958	221.459	254.000	36.695	3501.084	3616.000	3693.833	68.686	52.4147	53.8816	1.6727	measured
1056	1008	1064448	single-workgroup-tree	18	56	-	18	80	2	30	64	193.792	228.333	251.709	22.653	3325.125	3463.000	3504.792	66.518	49.7037	51.3439	1.4154	measured
1056	1008	1064448	single-workgroup-tree	21	48	-	21	96	2	30	64	204.834	229.417	252.209	18.253	3638.583	3739.166	3801.042	52.695	54.5040	55.7103	1.1262	measured
1056	1008	1064448	single-workgroup-tree	24	42	-	24	96	2	30	64	203.208	233.375	253.500	28.184	3585.542	3698.458	3756.208	67.301	53.6878	55.0013	1.5156	measured
1056	1008	1064448	single-workgroup-tree	28	36	-	28	112	2	30	64	200.375	235.584	253.458	22.065	3320.334	3449.666	3503.208	58.971	49.5232	51.0172	1.2863	measured
1056	1008	1064448	single-workgroup-tree	36	28	-	36	144	2	30	64	197.875	223.833	250.667	17.559	3350.292	3489.708	3555.125	71.000	50.0384	51.8393	1.4057	measured
1056	1008	1064448	single-workgroup-tree	42	24	-	42	176	2	30	64	202.125	229.375	264.083	37.892	3525.791	3621.000	3699.667	55.987	52.7566	53.8353	1.4901	measured
1056	1008	1064448	single-workgroup-tree	48	21	-	48	192	2	30	64	200.667	234.667	267.791	37.135	3547.291	3649.000	3717.792	55.296	53.1210	54.1958	1.4672	measured
1056	1008	1064448	single-workgroup-tree	56	18	-	56	224	2	30	64	200.250	227.084	266.334	41.284	3353.333	3474.250	3520.166	51.584	50.0489	51.5423	1.4741	measured
1056	1008	1064448	single-workgroup-tree	63	16	-	63	256	2	30	64	197.375	223.458	251.083	18.219	3484.792	3569.333	3641.000	54.080	52.1812	53.1091	1.1476	measured
1056	1008	1064448	single-workgroup-tree	72	14	-	72	288	2	30	64	207.000	228.666	258.333	23.508	3700.083	3819.292	3889.792	63.998	55.4458	56.9941	1.3890	measured
1056	1008	1064448	single-workgroup-tree	84	12	-	84	336	2	30	64	203.083	237.375	254.875	30.278	3810.500	3921.625	4009.000	66.116	57.2606	58.4802	1.5301	measured
1056	1008	1064448	single-workgroup-tree	112	9	-	112	448	2	30	64	203.375	239.083	256.959	27.993	3550.333	3676.459	3739.750	55.734	53.1263	54.5615	1.3290	measured
1056	1008	1064448	single-workgroup-tree	126	8	-	126	512	2	30	64	178.042	226.500	282.292	43.652	3495.459	3597.292	3690.208	59.360	52.6574	53.5046	1.6351	measured
1056	1008	1064448	single-workgroup-tree	144	7	-	144	576	2	30	64	197.459	237.166	262.792	28.999	3458.083	3559.417	3643.291	62.978	51.7559	52.7341	1.4599	measured
1056	1008	1064448	single-workgroup-tree	168	6	-	168	672	2	30	64	201.917	237.208	269.250	26.742	4303.334	4473.958	4531.208	78.647	65.1019	67.2500	1.6728	measured
1056	1008	1064448	single-workgroup-tree	252	4	production	252	1008	2	30	64	221.417	248.792	272.334	30.991	4865.417	4991.000	5113.417	77.427	73.7143	75.2731	1.7209	measured
1056	1008	1064448	single-workgroup-tree	336	3	-	336	1344	2	30	64	212.292	235.875	260.542	17.713	4021.958	4158.666	4255.042	78.974	60.4709	62.2665	1.5347	measured
1056	1008	1064448	single-workgroup-tree	504	2	-	504	2016	2	30	64	251.209	268.708	303.667	32.672	6588.333	6671.958	6796.250	66.315	100.5893	101.6389	1.5712	measured
1056	1094	1155264	single-workgroup-tree	2	547	production	2	16	2	30	64	201.541	242.958	267.708	26.855	4450.625	4564.708	4644.208	70.550	67.4458	68.5992	1.5461	measured
1056	1094	1155264	single-workgroup-tree	547	2	-	547	2192	2	30	64	215.083	251.625	270.458	30.645	4462.791	4563.125	4625.750	55.296	67.4239	68.4365	1.3641	measured
1056	1282	1353792	single-workgroup-tree	2	641	production	2	16	2	30	64	226.833	242.959	281.208	28.276	5187.417	5289.459	5343.042	69.829	78.7394	80.1032	1.5572	measured
1056	1282	1353792	single-workgroup-tree	641	2	-	641	2576	2	30	64	225.625	249.750	267.042	15.486	5115.042	5268.125	5306.541	71.606	77.6098	79.6567	1.3824	measured
2112	780	1647360	single-workgroup-tree	2	390	-	2	16	2	30	64	317.458	353.958	441.167	37.458	10857.083	10953.208	11034.625	58.297	167.2956	168.2421	1.5199	measured
2112	780	1647360	single-workgroup-tree	3	260	-	3	16	2	30	64	241.333	265.833	299.375	23.283	6089.791	6224.541	6292.625	61.999	92.8327	94.5827	1.3537	measured
2112	780	1647360	single-workgroup-tree	4	195	-	4	16	2	30	64	247.208	268.750	305.792	46.556	6421.833	6572.458	6641.459	63.801	98.0099	100.0589	1.7517	measured
2112	780	1647360	single-workgroup-tree	5	156	-	5	32	2	30	64	234.167	268.542	298.333	21.026	5754.542	5878.625	5941.291	57.046	87.6250	89.0489	1.2392	measured
2112	780	1647360	single-workgroup-tree	6	130	-	6	32	2	30	64	234.125	258.834	293.708	20.977	5635.083	5754.958	5837.666	61.445	85.7295	87.2401	1.3083	measured
2112	780	1647360	single-workgroup-tree	10	78	-	10	48	2	30	64	220.000	250.125	279.500	23.444	5078.333	5164.250	5206.542	46.218	77.1164	78.0020	1.1058	measured
2112	780	1647360	single-workgroup-tree	12	65	-	12	48	2	30	64	227.750	255.250	281.291	20.720	4947.167	5099.791	5142.708	45.935	74.9114	76.8975	1.0580	measured
2112	780	1647360	single-workgroup-tree	13	60	-	13	64	2	30	64	236.875	267.791	297.500	41.224	5636.375	5781.584	5857.792	74.891	85.7063	87.5205	1.8431	measured
2112	780	1647360	single-workgroup-tree	15	52	-	15	64	2	30	64	204.417	247.042	283.834	21.332	4950.875	5047.333	5124.583	57.566	75.3406	76.1951	1.2523	measured
2112	780	1647360	single-workgroup-tree	20	39	-	20	80	2	30	64	221.416	246.083	284.041	31.003	4972.209	5068.750	5128.125	45.447	75.4094	76.5503	1.2135	measured
2112	780	1647360	single-workgroup-tree	26	30	-	26	112	2	30	64	233.334	261.542	293.542	35.635	5235.333	5382.500	5461.750	60.101	79.3968	81.2850	1.5196	measured
2112	780	1647360	single-workgroup-tree	30	26	-	30	128	2	30	64	229.167	257.167	286.833	31.569	5174.292	5284.500	5326.625	48.475	78.4940	79.7989	1.2705	measured
2112	780	1647360	single-workgroup-tree	39	20	-	39	160	2	30	64	224.958	249.167	279.625	35.550	5055.333	5140.250	5191.792	55.057	76.6726	77.6362	1.4382	measured
2112	780	1647360	single-workgroup-tree	52	15	-	52	208	2	30	64	229.250	239.625	286.875	35.883	5027.458	5107.916	5178.167	51.382	76.1620	77.2745	1.3852	measured
2112	780	1647360	single-workgroup-tree	60	13	-	60	240	2	30	64	230.542	247.917	287.166	20.613	5443.250	5555.666	5644.958	68.501	82.7414	84.2500	1.4145	measured
2112	780	1647360	single-workgroup-tree	65	12	-	65	272	2	30	64	225.792	247.000	282.000	20.899	5004.541	5093.125	5161.041	53.162	75.8532	76.9226	1.1756	measured
2112	780	1647360	single-workgroup-tree	78	10	-	78	320	2	30	64	227.583	249.750	273.917	23.021	5027.958	5131.583	5189.625	54.978	76.1964	77.4894	1.2381	measured
2112	780	1647360	single-workgroup-tree	130	6	-	130	528	2	30	64	231.208	270.000	293.208	34.732	5432.333	5551.833	5649.500	60.698	82.5575	83.8386	1.5148	measured
2112	780	1647360	single-workgroup-tree	156	5	-	156	624	2	30	64	229.084	263.916	290.042	25.987	5411.625	5512.084	5583.834	64.034	82.2626	83.3043	1.4289	measured
2112	780	1647360	single-workgroup-tree	195	4	-	195	784	2	30	64	244.875	275.333	304.500	27.780	6058.292	6203.125	6263.417	67.380	92.2765	94.0919	1.5105	measured
2112	780	1647360	single-workgroup-tree	260	3	production	260	1040	2	30	64	239.625	268.583	298.333	32.124	5787.000	5922.125	5976.042	61.168	88.0536	89.7388	1.4808	measured
2112	780	1647360	single-workgroup-tree	390	2	-	390	1568	2	30	64	289.875	320.042	355.791	39.077	9029.666	9180.958	9242.375	59.930	138.7268	140.6495	1.5715	measured
2112	1042	2200704	single-workgroup-tree	2	521	production	2	16	2	30	64	277.750	312.209	326.500	27.344	8022.084	8106.666	8162.917	47.674	122.9259	123.7215	1.1908	measured
2112	1042	2200704	single-workgroup-tree	521	2	-	521	2096	2	30	64	273.125	311.666	323.125	23.265	7912.917	8006.875	8057.625	48.664	121.2665	122.1462	1.1417	measured
2112	774	1634688	single-workgroup-tree	2	387	-	2	16	2	30	64	277.833	315.916	341.458	43.241	8140.000	8253.625	8327.333	52.514	124.7963	125.9954	1.5199	measured
2112	774	1634688	single-workgroup-tree	3	258	-	3	16	2	30	64	284.250	317.541	340.541	19.508	8718.875	8851.083	8933.083	64.256	133.8829	135.4530	1.3296	measured
2112	774	1634688	single-workgroup-tree	6	129	-	6	32	2	30	64	211.625	277.375	291.000	35.979	5337.500	5492.833	5548.250	65.499	81.3631	82.7850	1.6108	measured
2112	774	1634688	single-workgroup-tree	9	86	-	9	48	2	30	64	226.208	252.792	288.125	22.549	5058.916	5187.208	5271.125	54.838	76.7097	78.3241	1.2284	measured
2112	774	1634688	single-workgroup-tree	18	43	-	18	80	2	30	64	227.167	244.958	277.375	31.668	4892.750	5033.958	5088.375	55.083	74.0569	76.0159	1.3770	measured
2112	774	1634688	single-workgroup-tree	43	18	-	43	176	2	30	64	226.625	243.791	279.208	24.288	4944.584	5056.917	5093.083	43.024	74.8882	76.3988	1.0685	measured
2112	774	1634688	single-workgroup-tree	86	9	-	86	352	2	30	64	225.250	251.167	281.542	20.891	4995.792	5120.208	5166.709	58.829	75.7229	77.2864	1.2654	measured
2112	774	1634688	single-workgroup-tree	129	6	-	129	528	2	30	64	229.875	262.209	288.875	26.267	5126.208	5235.458	5307.167	60.386	77.7196	78.9405	1.3754	measured
2112	774	1634688	single-workgroup-tree	258	3	production	258	1040	2	30	64	266.375	301.083	323.459	29.170	7510.791	7626.625	7690.958	66.968	114.9907	116.2784	1.5260	measured
2112	774	1634688	single-workgroup-tree	387	2	-	387	1552	2	30	64	264.375	295.958	322.625	24.587	7331.000	7497.417	7570.459	76.734	112.1687	114.3089	1.6083	measured
2112	783	1653696	single-workgroup-tree	3	261	-	3	16	2	30	64	241.042	281.250	314.375	45.347	5914.000	6061.500	6149.791	64.288	90.0470	91.7500	1.7402	measured
2112	783	1653696	single-workgroup-tree	9	87	-	9	48	2	30	64	236.250	261.584	285.708	32.739	5589.125	5696.750	5790.209	69.182	84.9663	86.2725	1.6178	measured
2112	783	1653696	single-workgroup-tree	27	29	-	27	112	2	30	64	226.917	239.959	279.458	25.743	4895.083	5039.542	5121.708	72.491	74.0979	76.1839	1.5593	measured
2112	783	1653696	single-workgroup-tree	29	27	-	29	128	2	30	64	222.917	250.459	284.625	21.775	4919.667	5009.958	5102.875	74.829	74.5516	75.5476	1.5334	measured
2112	783	1653696	single-workgroup-tree	87	9	-	87	352	2	30	64	232.167	260.625	287.791	22.499	5359.708	5495.375	5537.125	53.999	81.3895	83.0913	1.2143	measured
2112	783	1653696	single-workgroup-tree	261	3	production	261	1056	2	30	64	236.666	259.292	288.083	20.232	5608.375	5728.000	5837.000	70.194	85.2652	86.8049	1.4353	measured
2112	900	1900800	single-workgroup-tree	2	450	-	2	16	2	30	64	340.833	375.042	402.541	37.565	12462.875	12578.542	12662.834	55.656	192.4134	193.7063	1.4797	measured
2112	900	1900800	single-workgroup-tree	3	300	-	3	16	2	30	64	251.375	284.667	309.708	31.702	6705.291	6840.792	6911.583	61.949	102.4431	104.0655	1.4865	measured
2112	900	1900800	single-workgroup-tree	4	225	-	4	16	2	30	64	251.083	279.375	305.833	18.603	6697.042	6847.791	6923.750	71.450	102.3168	104.2606	1.4294	measured
2112	900	1900800	single-workgroup-tree	5	180	-	5	32	2	30	64	275.750	314.209	329.583	34.484	8171.959	8256.041	8361.958	63.963	125.3367	126.0608	1.5626	measured
2112	900	1900800	single-workgroup-tree	6	150	-	6	32	2	30	64	259.958	292.375	323.292	21.683	7687.209	7829.125	7896.875	61.867	117.8929	119.6310	1.3262	measured
2112	900	1900800	single-workgroup-tree	9	100	-	9	48	2	30	64	238.875	266.125	307.917	37.711	5821.625	5928.667	6000.083	58.655	88.6151	89.8816	1.5296	measured
2112	900	1900800	single-workgroup-tree	10	90	-	10	48	2	30	64	254.250	280.916	308.375	21.259	6801.916	6938.833	7000.292	74.543	103.9312	105.6812	1.5207	measured
2112	900	1900800	single-workgroup-tree	12	75	-	12	48	2	30	64	242.708	269.541	303.583	23.640	6172.666	6285.750	6336.917	55.311	94.1263	95.4954	1.2532	measured
2112	900	1900800	single-workgroup-tree	15	60	-	15	64	2	30	64	246.042	275.959	306.667	33.986	6300.750	6412.875	6494.292	63.740	96.1065	97.4114	1.5512	measured
2112	900	1900800	single-workgroup-tree	18	50	-	18	80	2	30	64	231.250	263.750	295.750	40.259	5717.875	5794.541	5858.667	60.511	87.0893	87.7903	1.5995	measured
2112	900	1900800	single-workgroup-tree	20	45	-	20	80	2	30	64	236.417	248.125	288.292	25.923	5701.834	5771.208	5831.916	49.938	86.7527	87.6680	1.2042	measured
2112	900	1900800	single-workgroup-tree	25	36	-	25	112	2	30	64	236.000	250.083	287.875	20.690	5602.209	5737.959	5795.458	55.918	85.1779	87.1091	1.2160	measured
2112	900	1900800	single-workgroup-tree	30	30	-	30	128	2	30	64	244.416	262.708	300.667	26.776	6125.000	6304.209	6367.583	91.748	93.3426	95.8968	1.8813	measured
2112	900	1900800	single-workgroup-tree	36	25	-	36	144	2	30	64	239.708	266.667	293.250	26.538	5743.167	5837.667	5922.833	72.141	87.3565	88.4286	1.5663	measured
2112	900	1900800	single-workgroup-tree	45	20	-	45	192	2	30	64	237.667	264.833	294.917	23.072	5707.791	5794.584	5853.209	49.072	86.8274	87.7738	1.1451	measured
2112	900	1900800	single-workgroup-tree	50	18	-	50	208	2	30	64	236.792	271.917	292.708	40.017	5667.084	5782.250	5843.042	55.548	86.1951	87.4656	1.5169	measured
2112	900	1900800	single-workgroup-tree	60	15	-	60	240	2	30	64	246.208	279.709	296.875	30.040	6106.583	6256.583	6328.083	67.531	93.0218	94.8710	1.5487	measured
2112	900	1900800	single-workgroup-tree	75	12	-	75	304	2	30	64	241.041	275.000	296.792	19.789	5998.000	6094.792	6166.375	67.446	91.3803	92.3777	1.3847	measured
2112	900	1900800	single-workgroup-tree	90	10	-	90	368	2	30	64	248.167	267.583	301.917	27.071	6398.709	6530.125	6635.709	74.677	97.6277	99.4054	1.6151	measured
2112	900	1900800	single-workgroup-tree	100	9	-	100	400	2	30	64	233.042	278.000	300.584	40.954	5804.416	5901.333	5966.667	47.850	88.4345	89.2593	1.4096	measured
2112	900	1900800	single-workgroup-tree	150	6	-	150	608	2	30	64	258.750	288.959	314.834	21.672	7041.458	7167.208	7268.125	84.257	107.6620	109.1786	1.6814	measured
2112	900	1900800	single-workgroup-tree	180	5	-	180	720	2	30	64	264.583	299.042	320.791	30.197	7324.292	7459.334	7542.791	59.829	112.0589	113.6554	1.4290	measured
2112	900	1900800	single-workgroup-tree	225	4	production	225	912	2	30	64	243.750	281.292	294.666	19.551	6127.167	6255.166	6338.500	70.331	93.3876	94.8234	1.4267	measured
2112	900	1900800	single-workgroup-tree	300	3	-	300	1200	2	30	64	248.000	287.750	308.750	33.751	6343.791	6496.000	6530.417	61.067	96.7586	98.5437	1.5051	measured
2112	900	1900800	single-workgroup-tree	450	2	-	450	1808	2	30	64	307.792	338.291	361.375	19.627	10308.916	10466.875	10531.250	81.163	158.7480	160.7712	1.5999	measured
2112	1006	2124672	single-workgroup-tree	2	503	-	2	16	2	30	64	308.416	322.541	355.166	17.915	10467.416	10606.458	10670.292	50.207	161.2540	163.2368	1.0813	measured
2112	1006	2124672	single-workgroup-tree	503	2	production	503	2016	2	30	64	278.459	302.708	332.875	39.846	9378.708	9501.708	9552.208	48.993	144.4484	146.0159	1.4101	measured
2112	1082	2285184	single-workgroup-tree	2	541	production	2	16	2	30	64	280.709	297.166	314.000	12.112	8254.458	8390.291	8462.125	59.011	126.5674	128.4623	1.1289	measured
2112	1082	2285184	single-workgroup-tree	541	2	-	541	2176	2	30	64	270.833	296.667	323.917	19.673	8157.375	8291.833	8351.167	60.068	125.1832	126.9074	1.2657	measured
2112	1280	2703360	single-workgroup-tree	2	640	-	2	16	2	30	64	310.000	343.250	362.708	21.946	10494.958	10580.959	10646.000	48.942	161.6660	162.5033	1.1252	measured
2112	1280	2703360	single-workgroup-tree	4	320	-	4	16	2	30	64	288.750	323.958	343.500	37.135	9151.083	9253.625	9314.291	53.008	140.6720	141.7407	1.4308	measured
2112	1280	2703360	single-workgroup-tree	5	256	-	5	32	2	30	64	283.542	315.709	335.375	26.780	8886.667	9009.250	9073.458	56.500	136.5575	137.9927	1.3219	measured
2112	1280	2703360	single-workgroup-tree	8	160	-	8	32	2	30	64	276.584	312.125	329.500	32.133	8529.666	8659.166	8745.500	65.091	131.0013	132.4927	1.5432	measured
2112	1280	2703360	single-workgroup-tree	10	128	-	10	48	2	30	64	292.583	327.708	344.042	17.195	9411.583	9515.542	9626.750	76.148	144.7460	145.8386	1.4816	measured
2112	1280	2703360	single-workgroup-tree	16	80	-	16	64	2	30	64	282.833	323.125	334.459	30.074	8704.416	8851.834	8947.875	76.945	133.6759	135.3763	1.6987	measured
2112	1280	2703360	single-workgroup-tree	20	64	-	20	80	2	30	64	275.583	308.666	332.042	20.103	8283.208	8433.875	8489.917	72.431	127.1052	128.9716	1.4688	measured
2112	1280	2703360	single-workgroup-tree	32	40	-	32	128	2	30	64	277.834	301.292	328.500	20.795	8465.125	8564.959	8649.583	61.345	129.9570	131.1693	1.3038	measured
2112	1280	2703360	single-workgroup-tree	40	32	-	40	160	2	30	64	278.917	313.292	329.292	16.260	8729.000	8817.000	8923.292	62.559	134.1283	134.9795	1.2511	measured
2112	1280	2703360	single-workgroup-tree	64	20	-	64	256	2	30	64	277.750	308.875	334.000	33.328	8331.167	8435.167	8531.417	66.346	127.8320	128.9888	1.5821	measured
2112	1280	2703360	single-workgroup-tree	80	16	-	80	320	2	30	64	282.292	303.750	326.667	32.005	8896.000	8996.875	9102.750	59.136	136.7255	137.9861	1.4467	measured
2112	1280	2703360	single-workgroup-tree	128	10	-	128	512	2	30	64	289.167	303.625	336.709	25.752	9219.375	9324.125	9399.167	51.481	141.7493	143.1825	1.2259	measured
2112	1280	2703360	single-workgroup-tree	160	8	-	160	640	2	30	64	283.167	306.833	330.333	45.776	8664.875	8767.917	8842.375	54.453	133.0430	134.3029	1.5909	measured
2112	1280	2703360	single-workgroup-tree	256	5	production	256	1024	2	30	64	277.542	305.916	324.041	17.125	8570.292	8655.958	8736.416	52.507	131.6310	132.5403	1.1053	measured
2112	1280	2703360	single-workgroup-tree	320	4	-	320	1280	2	30	64	282.666	317.917	330.333	21.820	8731.209	8808.250	8889.000	51.119	134.1039	134.7672	1.1578	measured
2112	1280	2703360	single-workgroup-tree	640	2	-	640	2560	2	30	64	300.333	328.917	351.833	30.097	9902.500	10026.083	10078.875	62.080	152.4153	153.9233	1.4631	measured
2112	775	1636800	single-workgroup-tree	5	155	-	5	32	2	30	64	233.458	247.042	284.375	28.953	5564.792	5719.625	5797.375	68.990	84.6243	86.8664	1.5547	measured
2112	775	1636800	single-workgroup-tree	25	31	-	25	112	2	30	64	224.334	240.167	272.291	15.653	4890.667	4987.792	5066.750	65.948	74.0688	75.3591	1.2952	measured
2112	775	1636800	single-workgroup-tree	31	25	-	31	128	2	30	64	215.291	244.500	274.333	23.645	4872.792	5001.459	5036.000	57.669	73.9286	75.5073	1.2907	measured
2112	775	1636800	single-workgroup-tree	155	5	production	155	624	2	30	64	228.416	245.958	290.375	35.398	5188.917	5295.083	5349.333	58.390	78.7381	80.1448	1.4887	measured
2112	785	1657920	single-workgroup-tree	5	157	-	5	32	2	30	64	244.625	277.250	296.833	24.225	5590.083	5646.209	5811.833	86.388	84.8485	85.2216	1.7558	measured
2112	785	1657920	single-workgroup-tree	157	5	production	157	640	2	30	64	237.125	271.125	291.250	33.803	5261.750	5309.291	5437.375	68.705	79.7560	79.9709	1.6271	measured
2112	899	1898688	single-workgroup-tree	29	31	-	29	128	2	30	64	243.625	273.750	295.666	30.178	5610.833	5713.666	5781.083	59.967	85.1938	86.3479	1.4309	measured
2112	899	1898688	single-workgroup-tree	31	29	production	31	128	2	30	64	238.458	274.250	297.041	27.550	5607.708	5713.292	5813.083	75.378	85.2262	86.3340	1.6338	measured
2112	1008	2128896	single-workgroup-tree	2	504	-	2	16	2	30	64	364.958	386.875	416.792	18.959	13933.792	14059.750	14135.667	65.764	215.3783	217.0298	1.3448	measured
2112	1008	2128896	single-workgroup-tree	3	336	-	3	16	2	30	64	270.500	308.125	326.333	19.148	8046.375	8156.958	8268.750	79.275	123.4266	124.5847	1.5623	measured
2112	1008	2128896	single-workgroup-tree	4	252	-	4	16	2	30	64	300.542	323.459	353.375	18.587	9901.834	10006.584	10097.125	64.590	152.4015	153.7004	1.3203	measured
2112	1008	2128896	single-workgroup-tree	6	168	-	6	32	2	30	64	281.666	300.166	337.750	22.794	8557.959	8649.875	8733.500	70.132	131.3697	132.5351	1.4750	measured
2112	1008	2128896	single-workgroup-tree	7	144	-	7	32	2	30	64	250.791	282.375	309.542	38.122	6574.667	6689.250	6795.167	76.660	100.3790	101.6964	1.8219	measured
2112	1008	2128896	single-workgroup-tree	8	126	-	8	32	2	30	64	223.375	279.292	304.750	21.515	6770.542	6881.792	6955.333	64.605	103.9233	104.8016	1.3670	measured
2112	1008	2128896	single-workgroup-tree	9	112	-	9	48	2	30	64	250.458	277.834	306.042	26.566	6665.250	6798.458	6894.625	72.036	101.8221	103.5020	1.5651	measured
2112	1008	2128896	single-workgroup-tree	12	84	-	12	48	2	30	64	257.125	286.208	386.542	50.824	7233.125	7334.916	7417.542	62.586	110.7302	111.8843	1.8002	measured
2112	1008	2128896	single-workgroup-tree	14	72	-	14	64	2	30	64	258.416	279.875	319.917	33.183	7038.791	7141.791	7236.875	58.079	107.6250	108.9193	1.4486	measured
2112	1008	2128896	single-workgroup-tree	16	63	-	16	64	2	30	64	253.709	284.167	308.792	32.813	6635.625	6732.667	6823.750	60.348	101.3003	102.3571	1.4787	measured
2112	1008	2128896	single-workgroup-tree	18	56	-	18	80	2	30	64	248.209	277.334	308.250	31.680	6338.167	6438.458	6506.875	50.760	96.6660	97.7956	1.3086	measured
2112	1008	2128896	single-workgroup-tree	21	48	-	21	96	2	30	64	252.750	283.375	309.458	33.406	6733.125	6875.667	6918.334	64.860	102.8631	104.6396	1.5598	measured
2112	1008	2128896	single-workgroup-tree	24	42	-	24	96	2	30	64	249.042	277.334	303.125	19.780	6691.083	6848.542	6905.042	68.376	102.2546	104.3049	1.3993	measured
2112	1008	2128896	single-workgroup-tree	28	36	-	28	112	2	30	64	245.416	277.125	305.875	35.272	6357.916	6467.541	6542.625	56.060	97.0238	98.2606	1.4497	measured
2112	1008	2128896	single-workgroup-tree	36	28	-	36	144	2	30	64	249.208	273.708	313.583	38.556	6392.583	6493.708	6560.958	58.504	97.5139	98.7302	1.5406	measured
2112	1008	2128896	single-workgroup-tree	42	24	-	42	176	2	30	64	250.542	281.917	305.584	19.393	6699.542	6802.000	6887.292	62.020	102.3651	103.4934	1.2923	measured
2112	1008	2128896	single-workgroup-tree	48	21	-	48	192	2	30	64	253.750	278.417	304.375	19.097	6703.792	6830.166	6916.500	68.414	102.3816	103.9960	1.3891	measured
2112	1008	2128896	single-workgroup-tree	56	18	-	56	224	2	30	64	248.125	282.500	333.292	39.577	6379.375	6507.875	6559.416	68.919	97.3214	98.8155	1.7222	measured
2112	1008	2128896	single-workgroup-tree	63	16	-	63	256	2	30	64	229.917	273.750	301.958	21.242	6553.833	6682.583	6806.875	72.497	100.3796	101.7275	1.4879	measured
2112	1008	2128896	single-workgroup-tree	72	14	-	72	288	2	30	64	254.000	285.792	314.667	29.537	6878.584	7024.000	7092.959	63.732	105.1521	106.9557	1.4805	measured
2112	1008	2128896	single-workgroup-tree	84	12	-	84	336	2	30	64	255.875	277.958	314.125	22.312	7015.000	7139.875	7215.666	60.287	107.2877	108.9193	1.3111	measured
2112	1008	2128896	single-workgroup-tree	112	9	-	112	448	2	30	64	251.583	275.667	298.666	16.799	6622.541	6726.125	6836.750	70.293	101.1263	102.3882	1.3824	measured
2112	1008	2128896	single-workgroup-tree	126	8	-	126	512	2	30	64	250.542	277.000	308.333	24.615	6556.292	6675.167	6762.500	63.381	100.0913	101.5582	1.3968	measured
2112	1008	2128896	single-workgroup-tree	144	7	-	144	576	2	30	64	249.667	281.416	302.625	28.543	6507.833	6610.875	6675.291	50.833	99.3360	100.4676	1.2599	measured
2112	1008	2128896	single-workgroup-tree	168	6	-	168	672	2	30	64	269.125	301.208	320.458	19.328	7855.375	7908.875	8029.792	66.601	120.4167	120.7566	1.3639	measured
2112	1008	2128896	single-workgroup-tree	252	4	production	252	1008	2	30	64	286.584	318.041	341.875	36.943	8744.125	8860.209	8948.125	63.366	134.2467	135.5900	1.5922	measured
2112	1008	2128896	single-workgroup-tree	336	3	-	336	1344	2	30	64	266.666	296.583	316.416	18.780	7494.750	7586.583	7676.333	64.986	114.7315	115.7143	1.3296	measured
2112	1008	2128896	single-workgroup-tree	504	2	-	504	2016	2	30	64	328.958	350.958	378.917	28.938	11585.292	11730.042	11820.500	65.207	178.6720	180.6204	1.4944	measured
2112	1094	2310528	single-workgroup-tree	2	547	production	2	16	2	30	64	275.458	295.334	331.083	18.730	8337.584	8453.750	8502.291	50.189	127.9703	129.4987	1.0939	measured
2112	1094	2310528	single-workgroup-tree	547	2	-	547	2192	2	30	64	267.959	293.458	323.625	33.976	8296.375	8385.666	8460.666	58.886	127.4352	128.4477	1.4740	measured
2112	1282	2707584	single-workgroup-tree	2	641	production	2	16	2	30	64	298.708	308.458	319.584	23.869	9758.875	9843.292	9927.916	60.144	150.1614	151.3466	1.3335	measured
2112	1282	2707584	single-workgroup-tree	641	2	-	641	2576	2	30	64	300.625	307.125	322.125	28.682	9641.291	9713.958	9767.750	42.351	148.2645	149.3148	1.1275	measured
8192	780	6389760	single-workgroup-tree	2	390	-	2	16	2	30	64	751.916	811.291	876.500	39.339	38490.125	38614.209	38753.042	93.401	599.0192	600.0463	2.1070	measured
8192	780	6389760	single-workgroup-tree	3	260	-	3	16	2	30	64	490.542	523.875	561.792	24.898	21872.875	21935.500	21999.375	57.673	339.4021	339.8671	1.3107	measured
8192	780	6389760	single-workgroup-tree	4	195	-	4	16	2	30	64	507.958	539.292	591.125	43.835	23099.750	23253.834	23323.750	70.649	358.5999	360.5483	1.8172	measured
8192	780	6389760	single-workgroup-tree	5	156	-	5	32	2	30	64	468.042	512.209	558.750	49.436	20617.041	20724.625	20784.417	67.151	319.8254	320.8320	1.8506	measured
8192	780	6389760	single-workgroup-tree	6	130	-	6	32	2	30	64	460.833	498.292	538.792	44.513	20339.250	20460.584	20545.959	77.426	315.5304	316.8618	1.9355	measured
8192	780	6389760	single-workgroup-tree	10	78	-	10	48	2	30	64	452.292	467.917	520.834	27.296	19760.417	19852.208	19992.167	67.967	306.4782	307.6872	1.5121	measured
8192	780	6389760	single-workgroup-tree	12	65	-	12	48	2	30	64	451.208	471.041	494.542	25.278	19742.958	19835.542	19944.625	89.848	306.2183	307.3730	1.8274	measured
8192	780	6389760	single-workgroup-tree	13	60	-	13	64	2	30	64	469.084	490.542	547.667	30.731	20689.292	20821.625	20917.208	66.033	320.9557	322.7156	1.5359	measured
8192	780	6389760	single-workgroup-tree	15	52	-	15	64	2	30	64	454.375	484.542	535.375	42.554	19679.792	19786.209	19880.500	69.127	305.1653	306.3757	1.7727	measured
8192	780	6389760	single-workgroup-tree	20	39	-	20	80	2	30	64	440.584	476.375	517.916	27.721	19741.583	19798.042	19961.833	93.342	306.3651	306.6931	1.9216	measured
8192	780	6389760	single-workgroup-tree	26	30	-	26	112	2	30	64	464.542	484.208	567.750	52.139	20457.416	20602.209	20669.083	56.240	317.3472	319.3333	1.7203	measured
8192	780	6389760	single-workgroup-tree	30	26	-	30	128	2	30	64	457.042	479.959	511.250	39.847	20177.041	20260.500	20341.917	56.940	313.0159	313.9768	1.5363	measured
8192	780	6389760	single-workgroup-tree	39	20	-	39	160	2	30	64	447.167	468.958	500.167	17.640	19531.834	19603.292	19696.208	67.195	302.9312	303.7196	1.3466	measured
8192	780	6389760	single-workgroup-tree	52	15	-	52	208	2	30	64	451.375	473.000	498.583	18.791	19552.000	19636.334	19706.375	47.482	303.1845	304.1799	1.0519	measured
8192	780	6389760	single-workgroup-tree	60	13	-	60	240	2	30	64	459.958	495.167	565.416	45.630	20318.125	20455.458	20536.792	66.252	315.2090	316.8300	1.7759	measured
8192	780	6389760	single-workgroup-tree	65	12	-	65	272	2	30	64	449.750	476.458	525.875	45.167	19528.708	19628.709	19660.917	41.403	302.8406	304.0040	1.3741	measured
8192	780	6389760	single-workgroup-tree	78	10	-	78	320	2	30	64	454.375	487.500	526.667	43.179	19576.292	19658.625	19704.084	50.343	303.5225	304.3036	1.4845	measured
8192	780	6389760	single-workgroup-tree	130	6	-	130	528	2	30	64	456.958	491.500	522.291	48.032	20160.125	20220.375	20294.958	52.571	312.7487	313.1567	1.5969	measured
8192	780	6389760	single-workgroup-tree	156	5	-	156	624	2	30	64	465.834	494.167	513.209	16.858	20061.584	20196.375	20251.334	68.780	311.0437	312.7335	1.3593	measured
8192	780	6389760	single-workgroup-tree	195	4	-	195	784	2	30	64	475.542	521.375	544.209	24.414	21675.500	21778.375	21831.916	50.429	336.5073	337.4127	1.1880	measured
8192	780	6389760	single-workgroup-tree	260	3	production	260	1040	2	30	64	465.459	508.417	545.750	32.116	20707.666	20824.750	20921.458	68.906	321.3049	322.4815	1.6035	measured
8192	780	6389760	single-workgroup-tree	390	2	-	390	1568	2	30	64	646.083	699.375	752.958	40.123	31877.125	31956.709	32077.375	79.035	495.7308	496.1482	1.8914	measured
8192	1042	8536064	single-workgroup-tree	2	521	production	2	16	2	30	64	619.375	688.750	749.375	50.469	29572.708	29651.750	29731.667	67.823	459.5767	459.7302	1.8776	measured
8192	1042	8536064	single-workgroup-tree	521	2	-	521	2096	2	30	64	578.375	664.667	739.208	49.548	28875.917	29004.708	29089.000	75.355	449.1673	449.8419	1.9826	measured
8192	774	6340608	single-workgroup-tree	2	387	-	2	16	2	30	64	598.709	646.000	714.584	38.505	28979.209	29069.875	29135.000	55.660	450.4841	451.1726	1.4947	measured
8192	774	6340608	single-workgroup-tree	3	258	-	3	16	2	30	64	639.500	675.750	740.583	33.542	31006.916	31156.084	31214.458	73.201	482.0225	483.8148	1.6943	measured
8192	774	6340608	single-workgroup-tree	6	129	-	6	32	2	30	64	457.750	490.375	551.416	48.563	19815.292	19891.208	20001.541	69.205	307.2626	307.9497	1.8693	measured
8192	774	6340608	single-workgroup-tree	9	86	-	9	48	2	30	64	445.125	478.625	523.708	32.693	19442.208	19572.167	19683.166	67.600	301.5410	303.0721	1.5920	measured
8192	774	6340608	single-workgroup-tree	18	43	-	18	80	2	30	64	447.375	468.667	506.875	48.287	19424.708	19566.958	19631.333	64.096	301.2275	303.1475	1.7839	measured
8192	774	6340608	single-workgroup-tree	43	18	-	43	176	2	30	64	449.084	474.625	503.375	23.636	19346.041	19405.917	19487.709	60.620	299.9517	300.4967	1.3374	measured
8192	774	6340608	single-workgroup-tree	86	9	-	86	352	2	30	64	451.042	479.167	554.084	56.579	19324.708	19456.083	19558.333	76.350	299.5820	301.2209	2.1100	measured
8192	774	6340608	single-workgroup-tree	129	6	-	129	528	2	30	64	439.625	478.125	523.167	34.580	19402.709	19542.375	19648.958	75.725	301.0013	302.6071	1.7509	measured
8192	774	6340608	single-workgroup-tree	258	3	production	258	1040	2	30	64	561.708	592.334	668.333	38.058	26574.917	26670.292	26749.834	64.624	412.9081	413.9358	1.6299	measured
8192	774	6340608	single-workgroup-tree	387	2	-	387	1552	2	30	64	557.291	600.542	669.791	43.397	26162.459	26257.042	26345.000	71.349	406.4312	407.2460	1.8214	measured
8192	783	6414336	single-workgroup-tree	3	261	-	3	16	2	30	64	483.209	511.875	554.042	31.885	21439.333	21547.041	21651.500	74.889	332.6369	333.8915	1.6948	measured
8192	783	6414336	single-workgroup-tree	9	87	-	9	48	2	30	64	461.084	492.958	534.375	43.036	20412.458	20500.958	20576.333	56.666	316.6885	317.5873	1.5826	measured
8192	783	6414336	single-workgroup-tree	27	29	-	27	112	2	30	64	452.875	485.041	515.416	26.688	19796.333	19869.916	19984.166	75.655	307.0390	307.6964	1.6245	measured
8192	783	6414336	single-workgroup-tree	29	27	-	29	128	2	30	64	457.375	491.042	551.542	45.894	19767.250	19833.250	19874.458	37.404	306.5060	307.0192	1.3222	measured
8192	783	6414336	single-workgroup-tree	87	9	-	87	352	2	30	64	462.833	498.500	542.375	44.853	20184.750	20309.916	20372.917	67.680	313.0463	314.4669	1.7862	measured
8192	783	6414336	single-workgroup-tree	261	3	production	261	1056	2	30	64	446.958	498.500	535.333	37.645	20262.584	20344.209	20394.125	48.401	314.5337	315.0113	1.3658	measured
8192	900	7372800	single-workgroup-tree	2	450	-	2	16	2	30	64	843.000	884.250	954.625	37.042	44348.250	44441.333	44574.208	81.670	690.5595	691.3823	1.8843	measured
8192	900	7372800	single-workgroup-tree	3	300	-	3	16	2	30	64	526.792	567.875	654.042	47.649	24595.125	24682.000	24761.875	58.990	382.0370	382.7639	1.6927	measured
8192	900	7372800	single-workgroup-tree	4	225	-	4	16	2	30	64	528.833	564.042	608.416	35.822	24517.500	24625.334	24677.666	52.702	380.7725	381.9253	1.4051	measured
8192	900	7372800	single-workgroup-tree	5	180	-	5	32	2	30	64	611.625	660.458	717.959	40.864	29376.125	29454.250	29492.375	47.204	456.5794	457.0443	1.3979	measured
8192	900	7372800	single-workgroup-tree	6	150	-	6	32	2	30	64	587.417	647.709	721.416	47.630	27840.292	27953.000	28070.250	83.639	432.5853	433.4173	2.0836	measured
8192	900	7372800	single-workgroup-tree	9	100	-	9	48	2	30	64	524.209	559.291	629.416	33.775	24019.875	24107.958	24194.708	56.545	372.9471	373.7884	1.4337	measured
8192	900	7372800	single-workgroup-tree	10	90	-	10	48	2	30	64	540.541	580.000	653.667	45.571	25187.333	25259.125	25305.208	48.019	391.2189	391.7321	1.4856	measured
8192	900	7372800	single-workgroup-tree	12	75	-	12	48	2	30	64	531.041	571.292	649.875	46.217	24390.750	24515.958	24565.833	53.569	378.7255	380.0741	1.5839	measured
8192	900	7372800	single-workgroup-tree	15	60	-	15	64	2	30	64	530.875	571.375	619.625	37.625	24548.541	24628.666	24688.041	69.364	381.2328	381.8618	1.6982	measured
8192	900	7372800	single-workgroup-tree	18	50	-	18	80	2	30	64	520.875	565.166	597.167	41.671	23977.750	24124.541	24210.417	75.611	372.3313	373.9583	1.8616	measured
8192	900	7372800	single-workgroup-tree	20	45	-	20	80	2	30	64	494.041	564.750	658.334	56.063	23840.792	24008.792	24113.166	76.532	370.5833	372.1277	2.1047	measured
8192	900	7372800	single-workgroup-tree	25	36	-	25	112	2	30	64	509.250	563.250	619.292	37.142	23968.084	24030.292	24085.500	49.190	372.3624	372.4927	1.3703	measured
8192	900	7372800	single-workgroup-tree	30	30	-	30	128	2	30	64	534.000	580.750	651.959	38.745	25263.667	25365.458	25442.250	55.754	392.5344	393.4081	1.5000	measured
8192	900	7372800	single-workgroup-tree	36	25	-	36	144	2	30	64	514.208	560.792	601.459	51.008	23549.333	23677.625	23739.000	56.446	365.6369	366.9339	1.7056	measured
8192	900	7372800	single-workgroup-tree	45	20	-	45	192	2	30	64	516.125	550.000	593.708	44.751	23493.333	23628.250	23712.041	87.660	364.7176	366.3214	2.1018	measured
8192	900	7372800	single-workgroup-tree	50	18	-	50	208	2	30	64	516.333	555.666	577.583	39.129	23551.084	23671.250	23829.333	108.101	365.6310	366.9140	2.3370	measured
8192	900	7372800	single-workgroup-tree	60	15	-	60	240	2	30	64	523.625	557.334	591.250	24.048	24029.917	24101.042	24248.500	83.005	373.1157	373.7097	1.6993	measured
8192	900	7372800	single-workgroup-tree	75	12	-	75	304	2	30	64	520.791	551.417	602.667	36.180	23734.500	23835.208	23902.500	42.929	368.4716	369.5840	1.2557	measured
8192	900	7372800	single-workgroup-tree	90	10	-	90	368	2	30	64	530.834	566.583	648.500	52.037	24623.250	24745.291	24788.958	62.157	382.4193	383.7890	1.8126	measured
8192	900	7372800	single-workgroup-tree	100	9	-	100	400	2	30	64	510.500	550.000	589.625	28.130	23598.917	23651.875	23740.542	72.580	366.4828	366.6964	1.5986	measured
8192	900	7372800	single-workgroup-tree	150	6	-	150	608	2	30	64	554.041	628.959	667.166	44.883	25986.833	26142.875	26299.125	97.511	403.6951	404.9828	2.2602	measured
8192	900	7372800	single-workgroup-tree	180	5	-	180	720	2	30	64	565.208	610.250	700.042	46.632	26700.041	26846.167	26962.291	88.043	414.8386	416.4431	2.1377	measured
8192	900	7372800	single-workgroup-tree	225	4	production	225	912	2	30	64	523.250	551.000	592.125	41.038	23672.625	23755.958	23817.458	46.383	367.4504	368.3327	1.3876	measured
8192	900	7372800	single-workgroup-tree	300	3	-	300	1200	2	30	64	519.375	551.291	575.542	22.089	23707.250	23832.708	23903.541	60.149	368.0615	369.5463	1.3054	measured
8192	900	7372800	single-workgroup-tree	450	2	-	450	1808	2	30	64	723.375	755.917	813.541	32.728	36518.166	36632.875	36762.666	77.679	568.1713	569.4755	1.7525	measured
8192	1006	8241152	single-workgroup-tree	2	503	-	2	16	2	30	64	735.542	799.542	861.334	38.771	37548.083	37631.584	37768.167	77.076	584.3260	584.6356	1.8388	measured
8192	1006	8241152	single-workgroup-tree	503	2	production	503	2016	2	30	64	679.458	771.792	803.875	38.032	33538.083	33617.084	33738.292	64.360	521.5655	521.3538	1.6253	measured
8192	1082	8863744	single-workgroup-tree	2	541	production	2	16	2	30	64	631.708	651.833	680.834	30.651	30724.166	30807.750	30922.709	67.596	477.6581	478.6653	1.5595	measured
8192	1082	8863744	single-workgroup-tree	541	2	-	541	2176	2	30	64	618.292	639.958	659.583	13.945	30007.375	30110.541	30244.542	99.742	466.4934	467.7870	1.8045	measured
8192	1280	10485760	single-workgroup-tree	2	640	-	2	16	2	30	64	744.792	782.875	825.666	31.789	38056.708	38171.958	38362.167	148.702	592.2526	593.4775	2.8649	measured
8192	1280	10485760	single-workgroup-tree	4	320	-	4	16	2	30	64	710.833	752.708	800.708	44.878	36058.500	36127.250	36351.291	133.014	561.0741	561.5007	2.8237	measured
8192	1280	10485760	single-workgroup-tree	5	256	-	5	32	2	30	64	701.750	732.625	757.750	22.852	35496.834	35593.750	35816.958	147.787	552.3029	553.3512	2.7085	measured
8192	1280	10485760	single-workgroup-tree	8	160	-	8	32	2	30	64	698.583	736.291	762.708	21.232	35551.708	35652.959	35811.208	172.633	553.2242	554.2328	3.0772	measured
8192	1280	10485760	single-workgroup-tree	10	128	-	10	48	2	30	64	715.167	748.041	791.250	34.556	36158.125	36262.333	36406.167	106.619	562.5866	563.7189	2.2409	measured
8192	1280	10485760	single-workgroup-tree	16	80	-	16	64	2	30	64	702.667	735.459	769.417	23.274	35507.375	35607.750	35779.708	126.103	552.4557	553.5284	2.3711	measured
8192	1280	10485760	single-workgroup-tree	20	64	-	20	80	2	30	64	696.375	738.625	788.167	30.567	34925.583	35077.750	35230.209	167.235	543.3208	545.0655	3.1397	measured
8192	1280	10485760	single-workgroup-tree	32	40	-	32	128	2	30	64	706.708	730.166	766.000	21.539	35167.458	35272.708	35515.083	141.634	546.9960	548.2943	2.5900	measured
8192	1280	10485760	single-workgroup-tree	40	32	-	40	160	2	30	64	687.416	742.500	794.375	33.589	35214.875	35356.625	35486.125	143.042	548.0549	549.4306	2.8037	measured
8192	1280	10485760	single-workgroup-tree	64	20	-	64	256	2	30	64	696.167	732.833	782.166	38.106	34286.875	34393.958	34591.791	110.051	533.1858	534.3036	2.3517	measured
8192	1280	10485760	single-workgroup-tree	80	16	-	80	320	2	30	64	700.917	730.125	769.792	20.925	34812.417	34945.500	35215.417	137.919	541.4524	543.1012	2.5213	measured
8192	1280	10485760	single-workgroup-tree	128	10	-	128	512	2	30	64	698.208	746.541	771.750	25.152	35180.291	35276.042	35442.792	103.657	547.3347	548.0873	2.0446	measured
8192	1280	10485760	single-workgroup-tree	160	8	-	160	640	2	30	64	689.625	724.042	761.291	24.359	34616.250	34743.917	34966.708	118.736	538.5179	539.9980	2.2714	measured
8192	1280	10485760	single-workgroup-tree	256	5	production	256	1024	2	30	64	690.250	729.834	777.292	40.953	34294.667	34426.625	34617.041	129.584	533.4034	534.8697	2.7069	measured
8192	1280	10485760	single-workgroup-tree	320	4	-	320	1280	2	30	64	688.459	726.042	777.458	37.341	34454.625	34611.458	34837.166	130.210	535.9709	537.8637	2.6595	measured
8192	1280	10485760	single-workgroup-tree	640	2	-	640	2560	2	30	64	690.833	749.083	779.792	27.221	36342.375	36436.875	36694.333	121.920	565.8975	566.4729	2.3673	measured
8192	775	6348800	single-workgroup-tree	5	155	-	5	32	2	30	64	461.916	493.709	534.750	26.063	20191.666	20298.083	20357.084	73.490	313.1706	314.3551	1.5802	measured
8192	775	6348800	single-workgroup-tree	25	31	-	25	112	2	30	64	449.875	493.792	550.958	33.651	19549.875	19665.958	19792.459	68.632	303.1746	304.3201	1.6235	measured
8192	775	6348800	single-workgroup-tree	31	25	-	31	128	2	30	64	449.000	475.750	527.084	50.282	19372.250	19475.958	19531.875	42.975	300.3690	301.5906	1.4803	measured
8192	775	6348800	single-workgroup-tree	155	5	production	155	624	2	30	64	451.541	482.208	545.583	42.439	19516.083	19605.542	19686.417	79.771	302.6118	303.5450	1.9398	measured
8192	785	6430720	single-workgroup-tree	5	157	-	5	32	2	30	64	469.209	507.667	547.500	45.793	20429.042	20526.125	20625.500	73.372	316.8227	317.7533	1.8915	measured
8192	785	6430720	single-workgroup-tree	157	5	production	157	640	2	30	64	461.500	501.125	570.833	48.245	19942.750	20016.834	20091.667	47.877	309.2262	309.7732	1.5257	measured
8192	899	7364608	single-workgroup-tree	29	31	-	29	128	2	30	64	516.459	563.667	630.416	45.150	23685.959	23800.583	23909.334	81.264	367.7698	368.8399	2.0066	measured
8192	899	7364608	single-workgroup-tree	31	29	production	31	128	2	30	64	517.042	555.792	585.958	30.505	23652.250	23740.583	23813.958	53.791	367.2255	368.0126	1.3380	measured
8192	1008	8257536	single-workgroup-tree	2	504	-	2	16	2	30	64	955.583	1018.125	1064.041	36.749	50483.292	51622.959	53175.417	929.174	786.1541	803.2513	15.3321	measured
8192	1008	8257536	single-workgroup-tree	3	336	-	3	16	2	30	64	617.167	673.917	764.666	63.346	29518.750	29820.417	30172.000	342.407	458.7553	462.6429	6.4405	measured
8192	1008	8257536	single-workgroup-tree	4	252	-	4	16	2	30	64	720.750	778.791	838.750	52.393	36048.375	36700.334	37629.583	562.066	560.7560	570.1832	9.7533	measured
8192	1008	8257536	single-workgroup-tree	6	168	-	6	32	2	30	64	659.292	707.500	756.042	43.605	31180.500	31620.208	32272.417	376.788	484.4636	490.6779	6.6729	measured
8192	1008	8257536	single-workgroup-tree	7	144	-	7	32	2	30	64	583.041	636.209	701.041	45.412	27605.250	27684.542	27919.250	114.890	428.9240	429.3386	2.5445	measured
8192	1008	8257536	single-workgroup-tree	8	126	-	8	32	2	30	64	588.875	652.792	716.583	46.973	27754.375	27937.458	28089.208	98.284	431.1984	433.0899	2.3057	measured
8192	1008	8257536	single-workgroup-tree	9	112	-	9	48	2	30	64	582.375	647.625	697.459	51.016	27740.792	27847.541	27969.667	84.514	431.0860	431.7447	2.1513	measured
8192	1008	8257536	single-workgroup-tree	12	84	-	12	48	2	30	64	587.750	638.000	724.791	46.325	28313.167	28530.084	28853.875	157.027	440.0860	442.7315	3.2278	measured
8192	1008	8257536	single-workgroup-tree	14	72	-	14	64	2	30	64	586.417	659.208	708.000	54.093	28193.834	28278.792	28425.375	100.919	438.2130	438.4061	2.4605	measured
8192	1008	8257536	single-workgroup-tree	16	63	-	16	64	2	30	64	586.709	671.375	712.167	43.497	28073.875	28146.875	28293.709	83.402	436.3042	436.1190	2.0143	measured
8192	1008	8257536	single-workgroup-tree	18	56	-	18	80	2	30	64	581.500	623.875	687.709	43.876	27488.333	27610.208	27790.042	104.725	427.0926	428.3545	2.3587	measured
8192	1008	8257536	single-workgroup-tree	21	48	-	21	96	2	30	64	576.917	627.625	703.959	48.175	27773.625	27889.125	28043.333	106.106	431.6938	432.7222	2.4489	measured
8192	1008	8257536	single-workgroup-tree	24	42	-	24	96	2	30	64	591.834	666.125	694.250	40.175	28182.333	28281.833	28417.167	91.446	437.9444	438.3446	2.0892	measured
8192	1008	8257536	single-workgroup-tree	28	36	-	28	112	2	30	64	560.292	659.416	718.541	56.118	27521.750	27656.250	27711.583	91.187	427.9597	428.5212	2.3382	measured
8192	1008	8257536	single-workgroup-tree	36	28	-	36	144	2	30	64	572.292	634.750	714.333	56.195	27299.084	27458.000	27565.084	96.151	424.2348	425.7659	2.4182	measured
8192	1008	8257536	single-workgroup-tree	42	24	-	42	176	2	30	64	563.625	659.000	709.709	56.472	27297.959	27426.375	27527.542	83.634	424.3545	424.8790	2.2239	measured
8192	1008	8257536	single-workgroup-tree	48	21	-	48	192	2	30	64	577.708	649.458	689.417	38.390	27258.625	27357.583	27527.667	104.462	423.5066	423.9385	2.2675	measured
8192	1008	8257536	single-workgroup-tree	56	18	-	56	224	2	30	64	573.875	629.875	684.083	38.016	26994.833	27091.167	27258.042	94.825	419.3803	420.0205	2.1086	measured
8192	1008	8257536	single-workgroup-tree	63	16	-	63	256	2	30	64	590.333	630.666	718.458	61.257	27172.041	27275.958	27477.708	116.893	421.9319	422.9411	2.8278	measured
8192	1008	8257536	single-workgroup-tree	72	14	-	72	288	2	30	64	579.750	655.792	720.125	54.185	27523.875	27690.167	27913.375	159.208	427.6845	429.1171	3.3872	measured
8192	1008	8257536	single-workgroup-tree	84	12	-	84	336	2	30	64	594.958	638.667	717.083	43.414	27750.333	27870.042	28118.625	173.798	431.0377	432.2440	3.4478	measured
8192	1008	8257536	single-workgroup-tree	112	9	-	112	448	2	30	64	580.125	645.542	709.042	44.261	27157.125	27331.875	27487.208	201.746	421.8571	423.5926	3.9049	measured
8192	1008	8257536	single-workgroup-tree	126	8	-	126	512	2	30	64	579.542	634.167	714.041	46.504	27110.000	27227.500	27372.792	82.017	421.1184	422.1164	2.0400	measured
8192	1008	8257536	single-workgroup-tree	144	7	-	144	576	2	30	64	574.125	621.083	709.375	51.262	26962.333	27136.916	27332.042	149.853	418.8604	420.8862	3.1923	measured
8192	1008	8257536	single-workgroup-tree	168	6	-	168	672	2	30	64	612.000	660.667	721.125	40.147	29508.375	29752.041	30110.000	219.601	458.6726	461.7678	4.1230	measured
8192	1008	8257536	single-workgroup-tree	252	4	production	252	1008	2	30	64	651.125	701.166	774.125	55.428	31745.584	32168.417	32926.708	427.375	493.5628	499.4802	7.6635	measured
8192	1008	8257536	single-workgroup-tree	336	3	-	336	1344	2	30	64	562.375	624.417	697.375	38.596	27816.334	27922.167	28214.042	230.105	432.6025	433.2976	4.2651	measured
8192	1008	8257536	single-workgroup-tree	504	2	-	504	2016	2	30	64	803.083	863.041	920.833	48.359	41624.292	42554.042	43823.208	700.601	647.9557	661.7619	11.8882	measured
8192	1094	8962048	single-workgroup-tree	2	547	production	2	16	2	30	64	637.500	711.334	776.750	44.810	31347.000	31455.250	31643.833	110.902	487.4524	487.9987	2.4716	measured
8192	1094	8962048	single-workgroup-tree	547	2	-	547	2192	2	30	64	628.500	693.208	764.750	57.532	30385.958	30602.000	30801.250	139.535	472.3406	474.7427	3.1280	measured
8192	1282	10502144	single-workgroup-tree	2	641	production	2	16	2	30	64	724.000	772.958	835.500	38.097	36794.750	37328.459	37583.375	314.733	572.5516	580.2460	5.6005	measured
8192	1282	10502144	single-workgroup-tree	641	2	-	641	2576	2	30	64	704.208	776.792	840.584	58.560	36159.625	36502.542	37082.792	377.576	562.7844	567.0754	6.9228	measured

# shapes	70
# variants_attempted	625
# variants_measured	625
# variants_declined	0
# widest_prepared_workgroup	641
# maximum_prepared_threadgroup_bytes	2576
# load_after	2.60 3.21 3.50
# executable_sha256_after	f9bac263c0a140f5843667550a0b5373cc7a21c784dbefb79f837bf4fc6c7b29
# concurrent_build_processes_after	0
