# spike	reduction-tree-width-interactions
# mode	TreeWidthInteractions
# metric	wall-clock microseconds, commit to completed
# warmup	8
# repetitions	30
# batch	64
# contract	FLUSH_AND_REASSOCIATE_F32
# declaration	BoundMetalCompileDeclaration::first_macos_apple9
# device	Apple M4 Max
# device_apple9	true
# device_max_threads_per_threadgroup	1024
# device_max_threadgroup_memory	32768
# concurrent_build_processes_before	0
# executable_sha256_before	f9bac263c0a140f5843667550a0b5373cc7a21c784dbefb79f837bf4fc6c7b29
# load_before	4.33 3.79 3.75
# oracle_tie	4x16	reference-checked
rows	contributors	elements	strategy	partitions	per_partition	production	widest_workgroup	threadgroup_bytes	encoders	reps	batch	submit_min_us	submit_p50_us	submit_p90_us	submit_stddev_us	batch_min_us	batch_p50_us	batch_p90_us	batch_stddev_us	amortized_min_us	amortized_p50_us	amortized_stddev_us	status
8	780	6240	single-workgroup-tree	2	390	-	2	16	2	30	64	148.416	167.166	202.750	31.880	2139.542	2288.916	2428.834	101.259	31.6052	33.6786	2.1133	measured
8	780	6240	single-workgroup-tree	3	260	-	3	16	2	30	64	116.167	140.583	178.667	22.657	662.292	719.209	811.042	54.445	8.6687	9.1845	1.2238	measured
8	780	6240	single-workgroup-tree	4	195	-	4	16	2	30	64	122.667	148.208	191.333	22.688	925.792	984.834	1313.333	145.857	12.7480	13.2798	2.6753	measured
8	780	6240	single-workgroup-tree	5	156	-	5	32	2	30	64	117.167	137.292	178.792	22.520	590.750	630.958	746.000	58.629	7.5172	7.8360	1.2881	measured
8	780	6240	single-workgroup-tree	6	130	-	6	32	2	30	64	110.417	139.041	187.542	46.606	635.208	689.666	783.459	54.552	8.3300	8.7401	1.6057	measured
8	780	6240	single-workgroup-tree	10	78	-	10	48	2	30	64	115.917	139.125	184.666	40.974	378.042	427.666	498.333	42.922	4.1607	4.5800	1.3317	measured
8	780	6240	single-workgroup-tree	12	65	-	12	48	2	30	64	115.625	139.792	175.125	25.289	346.458	405.625	440.000	40.358	3.6640	4.2196	1.0420	measured
8	780	6240	single-workgroup-tree	13	60	-	13	64	2	30	64	117.833	135.708	170.250	20.981	601.125	649.000	757.208	59.680	7.6713	8.1475	1.2803	measured
8	780	6240	single-workgroup-tree	15	52	-	15	64	2	30	64	110.458	142.167	175.125	43.700	337.250	396.500	461.709	49.239	3.5999	4.0370	1.4752	measured
8	780	6240	single-workgroup-tree	20	39	-	20	80	2	30	64	117.333	148.333	182.000	31.919	330.666	381.250	452.333	48.831	3.3862	3.6971	1.2818	measured
8	780	6240	single-workgroup-tree	26	30	-	26	112	2	30	64	114.917	135.458	177.375	22.010	478.750	523.375	570.625	33.994	5.7751	6.1574	0.8890	measured
8	780	6240	single-workgroup-tree	30	26	-	30	128	2	30	64	110.375	146.458	176.334	22.195	416.916	455.375	507.167	31.431	4.8657	4.9034	0.8512	measured
8	780	6240	single-workgroup-tree	39	20	-	39	160	2	30	64	110.500	145.209	173.083	21.321	315.459	351.000	434.750	49.847	3.2533	3.2665	1.1297	measured
8	780	6240	single-workgroup-tree	52	15	-	52	208	2	30	64	113.958	147.959	173.500	21.762	318.666	363.958	424.916	46.185	3.2493	3.4286	1.0785	measured
8	780	6240	single-workgroup-tree	60	13	-	60	240	2	30	64	115.875	148.958	171.166	20.318	480.833	513.541	579.334	51.215	5.7930	5.7870	1.1354	measured
8	780	6240	single-workgroup-tree	65	12	-	65	272	2	30	64	114.291	147.125	181.667	39.519	331.125	359.667	424.833	34.658	3.4418	3.3737	1.1774	measured
8	780	6240	single-workgroup-tree	78	10	-	78	320	2	30	64	109.208	148.917	173.875	21.736	337.000	369.250	435.125	39.716	3.6157	3.4973	0.9754	measured
8	780	6240	single-workgroup-tree	130	6	-	130	528	2	30	64	113.750	134.292	181.583	22.886	458.125	493.375	549.458	38.818	5.4663	5.6997	0.9794	measured
8	780	6240	single-workgroup-tree	156	5	-	156	624	2	30	64	115.750	144.041	174.458	22.200	427.625	479.833	524.083	44.916	4.9504	5.3300	1.0653	measured
8	780	6240	single-workgroup-tree	195	4	-	195	784	2	30	64	118.958	149.708	184.542	26.554	636.709	685.667	780.334	63.221	8.2183	8.5073	1.4250	measured
8	780	6240	single-workgroup-tree	260	3	production	260	1040	2	30	64	111.208	147.667	177.334	30.823	477.916	537.625	594.208	50.998	5.8208	6.1898	1.2987	measured
8	780	6240	single-workgroup-tree	390	2	-	390	1568	2	30	64	133.583	164.917	210.292	40.070	1502.958	1654.917	1773.542	103.763	21.7361	23.6508	2.2831	measured
8	1042	8336	single-workgroup-tree	2	521	production	2	16	2	30	64	153.292	183.083	201.917	31.002	686.417	759.125	854.792	68.617	8.4623	9.1435	1.5813	measured
8	1042	8336	single-workgroup-tree	521	2	-	521	2096	2	30	64	145.708	175.750	194.583	18.194	558.625	609.000	683.208	49.459	6.5542	6.8770	1.0739	measured
8	774	6192	single-workgroup-tree	2	387	-	2	16	2	30	64	136.708	170.000	192.875	18.766	1398.416	1524.209	1636.375	85.663	20.0271	21.4954	1.6576	measured
8	774	6192	single-workgroup-tree	3	258	-	3	16	2	30	64	138.583	175.084	197.209	16.847	1594.000	1796.833	1874.833	93.938	23.1019	25.7420	1.7585	measured
8	774	6192	single-workgroup-tree	6	129	-	6	32	2	30	64	117.000	156.084	187.792	36.013	401.125	496.208	534.125	44.169	4.5099	5.3988	1.2727	measured
8	774	6192	single-workgroup-tree	9	86	-	9	48	2	30	64	118.042	155.084	179.458	26.948	363.833	426.459	486.792	49.062	3.9014	4.3075	1.2065	measured
8	774	6192	single-workgroup-tree	18	43	-	18	80	2	30	64	115.042	156.041	181.792	18.563	330.083	403.292	441.791	39.151	3.4133	3.9246	0.9161	measured
8	774	6192	single-workgroup-tree	43	18	-	43	176	2	30	64	129.417	158.250	190.125	46.256	319.250	387.250	410.000	33.795	3.0132	3.6349	1.2707	measured
8	774	6192	single-workgroup-tree	86	9	-	86	352	2	30	64	119.042	151.583	181.500	19.663	354.916	394.083	430.500	34.164	3.7440	3.8492	0.8544	measured
8	774	6192	single-workgroup-tree	129	6	-	129	528	2	30	64	126.958	154.042	184.500	31.178	369.583	429.125	526.542	61.205	3.8512	4.3664	1.4664	measured
8	774	6192	single-workgroup-tree	258	3	production	258	1040	2	30	64	134.792	165.500	195.459	24.880	1121.041	1287.250	1388.625	86.331	15.6547	17.8056	1.7653	measured
8	774	6192	single-workgroup-tree	387	2	-	387	1552	2	30	64	134.042	162.292	185.334	15.511	1011.666	1205.875	1308.834	117.321	13.9305	16.5648	2.1085	measured
8	783	6264	single-workgroup-tree	3	261	-	3	16	2	30	64	146.167	159.834	181.917	13.827	493.709	522.708	576.125	45.498	5.5165	5.7599	0.9417	measured
8	783	6264	single-workgroup-tree	9	87	-	9	48	2	30	64	146.000	165.042	187.333	33.069	658.708	697.333	795.042	48.721	8.1382	8.4491	1.2983	measured
8	783	6264	single-workgroup-tree	27	29	-	27	112	2	30	64	144.917	161.209	182.792	20.073	351.166	383.625	439.459	29.936	3.2738	3.5304	0.7938	measured
8	783	6264	single-workgroup-tree	29	27	-	29	128	2	30	64	145.166	158.292	182.625	15.569	353.042	373.209	422.250	34.582	3.2996	3.4114	0.7961	measured
8	783	6264	single-workgroup-tree	87	9	-	87	352	2	30	64	146.625	173.375	186.125	29.455	459.875	484.458	593.583	51.507	4.9722	4.9378	1.2851	measured
8	783	6264	single-workgroup-tree	261	3	production	261	1056	2	30	64	145.042	167.083	183.750	13.714	430.875	449.291	486.625	30.863	4.5370	4.4795	0.7076	measured
8	900	7200	single-workgroup-tree	2	450	-	2	16	2	30	64	152.000	169.917	213.125	20.627	2423.875	2591.500	2674.875	90.119	36.0615	38.4378	1.7579	measured
8	900	7200	single-workgroup-tree	3	300	-	3	16	2	30	64	117.916	135.500	170.667	18.925	515.833	559.875	608.250	50.992	6.3161	6.7361	1.1098	measured
8	900	7200	single-workgroup-tree	4	225	-	4	16	2	30	64	106.291	139.167	196.167	51.241	481.583	548.667	582.667	41.152	5.9570	6.5000	1.4666	measured
8	900	7200	single-workgroup-tree	5	180	-	5	32	2	30	64	114.083	155.125	189.666	34.752	1235.583	1410.750	1489.708	77.527	17.8016	19.9306	1.7822	measured
8	900	7200	single-workgroup-tree	6	150	-	6	32	2	30	64	130.208	153.083	192.417	29.479	1137.250	1375.417	1440.875	96.536	15.9848	19.4021	2.0002	measured
8	900	7200	single-workgroup-tree	9	100	-	9	48	2	30	64	118.417	135.041	162.500	35.307	409.417	470.583	517.459	33.881	4.6190	5.3261	1.0982	measured
8	900	7200	single-workgroup-tree	10	90	-	10	48	2	30	64	116.000	143.375	173.583	22.242	841.417	889.083	949.791	40.349	11.5146	11.8366	0.9935	measured
8	900	7200	single-workgroup-tree	12	75	-	12	48	2	30	64	115.625	128.625	160.500	20.106	590.042	664.042	722.750	45.069	7.5304	8.4987	1.0345	measured
8	900	7200	single-workgroup-tree	15	60	-	15	64	2	30	64	113.792	135.833	182.792	51.897	628.500	694.542	787.708	65.360	8.1700	8.8684	1.8612	measured
8	900	7200	single-workgroup-tree	18	50	-	18	80	2	30	64	113.625	133.959	170.375	21.363	373.792	445.458	488.583	41.568	4.1296	4.9444	0.9989	measured
8	900	7200	single-workgroup-tree	20	45	-	20	80	2	30	64	113.500	134.292	169.458	31.338	333.917	371.667	424.625	33.117	3.4987	3.7679	1.0231	measured
8	900	7200	single-workgroup-tree	25	36	-	25	112	2	30	64	114.166	135.333	168.125	18.672	353.667	395.375	444.208	28.362	3.8016	4.1277	0.7466	measured
8	900	7200	single-workgroup-tree	30	30	-	30	128	2	30	64	112.916	134.292	173.459	22.155	553.500	601.750	717.959	61.739	6.9934	7.4200	1.3317	measured
8	900	7200	single-workgroup-tree	36	25	-	36	144	2	30	64	107.625	129.167	177.875	23.188	332.917	385.166	427.208	31.891	3.5761	4.0635	0.8743	measured
8	900	7200	single-workgroup-tree	45	20	-	45	192	2	30	64	110.958	136.250	185.166	35.791	322.042	362.833	411.583	29.932	3.3505	3.5966	1.0432	measured
8	900	7200	single-workgroup-tree	50	18	-	50	208	2	30	64	113.541	131.000	176.958	25.292	337.833	385.708	446.583	43.838	3.5602	4.0430	1.0973	measured
8	900	7200	single-workgroup-tree	60	15	-	60	240	2	30	64	109.459	131.458	181.500	32.696	484.667	529.834	576.875	44.061	5.9557	6.3234	1.2184	measured
8	900	7200	single-workgroup-tree	75	12	-	75	304	2	30	64	116.375	127.750	175.041	24.762	429.125	468.500	513.250	31.356	4.9643	5.4087	0.8908	measured
8	900	7200	single-workgroup-tree	90	10	-	90	368	2	30	64	113.125	136.291	166.625	21.701	579.375	633.416	730.167	55.890	7.4008	7.8909	1.2316	measured
8	900	7200	single-workgroup-tree	100	9	-	100	400	2	30	64	115.375	133.584	184.875	25.686	361.375	420.417	474.875	43.057	3.9048	4.5529	1.0912	measured
8	900	7200	single-workgroup-tree	150	6	-	150	608	2	30	64	110.875	139.125	185.042	38.145	762.584	826.875	919.625	48.243	10.3446	10.9167	1.3712	measured
8	900	7200	single-workgroup-tree	180	5	-	180	720	2	30	64	116.042	129.583	184.041	25.984	860.291	959.792	1024.833	50.722	11.8135	13.1779	1.2176	measured
8	900	7200	single-workgroup-tree	225	4	production	225	912	2	30	64	115.708	127.791	176.084	23.635	414.542	471.625	518.458	43.441	4.7434	5.4577	1.0647	measured
8	900	7200	single-workgroup-tree	300	3	-	300	1200	2	30	64	115.917	139.833	181.583	34.342	429.834	479.750	522.792	49.728	4.9828	5.3955	1.3344	measured
8	900	7200	single-workgroup-tree	450	2	-	450	1808	2	30	64	135.875	149.500	201.583	32.602	1718.166	1868.583	1999.709	100.657	25.1157	27.2870	2.1152	measured
8	1006	8048	single-workgroup-tree	2	503	-	2	16	2	30	64	163.875	170.458	204.333	28.783	1729.667	1865.250	1992.833	98.050	24.8538	26.9015	2.0132	measured
8	1006	8048	single-workgroup-tree	503	2	production	503	2016	2	30	64	159.042	162.291	169.750	9.253	1225.917	1376.375	1536.833	115.444	16.9345	19.2712	1.9793	measured
8	1082	8656	single-workgroup-tree	2	541	production	2	16	2	30	64	145.000	164.000	175.875	24.141	701.542	746.333	861.750	61.642	8.8340	9.2434	1.3616	measured
8	1082	8656	single-workgroup-tree	541	2	-	541	2176	2	30	64	135.417	164.209	181.292	23.725	571.041	602.625	670.541	39.812	6.9147	6.9590	1.0085	measured
8	1280	10240	single-workgroup-tree	2	640	-	2	16	2	30	64	125.000	136.458	163.458	15.653	966.417	1159.083	1238.708	93.021	13.3558	16.2321	1.7250	measured
8	1280	10240	single-workgroup-tree	4	320	-	4	16	2	30	64	118.375	125.666	153.167	31.622	594.958	649.541	706.875	41.013	7.5648	8.3155	1.1529	measured
8	1280	10240	single-workgroup-tree	5	256	-	5	32	2	30	64	107.917	122.500	154.250	31.816	493.041	525.375	561.125	22.803	6.1131	6.3948	0.8670	measured
8	1280	10240	single-workgroup-tree	8	160	-	8	32	2	30	64	115.041	123.500	152.875	17.496	602.917	641.292	694.750	31.893	7.7441	8.2189	0.7839	measured
8	1280	10240	single-workgroup-tree	10	128	-	10	48	2	30	64	118.208	133.083	160.958	27.766	884.041	955.125	1028.208	43.919	12.1561	13.0483	1.1379	measured
8	1280	10240	single-workgroup-tree	16	80	-	16	64	2	30	64	115.167	125.917	149.917	12.716	677.208	726.500	765.792	40.598	8.9213	9.5331	0.8463	measured
8	1280	10240	single-workgroup-tree	20	64	-	20	80	2	30	64	114.833	120.542	151.875	34.329	350.708	382.417	412.583	19.592	3.7440	4.1567	0.8559	measured
8	1280	10240	single-workgroup-tree	32	40	-	32	128	2	30	64	113.084	121.916	151.708	30.484	435.834	458.667	488.375	26.444	5.1230	5.3453	0.9036	measured
8	1280	10240	single-workgroup-tree	40	32	-	40	160	2	30	64	114.208	122.917	151.042	15.084	464.958	492.750	530.792	49.836	5.5675	5.8704	1.0305	measured
8	1280	10240	single-workgroup-tree	64	20	-	64	256	2	30	64	116.167	122.375	154.792	31.150	337.500	360.459	374.417	30.114	3.5132	3.7791	0.9724	measured
8	1280	10240	single-workgroup-tree	80	16	-	80	320	2	30	64	113.625	125.833	151.959	15.708	555.791	582.125	646.959	37.257	7.0185	7.2427	0.8407	measured
8	1280	10240	single-workgroup-tree	128	10	-	128	512	2	30	64	116.208	122.583	150.917	14.538	698.917	751.209	811.500	40.460	9.2493	9.9782	0.8730	measured
8	1280	10240	single-workgroup-tree	160	8	-	160	640	2	30	64	113.166	123.334	154.459	41.920	504.458	539.000	584.583	33.105	6.2110	6.5979	1.1909	measured
8	1280	10240	single-workgroup-tree	256	5	production	256	1024	2	30	64	114.375	123.792	153.375	15.538	431.834	453.166	471.709	17.163	5.0390	5.2282	0.5191	measured
8	1280	10240	single-workgroup-tree	320	4	-	320	1280	2	30	64	113.875	121.917	152.625	15.070	486.875	513.542	518.333	31.916	5.9206	6.2163	0.7458	measured
8	1280	10240	single-workgroup-tree	640	2	-	640	2560	2	30	64	117.041	123.709	151.958	34.999	715.667	740.292	807.500	41.106	9.5020	9.7870	1.2080	measured
8	775	6200	single-workgroup-tree	5	155	-	5	32	2	30	64	141.167	152.708	185.250	28.411	419.375	442.834	551.042	47.241	4.4160	4.6052	1.2008	measured
8	775	6200	single-workgroup-tree	25	31	-	25	112	2	30	64	144.958	151.000	177.584	25.631	348.625	367.542	414.666	28.035	3.2328	3.4372	0.8518	measured
8	775	6200	single-workgroup-tree	31	25	-	31	128	2	30	64	144.625	151.791	173.042	10.587	331.417	358.875	424.041	50.080	2.9650	3.2870	0.9630	measured
8	775	6200	single-workgroup-tree	155	5	production	155	624	2	30	64	144.208	152.958	184.750	29.912	386.167	411.292	528.333	50.959	3.8406	4.1005	1.2837	measured
8	785	6280	single-workgroup-tree	5	157	-	5	32	2	30	64	152.125	182.292	196.208	22.941	461.292	514.750	530.875	27.096	4.9074	5.2771	0.7942	measured
8	785	6280	single-workgroup-tree	157	5	production	157	640	2	30	64	149.750	184.542	192.833	13.133	398.625	440.375	465.916	22.941	3.9504	4.0608	0.5726	measured
8	899	7192	single-workgroup-tree	29	31	-	29	128	2	30	64	146.750	150.334	192.417	22.410	362.333	408.792	429.916	35.251	3.4220	4.1025	0.9153	measured
8	899	7192	single-workgroup-tree	31	29	production	31	128	2	30	64	142.625	150.375	227.416	172.772	361.875	409.333	425.959	29.343	3.4802	4.1104	3.2082	measured
8	1008	8064	single-workgroup-tree	2	504	-	2	16	2	30	64	154.791	175.625	219.834	35.605	2687.625	2841.542	2936.417	91.785	40.2037	42.3161	2.0221	measured
8	1008	8064	single-workgroup-tree	3	336	-	3	16	2	30	64	118.750	145.584	176.167	33.539	760.417	832.000	912.625	59.394	10.1852	10.8955	1.4751	measured
8	1008	8064	single-workgroup-tree	4	252	-	4	16	2	30	64	133.625	157.417	194.959	22.300	1620.958	1733.333	1871.625	90.743	23.6085	25.0145	1.7943	measured
8	1008	8064	single-workgroup-tree	6	168	-	6	32	2	30	64	128.833	154.333	189.375	22.187	1109.459	1269.000	1374.042	86.529	15.5655	17.6931	1.7257	measured
8	1008	8064	single-workgroup-tree	7	144	-	7	32	2	30	64	119.500	136.125	177.875	21.075	421.500	493.417	541.375	63.114	4.7937	5.6713	1.3363	measured
8	1008	8064	single-workgroup-tree	8	126	-	8	32	2	30	64	113.959	146.417	183.750	47.664	532.125	597.458	666.250	47.089	6.6376	7.1594	1.5040	measured
8	1008	8064	single-workgroup-tree	9	112	-	9	48	2	30	64	114.541	136.375	153.625	18.921	504.833	583.959	636.583	46.723	6.1951	7.1045	1.0420	measured
8	1008	8064	single-workgroup-tree	12	84	-	12	48	2	30	64	115.625	134.708	166.292	19.968	732.417	803.709	886.542	52.808	9.7903	10.6191	1.1552	measured
8	1008	8064	single-workgroup-tree	14	72	-	14	64	2	30	64	115.500	140.083	174.417	21.082	654.083	736.209	805.292	55.382	8.5489	9.4623	1.2137	measured
8	1008	8064	single-workgroup-tree	16	63	-	16	64	2	30	64	117.333	143.834	192.125	31.592	552.333	623.875	736.792	62.820	6.9048	7.6197	1.4986	measured
8	1008	8064	single-workgroup-tree	18	56	-	18	80	2	30	64	112.166	146.458	176.125	24.588	357.500	406.333	480.042	43.958	3.8942	4.1250	1.0880	measured
8	1008	8064	single-workgroup-tree	21	48	-	21	96	2	30	64	116.917	131.167	174.834	22.191	525.166	575.625	627.542	37.120	6.4801	7.0549	0.9414	measured
8	1008	8064	single-workgroup-tree	24	42	-	24	96	2	30	64	112.958	138.917	166.750	20.317	552.041	596.916	706.625	58.999	6.9696	7.2698	1.2590	measured
8	1008	8064	single-workgroup-tree	28	36	-	28	112	2	30	64	110.292	147.875	166.792	31.909	361.500	417.083	473.375	37.676	3.9874	4.2731	1.1045	measured
8	1008	8064	single-workgroup-tree	36	28	-	36	144	2	30	64	112.750	144.834	172.792	42.271	353.459	397.333	433.125	28.728	3.8208	4.0079	1.1270	measured
8	1008	8064	single-workgroup-tree	42	24	-	42	176	2	30	64	110.125	137.000	170.583	20.072	432.584	477.541	528.791	35.517	5.1184	5.4054	0.8824	measured
8	1008	8064	single-workgroup-tree	48	21	-	48	192	2	30	64	109.000	139.583	168.875	20.565	451.583	485.000	559.125	42.106	5.4378	5.4828	0.9948	measured
8	1008	8064	single-workgroup-tree	56	18	-	56	224	2	30	64	115.208	138.916	170.750	19.934	337.875	371.667	424.792	38.805	3.5344	3.6945	0.9324	measured
8	1008	8064	single-workgroup-tree	63	16	-	63	256	2	30	64	113.333	143.792	172.125	34.467	411.750	450.417	498.625	40.538	4.7368	4.8671	1.1906	measured
8	1008	8064	single-workgroup-tree	72	14	-	72	288	2	30	64	109.250	131.334	174.917	28.047	529.708	570.917	685.291	58.812	6.6739	6.9775	1.3787	measured
8	1008	8064	single-workgroup-tree	84	12	-	84	336	2	30	64	109.625	144.167	175.208	29.916	562.208	616.166	716.625	57.746	7.1839	7.4920	1.3915	measured
8	1008	8064	single-workgroup-tree	112	9	-	112	448	2	30	64	111.000	138.333	164.083	19.498	440.166	493.250	553.125	36.910	5.2249	5.6336	0.8954	measured
8	1008	8064	single-workgroup-tree	126	8	-	126	512	2	30	64	115.625	145.375	172.000	17.738	412.917	459.292	528.416	44.989	4.7189	4.9828	0.9957	measured
8	1008	8064	single-workgroup-tree	144	7	-	144	576	2	30	64	109.625	147.625	170.500	17.895	379.459	428.125	500.083	48.791	4.2831	4.4524	1.0585	measured
8	1008	8064	single-workgroup-tree	168	6	-	168	672	2	30	64	113.708	150.458	184.958	25.540	825.583	910.125	985.834	59.881	11.2996	12.0582	1.3559	measured
8	1008	8064	single-workgroup-tree	252	4	production	252	1008	2	30	64	125.583	161.250	205.334	38.597	1126.542	1312.750	1400.708	101.284	15.8882	18.2778	2.2203	measured
8	1008	8064	single-workgroup-tree	336	3	-	336	1344	2	30	64	114.500	139.875	169.000	36.012	600.917	681.875	774.459	60.093	7.7209	8.6032	1.5255	measured
8	1008	8064	single-workgroup-tree	504	2	-	504	2016	2	30	64	141.458	172.750	190.750	23.870	1888.458	2073.750	2188.917	89.916	27.7302	30.1746	1.8061	measured
8	1094	8752	single-workgroup-tree	2	547	production	2	16	2	30	64	144.833	178.625	203.584	39.519	687.625	757.791	853.375	52.920	8.6157	9.1931	1.4673	measured
8	1094	8752	single-workgroup-tree	547	2	-	547	2192	2	30	64	144.583	168.583	186.584	15.062	572.542	627.291	712.375	50.924	6.7930	7.2811	1.0474	measured
8	1282	10256	single-workgroup-tree	2	641	production	2	16	2	30	64	125.334	179.125	196.417	19.186	750.083	831.917	909.041	51.887	9.9167	10.3618	1.1281	measured
8	1282	10256	single-workgroup-tree	641	2	-	641	2576	2	30	64	149.000	169.458	185.834	22.119	619.958	713.791	789.208	60.354	7.4755	8.6402	1.3091	measured
528	780	411840	single-workgroup-tree	2	390	-	2	16	2	30	64	163.625	201.250	225.833	21.433	3436.000	3588.708	3677.334	88.969	51.9425	53.7692	1.7524	measured
528	780	411840	single-workgroup-tree	3	260	-	3	16	2	30	64	149.250	177.041	203.875	18.454	1864.875	2004.750	2091.000	79.303	27.2321	29.0113	1.5517	measured
528	780	411840	single-workgroup-tree	4	195	-	4	16	2	30	64	152.250	180.958	206.750	20.268	2133.459	2291.167	2386.875	73.640	31.4478	33.4954	1.4906	measured
528	780	411840	single-workgroup-tree	5	156	-	5	32	2	30	64	144.208	177.542	204.042	29.574	1762.291	1881.334	1995.583	89.534	25.6839	27.0443	1.8906	measured
528	780	411840	single-workgroup-tree	6	130	-	6	32	2	30	64	145.583	177.041	207.458	32.668	1814.292	1928.542	2018.834	75.101	26.4874	27.8016	1.7106	measured
528	780	411840	single-workgroup-tree	10	78	-	10	48	2	30	64	144.292	171.000	198.334	18.340	1541.750	1669.416	1757.208	77.756	22.1819	23.7844	1.5253	measured
528	780	411840	single-workgroup-tree	12	65	-	12	48	2	30	64	142.666	173.750	197.958	28.746	1537.500	1671.750	1743.292	74.091	22.1402	23.7778	1.6323	measured
528	780	411840	single-workgroup-tree	13	60	-	13	64	2	30	64	146.750	176.708	199.916	16.935	1803.375	1905.208	1970.333	64.948	26.2956	27.4365	1.2997	measured
528	780	411840	single-workgroup-tree	15	52	-	15	64	2	30	64	138.583	173.250	204.042	50.397	1515.834	1642.208	1740.542	76.247	21.8611	23.3168	2.0102	measured
528	780	411840	single-workgroup-tree	20	39	-	20	80	2	30	64	135.750	172.416	194.000	29.770	1499.000	1687.542	1743.875	83.520	21.6389	24.0496	1.7983	measured
528	780	411840	single-workgroup-tree	26	30	-	26	112	2	30	64	137.958	174.125	192.292	32.524	1631.000	1789.917	1871.875	75.319	23.6991	25.6475	1.7118	measured
528	780	411840	single-workgroup-tree	30	26	-	30	128	2	30	64	142.375	171.583	196.583	25.635	1580.500	1739.625	1820.584	82.126	22.8274	24.8896	1.7105	measured
528	780	411840	single-workgroup-tree	39	20	-	39	160	2	30	64	140.625	170.042	194.584	33.959	1500.291	1668.750	1797.042	97.267	21.5820	23.7890	2.0830	measured
528	780	411840	single-workgroup-tree	52	15	-	52	208	2	30	64	139.500	171.459	194.959	32.666	1504.333	1641.625	1715.459	72.204	21.6640	23.3360	1.6646	measured
528	780	411840	single-workgroup-tree	60	13	-	60	240	2	30	64	141.625	172.500	207.125	31.549	1676.084	1804.792	1893.583	73.788	24.3565	25.9094	1.6720	measured
528	780	411840	single-workgroup-tree	65	12	-	65	272	2	30	64	133.042	166.625	184.375	17.203	1514.167	1653.917	1726.459	62.502	21.9226	23.6078	1.2652	measured
528	780	411840	single-workgroup-tree	78	10	-	78	320	2	30	64	138.417	168.167	194.375	18.040	1574.583	1673.250	1753.666	65.614	22.7963	23.8902	1.3278	measured
528	780	411840	single-workgroup-tree	130	6	-	130	528	2	30	64	141.250	172.667	195.250	30.649	1669.291	1770.541	1905.666	85.050	24.2546	25.3631	1.8365	measured
528	780	411840	single-workgroup-tree	156	5	-	156	624	2	30	64	142.667	173.167	202.833	18.890	1649.208	1788.708	1871.834	77.450	23.9133	25.6435	1.5292	measured
528	780	411840	single-workgroup-tree	195	4	-	195	784	2	30	64	149.458	176.708	212.250	31.266	1878.625	2016.500	2090.167	74.263	27.4471	29.2030	1.6751	measured
528	780	411840	single-workgroup-tree	260	3	production	260	1040	2	30	64	143.292	175.750	209.041	20.825	1777.750	1915.000	1992.958	80.056	25.9438	27.6071	1.6013	measured
528	780	411840	single-workgroup-tree	390	2	-	390	1568	2	30	64	161.334	193.125	227.833	43.404	2858.667	3022.792	3117.084	82.278	42.8148	44.9153	1.9949	measured
528	1042	550176	single-workgroup-tree	2	521	production	2	16	2	30	64	183.459	216.208	227.958	23.538	2362.292	2488.792	2580.209	76.669	34.5847	36.0728	1.5906	measured
528	1042	550176	single-workgroup-tree	521	2	-	521	2096	2	30	64	184.666	216.250	229.333	25.855	2362.833	2498.792	2551.875	72.184	34.5741	36.2308	1.5562	measured
528	774	408672	single-workgroup-tree	2	387	-	2	16	2	30	64	183.917	198.042	222.458	14.338	2652.250	2816.959	2901.708	82.047	39.1799	41.5701	1.5299	measured
528	774	408672	single-workgroup-tree	3	258	-	3	16	2	30	64	185.333	200.333	258.916	45.152	2781.084	2962.667	3058.375	90.262	41.2024	43.8466	2.1494	measured
528	774	408672	single-workgroup-tree	6	129	-	6	32	2	30	64	168.958	180.417	207.375	19.131	1592.167	1722.834	1811.000	76.862	22.5906	24.4828	1.5237	measured
528	774	408672	single-workgroup-tree	9	86	-	9	48	2	30	64	162.875	185.375	209.292	28.647	1511.167	1631.083	1761.000	80.963	21.4015	22.9477	1.7398	measured
528	774	408672	single-workgroup-tree	18	43	-	18	80	2	30	64	168.167	185.500	212.542	30.519	1488.458	1629.709	1739.750	88.763	20.9570	22.9240	1.8934	measured
528	774	408672	single-workgroup-tree	43	18	-	43	176	2	30	64	166.375	184.541	205.792	15.035	1481.916	1610.709	1710.375	91.855	20.8816	22.6376	1.6967	measured
528	774	408672	single-workgroup-tree	86	9	-	86	352	2	30	64	165.667	182.000	206.834	16.035	1517.083	1686.291	1757.917	72.716	21.4510	23.8776	1.4087	measured
528	774	408672	single-workgroup-tree	129	6	-	129	528	2	30	64	163.625	179.042	209.083	16.886	1587.959	1723.083	1807.750	88.996	22.6085	24.5086	1.6807	measured
528	774	408672	single-workgroup-tree	258	3	production	258	1040	2	30	64	177.166	190.083	218.666	15.522	2397.417	2525.250	2614.959	81.336	35.2421	37.0661	1.5374	measured
528	774	408672	single-workgroup-tree	387	2	-	387	1552	2	30	64	178.708	189.000	222.500	27.874	2306.709	2469.250	2564.584	93.389	33.7778	36.1944	1.9248	measured
528	783	413424	single-workgroup-tree	3	261	-	3	16	2	30	64	169.792	196.375	217.833	19.982	1739.583	1872.292	1964.041	79.371	24.9173	26.6019	1.5770	measured
528	783	413424	single-workgroup-tree	9	87	-	9	48	2	30	64	171.125	181.667	218.916	18.467	1858.708	1951.208	2011.667	59.774	26.7870	28.0880	1.2419	measured
528	783	413424	single-workgroup-tree	27	29	-	27	112	2	30	64	164.167	178.667	209.208	33.116	1505.375	1645.792	1721.500	71.080	21.2890	23.2877	1.6539	measured
528	783	413424	single-workgroup-tree	29	27	-	29	128	2	30	64	164.542	178.709	210.833	16.869	1492.667	1610.875	1692.333	67.402	21.0813	22.7328	1.3376	measured
528	783	413424	single-workgroup-tree	87	9	-	87	352	2	30	64	170.875	190.875	216.417	30.610	1626.292	1753.125	1847.250	65.058	23.1019	24.7976	1.5186	measured
528	783	413424	single-workgroup-tree	261	3	production	261	1056	2	30	64	167.958	182.041	214.042	31.741	1756.083	1847.541	1930.500	62.360	25.2083	26.4365	1.4937	measured
528	900	475200	single-workgroup-tree	2	450	-	2	16	2	30	64	167.333	193.125	214.625	18.836	3905.625	4080.500	4165.083	80.061	59.3380	61.7044	1.5698	measured
528	900	475200	single-workgroup-tree	3	300	-	3	16	2	30	64	148.917	166.667	215.417	37.399	1942.834	2091.750	2136.500	64.246	28.4749	30.5569	1.6134	measured
528	900	475200	single-workgroup-tree	4	225	-	4	16	2	30	64	141.875	173.042	207.291	24.825	1883.459	2035.667	2083.625	66.849	27.6442	29.5655	1.4551	measured
528	900	475200	single-workgroup-tree	5	180	-	5	32	2	30	64	153.666	174.417	212.917	21.605	2650.958	2766.459	2846.500	62.829	39.6396	41.1435	1.3402	measured
528	900	475200	single-workgroup-tree	6	150	-	6	32	2	30	64	149.208	170.250	207.000	22.816	2524.125	2671.167	2745.208	69.707	37.6971	39.6971	1.4686	measured
528	900	475200	single-workgroup-tree	9	100	-	9	48	2	30	64	135.458	153.542	212.917	37.458	1740.750	1889.875	1972.625	83.121	25.4808	27.5608	1.9140	measured
528	900	475200	single-workgroup-tree	10	90	-	10	48	2	30	64	147.833	172.000	206.084	30.824	2161.792	2324.750	2392.250	68.091	31.9676	34.1706	1.5701	measured
528	900	475200	single-workgroup-tree	12	75	-	12	48	2	30	64	139.750	158.750	190.625	21.436	1907.250	2043.000	2124.750	75.382	28.0556	29.9087	1.5368	measured
528	900	475200	single-workgroup-tree	15	60	-	15	64	2	30	64	143.000	164.333	191.750	22.810	1929.875	2054.667	2157.417	74.965	28.3631	30.0053	1.5520	measured
528	900	475200	single-workgroup-tree	18	50	-	18	80	2	30	64	131.833	152.708	183.750	21.752	1690.292	1813.791	1927.000	75.954	24.7374	26.3664	1.5509	measured
528	900	475200	single-workgroup-tree	20	45	-	20	80	2	30	64	133.042	167.750	206.125	27.933	1662.666	1792.917	1921.667	84.392	24.2797	25.7963	1.7829	measured
528	900	475200	single-workgroup-tree	25	36	-	25	112	2	30	64	127.042	160.875	182.500	22.260	1682.292	1813.208	1904.875	75.428	24.6865	26.2275	1.5506	measured
528	900	475200	single-workgroup-tree	30	30	-	30	128	2	30	64	136.417	155.792	187.083	20.781	1873.333	1986.291	2068.250	73.399	27.5701	29.0555	1.4949	measured
528	900	475200	single-workgroup-tree	36	25	-	36	144	2	30	64	132.375	165.333	184.958	40.504	1693.084	1815.916	1912.292	69.782	24.7732	26.1997	1.7506	measured
528	900	475200	single-workgroup-tree	45	20	-	45	192	2	30	64	129.542	167.084	183.792	24.115	1661.542	1801.875	1878.000	81.988	24.3175	25.9491	1.6842	measured
528	900	475200	single-workgroup-tree	50	18	-	50	208	2	30	64	133.833	168.000	190.542	19.535	1683.208	1804.875	1900.375	75.548	24.5933	25.9821	1.5092	measured
528	900	475200	single-workgroup-tree	60	15	-	60	240	2	30	64	143.083	166.416	180.916	16.456	1837.291	1958.375	2064.959	72.262	26.8922	28.4438	1.4082	measured
528	900	475200	single-workgroup-tree	75	12	-	75	304	2	30	64	128.125	174.834	196.250	39.815	1794.334	1923.792	1981.833	72.837	26.4478	27.7612	1.7881	measured
528	900	475200	single-workgroup-tree	90	10	-	90	368	2	30	64	146.333	170.084	194.208	28.083	1940.250	2063.084	2142.125	63.948	28.4749	30.0476	1.4608	measured
528	900	475200	single-workgroup-tree	100	9	-	100	400	2	30	64	137.667	164.209	187.791	19.579	1720.833	1845.333	1966.250	83.811	25.1296	26.6845	1.6411	measured
528	900	475200	single-workgroup-tree	150	6	-	150	608	2	30	64	146.250	174.667	196.875	33.721	2168.458	2303.459	2385.792	81.121	32.0985	33.7903	1.8229	measured
528	900	475200	single-workgroup-tree	180	5	-	180	720	2	30	64	139.125	178.250	194.875	30.309	2230.500	2413.083	2487.125	87.926	33.1964	35.4735	1.8767	measured
528	900	475200	single-workgroup-tree	225	4	production	225	912	2	30	64	145.125	163.167	189.625	19.112	1840.875	1996.125	2066.834	70.030	26.9167	29.0946	1.4150	measured
528	900	475200	single-workgroup-tree	300	3	-	300	1200	2	30	64	147.833	164.792	184.083	16.668	1926.083	2060.542	2121.459	69.284	28.2262	30.0913	1.3643	measured
528	900	475200	single-workgroup-tree	450	2	-	450	1808	2	30	64	158.042	184.333	240.042	43.203	3230.500	3431.917	3505.750	90.395	48.7692	51.5490	2.1206	measured
528	1006	531168	single-workgroup-tree	2	503	-	2	16	2	30	64	205.875	218.292	227.959	27.888	3294.667	3429.792	3561.416	91.037	49.0284	50.9762	1.8877	measured
528	1006	531168	single-workgroup-tree	503	2	production	503	2016	2	30	64	169.500	213.625	217.000	14.437	2858.834	3045.917	3148.875	99.619	42.6878	44.9570	1.8104	measured
528	1082	571296	single-workgroup-tree	2	541	production	2	16	2	30	64	183.541	192.416	217.042	33.726	2461.959	2577.791	2699.334	95.186	36.1654	37.8631	2.0462	measured
528	1082	571296	single-workgroup-tree	541	2	-	541	2176	2	30	64	172.083	192.250	217.291	27.549	2465.125	2555.292	2636.833	65.818	36.3975	37.5086	1.4820	measured
528	1280	675840	single-workgroup-tree	2	640	-	2	16	2	30	64	188.208	220.917	234.833	31.482	3045.208	3194.750	3280.833	73.646	45.3492	47.2037	1.6687	measured
528	1280	675840	single-workgroup-tree	4	320	-	4	16	2	30	64	183.834	212.708	227.500	18.492	2559.042	2663.916	2739.458	68.647	37.7017	38.9081	1.3832	measured
528	1280	675840	single-workgroup-tree	5	256	-	5	32	2	30	64	178.791	216.042	233.750	28.670	2449.500	2537.083	2625.792	64.227	36.0430	36.8419	1.4746	measured
528	1280	675840	single-workgroup-tree	8	160	-	8	32	2	30	64	179.792	204.709	225.292	15.621	2496.542	2619.250	2721.625	79.636	36.7738	38.3260	1.5120	measured
528	1280	675840	single-workgroup-tree	10	128	-	10	48	2	30	64	185.958	204.584	231.666	16.052	2756.334	2891.584	2974.583	70.873	40.7996	42.6508	1.3798	measured
528	1280	675840	single-workgroup-tree	16	80	-	16	64	2	30	64	181.375	209.792	226.666	27.493	2537.583	2690.583	2745.541	65.648	37.4001	39.3776	1.4784	measured
528	1280	675840	single-workgroup-tree	20	64	-	20	80	2	30	64	178.250	199.291	222.375	33.072	2250.958	2349.834	2465.916	74.668	32.9001	34.1356	1.7101	measured
528	1280	675840	single-workgroup-tree	32	40	-	32	128	2	30	64	178.667	212.333	230.292	37.980	2321.459	2456.750	2509.750	57.789	34.0126	35.6257	1.5201	measured
528	1280	675840	single-workgroup-tree	40	32	-	40	160	2	30	64	180.042	208.625	227.958	22.130	2448.542	2597.125	2649.125	60.455	36.0079	37.9127	1.3109	measured
528	1280	675840	single-workgroup-tree	64	20	-	64	256	2	30	64	175.917	200.584	222.166	31.093	2254.209	2368.125	2440.166	61.207	32.9888	34.4054	1.4651	measured
528	1280	675840	single-workgroup-tree	80	16	-	80	320	2	30	64	179.542	206.083	224.417	17.748	2478.958	2592.250	2679.708	73.606	36.4987	37.8757	1.4501	measured
528	1280	675840	single-workgroup-tree	128	10	-	128	512	2	30	64	183.166	205.167	228.667	16.472	2628.750	2732.375	2824.917	70.866	38.8188	40.1144	1.3863	measured
528	1280	675840	single-workgroup-tree	160	8	-	160	640	2	30	64	181.709	212.291	227.084	19.326	2419.084	2569.625	2634.250	79.675	35.5139	37.4180	1.5715	measured
528	1280	675840	single-workgroup-tree	256	5	production	256	1024	2	30	64	181.208	212.833	222.125	15.889	2399.958	2550.084	2639.792	79.622	35.2183	37.0992	1.5160	measured
528	1280	675840	single-workgroup-tree	320	4	-	320	1280	2	30	64	179.833	212.000	226.125	17.072	2509.791	2640.125	2717.417	72.585	36.9835	38.5417	1.4231	measured
528	1280	675840	single-workgroup-tree	640	2	-	640	2560	2	30	64	185.083	217.625	240.834	29.876	2973.208	3104.167	3210.625	83.393	44.2560	45.8181	1.7979	measured
528	775	409200	single-workgroup-tree	5	155	-	5	32	2	30	64	166.375	172.000	184.541	8.984	1639.291	1748.250	1875.583	89.265	23.3796	25.0198	1.5595	measured
528	775	409200	single-workgroup-tree	25	31	-	25	112	2	30	64	153.792	169.375	181.458	7.613	1482.916	1636.709	1701.916	75.874	21.0972	23.2910	1.3252	measured
528	775	409200	single-workgroup-tree	31	25	-	31	128	2	30	64	161.542	167.958	182.042	7.625	1462.583	1603.750	1706.458	76.280	20.6514	22.7903	1.3318	measured
528	775	409200	single-workgroup-tree	155	5	production	155	624	2	30	64	163.750	172.083	187.500	40.049	1588.417	1731.458	1828.375	85.880	22.6138	24.7520	1.9989	measured
528	785	414480	single-workgroup-tree	5	157	-	5	32	2	30	64	168.458	188.000	209.833	15.200	1651.000	1814.458	1858.958	78.583	23.5324	25.8168	1.4886	measured
528	785	414480	single-workgroup-tree	157	5	production	157	640	2	30	64	165.417	189.833	213.625	19.256	1632.625	1774.834	1826.375	56.244	23.2890	25.1587	1.1984	measured
528	899	474672	single-workgroup-tree	29	31	-	29	128	2	30	64	167.666	196.125	211.375	28.753	1654.167	1805.667	1879.792	68.185	23.5953	25.5483	1.5387	measured
528	899	474672	single-workgroup-tree	31	29	production	31	128	2	30	64	169.917	197.542	211.084	23.515	1703.625	1850.958	1884.500	59.696	24.3446	26.2447	1.3208	measured
528	1008	532224	single-workgroup-tree	2	504	-	2	16	2	30	64	188.083	223.834	259.333	25.531	4279.334	4433.875	4540.459	78.172	64.9405	66.8260	1.6461	measured
528	1008	532224	single-workgroup-tree	3	336	-	3	16	2	30	64	163.875	192.000	230.250	21.087	2384.209	2524.292	2636.917	81.109	35.2434	37.0205	1.6222	measured
528	1008	532224	single-workgroup-tree	4	252	-	4	16	2	30	64	170.083	201.833	236.791	29.219	3125.084	3267.583	3398.625	88.774	46.9048	48.6627	1.8729	measured
528	1008	532224	single-workgroup-tree	6	168	-	6	32	2	30	64	163.209	190.917	224.708	19.318	2596.833	2748.708	2884.792	83.922	38.6290	40.5999	1.6387	measured
528	1008	532224	single-workgroup-tree	7	144	-	7	32	2	30	64	155.500	183.917	203.000	31.122	1932.041	2064.167	2142.208	72.027	28.1991	29.8452	1.6373	measured
528	1008	532224	single-workgroup-tree	8	126	-	8	32	2	30	64	152.958	180.417	225.417	48.742	2021.875	2161.417	2248.042	82.709	29.6653	31.4444	2.0865	measured
528	1008	532224	single-workgroup-tree	9	112	-	9	48	2	30	64	153.167	179.042	204.958	15.858	2009.208	2145.458	2217.041	70.812	29.4610	31.2130	1.3757	measured
528	1008	532224	single-workgroup-tree	12	84	-	12	48	2	30	64	162.083	183.791	214.791	30.226	2221.625	2350.292	2399.625	63.928	32.6911	34.3889	1.4945	measured
528	1008	532224	single-workgroup-tree	14	72	-	14	64	2	30	64	155.084	184.917	216.500	30.959	2134.083	2239.833	2311.334	61.794	31.4127	32.6177	1.4723	measured
528	1008	532224	single-workgroup-tree	16	63	-	16	64	2	30	64	148.375	182.417	207.250	17.901	2015.916	2158.583	2257.125	80.017	29.6435	31.3677	1.5543	measured
528	1008	532224	single-workgroup-tree	18	56	-	18	80	2	30	64	148.041	184.500	206.042	21.728	1845.458	1978.083	2037.541	59.797	26.9431	28.4696	1.2940	measured
528	1008	532224	single-workgroup-tree	21	48	-	21	96	2	30	64	147.667	180.208	211.417	20.648	2029.250	2161.125	2239.250	74.898	29.8664	31.4431	1.5166	measured
528	1008	532224	single-workgroup-tree	24	42	-	24	96	2	30	64	151.334	181.000	210.917	19.700	1998.750	2182.875	2243.916	81.237	29.3241	31.7758	1.6022	measured
528	1008	532224	single-workgroup-tree	28	36	-	28	112	2	30	64	151.709	184.792	217.167	31.975	1859.875	1958.333	2056.958	73.309	27.1137	28.1514	1.6712	measured
528	1008	532224	single-workgroup-tree	36	28	-	36	144	2	30	64	151.666	180.083	206.875	29.575	1877.958	2002.667	2074.375	72.591	27.4015	28.9299	1.6217	measured
528	1008	532224	single-workgroup-tree	42	24	-	42	176	2	30	64	157.458	186.542	214.333	26.801	1934.666	2071.583	2133.834	71.723	28.2097	29.9213	1.5639	measured
528	1008	532224	single-workgroup-tree	48	21	-	48	192	2	30	64	150.833	184.375	220.917	23.050	1960.583	2082.500	2156.708	71.736	28.7262	30.1290	1.5045	measured
528	1008	532224	single-workgroup-tree	56	18	-	56	224	2	30	64	147.625	181.708	218.042	25.323	1838.166	1941.791	2026.834	67.761	26.8340	27.9378	1.4775	measured
528	1008	532224	single-workgroup-tree	63	16	-	63	256	2	30	64	148.084	179.833	222.125	21.822	1896.958	2027.291	2147.958	91.028	27.7599	29.3247	1.7913	measured
528	1008	532224	single-workgroup-tree	72	14	-	72	288	2	30	64	150.542	195.875	225.417	33.347	2019.750	2136.541	2252.875	82.580	29.6700	30.8042	1.8401	measured
528	1008	532224	single-workgroup-tree	84	12	-	84	336	2	30	64	149.417	183.833	220.792	35.994	2065.875	2185.708	2269.792	70.138	30.4200	31.7758	1.6846	measured
528	1008	532224	single-workgroup-tree	112	9	-	112	448	2	30	64	149.917	180.625	205.708	31.683	1951.875	2105.291	2201.084	74.649	28.6025	30.5503	1.6878	measured
528	1008	532224	single-workgroup-tree	126	8	-	126	512	2	30	64	141.666	182.917	208.458	32.163	1933.750	2067.250	2164.500	74.573	28.4458	29.9100	1.6942	measured
528	1008	532224	single-workgroup-tree	144	7	-	144	576	2	30	64	149.459	181.042	205.583	18.150	1942.375	2052.500	2150.709	77.395	28.4590	29.7057	1.5166	measured
528	1008	532224	single-workgroup-tree	168	6	-	168	672	2	30	64	154.917	187.083	210.041	17.095	2387.084	2520.958	2620.250	83.954	35.4312	37.0456	1.6040	measured
528	1008	532224	single-workgroup-tree	252	4	production	252	1008	2	30	64	159.084	192.875	221.625	19.325	2647.334	2814.417	2898.500	75.360	39.4960	41.6118	1.5029	measured
528	1008	532224	single-workgroup-tree	336	3	-	336	1344	2	30	64	160.375	188.125	213.084	18.200	2256.042	2406.667	2469.250	78.640	33.2646	35.2150	1.5372	measured
528	1008	532224	single-workgroup-tree	504	2	-	504	2016	2	30	64	175.750	216.125	246.458	37.173	3607.542	3781.083	3836.750	78.826	54.4729	56.5866	1.8412	measured
528	1094	577632	single-workgroup-tree	2	547	production	2	16	2	30	64	183.542	206.208	229.459	17.860	2473.625	2589.458	2690.000	75.183	36.3505	37.8294	1.4769	measured
528	1094	577632	single-workgroup-tree	547	2	-	547	2192	2	30	64	185.083	206.250	232.625	19.898	2441.000	2578.334	2690.167	88.260	35.8082	37.6521	1.7168	measured
528	1282	676896	single-workgroup-tree	2	641	production	2	16	2	30	64	184.125	228.416	240.417	30.677	2821.125	2987.292	3086.000	77.602	41.8571	43.7917	1.7187	measured
528	1282	676896	single-workgroup-tree	641	2	-	641	2576	2	30	64	185.958	221.334	235.125	17.035	2831.375	2946.625	3029.375	58.575	41.9907	43.2586	1.2002	measured
1056	780	823680	single-workgroup-tree	2	390	-	2	16	2	30	64	241.333	260.708	286.625	16.459	6172.375	6354.833	6405.917	71.249	94.1435	96.7321	1.3922	measured
1056	780	823680	single-workgroup-tree	3	260	-	3	16	2	30	64	197.083	218.792	242.959	18.150	3342.000	3513.916	3564.000	75.505	49.9193	52.3036	1.4866	measured
1056	780	823680	single-workgroup-tree	4	195	-	4	16	2	30	64	199.791	216.958	244.083	40.524	3495.792	3674.708	3744.209	80.362	52.3175	54.8849	1.9188	measured
1056	780	823680	single-workgroup-tree	5	156	-	5	32	2	30	64	191.416	209.083	240.416	19.887	3112.125	3232.208	3342.584	80.239	46.3605	47.9861	1.5893	measured
1056	780	823680	single-workgroup-tree	6	130	-	6	32	2	30	64	189.084	212.875	234.834	32.277	3041.875	3159.250	3233.916	66.625	45.2824	46.7679	1.5699	measured
1056	780	823680	single-workgroup-tree	10	78	-	10	48	2	30	64	189.083	203.875	232.125	23.780	2717.125	2835.792	2928.916	71.643	40.1277	41.7765	1.5146	measured
1056	780	823680	single-workgroup-tree	12	65	-	12	48	2	30	64	187.750	200.208	229.417	15.385	2654.792	2751.833	2855.042	64.414	39.1594	40.5020	1.2666	measured
1056	780	823680	single-workgroup-tree	13	60	-	13	64	2	30	64	188.875	207.416	230.125	13.484	3074.667	3183.333	3261.875	59.297	45.8062	47.2368	1.1553	measured
1056	780	823680	single-workgroup-tree	15	52	-	15	64	2	30	64	184.875	201.250	245.125	37.685	2654.042	2784.750	2861.292	90.138	39.1931	41.0079	2.0289	measured
1056	780	823680	single-workgroup-tree	20	39	-	20	80	2	30	64	186.875	198.750	231.041	15.690	2644.750	2761.417	2858.791	69.874	39.0139	40.6773	1.3582	measured
1056	780	823680	single-workgroup-tree	26	30	-	26	112	2	30	64	188.166	201.167	236.458	29.104	2842.000	2965.500	3077.084	76.018	42.1243	43.8783	1.6686	measured
1056	780	823680	single-workgroup-tree	30	26	-	30	128	2	30	64	186.750	198.000	234.542	26.165	2792.958	2943.250	3002.708	70.522	41.3684	43.5754	1.5347	measured
1056	780	823680	single-workgroup-tree	39	20	-	39	160	2	30	64	186.166	196.084	229.959	27.730	2685.416	2832.542	2876.750	67.992	39.6706	41.8485	1.5194	measured
1056	780	823680	single-workgroup-tree	52	15	-	52	208	2	30	64	186.709	196.167	229.083	24.081	2689.375	2823.334	2880.959	60.898	39.7249	41.7011	1.3489	measured
1056	780	823680	single-workgroup-tree	60	13	-	60	240	2	30	64	188.041	202.625	235.000	20.370	2973.292	3122.167	3165.375	63.074	44.2103	46.3419	1.3245	measured
1056	780	823680	single-workgroup-tree	65	12	-	65	272	2	30	64	185.250	204.209	218.000	12.809	2691.916	2799.708	2891.583	72.618	39.7883	41.1984	1.3560	measured
1056	780	823680	single-workgroup-tree	78	10	-	78	320	2	30	64	186.625	203.417	227.958	28.482	2704.209	2789.958	2874.041	57.469	39.9617	41.0562	1.3643	measured
1056	780	823680	single-workgroup-tree	130	6	-	130	528	2	30	64	189.958	215.958	228.916	24.446	2930.166	3012.500	3114.625	58.881	43.4954	44.3896	1.3227	measured
1056	780	823680	single-workgroup-tree	156	5	-	156	624	2	30	64	187.209	219.708	237.750	25.240	2923.041	3007.667	3081.833	52.075	43.4259	44.2533	1.2272	measured
1056	780	823680	single-workgroup-tree	195	4	-	195	784	2	30	64	193.875	221.083	246.000	32.606	3312.125	3414.958	3547.833	76.820	49.4960	50.6964	1.7369	measured
1056	780	823680	single-workgroup-tree	260	3	production	260	1040	2	30	64	190.959	211.917	242.542	22.331	3083.292	3207.000	3310.833	69.156	45.9100	47.5410	1.4522	measured
1056	780	823680	single-workgroup-tree	390	2	-	390	1568	2	30	64	223.250	249.583	267.750	17.439	5156.416	5365.083	5419.958	85.628	78.3042	81.1984	1.6360	measured
1056	1042	1100352	single-workgroup-tree	2	521	production	2	16	2	30	64	223.625	254.375	265.083	14.388	4272.334	4406.750	4466.250	65.495	64.2652	65.9107	1.2680	measured
1056	1042	1100352	single-workgroup-tree	521	2	-	521	2096	2	30	64	232.958	254.167	267.084	25.314	4212.125	4326.667	4438.333	64.951	63.1614	64.6429	1.4328	measured
1056	774	817344	single-workgroup-tree	2	387	-	2	16	2	30	64	214.542	248.875	261.750	25.081	4532.792	4664.500	4769.583	76.593	68.5437	70.0893	1.6139	measured
1056	774	817344	single-workgroup-tree	3	258	-	3	16	2	30	64	220.333	251.208	269.916	26.976	4894.916	5048.791	5132.208	65.800	74.1997	76.1521	1.4726	measured
1056	774	817344	single-workgroup-tree	6	129	-	6	32	2	30	64	180.084	217.458	238.583	18.167	2858.167	2997.250	3045.375	60.346	42.5093	44.1237	1.2462	measured
1056	774	817344	single-workgroup-tree	9	86	-	9	48	2	30	64	190.625	224.959	242.416	18.547	2728.250	2864.500	2920.542	65.660	40.2798	41.8975	1.3366	measured
1056	774	817344	single-workgroup-tree	18	43	-	18	80	2	30	64	188.500	218.542	236.209	17.560	2629.250	2766.833	2830.750	67.018	38.7421	40.4491	1.3425	measured
1056	774	817344	single-workgroup-tree	43	18	-	43	176	2	30	64	187.959	219.958	234.750	17.214	2647.459	2777.000	2863.833	70.376	39.0397	40.5880	1.3903	measured
1056	774	817344	single-workgroup-tree	86	9	-	86	352	2	30	64	186.708	229.708	248.959	33.038	2696.792	2851.958	2880.834	64.077	39.8426	41.6230	1.5415	measured
1056	774	817344	single-workgroup-tree	129	6	-	129	528	2	30	64	188.125	214.084	235.625	29.819	2764.959	2859.500	2970.083	72.819	40.9021	41.9907	1.6292	measured
1056	774	817344	single-workgroup-tree	258	3	production	258	1040	2	30	64	209.667	240.542	258.459	40.531	4220.208	4414.208	4448.458	60.144	63.6594	66.2487	1.5980	measured
1056	774	817344	single-workgroup-tree	387	2	-	387	1552	2	30	64	209.375	228.666	254.333	16.461	4104.167	4221.375	4322.875	74.031	61.8221	63.3763	1.4364	measured
1056	783	826848	single-workgroup-tree	3	261	-	3	16	2	30	64	195.459	222.625	241.209	16.667	3165.584	3300.584	3362.625	73.349	47.1448	48.8565	1.4288	measured
1056	783	826848	single-workgroup-tree	9	87	-	9	48	2	30	64	190.958	224.958	237.417	29.089	2998.125	3107.875	3164.167	55.438	44.5582	45.7606	1.3417	measured
1056	783	826848	single-workgroup-tree	27	29	-	27	112	2	30	64	188.125	215.667	236.708	27.181	2666.000	2794.459	2836.125	55.685	39.3313	40.9332	1.3153	measured
1056	783	826848	single-workgroup-tree	29	27	-	29	128	2	30	64	188.666	206.000	235.791	32.687	2649.667	2787.334	2839.708	59.858	39.0635	40.9736	1.4690	measured
1056	783	826848	single-workgroup-tree	87	9	-	87	352	2	30	64	189.792	222.833	242.792	34.645	2925.500	3057.417	3100.625	65.123	43.4239	44.9934	1.5836	measured
1056	783	826848	single-workgroup-tree	261	3	production	261	1056	2	30	64	191.792	224.666	239.792	15.413	3011.292	3094.375	3200.209	61.416	44.7540	45.5509	1.2195	measured
1056	900	950400	single-workgroup-tree	2	450	-	2	16	2	30	64	253.417	264.167	288.542	14.465	7060.791	7171.083	7225.833	55.579	108.0536	109.6336	1.1118	measured
1056	900	950400	single-workgroup-tree	3	300	-	3	16	2	30	64	187.958	207.500	244.500	25.710	3558.292	3646.334	3721.667	58.924	53.4974	54.5847	1.3434	measured
1056	900	950400	single-workgroup-tree	4	225	-	4	16	2	30	64	195.250	209.041	227.375	29.493	3512.834	3630.542	3685.833	64.461	52.6601	54.3095	1.4913	measured
1056	900	950400	single-workgroup-tree	5	180	-	5	32	2	30	64	212.375	221.000	249.292	13.162	4507.416	4612.375	4713.833	67.066	68.1753	69.7044	1.2735	measured
1056	900	950400	single-workgroup-tree	6	150	-	6	32	2	30	64	211.166	219.666	248.875	26.458	4181.917	4315.500	4407.458	75.531	63.0278	65.0132	1.6189	measured
1056	900	950400	single-workgroup-tree	9	100	-	9	48	2	30	64	191.000	207.500	238.625	17.065	3088.500	3193.834	3272.958	54.633	45.9921	47.4021	1.1381	measured
1056	900	950400	single-workgroup-tree	10	90	-	10	48	2	30	64	199.959	210.542	253.125	28.355	3650.542	3784.459	3875.750	67.732	54.7712	56.7288	1.5252	measured
1056	900	950400	single-workgroup-tree	12	75	-	12	48	2	30	64	193.708	203.708	241.292	18.087	3258.291	3346.250	3441.167	60.169	48.6442	49.8816	1.2422	measured
1056	900	950400	single-workgroup-tree	15	60	-	15	64	2	30	64	197.875	205.542	243.292	17.613	3426.875	3524.417	3602.875	51.307	51.2540	52.6806	1.0940	measured
1056	900	950400	single-workgroup-tree	18	50	-	18	80	2	30	64	189.334	201.417	235.750	38.956	3028.833	3132.333	3196.250	59.444	45.0714	46.5225	1.5619	measured
1056	900	950400	single-workgroup-tree	20	45	-	20	80	2	30	64	187.917	199.208	238.708	30.584	3018.333	3107.750	3185.042	60.221	44.9272	46.1673	1.4413	measured
1056	900	950400	single-workgroup-tree	25	36	-	25	112	2	30	64	189.792	200.208	238.333	25.967	2992.625	3081.917	3169.167	56.942	44.4894	45.7414	1.3160	measured
1056	900	950400	single-workgroup-tree	30	30	-	30	128	2	30	64	197.000	204.875	232.708	28.433	3293.708	3394.541	3472.958	58.663	49.1541	50.6296	1.3825	measured
1056	900	950400	single-workgroup-tree	36	25	-	36	144	2	30	64	192.916	201.791	240.625	28.265	3065.084	3151.333	3254.875	62.264	45.5900	46.8181	1.4370	measured
1056	900	950400	single-workgroup-tree	45	20	-	45	192	2	30	64	183.458	199.333	235.042	17.283	3017.083	3116.583	3171.625	56.264	44.9782	46.3056	1.1674	measured
1056	900	950400	single-workgroup-tree	50	18	-	50	208	2	30	64	189.375	201.125	239.000	35.889	3018.625	3114.084	3219.000	66.758	44.9087	46.2374	1.6293	measured
1056	900	950400	single-workgroup-tree	60	15	-	60	240	2	30	64	192.375	206.458	237.542	27.123	3295.166	3398.709	3467.750	56.504	49.2507	50.6707	1.3274	measured
1056	900	950400	single-workgroup-tree	75	12	-	75	304	2	30	64	194.166	201.792	235.209	15.972	3200.583	3276.625	3359.583	51.406	47.7209	48.8069	1.0695	measured
1056	900	950400	single-workgroup-tree	90	10	-	90	368	2	30	64	195.625	213.417	244.667	19.134	3505.458	3608.334	3668.208	64.090	52.5370	53.8876	1.3210	measured
1056	900	950400	single-workgroup-tree	100	9	-	100	400	2	30	64	181.167	199.791	238.083	38.039	3087.834	3181.875	3240.750	51.336	46.1376	47.3347	1.4186	measured
1056	900	950400	single-workgroup-tree	150	6	-	150	608	2	30	64	203.167	213.625	246.959	28.926	3911.250	3989.916	4090.541	70.185	58.8585	59.9411	1.5732	measured
1056	900	950400	single-workgroup-tree	180	5	-	180	720	2	30	64	208.666	220.667	252.708	34.717	4073.416	4199.875	4289.459	72.597	61.3452	63.1620	1.7034	measured
1056	900	950400	single-workgroup-tree	225	4	production	225	912	2	30	64	191.458	206.000	240.500	36.251	3272.833	3369.792	3420.292	45.791	48.9107	50.2189	1.3022	measured
1056	900	950400	single-workgroup-tree	300	3	-	300	1200	2	30	64	194.333	208.583	235.167	22.767	3408.791	3470.875	3531.458	48.495	51.0231	51.7824	1.1311	measured
1056	900	950400	single-workgroup-tree	450	2	-	450	1808	2	30	64	214.792	246.959	268.167	14.437	5886.291	5988.750	6095.292	61.130	90.0238	91.1395	1.1995	measured
1056	1006	1062336	single-workgroup-tree	2	503	-	2	16	2	30	64	235.583	240.750	247.833	7.710	5801.375	5866.375	5935.833	50.697	88.3459	89.2956	0.9271	measured
1056	1006	1062336	single-workgroup-tree	503	2	production	503	2016	2	30	64	227.000	230.208	237.417	27.717	5142.541	5254.250	5313.916	42.070	78.0245	79.7467	1.1077	measured
1056	1082	1142592	single-workgroup-tree	2	541	production	2	16	2	30	64	211.750	217.875	227.292	22.165	4378.709	4456.459	4502.583	43.881	66.1422	67.2791	1.0484	measured
1056	1082	1142592	single-workgroup-tree	541	2	-	541	2176	2	30	64	210.083	217.542	220.416	5.029	4341.125	4427.958	4472.292	45.793	65.5721	66.8320	0.8067	measured
1056	1280	1351680	single-workgroup-tree	2	640	-	2	16	2	30	64	234.625	263.584	291.125	31.515	5561.417	5697.250	5771.000	74.726	84.5523	86.2487	1.6864	measured
1056	1280	1351680	single-workgroup-tree	4	320	-	4	16	2	30	64	223.750	254.084	276.666	34.085	4673.417	4839.541	4929.666	79.025	70.6296	72.7850	1.7954	measured
1056	1280	1351680	single-workgroup-tree	5	256	-	5	32	2	30	64	199.042	243.083	269.375	21.157	4523.000	4641.041	4727.917	68.870	68.6343	69.8089	1.4290	measured
1056	1280	1351680	single-workgroup-tree	8	160	-	8	32	2	30	64	217.833	249.333	267.666	18.310	4540.042	4677.167	4738.625	63.975	68.6065	70.2831	1.3061	measured
1056	1280	1351680	single-workgroup-tree	10	128	-	10	48	2	30	64	226.209	266.333	283.042	20.450	5101.250	5215.834	5298.875	69.876	77.3816	78.5635	1.4337	measured
1056	1280	1351680	single-workgroup-tree	16	80	-	16	64	2	30	64	221.625	258.333	276.125	33.957	4646.250	4795.333	4867.666	67.831	70.2321	72.0159	1.6157	measured
1056	1280	1351680	single-workgroup-tree	20	64	-	20	80	2	30	64	211.500	247.292	260.666	30.393	4116.083	4232.000	4295.667	54.145	61.9775	63.2493	1.3419	measured
1056	1280	1351680	single-workgroup-tree	32	40	-	32	128	2	30	64	214.750	241.833	267.125	36.809	4263.500	4372.542	4438.625	55.483	64.2659	65.5668	1.4649	measured
1056	1280	1351680	single-workgroup-tree	40	32	-	40	160	2	30	64	218.292	252.750	268.584	17.336	4493.708	4604.625	4675.959	68.336	67.8637	69.0774	1.3599	measured
1056	1280	1351680	single-workgroup-tree	64	20	-	64	256	2	30	64	212.708	250.083	266.458	27.913	4132.958	4250.500	4346.750	66.457	62.2262	63.4987	1.4979	measured
1056	1280	1351680	single-workgroup-tree	80	16	-	80	320	2	30	64	216.958	247.542	274.167	41.606	4555.167	4669.084	4774.625	62.708	68.8605	70.1832	1.6558	measured
1056	1280	1351680	single-workgroup-tree	128	10	-	128	512	2	30	64	221.292	258.667	282.209	39.580	4824.708	4951.750	5063.292	72.159	73.0701	74.4934	1.7736	measured
1056	1280	1351680	single-workgroup-tree	160	8	-	160	640	2	30	64	217.750	248.375	272.125	19.607	4469.792	4589.250	4674.292	77.882	67.4927	68.9028	1.5474	measured
1056	1280	1351680	single-workgroup-tree	256	5	production	256	1024	2	30	64	216.458	240.291	263.375	18.301	4427.916	4529.000	4579.667	45.765	66.8485	68.0747	1.0169	measured
1056	1280	1351680	single-workgroup-tree	320	4	-	320	1280	2	30	64	216.333	248.125	269.666	27.410	4577.750	4734.000	4794.333	61.474	69.2288	71.2044	1.4109	measured
1056	1280	1351680	single-workgroup-tree	640	2	-	640	2560	2	30	64	232.333	251.375	280.166	18.116	5284.542	5448.250	5484.459	64.361	80.1938	82.4901	1.3092	measured
1056	775	818400	single-workgroup-tree	5	155	-	5	32	2	30	64	190.791	234.042	263.667	29.645	2986.542	3086.709	3156.250	58.330	44.3770	45.2804	1.3964	measured
1056	775	818400	single-workgroup-tree	25	31	-	25	112	2	30	64	185.292	222.958	238.875	17.176	2599.167	2729.667	2805.667	67.799	38.3155	39.7890	1.3488	measured
1056	775	818400	single-workgroup-tree	31	25	-	31	128	2	30	64	182.750	225.917	236.292	21.320	2656.083	2732.375	2826.792	60.866	39.2593	39.7850	1.3045	measured
1056	775	818400	single-workgroup-tree	155	5	production	155	624	2	30	64	186.250	226.709	240.792	24.869	2802.583	2916.375	2992.917	60.715	41.5291	42.6931	1.3585	measured
1056	785	828960	single-workgroup-tree	5	157	-	5	32	2	30	64	197.834	227.875	236.000	17.428	2953.500	3048.167	3170.791	66.977	43.7407	44.7665	1.3398	measured
1056	785	828960	single-workgroup-tree	157	5	production	157	640	2	30	64	191.167	224.667	235.750	21.923	2835.208	2965.875	3024.084	71.253	41.9689	43.5112	1.4790	measured
1056	899	949344	single-workgroup-tree	29	31	-	29	128	2	30	64	193.542	216.417	223.458	26.471	2949.000	3021.417	3155.458	86.349	43.7374	44.5238	1.7908	measured
1056	899	949344	single-workgroup-tree	31	29	production	31	128	2	30	64	193.666	214.167	222.584	26.044	2961.084	3039.791	3187.167	99.991	43.9273	44.8512	2.0005	measured
1056	1008	1064448	single-workgroup-tree	2	504	-	2	16	2	30	64	266.875	298.292	313.875	26.543	7859.917	8000.000	8067.125	69.775	120.5245	122.2493	1.5289	measured
1056	1008	1064448	single-workgroup-tree	3	336	-	3	16	2	30	64	212.167	245.083	262.875	40.139	4348.250	4483.167	4545.791	59.127	65.6521	67.2712	1.5757	measured
1056	1008	1064448	single-workgroup-tree	4	252	-	4	16	2	30	64	234.542	266.292	278.083	16.413	5457.083	5611.041	5689.167	72.478	82.8975	84.8373	1.4110	measured
1056	1008	1064448	single-workgroup-tree	6	168	-	6	32	2	30	64	219.542	248.583	267.291	17.398	4714.209	4864.541	4919.750	62.872	71.3439	73.2692	1.2741	measured
1056	1008	1064448	single-workgroup-tree	7	144	-	7	32	2	30	64	200.084	231.583	247.375	35.509	3505.209	3593.750	3681.750	56.766	52.4623	53.3677	1.4647	measured
1056	1008	1064448	single-workgroup-tree	8	126	-	8	32	2	30	64	202.000	224.958	247.417	28.481	3637.291	3775.708	3819.333	55.605	54.5284	56.3611	1.3347	measured
1056	1008	1064448	single-workgroup-tree	9	112	-	9	48	2	30	64	202.625	232.125	249.000	30.544	3558.000	3713.875	3769.958	76.018	53.2599	55.2659	1.6915	measured
1056	1008	1064448	single-workgroup-tree	12	84	-	12	48	2	30	64	207.458	220.625	251.750	16.676	3912.583	4078.917	4144.542	70.250	58.8115	61.2427	1.3798	measured
1056	1008	1064448	single-workgroup-tree	14	72	-	14	64	2	30	64	202.917	239.375	249.583	23.646	3801.209	3951.750	4019.000	75.762	57.1157	58.9266	1.5779	measured
1056	1008	1064448	single-workgroup-tree	16	63	-	16	64	2	30	64	199.334	229.209	247.708	17.601	3520.542	3605.125	3680.833	52.732	52.7176	53.5860	1.1164	measured
1056	1008	1064448	single-workgroup-tree	18	56	-	18	80	2	30	64	198.083	227.250	257.250	22.189	3306.625	3433.750	3481.667	57.875	49.3419	50.8968	1.2709	measured
1056	1008	1064448	single-workgroup-tree	21	48	-	21	96	2	30	64	188.834	222.750	252.125	19.443	3616.042	3756.000	3843.833	74.809	54.4001	56.0833	1.4961	measured
1056	1008	1064448	single-workgroup-tree	24	42	-	24	96	2	30	64	204.042	225.167	255.125	25.491	3575.459	3700.917	3746.542	55.701	53.5146	55.1706	1.2888	measured
1056	1008	1064448	single-workgroup-tree	28	36	-	28	112	2	30	64	198.292	226.125	247.458	39.971	3329.333	3445.750	3520.250	59.522	49.6991	51.1052	1.5793	measured
1056	1008	1064448	single-workgroup-tree	36	28	-	36	144	2	30	64	197.292	224.000	243.292	17.211	3351.750	3459.792	3567.917	73.571	50.0708	51.3618	1.4410	measured
1056	1008	1064448	single-workgroup-tree	42	24	-	42	176	2	30	64	187.125	222.083	247.666	40.574	3538.708	3660.166	3723.416	62.221	53.1997	54.5727	1.6317	measured
1056	1008	1064448	single-workgroup-tree	48	21	-	48	192	2	30	64	202.333	215.459	248.458	18.370	3540.125	3677.125	3778.416	73.312	52.9808	54.9471	1.4553	measured
1056	1008	1064448	single-workgroup-tree	56	18	-	56	224	2	30	64	198.958	220.250	240.792	26.958	3321.208	3478.333	3539.709	69.565	49.5595	51.7156	1.5321	measured
1056	1008	1064448	single-workgroup-tree	63	16	-	63	256	2	30	64	200.958	228.500	243.708	30.128	3479.583	3574.292	3657.084	53.184	52.0417	53.1078	1.3224	measured
1056	1008	1064448	single-workgroup-tree	72	14	-	72	288	2	30	64	207.125	220.667	248.708	19.957	3711.500	3839.209	3923.041	69.437	55.6250	57.4372	1.4190	measured
1056	1008	1064448	single-workgroup-tree	84	12	-	84	336	2	30	64	204.167	232.500	244.833	15.157	3784.667	3907.917	3997.083	67.114	56.8333	58.3400	1.3059	measured
1056	1008	1064448	single-workgroup-tree	112	9	-	112	448	2	30	64	204.500	228.583	246.958	15.859	3549.375	3651.791	3742.208	62.294	53.0933	54.3366	1.2405	measured
1056	1008	1064448	single-workgroup-tree	126	8	-	126	512	2	30	64	200.667	236.917	256.042	44.188	3525.750	3605.542	3681.709	50.889	52.7791	53.4702	1.5092	measured
1056	1008	1064448	single-workgroup-tree	144	7	-	144	576	2	30	64	199.125	227.292	252.750	42.279	3459.084	3558.375	3638.292	55.473	51.7454	52.8743	1.5516	measured
1056	1008	1064448	single-workgroup-tree	168	6	-	168	672	2	30	64	213.000	235.875	256.750	14.525	4287.458	4467.792	4539.583	68.620	64.6739	67.1733	1.3198	measured
1056	1008	1064448	single-workgroup-tree	252	4	production	252	1008	2	30	64	220.750	249.083	265.334	33.348	4866.916	5021.459	5107.750	83.693	73.7487	75.7520	1.8578	measured
1056	1008	1064448	single-workgroup-tree	336	3	-	336	1344	2	30	64	208.625	228.750	253.708	18.024	4025.292	4162.625	4234.084	69.800	60.5820	62.4425	1.3940	measured
1056	1008	1064448	single-workgroup-tree	504	2	-	504	2016	2	30	64	250.333	265.875	290.584	15.122	6580.125	6728.083	6795.833	68.026	100.4729	102.5747	1.3198	measured
1056	1094	1155264	single-workgroup-tree	2	547	production	2	16	2	30	64	221.041	258.209	271.417	27.135	4460.167	4592.292	4662.167	67.065	67.2877	68.7950	1.4952	measured
1056	1094	1155264	single-workgroup-tree	547	2	-	547	2192	2	30	64	226.375	253.334	267.291	14.767	4441.791	4557.042	4626.542	68.558	66.9114	68.3128	1.3226	measured
1056	1282	1353792	single-workgroup-tree	2	641	production	2	16	2	30	64	227.333	255.166	282.500	29.602	5179.042	5280.667	5346.209	55.560	78.5986	79.7699	1.3518	measured
1056	1282	1353792	single-workgroup-tree	641	2	-	641	2576	2	30	64	227.750	255.500	271.958	32.923	5169.667	5253.459	5341.500	64.763	78.4431	79.3327	1.5506	measured
2112	780	1647360	single-workgroup-tree	2	390	-	2	16	2	30	64	318.584	339.959	436.875	49.737	10840.583	10992.542	11059.542	79.988	167.0159	169.0886	2.0591	measured
2112	780	1647360	single-workgroup-tree	3	260	-	3	16	2	30	64	244.000	266.250	293.000	32.466	6061.959	6219.375	6295.125	80.339	92.3486	94.4940	1.7906	measured
2112	780	1647360	single-workgroup-tree	4	195	-	4	16	2	30	64	247.041	269.834	307.333	31.532	6462.167	6587.083	6661.166	62.893	98.6528	100.2738	1.4988	measured
2112	780	1647360	single-workgroup-tree	5	156	-	5	32	2	30	64	235.541	250.959	282.125	16.943	5711.041	5860.291	5928.250	65.730	86.9127	89.0370	1.3123	measured
2112	780	1647360	single-workgroup-tree	6	130	-	6	32	2	30	64	232.250	257.125	286.250	19.611	5628.125	5771.083	5845.292	67.384	85.6488	87.5231	1.3809	measured
2112	780	1647360	single-workgroup-tree	10	78	-	10	48	2	30	64	228.042	246.584	265.750	14.886	5066.958	5183.375	5225.000	71.156	76.8082	78.3618	1.3658	measured
2112	780	1647360	single-workgroup-tree	12	65	-	12	48	2	30	64	227.042	242.500	273.417	17.149	4985.125	5092.958	5168.792	61.558	75.5251	76.9914	1.2493	measured
2112	780	1647360	single-workgroup-tree	13	60	-	13	64	2	30	64	235.459	261.125	283.291	17.358	5633.375	5755.542	5830.541	63.911	85.6812	87.2130	1.2900	measured
2112	780	1647360	single-workgroup-tree	15	52	-	15	64	2	30	64	229.542	252.959	276.500	17.762	4920.250	5030.959	5106.542	66.806	74.4557	75.8413	1.3423	measured
2112	780	1647360	single-workgroup-tree	20	39	-	20	80	2	30	64	226.375	245.625	282.667	30.855	4962.084	5076.583	5109.459	44.741	75.1700	76.6819	1.1999	measured
2112	780	1647360	single-workgroup-tree	26	30	-	26	112	2	30	64	230.625	251.541	283.916	32.561	5298.833	5415.958	5488.167	74.822	80.4477	81.9749	1.7045	measured
2112	780	1647360	single-workgroup-tree	30	26	-	30	128	2	30	64	228.250	248.583	271.084	16.316	5179.708	5274.708	5339.417	55.150	78.5946	79.7798	1.1344	measured
2112	780	1647360	single-workgroup-tree	39	20	-	39	160	2	30	64	227.792	257.125	344.375	45.090	5059.334	5148.583	5228.834	52.874	76.6911	77.6422	1.5550	measured
2112	780	1647360	single-workgroup-tree	52	15	-	52	208	2	30	64	223.208	250.000	274.708	16.008	5017.416	5120.042	5174.708	54.903	76.0985	77.3023	1.1256	measured
2112	780	1647360	single-workgroup-tree	60	13	-	60	240	2	30	64	233.500	256.958	282.875	29.733	5416.167	5557.916	5617.458	61.248	82.2646	84.1422	1.4441	measured
2112	780	1647360	single-workgroup-tree	65	12	-	65	272	2	30	64	226.083	246.709	279.541	34.292	4959.375	5065.708	5130.750	50.384	75.1316	76.4920	1.3441	measured
2112	780	1647360	single-workgroup-tree	78	10	-	78	320	2	30	64	226.084	247.417	278.208	20.513	5009.292	5150.125	5210.916	68.757	75.9239	77.8208	1.4170	measured
2112	780	1647360	single-workgroup-tree	130	6	-	130	528	2	30	64	234.125	252.458	277.458	17.468	5414.334	5587.458	5637.459	58.892	82.2255	84.6825	1.2121	measured
2112	780	1647360	single-workgroup-tree	156	5	-	156	624	2	30	64	232.917	250.708	281.000	16.967	5387.833	5531.666	5585.666	61.724	81.8241	83.8247	1.2491	measured
2112	780	1647360	single-workgroup-tree	195	4	-	195	784	2	30	64	243.750	263.250	288.917	16.898	6067.875	6203.667	6292.250	72.137	92.4464	94.2923	1.4133	measured
2112	780	1647360	single-workgroup-tree	260	3	production	260	1040	2	30	64	238.250	257.875	296.375	23.329	5777.792	5906.875	5977.500	57.507	87.9292	89.6667	1.2831	measured
2112	780	1647360	single-workgroup-tree	390	2	-	390	1568	2	30	64	285.583	315.250	338.875	20.153	9033.834	9177.792	9225.292	63.112	138.8611	140.6753	1.3217	measured
2112	1042	2200704	single-workgroup-tree	2	521	production	2	16	2	30	64	273.875	305.500	331.167	29.330	7977.709	8116.500	8169.750	66.603	122.2831	123.9841	1.5227	measured
2112	1042	2200704	single-workgroup-tree	521	2	-	521	2096	2	30	64	273.250	303.000	310.750	12.827	7881.000	7992.792	8066.375	56.171	120.7579	122.0602	1.0952	measured
2112	774	1634688	single-workgroup-tree	2	387	-	2	16	2	30	64	275.166	313.708	343.833	33.876	8130.042	8247.375	8307.958	54.247	124.6806	125.9312	1.3988	measured
2112	774	1634688	single-workgroup-tree	3	258	-	3	16	2	30	64	285.000	312.083	333.583	15.733	8769.792	8827.208	8900.125	53.705	134.6792	135.1607	1.1022	measured
2112	774	1634688	single-workgroup-tree	6	129	-	6	32	2	30	64	231.417	262.750	281.209	22.696	5335.916	5452.500	5580.542	74.435	81.0238	82.3770	1.5418	measured
2112	774	1634688	single-workgroup-tree	9	86	-	9	48	2	30	64	230.250	260.291	281.959	20.929	5108.500	5180.833	5272.250	183.626	77.4325	78.1038	3.2469	measured
2112	774	1634688	single-workgroup-tree	18	43	-	18	80	2	30	64	226.959	256.959	279.584	23.843	4928.667	4999.166	5051.750	61.802	74.6303	75.2731	1.3594	measured
2112	774	1634688	single-workgroup-tree	43	18	-	43	176	2	30	64	226.542	254.875	282.334	27.721	4963.542	5022.541	5069.958	38.927	75.1905	75.6772	1.0579	measured
2112	774	1634688	single-workgroup-tree	86	9	-	86	352	2	30	64	229.042	253.458	279.792	34.851	5008.791	5095.125	5156.458	47.798	75.8690	76.8519	1.3119	measured
2112	774	1634688	single-workgroup-tree	129	6	-	129	528	2	30	64	230.250	254.833	277.625	18.037	5127.833	5205.292	5285.083	49.286	77.7394	78.5787	1.0686	measured
2112	774	1634688	single-workgroup-tree	258	3	production	258	1040	2	30	64	264.291	292.666	307.916	30.941	7512.666	7618.708	7694.542	54.419	115.0536	116.2864	1.3549	measured
2112	774	1634688	single-workgroup-tree	387	2	-	387	1552	2	30	64	265.292	290.125	314.709	17.420	7345.083	7460.875	7553.416	74.031	112.3776	113.8214	1.4516	measured
2112	783	1653696	single-workgroup-tree	3	261	-	3	16	2	30	64	237.833	246.375	251.791	7.316	5904.500	6046.833	6097.833	79.294	89.9471	92.0708	1.3748	measured
2112	783	1653696	single-workgroup-tree	9	87	-	9	48	2	30	64	232.250	239.708	245.167	3.907	5548.584	5665.292	5771.125	80.049	84.3863	86.1204	1.3326	measured
2112	783	1653696	single-workgroup-tree	27	29	-	27	112	2	30	64	221.833	231.750	235.667	25.639	4890.625	5006.042	5060.792	53.248	74.1078	75.7824	1.2522	measured
2112	783	1653696	single-workgroup-tree	29	27	-	29	128	2	30	64	222.541	230.083	235.500	18.944	4884.625	4974.333	5022.208	50.362	74.0013	75.3056	1.1001	measured
2112	783	1653696	single-workgroup-tree	87	9	-	87	352	2	30	64	228.083	236.125	251.083	27.275	5307.417	5445.750	5494.833	68.421	80.6243	82.6925	1.5190	measured
2112	783	1653696	single-workgroup-tree	261	3	production	261	1056	2	30	64	232.875	241.917	246.958	37.975	5562.958	5696.875	5734.583	56.597	84.6045	86.5866	1.5011	measured
2112	900	1900800	single-workgroup-tree	2	450	-	2	16	2	30	64	341.750	372.083	398.292	26.869	12463.667	12592.250	12643.125	59.727	192.4114	193.9709	1.3745	measured
2112	900	1900800	single-workgroup-tree	3	300	-	3	16	2	30	64	257.000	292.167	312.625	28.176	6704.875	6840.834	6911.500	67.699	102.3472	103.9471	1.5218	measured
2112	900	1900800	single-workgroup-tree	4	225	-	4	16	2	30	64	252.792	279.542	307.166	31.549	6758.208	6873.042	6936.083	56.970	103.2606	104.6587	1.4051	measured
2112	900	1900800	single-workgroup-tree	5	180	-	5	32	2	30	64	273.250	304.209	328.292	40.425	8158.500	8306.292	8383.625	65.367	125.1627	127.0172	1.6792	measured
2112	900	1900800	single-workgroup-tree	6	150	-	6	32	2	30	64	265.583	302.250	319.041	22.941	7721.917	7831.541	7908.417	62.041	118.3545	119.5126	1.3489	measured
2112	900	1900800	single-workgroup-tree	9	100	-	9	48	2	30	64	238.041	265.917	289.667	27.083	5790.375	5944.584	5982.459	57.777	88.1323	90.1376	1.3470	measured
2112	900	1900800	single-workgroup-tree	10	90	-	10	48	2	30	64	253.166	280.375	312.541	21.370	6801.667	6948.916	6997.583	74.246	103.9445	105.8499	1.5177	measured
2112	900	1900800	single-workgroup-tree	12	75	-	12	48	2	30	64	242.667	266.083	294.917	25.682	6109.541	6274.750	6319.584	56.716	93.1250	95.3757	1.3079	measured
2112	900	1900800	single-workgroup-tree	15	60	-	15	64	2	30	64	244.792	272.459	301.084	27.500	6305.541	6438.458	6505.584	72.843	96.2024	97.8730	1.5927	measured
2112	900	1900800	single-workgroup-tree	18	50	-	18	80	2	30	64	237.250	260.416	293.625	40.852	5651.667	5764.917	5832.208	57.721	85.9431	87.3730	1.5647	measured
2112	900	1900800	single-workgroup-tree	20	45	-	20	80	2	30	64	239.125	256.125	287.709	19.007	5673.375	5810.584	5837.917	55.201	86.2579	88.1660	1.1779	measured
2112	900	1900800	single-workgroup-tree	25	36	-	25	112	2	30	64	235.042	258.250	286.708	19.303	5622.708	5750.500	5790.667	46.287	85.5185	87.1786	1.0411	measured
2112	900	1900800	single-workgroup-tree	30	30	-	30	128	2	30	64	242.542	271.917	296.417	36.473	6109.125	6272.833	6343.916	61.560	93.1204	95.2526	1.5561	measured
2112	900	1900800	single-workgroup-tree	36	25	-	36	144	2	30	64	236.000	261.292	284.084	41.328	5727.166	5856.292	5897.708	61.234	87.1614	88.8095	1.6280	measured
2112	900	1900800	single-workgroup-tree	45	20	-	45	192	2	30	64	238.583	263.625	287.375	39.092	5656.959	5786.708	5826.625	54.450	86.0060	87.6680	1.4848	measured
2112	900	1900800	single-workgroup-tree	50	18	-	50	208	2	30	64	236.541	257.750	288.166	18.750	5686.208	5782.792	5829.375	43.734	86.5027	87.6991	0.9918	measured
2112	900	1900800	single-workgroup-tree	60	15	-	60	240	2	30	64	243.583	267.209	293.916	34.335	6128.917	6265.375	6326.666	58.241	93.4180	95.2090	1.4695	measured
2112	900	1900800	single-workgroup-tree	75	12	-	75	304	2	30	64	239.125	266.833	295.916	32.437	5944.750	6068.916	6159.541	69.577	90.5655	92.0966	1.6193	measured
2112	900	1900800	single-workgroup-tree	90	10	-	90	368	2	30	64	238.584	270.000	298.416	19.631	6424.959	6548.875	6617.208	63.038	98.1964	99.6647	1.3122	measured
2112	900	1900800	single-workgroup-tree	100	9	-	100	400	2	30	64	240.083	265.459	291.791	32.514	5777.333	5884.125	5939.084	56.093	87.8929	89.1852	1.4065	measured
2112	900	1900800	single-workgroup-tree	150	6	-	150	608	2	30	64	255.000	281.792	309.875	31.873	7029.917	7155.084	7250.208	70.549	107.5384	109.0999	1.6257	measured
2112	900	1900800	single-workgroup-tree	180	5	-	180	720	2	30	64	263.042	289.125	315.125	21.291	7305.583	7474.709	7569.083	76.468	111.7864	114.0569	1.5517	measured
2112	900	1900800	single-workgroup-tree	225	4	production	225	912	2	30	64	242.917	274.167	304.250	23.893	6149.542	6257.667	6327.417	58.199	93.7560	94.9762	1.3031	measured
2112	900	1900800	single-workgroup-tree	300	3	-	300	1200	2	30	64	245.417	278.708	293.167	18.851	6360.250	6479.666	6555.125	52.755	97.0608	98.4279	1.1366	measured
2112	900	1900800	single-workgroup-tree	450	2	-	450	1808	2	30	64	308.000	335.541	357.417	18.288	10321.250	10468.000	10513.709	53.585	158.9405	160.8327	1.1409	measured
2112	1006	2124672	single-workgroup-tree	2	503	-	2	16	2	30	64	311.333	347.334	373.167	38.445	10504.458	10579.666	10615.250	40.803	161.7956	162.4180	1.2579	measured
2112	1006	2124672	single-workgroup-tree	503	2	production	503	2016	2	30	64	292.708	324.583	341.916	18.183	9369.166	9502.083	9555.792	58.480	144.0708	145.6746	1.2169	measured
2112	1082	2285184	single-workgroup-tree	2	541	production	2	16	2	30	64	281.208	316.000	325.208	15.636	8235.416	8372.084	8463.375	75.075	126.2573	127.8743	1.4399	measured
2112	1082	2285184	single-workgroup-tree	541	2	-	541	2176	2	30	64	278.208	311.084	323.625	14.220	8139.125	8231.792	8306.625	57.835	124.7765	125.7255	1.1437	measured
2112	1280	2703360	single-workgroup-tree	2	640	-	2	16	2	30	64	305.833	332.458	360.417	35.875	10478.667	10582.500	10693.375	69.751	161.4736	162.6991	1.6766	measured
2112	1280	2703360	single-workgroup-tree	4	320	-	4	16	2	30	64	289.500	311.583	334.333	27.772	9153.083	9250.209	9328.750	61.899	140.6918	141.8830	1.4234	measured
2112	1280	2703360	single-workgroup-tree	5	256	-	5	32	2	30	64	280.625	304.834	329.875	16.645	8886.291	9014.708	9097.792	66.855	136.5979	138.2520	1.3254	measured
2112	1280	2703360	single-workgroup-tree	8	160	-	8	32	2	30	64	280.167	299.333	332.334	31.073	8591.667	8685.333	8771.625	59.119	131.9286	133.1111	1.4316	measured
2112	1280	2703360	single-workgroup-tree	10	128	-	10	48	2	30	64	289.209	316.917	336.667	23.531	9453.542	9561.542	9610.958	55.071	145.4656	146.7401	1.2476	measured
2112	1280	2703360	single-workgroup-tree	16	80	-	16	64	2	30	64	285.584	306.125	326.041	29.738	8693.333	8860.000	8911.792	49.433	133.4563	135.7758	1.2567	measured
2112	1280	2703360	single-workgroup-tree	20	64	-	20	80	2	30	64	275.459	299.458	323.375	38.516	8287.792	8407.959	8502.083	61.135	127.1799	128.7064	1.5818	measured
2112	1280	2703360	single-workgroup-tree	32	40	-	32	128	2	30	64	276.500	305.625	344.167	37.423	8451.833	8573.584	8672.042	65.500	129.7672	131.2374	1.6337	measured
2112	1280	2703360	single-workgroup-tree	40	32	-	40	160	2	30	64	282.041	303.833	333.833	26.416	8698.167	8844.917	8908.667	66.602	133.5893	135.5728	1.4765	measured
2112	1280	2703360	single-workgroup-tree	64	20	-	64	256	2	30	64	273.000	300.500	323.500	25.392	8306.416	8424.708	8507.292	71.189	127.5145	128.9557	1.5330	measured
2112	1280	2703360	single-workgroup-tree	80	16	-	80	320	2	30	64	286.875	306.208	335.333	29.155	8954.375	9019.334	9076.792	48.220	137.5794	138.3036	1.2282	measured
2112	1280	2703360	single-workgroup-tree	128	10	-	128	512	2	30	64	289.000	306.875	339.750	32.396	9223.334	9352.625	9400.750	51.204	141.8148	143.5833	1.3270	measured
2112	1280	2703360	single-workgroup-tree	160	8	-	160	640	2	30	64	279.333	298.000	333.583	36.320	8697.792	8778.667	8857.208	53.662	133.6263	134.6138	1.4283	measured
2112	1280	2703360	single-workgroup-tree	256	5	production	256	1024	2	30	64	278.500	297.833	328.708	29.586	8574.250	8682.500	8750.834	57.015	131.6786	133.0900	1.3746	measured
2112	1280	2703360	single-workgroup-tree	320	4	-	320	1280	2	30	64	281.666	302.583	329.459	16.885	8713.833	8827.042	8864.916	52.094	133.8439	135.3089	1.0949	measured
2112	1280	2703360	single-workgroup-tree	640	2	-	640	2560	2	30	64	278.417	325.917	340.667	17.428	9892.625	10020.417	10085.708	69.229	152.6065	153.8810	1.3755	measured
2112	775	1636800	single-workgroup-tree	5	155	-	5	32	2	30	64	234.500	260.000	290.500	25.315	5572.416	5692.166	5774.458	60.045	84.7288	86.2249	1.3549	measured
2112	775	1636800	single-workgroup-tree	25	31	-	25	112	2	30	64	228.209	241.209	272.750	17.985	4857.375	4976.167	5012.208	58.327	73.4788	75.1581	1.2113	measured
2112	775	1636800	single-workgroup-tree	31	25	-	31	128	2	30	64	225.542	245.375	270.375	38.723	4879.917	4985.833	5054.042	58.088	73.8790	75.2454	1.5367	measured
2112	775	1636800	single-workgroup-tree	155	5	production	155	624	2	30	64	232.292	256.667	276.208	16.815	5185.084	5305.375	5348.417	62.072	78.6157	80.1382	1.2522	measured
2112	785	1657920	single-workgroup-tree	5	157	-	5	32	2	30	64	238.833	258.375	281.500	30.691	5616.250	5756.917	5817.375	66.775	85.3558	87.2784	1.5471	measured
2112	785	1657920	single-workgroup-tree	157	5	production	157	640	2	30	64	235.166	251.958	272.875	30.511	5285.083	5375.791	5480.625	67.476	80.1574	81.3307	1.5553	measured
2112	899	1898688	single-workgroup-tree	29	31	-	29	128	2	30	64	235.375	247.292	268.250	16.928	5624.000	5726.459	5787.750	57.647	85.5337	86.9709	1.1837	measured
2112	899	1898688	single-workgroup-tree	31	29	production	31	128	2	30	64	234.166	241.833	260.750	9.765	5641.125	5715.041	5780.833	50.169	85.8247	86.8763	0.9513	measured
2112	1008	2128896	single-workgroup-tree	2	504	-	2	16	2	30	64	364.417	388.708	480.375	37.212	13903.042	14047.791	14112.542	66.005	214.8988	216.8108	1.6384	measured
2112	1008	2128896	single-workgroup-tree	3	336	-	3	16	2	30	64	272.542	297.583	327.042	38.139	8073.125	8197.167	8281.167	71.651	123.8188	125.3902	1.7427	measured
2112	1008	2128896	single-workgroup-tree	4	252	-	4	16	2	30	64	302.292	323.750	349.792	50.887	9905.500	10010.584	10093.333	65.857	152.4319	153.7593	1.8531	measured
2112	1008	2128896	single-workgroup-tree	6	168	-	6	32	2	30	64	280.417	305.042	322.792	15.372	8578.541	8713.500	8767.208	60.512	131.7163	133.4676	1.2045	measured
2112	1008	2128896	single-workgroup-tree	7	144	-	7	32	2	30	64	251.500	267.292	298.417	16.024	6620.792	6717.875	6793.792	62.972	101.0999	102.3902	1.2539	measured
2112	1008	2128896	single-workgroup-tree	8	126	-	8	32	2	30	64	252.250	279.542	306.959	44.281	6759.750	6914.125	6981.333	71.782	103.2937	105.3108	1.8423	measured
2112	1008	2128896	single-workgroup-tree	9	112	-	9	48	2	30	64	246.625	262.875	296.250	28.713	6705.917	6830.000	6899.833	56.321	102.5284	104.2401	1.3497	measured
2112	1008	2128896	single-workgroup-tree	12	84	-	12	48	2	30	64	254.375	273.292	305.875	29.922	7251.667	7387.209	7447.750	67.413	111.0681	112.9193	1.5450	measured
2112	1008	2128896	single-workgroup-tree	14	72	-	14	64	2	30	64	255.000	267.500	297.459	14.465	7056.459	7186.166	7251.584	62.491	107.9597	109.8201	1.2215	measured
2112	1008	2128896	single-workgroup-tree	16	63	-	16	64	2	30	64	247.375	265.583	296.208	17.149	6630.833	6788.666	6835.916	60.308	101.3247	103.5410	1.2295	measured
2112	1008	2128896	single-workgroup-tree	18	56	-	18	80	2	30	64	240.583	261.916	286.334	15.887	6380.917	6466.875	6522.291	47.527	97.4656	98.4914	1.0066	measured
2112	1008	2128896	single-workgroup-tree	21	48	-	21	96	2	30	64	248.875	272.042	356.209	47.654	6772.417	6873.375	6949.042	54.658	103.5483	104.7831	1.6240	measured
2112	1008	2128896	single-workgroup-tree	24	42	-	24	96	2	30	64	246.666	263.916	298.959	17.878	6780.125	6880.833	6938.291	60.276	103.7057	105.0304	1.2405	measured
2112	1008	2128896	single-workgroup-tree	28	36	-	28	112	2	30	64	239.750	261.792	298.000	27.546	6370.083	6501.125	6539.416	44.385	97.3069	99.0370	1.1418	measured
2112	1008	2128896	single-workgroup-tree	36	28	-	36	144	2	30	64	241.208	266.541	288.417	26.803	6429.459	6522.083	6571.667	44.979	98.2262	99.2943	1.1394	measured
2112	1008	2128896	single-workgroup-tree	42	24	-	42	176	2	30	64	252.125	277.625	296.000	17.649	6723.333	6821.125	6885.125	48.321	102.7176	103.8651	1.0471	measured
2112	1008	2128896	single-workgroup-tree	48	21	-	48	192	2	30	64	245.917	274.917	302.959	22.864	6766.333	6869.291	6939.583	63.482	103.4987	104.6726	1.3706	measured
2112	1008	2128896	single-workgroup-tree	56	18	-	56	224	2	30	64	242.458	266.000	287.750	15.450	6420.792	6536.042	6602.291	56.561	98.0688	99.5245	1.1430	measured
2112	1008	2128896	single-workgroup-tree	63	16	-	63	256	2	30	64	242.667	265.959	295.583	15.819	6607.083	6753.542	6806.375	56.148	101.0225	102.9775	1.1423	measured
2112	1008	2128896	single-workgroup-tree	72	14	-	72	288	2	30	64	246.250	272.166	299.125	17.695	6942.333	7049.250	7091.917	47.776	106.2870	107.5728	1.0392	measured
2112	1008	2128896	single-workgroup-tree	84	12	-	84	336	2	30	64	247.833	271.625	300.500	22.674	7031.584	7147.209	7248.625	64.246	107.6786	109.1363	1.3797	measured
2112	1008	2128896	single-workgroup-tree	112	9	-	112	448	2	30	64	250.667	273.166	303.625	34.006	6641.791	6778.792	6848.542	65.090	101.4464	103.2639	1.5729	measured
2112	1008	2128896	single-workgroup-tree	126	8	-	126	512	2	30	64	229.291	257.250	288.416	46.379	6558.542	6717.458	6798.583	66.097	100.4643	102.5430	1.7853	measured
2112	1008	2128896	single-workgroup-tree	144	7	-	144	576	2	30	64	245.541	260.291	291.833	24.048	6589.834	6674.917	6735.291	50.670	100.7031	101.8195	1.1860	measured
2112	1008	2128896	single-workgroup-tree	168	6	-	168	672	2	30	64	263.125	282.208	312.458	23.152	7820.917	7993.209	8038.583	70.382	119.9650	122.3968	1.4847	measured
2112	1008	2128896	single-workgroup-tree	252	4	production	252	1008	2	30	64	280.209	295.083	326.459	23.926	8770.833	8865.375	8941.000	52.972	134.7718	136.0364	1.2206	measured
2112	1008	2128896	single-workgroup-tree	336	3	-	336	1344	2	30	64	256.250	275.917	300.750	14.323	7478.000	7608.166	7675.917	84.175	114.6310	116.3849	1.5635	measured
2112	1008	2128896	single-workgroup-tree	504	2	-	504	2016	2	30	64	326.708	341.334	370.792	31.652	11646.375	11757.583	11852.250	64.865	179.6773	181.2103	1.5320	measured
2112	1094	2310528	single-workgroup-tree	2	547	production	2	16	2	30	64	281.500	308.792	331.458	41.056	8309.917	8387.959	8515.584	76.551	127.4352	128.2407	1.8668	measured
2112	1094	2310528	single-workgroup-tree	547	2	-	547	2192	2	30	64	277.833	311.209	323.000	20.915	8240.167	8326.500	8412.917	58.999	126.3863	127.2268	1.2685	measured
2112	1282	2707584	single-workgroup-tree	2	641	production	2	16	2	30	64	293.417	313.292	342.708	19.175	9771.833	9843.584	9917.958	55.132	150.4510	151.2745	1.1795	measured
2112	1282	2707584	single-workgroup-tree	641	2	-	641	2576	2	30	64	296.625	310.250	334.292	19.996	9618.875	9720.625	9779.208	56.147	147.9722	149.3710	1.2086	measured
8192	780	6389760	single-workgroup-tree	2	390	-	2	16	2	30	64	745.083	809.208	895.375	50.195	38517.334	38587.500	38671.458	58.730	599.5595	599.6554	1.7290	measured
8192	780	6389760	single-workgroup-tree	3	260	-	3	16	2	30	64	484.667	524.083	569.500	35.818	21762.500	21917.458	21978.792	60.574	337.7434	339.5774	1.5300	measured
8192	780	6389760	single-workgroup-tree	4	195	-	4	16	2	30	64	503.542	533.084	561.417	26.747	23064.917	23189.875	23251.084	63.559	358.1171	359.6316	1.4334	measured
8192	780	6389760	single-workgroup-tree	5	156	-	5	32	2	30	64	454.125	493.292	520.500	21.994	20619.500	20709.333	20797.792	60.704	320.0853	320.8895	1.3127	measured
8192	780	6389760	single-workgroup-tree	6	130	-	6	32	2	30	64	458.250	480.959	510.417	24.623	20363.250	20491.625	20613.250	86.936	315.9524	317.6296	1.7708	measured
8192	780	6389760	single-workgroup-tree	10	78	-	10	48	2	30	64	452.625	487.916	562.250	40.112	19753.541	19869.250	19989.167	73.075	306.3637	307.6402	1.7966	measured
8192	780	6389760	single-workgroup-tree	12	65	-	12	48	2	30	64	451.959	474.333	527.167	39.082	19738.875	19825.458	19956.166	71.555	306.1415	307.1607	1.7562	measured
8192	780	6389760	single-workgroup-tree	13	60	-	13	64	2	30	64	463.750	485.750	563.041	38.950	20690.333	20806.959	20863.583	56.391	321.0569	322.5589	1.5133	measured
8192	780	6389760	single-workgroup-tree	15	52	-	15	64	2	30	64	450.209	462.458	508.000	28.857	19693.375	19803.625	19954.375	78.600	305.4471	307.0027	1.7057	measured
8192	780	6389760	single-workgroup-tree	20	39	-	20	80	2	30	64	450.000	472.209	525.250	37.706	19692.750	19792.500	19865.750	51.419	305.4405	306.6713	1.4147	measured
8192	780	6389760	single-workgroup-tree	26	30	-	26	112	2	30	64	462.542	495.208	527.083	34.269	20528.375	20588.000	20661.792	50.530	318.5053	318.9332	1.3460	measured
8192	780	6389760	single-workgroup-tree	30	26	-	30	128	2	30	64	456.084	488.750	512.583	20.845	20158.875	20266.208	20343.875	63.737	312.7427	313.9279	1.3426	measured
8192	780	6389760	single-workgroup-tree	39	20	-	39	160	2	30	64	449.458	485.958	566.500	48.564	19513.750	19636.583	19690.334	63.941	302.6078	303.9782	1.7858	measured
8192	780	6389760	single-workgroup-tree	52	15	-	52	208	2	30	64	450.458	484.750	523.208	26.301	19558.709	19652.750	19743.708	59.373	303.3056	304.2540	1.3599	measured
8192	780	6389760	single-workgroup-tree	60	13	-	60	240	2	30	64	463.750	497.917	540.667	25.120	20391.000	20493.333	20552.542	55.166	316.3056	317.3876	1.2744	measured
8192	780	6389760	single-workgroup-tree	65	12	-	65	272	2	30	64	454.167	483.250	548.167	31.188	19544.125	19676.916	19748.958	64.479	303.0152	304.6614	1.5185	measured
8192	780	6389760	single-workgroup-tree	78	10	-	78	320	2	30	64	450.709	486.625	519.750	48.332	19638.417	19697.833	19762.708	45.836	304.5668	304.9398	1.4947	measured
8192	780	6389760	single-workgroup-tree	130	6	-	130	528	2	30	64	457.959	492.708	508.208	20.401	20110.125	20236.292	20383.584	96.941	311.9391	313.3902	1.8626	measured
8192	780	6389760	single-workgroup-tree	156	5	-	156	624	2	30	64	456.708	494.458	523.208	32.710	20154.334	20211.708	20267.833	77.645	312.6607	312.9722	1.7517	measured
8192	780	6389760	single-workgroup-tree	195	4	-	195	784	2	30	64	482.708	519.291	537.000	30.167	21664.500	21773.000	21817.208	48.261	336.2189	337.3605	1.2449	measured
8192	780	6389760	single-workgroup-tree	260	3	production	260	1040	2	30	64	468.667	503.042	517.875	17.181	20689.250	20821.125	20861.375	49.281	320.9616	322.5093	1.0549	measured
8192	780	6389760	single-workgroup-tree	390	2	-	390	1568	2	30	64	644.166	697.500	767.084	42.158	31896.333	31978.875	32047.875	60.436	496.0661	496.5298	1.6285	measured
8192	1042	8536064	single-workgroup-tree	2	521	production	2	16	2	30	64	611.209	678.875	735.833	44.286	29586.458	29685.834	29758.666	81.143	459.9246	460.4279	1.9909	measured
8192	1042	8536064	single-workgroup-tree	521	2	-	521	2096	2	30	64	594.792	662.208	727.875	43.725	28833.125	28978.166	29126.875	85.098	448.2275	449.4597	2.0448	measured
8192	774	6340608	single-workgroup-tree	2	387	-	2	16	2	30	64	597.791	667.208	704.875	46.831	28997.833	29114.208	29279.167	98.588	450.7943	451.5397	2.3082	measured
8192	774	6340608	single-workgroup-tree	3	258	-	3	16	2	30	64	633.167	669.750	758.917	44.140	31048.458	31162.750	31270.125	94.639	482.7824	484.0159	2.2029	measured
8192	774	6340608	single-workgroup-tree	6	129	-	6	32	2	30	64	456.750	489.042	532.791	24.307	19785.083	19912.959	20060.208	145.967	306.7989	308.3161	2.7028	measured
8192	774	6340608	single-workgroup-tree	9	86	-	9	48	2	30	64	447.750	476.583	514.417	50.023	19526.083	19633.834	19741.750	91.238	302.8307	304.0833	2.2422	measured
8192	774	6340608	single-workgroup-tree	18	43	-	18	80	2	30	64	448.958	481.458	528.500	38.844	19455.458	19594.292	19759.083	107.876	301.6905	303.3783	2.3289	measured
8192	774	6340608	single-workgroup-tree	43	18	-	43	176	2	30	64	444.459	465.375	501.125	38.921	19348.083	19439.959	19577.541	106.160	300.0575	301.1839	2.3029	measured
8192	774	6340608	single-workgroup-tree	86	9	-	86	352	2	30	64	449.333	467.458	498.709	44.781	19408.000	19519.000	19651.125	81.143	300.9312	302.4054	1.9988	measured
8192	774	6340608	single-workgroup-tree	129	6	-	129	528	2	30	64	449.083	474.208	495.500	18.840	19445.333	19550.875	19665.833	104.593	301.5278	302.8042	1.9592	measured
8192	774	6340608	single-workgroup-tree	258	3	production	258	1040	2	30	64	566.125	622.667	672.542	37.067	26583.417	26694.459	26790.625	70.642	412.9729	413.8380	1.7097	measured
8192	774	6340608	single-workgroup-tree	387	2	-	387	1552	2	30	64	559.042	590.250	668.792	37.436	26139.417	26281.708	26386.042	79.613	406.0377	407.8009	1.8579	measured
8192	783	6414336	single-workgroup-tree	3	261	-	3	16	2	30	64	479.667	510.000	530.833	18.249	21478.625	21543.375	21593.625	53.823	333.3168	333.8631	1.1440	measured
8192	783	6414336	single-workgroup-tree	9	87	-	9	48	2	30	64	469.250	485.625	514.750	20.865	20447.875	20522.833	20637.042	71.114	317.1210	318.0509	1.4600	measured
8192	783	6414336	single-workgroup-tree	27	29	-	27	112	2	30	64	454.584	479.292	505.791	54.997	19756.291	19855.000	19942.333	62.578	306.3763	307.5509	1.8663	measured
8192	783	6414336	single-workgroup-tree	29	27	-	29	128	2	30	64	443.083	477.833	506.166	33.237	19713.709	19821.625	19901.333	54.532	305.8830	307.0443	1.3932	measured
8192	783	6414336	single-workgroup-tree	87	9	-	87	352	2	30	64	460.792	485.167	518.667	25.537	20197.541	20281.250	20338.791	50.037	313.2817	314.2235	1.1996	measured
8192	783	6414336	single-workgroup-tree	261	3	production	261	1056	2	30	64	461.417	491.375	528.875	27.150	20273.417	20373.792	20444.083	65.120	314.4762	315.5939	1.4646	measured
8192	900	7372800	single-workgroup-tree	2	450	-	2	16	2	30	64	843.917	898.541	950.750	38.371	44313.291	44421.417	44536.791	84.531	689.9901	690.8393	1.9508	measured
8192	900	7372800	single-workgroup-tree	3	300	-	3	16	2	30	64	535.416	571.083	662.250	49.734	24526.834	24614.791	24726.875	68.688	380.8162	381.6462	1.8797	measured
8192	900	7372800	single-workgroup-tree	4	225	-	4	16	2	30	64	525.042	569.334	632.917	44.518	24498.917	24582.042	24683.833	63.644	380.5377	381.1541	1.7169	measured
8192	900	7372800	single-workgroup-tree	5	180	-	5	32	2	30	64	611.416	642.542	718.167	43.192	29339.041	29401.750	29506.541	73.445	455.9940	456.4954	1.8514	measured
8192	900	7372800	single-workgroup-tree	6	150	-	6	32	2	30	64	588.125	627.375	718.084	50.976	27768.417	27875.500	27962.166	71.700	431.4332	432.5099	1.9472	measured
8192	900	7372800	single-workgroup-tree	9	100	-	9	48	2	30	64	514.250	549.250	586.583	24.321	23796.750	23868.208	23972.750	57.036	369.5635	370.1422	1.2914	measured
8192	900	7372800	single-workgroup-tree	10	90	-	10	48	2	30	64	535.375	562.083	640.167	43.458	25039.459	25138.417	25292.083	82.317	388.9537	390.1005	1.9964	measured
8192	900	7372800	single-workgroup-tree	12	75	-	12	48	2	30	64	523.583	556.875	663.042	50.354	24107.250	24256.583	24330.125	63.969	374.3439	376.1858	1.8146	measured
8192	900	7372800	single-workgroup-tree	15	60	-	15	64	2	30	64	524.250	561.625	641.334	41.328	24326.291	24457.958	24504.584	62.519	377.8102	379.3069	1.6484	measured
8192	900	7372800	single-workgroup-tree	18	50	-	18	80	2	30	64	519.708	543.791	586.708	29.849	23822.917	23916.458	24004.000	61.414	369.8922	370.9947	1.4486	measured
8192	900	7372800	single-workgroup-tree	20	45	-	20	80	2	30	64	509.500	544.167	601.334	34.811	23659.417	23792.792	23860.334	57.120	367.4590	369.0258	1.4592	measured
8192	900	7372800	single-workgroup-tree	25	36	-	25	112	2	30	64	519.083	553.542	618.833	32.905	23730.208	23858.792	23955.875	83.950	368.4306	369.9246	1.8548	measured
8192	900	7372800	single-workgroup-tree	30	30	-	30	128	2	30	64	541.750	568.250	659.833	50.803	25148.083	25216.750	25357.042	79.094	390.5767	391.2460	2.0618	measured
8192	900	7372800	single-workgroup-tree	36	25	-	36	144	2	30	64	512.209	544.500	587.333	29.374	23382.500	23478.125	23549.666	51.239	363.0205	364.0258	1.2796	measured
8192	900	7372800	single-workgroup-tree	45	20	-	45	192	2	30	64	510.959	536.334	563.875	20.345	23326.833	23455.834	23544.083	73.534	362.1567	363.8016	1.4901	measured
8192	900	7372800	single-workgroup-tree	50	18	-	50	208	2	30	64	510.667	542.750	574.833	34.422	23354.291	23458.167	23511.208	53.095	362.5972	363.7368	1.3891	measured
8192	900	7372800	single-workgroup-tree	60	15	-	60	240	2	30	64	519.750	549.708	576.542	26.211	23898.792	23964.750	24054.375	67.281	371.0959	371.6673	1.4840	measured
8192	900	7372800	single-workgroup-tree	75	12	-	75	304	2	30	64	515.750	537.542	599.584	35.365	23580.542	23660.083	23787.958	72.735	366.1078	367.0245	1.7159	measured
8192	900	7372800	single-workgroup-tree	90	10	-	90	368	2	30	64	527.916	560.917	643.459	50.741	24546.625	24625.416	24689.958	46.439	381.2493	381.9762	1.5425	measured
8192	900	7372800	single-workgroup-tree	100	9	-	100	400	2	30	64	508.875	545.791	570.042	32.952	23384.833	23493.708	23598.042	65.622	363.1104	364.2527	1.5647	measured
8192	900	7372800	single-workgroup-tree	150	6	-	150	608	2	30	64	551.875	582.250	679.209	52.724	25946.542	26057.750	26135.333	64.905	403.0900	404.3730	1.8671	measured
8192	900	7372800	single-workgroup-tree	180	5	-	180	720	2	30	64	558.500	635.667	682.250	43.689	26723.375	26793.375	26862.167	51.134	415.3155	415.2017	1.5051	measured
8192	900	7372800	single-workgroup-tree	225	4	production	225	912	2	30	64	511.833	552.708	586.750	38.314	23494.291	23593.917	23730.916	78.773	364.8009	365.7335	1.8585	measured
8192	900	7372800	single-workgroup-tree	300	3	-	300	1200	2	30	64	516.375	530.708	561.125	35.057	23651.042	23745.875	23843.291	63.770	367.2169	368.4947	1.5687	measured
8192	900	7372800	single-workgroup-tree	450	2	-	450	1808	2	30	64	713.458	778.250	827.875	41.496	36476.958	36587.250	36665.125	59.871	567.6746	568.3968	1.6090	measured
8192	1006	8241152	single-workgroup-tree	2	503	-	2	16	2	30	64	736.834	805.000	856.667	38.295	37449.917	37547.500	37640.167	74.190	582.7473	583.2143	1.7855	measured
8192	1006	8241152	single-workgroup-tree	503	2	production	503	2016	2	30	64	696.500	762.167	807.833	49.021	33518.000	33612.042	33681.875	75.273	520.9762	521.4266	1.9729	measured
8192	1082	8863744	single-workgroup-tree	2	541	production	2	16	2	30	64	631.459	698.250	761.709	43.455	30773.750	30849.292	30897.041	84.514	478.4491	478.5880	2.0313	measured
8192	1082	8863744	single-workgroup-tree	541	2	-	541	2176	2	30	64	596.083	649.375	718.667	39.277	30006.125	30121.292	30287.000	99.914	466.8261	467.8082	2.2094	measured
8192	1280	10485760	single-workgroup-tree	2	640	-	2	16	2	30	64	745.417	789.125	844.417	33.458	37940.041	38056.458	38235.083	94.339	590.3909	591.5450	2.0285	measured
8192	1280	10485760	single-workgroup-tree	4	320	-	4	16	2	30	64	716.250	775.750	842.500	40.794	36011.000	36099.416	36255.625	82.493	560.2341	560.6931	1.9569	measured
8192	1280	10485760	single-workgroup-tree	5	256	-	5	32	2	30	64	708.625	793.792	834.458	35.083	35432.625	35567.291	35690.000	78.196	551.1746	551.9603	1.7981	measured
8192	1280	10485760	single-workgroup-tree	8	160	-	8	32	2	30	64	706.958	780.917	837.750	42.608	35610.625	35780.834	35848.542	97.058	554.0265	555.5542	2.2169	measured
8192	1280	10485760	single-workgroup-tree	10	128	-	10	48	2	30	64	715.709	762.375	818.000	34.569	36176.125	36276.083	36369.750	73.224	562.8637	563.7097	1.7110	measured
8192	1280	10485760	single-workgroup-tree	16	80	-	16	64	2	30	64	708.041	748.875	830.291	39.655	35555.375	35671.292	35804.583	92.049	553.1323	554.3241	2.0905	measured
8192	1280	10485760	single-workgroup-tree	20	64	-	20	80	2	30	64	700.000	739.333	799.958	39.256	34949.500	35121.500	35278.333	99.823	543.6429	545.7487	2.2076	measured
8192	1280	10485760	single-workgroup-tree	32	40	-	32	128	2	30	64	684.709	749.958	788.584	33.834	35181.084	35284.292	35424.667	110.213	547.5615	548.1640	2.2865	measured
8192	1280	10485760	single-workgroup-tree	40	32	-	40	160	2	30	64	698.208	741.708	799.500	35.858	35267.334	35356.000	35552.500	97.425	548.7163	549.4332	2.1156	measured
8192	1280	10485760	single-workgroup-tree	64	20	-	64	256	2	30	64	689.792	718.625	805.209	44.367	34235.083	34396.000	34580.584	134.095	532.4649	534.5615	2.8327	measured
8192	1280	10485760	single-workgroup-tree	80	16	-	80	320	2	30	64	696.833	741.083	801.500	45.220	34888.250	34984.834	35091.666	69.074	542.7209	543.5516	1.8142	measured
8192	1280	10485760	single-workgroup-tree	128	10	-	128	512	2	30	64	695.833	756.500	828.000	54.563	35283.458	35351.500	35472.667	65.299	549.0099	549.1270	1.9026	measured
8192	1280	10485760	single-workgroup-tree	160	8	-	160	640	2	30	64	711.792	752.125	813.083	37.387	34617.083	34767.083	34954.250	109.699	538.1792	539.9200	2.3347	measured
8192	1280	10485760	single-workgroup-tree	256	5	production	256	1024	2	30	64	693.584	755.375	810.208	37.348	34280.125	34429.084	34606.167	118.434	533.1197	534.5033	2.4727	measured
8192	1280	10485760	single-workgroup-tree	320	4	-	320	1280	2	30	64	700.250	743.833	815.667	37.700	34510.625	34663.833	34760.458	68.573	536.6726	538.4127	1.6869	measured
8192	1280	10485760	single-workgroup-tree	640	2	-	640	2560	2	30	64	714.709	773.291	849.500	46.147	36380.666	36475.334	36671.834	103.439	566.1263	566.6991	2.3744	measured
8192	775	6348800	single-workgroup-tree	5	155	-	5	32	2	30	64	460.917	487.541	520.792	21.194	20202.792	20309.125	20350.125	59.688	313.3631	314.6283	1.2838	measured
8192	775	6348800	single-workgroup-tree	25	31	-	25	112	2	30	64	453.833	486.333	507.458	24.443	19516.791	19619.375	19784.709	92.357	302.5866	303.6991	1.8540	measured
8192	775	6348800	single-workgroup-tree	31	25	-	31	128	2	30	64	446.958	489.291	515.958	46.559	19320.041	19442.041	19553.625	59.045	299.5727	300.8373	1.6763	measured
8192	775	6348800	single-workgroup-tree	155	5	production	155	624	2	30	64	449.459	475.083	507.792	37.005	19527.833	19626.125	19722.000	66.413	302.8313	303.9848	1.6416	measured
8192	785	6430720	single-workgroup-tree	5	157	-	5	32	2	30	64	468.250	486.375	547.334	36.793	20482.625	20564.959	20671.000	55.862	317.6885	318.7077	1.4707	measured
8192	785	6430720	single-workgroup-tree	157	5	production	157	640	2	30	64	460.166	477.167	501.125	14.282	19940.334	20021.833	20096.917	54.677	309.2090	310.2328	1.0946	measured
8192	899	7364608	single-workgroup-tree	29	31	-	29	128	2	30	64	510.583	533.792	570.958	31.663	23728.875	23831.292	23922.500	88.276	368.5443	369.8016	1.9038	measured
8192	899	7364608	single-workgroup-tree	31	29	production	31	128	2	30	64	515.625	533.500	546.708	24.577	23691.792	23801.792	23890.333	76.227	367.8757	369.3380	1.6001	measured
8192	1008	8257536	single-workgroup-tree	2	504	-	2	16	2	30	64	924.958	987.250	1034.917	36.211	49585.958	49672.792	49814.333	72.941	772.3968	772.7864	1.7326	measured
8192	1008	8257536	single-workgroup-tree	3	336	-	3	16	2	30	64	605.084	648.250	741.958	59.422	29221.167	29298.333	29397.750	89.334	454.2235	454.7632	2.3612	measured
8192	1008	8257536	single-workgroup-tree	4	252	-	4	16	2	30	64	704.042	762.125	833.292	43.147	35641.542	35717.333	35846.500	92.194	554.5635	554.8446	2.1483	measured
8192	1008	8257536	single-workgroup-tree	6	168	-	6	32	2	30	64	633.000	696.083	744.625	42.862	30856.375	30983.375	31069.792	76.179	479.7361	480.7507	1.8895	measured
8192	1008	8257536	single-workgroup-tree	7	144	-	7	32	2	30	64	579.625	639.208	717.750	48.251	27533.000	27668.583	27797.083	87.045	427.8313	429.0377	2.1476	measured
8192	1008	8257536	single-workgroup-tree	8	126	-	8	32	2	30	64	583.791	649.542	706.042	48.117	27773.083	27915.042	27990.958	93.266	431.5761	432.7857	2.2442	measured
8192	1008	8257536	single-workgroup-tree	9	112	-	9	48	2	30	64	583.042	623.250	683.667	37.605	27688.750	27766.583	27854.458	76.995	430.2493	430.8466	1.8190	measured
8192	1008	8257536	single-workgroup-tree	12	84	-	12	48	2	30	64	588.792	649.334	696.542	42.011	28189.875	28315.500	28398.792	66.079	438.1124	439.1455	1.7157	measured
8192	1008	8257536	single-workgroup-tree	14	72	-	14	64	2	30	64	582.875	625.292	716.583	48.899	28031.500	28097.542	28268.666	88.507	435.6925	436.0675	2.1811	measured
8192	1008	8257536	single-workgroup-tree	16	63	-	16	64	2	30	64	590.792	657.333	688.833	28.497	27961.208	28110.042	28257.875	102.306	434.4510	435.7573	2.0762	measured
8192	1008	8257536	single-workgroup-tree	18	56	-	18	80	2	30	64	576.667	631.625	707.583	43.138	27539.459	27646.208	27790.625	97.739	427.9808	428.8029	2.2361	measured
8192	1008	8257536	single-workgroup-tree	21	48	-	21	96	2	30	64	582.625	631.333	683.209	39.091	27749.500	27857.958	27961.917	99.256	431.2202	432.1687	2.1960	measured
8192	1008	8257536	single-workgroup-tree	24	42	-	24	96	2	30	64	597.167	648.250	732.250	49.983	28137.083	28233.000	28384.375	95.080	437.1415	437.8532	2.3026	measured
8192	1008	8257536	single-workgroup-tree	28	36	-	28	112	2	30	64	579.167	627.750	705.708	44.955	27500.500	27610.167	27720.500	85.894	427.3227	428.2923	2.0770	measured
8192	1008	8257536	single-workgroup-tree	36	28	-	36	144	2	30	64	553.375	648.292	699.250	49.206	27334.125	27464.166	27523.833	46.325	425.0913	425.6488	1.5164	measured
8192	1008	8257536	single-workgroup-tree	42	24	-	42	176	2	30	64	574.500	643.041	684.958	38.999	27253.417	27384.625	27508.667	74.379	423.4749	424.4696	1.7997	measured
8192	1008	8257536	single-workgroup-tree	48	21	-	48	192	2	30	64	573.083	635.750	700.583	44.890	27239.667	27335.208	27480.916	107.024	423.2791	423.8009	2.4113	measured
8192	1008	8257536	single-workgroup-tree	56	18	-	56	224	2	30	64	564.958	621.917	709.083	47.576	26951.917	27085.167	27204.208	80.799	418.8406	420.0516	2.0377	measured
8192	1008	8257536	single-workgroup-tree	63	16	-	63	256	2	30	64	568.625	625.042	698.542	43.182	27131.875	27222.500	27322.083	59.855	421.6389	422.1819	1.6355	measured
8192	1008	8257536	single-workgroup-tree	72	14	-	72	288	2	30	64	578.625	637.584	738.375	56.742	27453.125	27541.083	27643.292	80.052	426.5794	427.0397	2.1713	measured
8192	1008	8257536	single-workgroup-tree	84	12	-	84	336	2	30	64	582.959	621.416	668.500	32.777	27572.959	27713.959	27859.209	98.458	428.4127	430.0404	2.0831	measured
8192	1008	8257536	single-workgroup-tree	112	9	-	112	448	2	30	64	571.208	628.333	679.208	38.503	27157.958	27275.542	27390.417	84.283	422.0119	422.9716	1.9490	measured
8192	1008	8257536	single-workgroup-tree	126	8	-	126	512	2	30	64	576.542	620.041	700.667	56.421	27110.250	27198.291	27252.375	73.719	421.1700	421.8770	2.0657	measured
8192	1008	8257536	single-workgroup-tree	144	7	-	144	576	2	30	64	573.500	618.917	694.250	40.171	26980.458	27126.584	27245.333	78.506	419.1581	420.7566	1.8838	measured
8192	1008	8257536	single-workgroup-tree	168	6	-	168	672	2	30	64	611.709	660.208	721.500	48.935	29278.500	29413.875	29571.792	80.938	455.0284	456.4074	2.0615	measured
8192	1008	8257536	single-workgroup-tree	252	4	production	252	1008	2	30	64	635.292	701.500	767.750	43.923	31334.958	31456.917	31504.208	60.024	487.2963	488.1812	1.6500	measured
8192	1008	8257536	single-workgroup-tree	336	3	-	336	1344	2	30	64	576.833	650.166	689.709	37.458	27674.291	27739.750	27818.666	60.807	430.1184	429.9934	1.5598	measured
8192	1008	8257536	single-workgroup-tree	504	2	-	504	2016	2	30	64	809.166	848.334	918.333	42.264	41088.500	41167.417	41284.458	84.633	639.3545	639.9854	2.0142	measured
8192	1094	8962048	single-workgroup-tree	2	547	production	2	16	2	30	64	640.042	686.667	739.375	36.776	31338.667	31458.917	31554.833	66.862	487.2798	488.4484	1.6450	measured
8192	1094	8962048	single-workgroup-tree	547	2	-	547	2192	2	30	64	597.208	673.292	717.792	40.548	30387.333	30520.667	30689.167	94.038	472.8591	473.7679	2.1363	measured
8192	1282	10502144	single-workgroup-tree	2	641	production	2	16	2	30	64	720.125	772.458	822.750	40.188	36716.417	36797.875	36933.584	76.588	571.3697	571.8320	1.8536	measured
8192	1282	10502144	single-workgroup-tree	641	2	-	641	2576	2	30	64	716.333	770.000	828.542	43.154	35881.458	36026.959	36252.958	104.692	558.1766	559.6343	2.3468	measured

# shapes	70
# variants_attempted	625
# variants_measured	625
# variants_declined	0
# widest_prepared_workgroup	641
# maximum_prepared_threadgroup_bytes	2576
# load_after	3.35 3.64 3.70
# executable_sha256_after	f9bac263c0a140f5843667550a0b5373cc7a21c784dbefb79f837bf4fc6c7b29
# concurrent_build_processes_after	0
