schema	tiler.apple-numerical-behaviour/v6
probe.repository_base_revision	93ddc4a31271d70fffd85fbbfc52ac612dad0c89
probe.harness_sha256	e7b831d61024efcad712bce1495c0f2d078ef9ac766308e20d4a424e2d547d04
probe.host_source_sha256	31a3e02f6cba8628006e5d0f84e51890d2e00d98259f842432278b78f4bc4ee6
probe.matrix	covering
probe.fixed_flags	-std=metal3.1
probe.default_fp32_functions	precise
probe.entry_point	tiler_probe
probe.dtypes	f32 f16 bf16
probe.default_dtype	f32
probe.runtime_fixed_options	lang=3.1
probe.runtime_paired_optimization	-O2
probe.guard_layers.offline_with_device	emitted-arithmetic execution-witness
probe.guard_layers.offline_without_device	emitted-arithmetic
probe.guard_layers.runtime	execution-witness
probe.offline_flag_without_runtime_counterpart.0	-target: MTLCompileOptions has no target property; the runtime compiler targets the device and OS it is running on, which is why a runtime case is attributed to the family whose execution environment compiled it
probe.offline_flag_without_runtime_counterpart.1	-ffp-contract: MTLCompileOptions has no contraction property; the source-level `#pragma METAL fp contract(...)` is accepted by this front end but changing the source would break the byte-identical pairing the comparison depends on
probe.offline_flag_without_runtime_counterpart.2	-O0/-O1/-O3/-Os: MTLLibraryOptimizationLevel offers Default and Size only, so four of the five offline optimization levels have no runtime counterpart
probe.operands.f32	00000001 00400000 007fffff 00800000 80400000 80000000 3eb97ef9 3f800000
probe.operands.f16	0001 0200 03ff 0400 8200 8000 3555 3c00
probe.operands.bf16	0001 0040 007f 0080 8040 8000 3eab 3f80
environment.date_utc	2026-07-31T20:33:35Z
environment.os_version	27.0
environment.os_build	26A5388g
environment.machine	arm64
environment.xcode	Xcode 26.6 Build version 17F113
environment.family.macos.metal_platform	MetalPlatform::MacOs
environment.family.macos.sdk	macosx
environment.family.macos.sdk_version	26.5
environment.family.macos.sdk_build	25F70
environment.family.macos.requested_target	air64-apple-macos13.0
environment.family.macos.metal_version	Apple metal version 32023.883 (metalfe-32023.883)
environment.family.macos.metallib_version	AIR-LLD 32023.883 (metalfe-32023.883) (compatible with legacy metallib linker)
environment.family.macos.execution	macos-host-gpu
environment.family.macos.emitted_triple	air64_v26-apple-macosx14.0.0
environment.family.macos.device	Apple M4 Max
environment.family.macos.device_registry_id	4294968452
environment.family.macos.runtime_compiler	Apple metal version 32023.921 (metalfe-32023.921)
environment.family.macos.runtime_compiler_images	/System/Library/PrivateFrameworks/GPUCompiler.framework/Versions/32023/Libraries/libGPUCompilerUtils.dylib /System/Library/PrivateFrameworks/GPUCompiler.framework/Versions/32023/Libraries/libllvm-flatbuffers.dylib
environment.family.macos.runtime_compiler_build	metalfe-32023.921
environment.family.macos.device_bfloat_support	supported
environment.family.ios-device.metal_platform	MetalPlatform::IOsDevice
environment.family.ios-device.sdk	iphoneos
environment.family.ios-device.sdk_version	26.5
environment.family.ios-device.sdk_build	23F81a
environment.family.ios-device.requested_target	air64-apple-ios16.0
environment.family.ios-device.metal_version	Apple metal version 32023.883 (metalfe-32023.883)
environment.family.ios-device.metallib_version	AIR-LLD 32023.883 (metalfe-32023.883) (compatible with legacy metallib linker)
environment.family.ios-device.execution	unavailable:no iOS device is attached to this host; closing it needs a physical iPhone or iPad and a dispatch run on that device's own GPU
environment.family.ios-device.emitted_triple	air64_v26-apple-ios17.0.0
environment.family.ios-device.device	unavailable:no iOS device is attached to this host; closing it needs a physical iPhone or iPad and a dispatch run on that device's own GPU
environment.family.ios-device.device_registry_id	unavailable:no iOS device is attached to this host; closing it needs a physical iPhone or iPad and a dispatch run on that device's own GPU
environment.family.ios-device.runtime_compiler	unavailable:no iOS device is attached to this host; closing it needs a physical iPhone or iPad and a dispatch run on that device's own GPU
environment.family.ios-device.runtime_compiler_images	unavailable:no iOS device is attached to this host; closing it needs a physical iPhone or iPad and a dispatch run on that device's own GPU
environment.family.ios-device.runtime_compiler_build	unavailable:no iOS device is attached to this host; closing it needs a physical iPhone or iPad and a dispatch run on that device's own GPU
environment.family.ios-device.device_bfloat_support	unavailable:no iOS device is attached to this host; closing it needs a physical iPhone or iPad and a dispatch run on that device's own GPU
environment.family.ios-simulator.metal_platform	MetalPlatform::IOsSimulator
environment.family.ios-simulator.sdk	iphonesimulator
environment.family.ios-simulator.sdk_version	26.5
environment.family.ios-simulator.sdk_build	23F81a
environment.family.ios-simulator.requested_target	air64-apple-ios16.0-simulator
environment.family.ios-simulator.metal_version	Apple metal version 32023.883 (metalfe-32023.883)
environment.family.ios-simulator.metallib_version	AIR-LLD 32023.883 (metalfe-32023.883) (compatible with legacy metallib linker)
environment.family.ios-simulator.execution	ios-simulator-runtime
environment.family.ios-simulator.emitted_triple	air64_v26-apple-ios17.0.0-simulator
environment.family.ios-simulator.device	Apple iOS simulator GPU
environment.family.ios-simulator.device_registry_id	4294968452
environment.family.ios-simulator.runtime_compiler	unavailable:dispatch of the archive-support probe failed with 134: +[MTLLoader sliceIDForDevice:legacyDriverVersion:airntDriverVersion:]:692: failed assertion `Target device architecture is nil' Child process terminated with signal 6: Abort trap
environment.family.ios-simulator.runtime_compiler_images	/Library/Developer/CoreSimulator/Volumes/iOS_23A8464/Library/Developer/CoreSimulator/Profiles/Runtimes/iOS 26.0.simruntime/Contents/Resources/RuntimeRoot/System/Library/PrivateFrameworks/GPUCompiler.framework/Libraries/libGPUCompilerUtils.dylib
environment.family.ios-simulator.runtime_compiler_build	metalfe-32023.830.1
environment.family.ios-simulator.device_bfloat_support	dispatch of the bfloat-support probe failed with 4: numerical_probe_host: pipeline creation failed: Compilation failed due to an interrupted connection: XPC_ERROR_CONNECTION_INTERRUPTED. This error occurred after multiple retries.
environment.family.ios-simulator.simulator_runtime	iOS 26.0 26.0.1 build 23A8464
environment.family.ios-simulator.simulator_device	iPad (A16)
environment.family.ios-simulator.simulator_device_udid	98099F5C-B40B-4F82-A924-593334EA261B
environment.family.ios-simulator.simulator_booted_by_probe	false
hazard.cross_family_load.ios-device_module_on_macos_gpu	loaded and ran; results 00000000 00000000 00000000 01000000 80000000 80000000 3f397ef9 40000000
case.ios-device.add_smallest_normal.fast.O0.contract-off.compile_options	air.compile.denorms_disable air.compile.fast_math_enable air.compile.framebuffer_fetch_enable
case.ios-device.add_smallest_normal.fast.O0.contract-off.float_operations	fadd+reassoc+nnan+ninf+nsz+arcp+afn
case.ios-device.add_smallest_normal.fast.O2.contract-off.compile_options	air.compile.denorms_disable air.compile.fast_math_enable air.compile.framebuffer_fetch_enable
case.ios-device.add_smallest_normal.fast.O2.contract-off.float_operations	fadd+reassoc+nnan+ninf+nsz+arcp+afn
case.ios-device.add_smallest_normal.relaxed.O0.contract-off.compile_options	air.compile.denorms_disable air.compile.fast_math_disable air.compile.framebuffer_fetch_enable
case.ios-device.add_smallest_normal.relaxed.O0.contract-off.float_operations	fadd+reassoc+nsz+arcp+afn
case.ios-device.add_smallest_normal.relaxed.O2.contract-off.compile_options	air.compile.denorms_disable air.compile.fast_math_disable air.compile.framebuffer_fetch_enable
case.ios-device.add_smallest_normal.relaxed.O2.contract-off.float_operations	fadd+reassoc+nsz+arcp+afn
case.ios-device.add_smallest_normal.safe.O0.contract-off.compile_options	air.compile.denorms_disable air.compile.fast_math_disable air.compile.framebuffer_fetch_enable
case.ios-device.add_smallest_normal.safe.O0.contract-off.float_operations	fadd
case.ios-device.add_smallest_normal.safe.O2.contract-off.compile_options	air.compile.denorms_disable air.compile.fast_math_disable air.compile.framebuffer_fetch_enable
case.ios-device.add_smallest_normal.safe.O2.contract-off.float_operations	fadd
case.ios-device.add_smallest_normal_bf16.fast.O2.contract-off.compile_options	air.compile.denorms_disable air.compile.fast_math_enable air.compile.framebuffer_fetch_enable
case.ios-device.add_smallest_normal_bf16.fast.O2.contract-off.float_operations	fadd+reassoc+nnan+ninf+nsz+arcp+afn
case.ios-device.add_smallest_normal_bf16.relaxed.O2.contract-off.compile_options	air.compile.denorms_disable air.compile.fast_math_disable air.compile.framebuffer_fetch_enable
case.ios-device.add_smallest_normal_bf16.relaxed.O2.contract-off.float_operations	fadd+reassoc+nsz+arcp+afn
case.ios-device.add_smallest_normal_bf16.safe.O2.contract-off.compile_options	air.compile.denorms_disable air.compile.fast_math_disable air.compile.framebuffer_fetch_enable
case.ios-device.add_smallest_normal_bf16.safe.O2.contract-off.float_operations	fadd
case.ios-device.add_smallest_normal_f16.fast.O2.contract-off.compile_options	air.compile.denorms_disable air.compile.fast_math_enable air.compile.framebuffer_fetch_enable
case.ios-device.add_smallest_normal_f16.fast.O2.contract-off.float_operations	fadd+reassoc+nnan+ninf+nsz+arcp+afn
case.ios-device.add_smallest_normal_f16.relaxed.O2.contract-off.compile_options	air.compile.denorms_disable air.compile.fast_math_disable air.compile.framebuffer_fetch_enable
case.ios-device.add_smallest_normal_f16.relaxed.O2.contract-off.float_operations	fadd+reassoc+nsz+arcp+afn
case.ios-device.add_smallest_normal_f16.safe.O2.contract-off.compile_options	air.compile.denorms_disable air.compile.fast_math_disable air.compile.framebuffer_fetch_enable
case.ios-device.add_smallest_normal_f16.safe.O2.contract-off.float_operations	fadd
case.ios-device.contraction_pair.fast.O2.contract-fast.compile_options	air.compile.denorms_disable air.compile.fast_math_enable air.compile.framebuffer_fetch_enable
case.ios-device.contraction_pair.fast.O2.contract-fast.float_operations	fmul+fast fadd+fast
case.ios-device.contraction_pair.fast.O2.contract-off.compile_options	air.compile.denorms_disable air.compile.fast_math_enable air.compile.framebuffer_fetch_enable
case.ios-device.contraction_pair.fast.O2.contract-off.float_operations	fmul+reassoc+nnan+ninf+nsz+arcp+afn fadd+reassoc+nnan+ninf+nsz+arcp+afn
case.ios-device.contraction_pair.fast.O2.contract-on.compile_options	air.compile.denorms_disable air.compile.fast_math_enable air.compile.framebuffer_fetch_enable
case.ios-device.contraction_pair.fast.O2.contract-on.float_operations	fmul+reassoc+nnan+ninf+nsz+arcp+afn fadd+reassoc+nnan+ninf+nsz+arcp+afn
case.ios-device.contraction_pair.relaxed.O2.contract-fast.compile_options	air.compile.denorms_disable air.compile.fast_math_disable air.compile.framebuffer_fetch_enable
case.ios-device.contraction_pair.relaxed.O2.contract-fast.float_operations	fmul+reassoc+nsz+arcp+contract+afn fadd+reassoc+nsz+arcp+contract+afn
case.ios-device.contraction_pair.relaxed.O2.contract-off.compile_options	air.compile.denorms_disable air.compile.fast_math_disable air.compile.framebuffer_fetch_enable
case.ios-device.contraction_pair.relaxed.O2.contract-off.float_operations	fmul+reassoc+nsz+arcp+afn fadd+reassoc+nsz+arcp+afn
case.ios-device.contraction_pair.relaxed.O2.contract-on.compile_options	air.compile.denorms_disable air.compile.fast_math_disable air.compile.framebuffer_fetch_enable
case.ios-device.contraction_pair.relaxed.O2.contract-on.float_operations	fmul+reassoc+nsz+arcp+afn fadd+reassoc+nsz+arcp+afn
case.ios-device.contraction_pair.safe.O2.contract-fast.compile_options	air.compile.denorms_disable air.compile.fast_math_disable air.compile.framebuffer_fetch_enable
case.ios-device.contraction_pair.safe.O2.contract-fast.float_operations	fmul+contract fadd+contract
case.ios-device.contraction_pair.safe.O2.contract-off.compile_options	air.compile.denorms_disable air.compile.fast_math_disable air.compile.framebuffer_fetch_enable
case.ios-device.contraction_pair.safe.O2.contract-off.float_operations	fmul fadd
case.ios-device.contraction_pair.safe.O2.contract-on.compile_options	air.compile.denorms_disable air.compile.fast_math_disable air.compile.framebuffer_fetch_enable
case.ios-device.contraction_pair.safe.O2.contract-on.float_operations	fmul fadd
case.ios-device.contraction_pair_bf16.fast.O2.contract-fast.compile_options	air.compile.denorms_disable air.compile.fast_math_enable air.compile.framebuffer_fetch_enable
case.ios-device.contraction_pair_bf16.fast.O2.contract-fast.float_operations	fmul+fast fadd+fast
case.ios-device.contraction_pair_bf16.fast.O2.contract-off.compile_options	air.compile.denorms_disable air.compile.fast_math_enable air.compile.framebuffer_fetch_enable
case.ios-device.contraction_pair_bf16.fast.O2.contract-off.float_operations	fmul+reassoc+nnan+ninf+nsz+arcp+afn fadd+reassoc+nnan+ninf+nsz+arcp+afn
case.ios-device.contraction_pair_bf16.fast.O2.contract-on.compile_options	air.compile.denorms_disable air.compile.fast_math_enable air.compile.framebuffer_fetch_enable
case.ios-device.contraction_pair_bf16.fast.O2.contract-on.float_operations	fmul+reassoc+nnan+ninf+nsz+arcp+afn fadd+reassoc+nnan+ninf+nsz+arcp+afn
case.ios-device.contraction_pair_bf16.relaxed.O2.contract-fast.compile_options	air.compile.denorms_disable air.compile.fast_math_disable air.compile.framebuffer_fetch_enable
case.ios-device.contraction_pair_bf16.relaxed.O2.contract-fast.float_operations	fmul+reassoc+nsz+arcp+contract+afn fadd+reassoc+nsz+arcp+contract+afn
case.ios-device.contraction_pair_bf16.relaxed.O2.contract-off.compile_options	air.compile.denorms_disable air.compile.fast_math_disable air.compile.framebuffer_fetch_enable
case.ios-device.contraction_pair_bf16.relaxed.O2.contract-off.float_operations	fmul+reassoc+nsz+arcp+afn fadd+reassoc+nsz+arcp+afn
case.ios-device.contraction_pair_bf16.relaxed.O2.contract-on.compile_options	air.compile.denorms_disable air.compile.fast_math_disable air.compile.framebuffer_fetch_enable
case.ios-device.contraction_pair_bf16.relaxed.O2.contract-on.float_operations	fmul+reassoc+nsz+arcp+afn fadd+reassoc+nsz+arcp+afn
case.ios-device.contraction_pair_bf16.safe.O2.contract-fast.compile_options	air.compile.denorms_disable air.compile.fast_math_disable air.compile.framebuffer_fetch_enable
case.ios-device.contraction_pair_bf16.safe.O2.contract-fast.float_operations	fmul+contract fadd+contract
case.ios-device.contraction_pair_bf16.safe.O2.contract-off.compile_options	air.compile.denorms_disable air.compile.fast_math_disable air.compile.framebuffer_fetch_enable
case.ios-device.contraction_pair_bf16.safe.O2.contract-off.float_operations	fmul fadd
case.ios-device.contraction_pair_bf16.safe.O2.contract-on.compile_options	air.compile.denorms_disable air.compile.fast_math_disable air.compile.framebuffer_fetch_enable
case.ios-device.contraction_pair_bf16.safe.O2.contract-on.float_operations	fmul fadd
case.ios-device.contraction_pair_canonicalized.safe.O2.contract-fast.compile_options	air.compile.denorms_disable air.compile.fast_math_disable air.compile.framebuffer_fetch_enable
case.ios-device.contraction_pair_canonicalized.safe.O2.contract-fast.float_operations	fmul+contract fadd+contract
case.ios-device.contraction_pair_canonicalized.safe.O2.contract-off.compile_options	air.compile.denorms_disable air.compile.fast_math_disable air.compile.framebuffer_fetch_enable
case.ios-device.contraction_pair_canonicalized.safe.O2.contract-off.float_operations	fmul fadd
case.ios-device.contraction_pair_canonicalized.safe.O2.contract-on.compile_options	air.compile.denorms_disable air.compile.fast_math_disable air.compile.framebuffer_fetch_enable
case.ios-device.contraction_pair_canonicalized.safe.O2.contract-on.float_operations	fmul fadd
case.ios-device.contraction_pair_canonicalized_bf16.fast.O2.contract-fast.compile_options	air.compile.denorms_disable air.compile.fast_math_enable air.compile.framebuffer_fetch_enable
case.ios-device.contraction_pair_canonicalized_bf16.fast.O2.contract-fast.float_operations	fmul+fast fadd+fast
case.ios-device.contraction_pair_canonicalized_bf16.fast.O2.contract-off.compile_options	air.compile.denorms_disable air.compile.fast_math_enable air.compile.framebuffer_fetch_enable
case.ios-device.contraction_pair_canonicalized_bf16.fast.O2.contract-off.float_operations	fmul+reassoc+nnan+ninf+nsz+arcp+afn fadd+reassoc+nnan+ninf+nsz+arcp+afn
case.ios-device.contraction_pair_canonicalized_bf16.fast.O2.contract-on.compile_options	air.compile.denorms_disable air.compile.fast_math_enable air.compile.framebuffer_fetch_enable
case.ios-device.contraction_pair_canonicalized_bf16.fast.O2.contract-on.float_operations	fmul+reassoc+nnan+ninf+nsz+arcp+afn fadd+reassoc+nnan+ninf+nsz+arcp+afn
case.ios-device.contraction_pair_canonicalized_bf16.relaxed.O2.contract-fast.compile_options	air.compile.denorms_disable air.compile.fast_math_disable air.compile.framebuffer_fetch_enable
case.ios-device.contraction_pair_canonicalized_bf16.relaxed.O2.contract-fast.float_operations	fmul+reassoc+nsz+arcp+contract+afn fadd+reassoc+nsz+arcp+contract+afn
case.ios-device.contraction_pair_canonicalized_bf16.relaxed.O2.contract-off.compile_options	air.compile.denorms_disable air.compile.fast_math_disable air.compile.framebuffer_fetch_enable
case.ios-device.contraction_pair_canonicalized_bf16.relaxed.O2.contract-off.float_operations	fmul+reassoc+nsz+arcp+afn fadd+reassoc+nsz+arcp+afn
case.ios-device.contraction_pair_canonicalized_bf16.relaxed.O2.contract-on.compile_options	air.compile.denorms_disable air.compile.fast_math_disable air.compile.framebuffer_fetch_enable
case.ios-device.contraction_pair_canonicalized_bf16.relaxed.O2.contract-on.float_operations	fmul+reassoc+nsz+arcp+afn fadd+reassoc+nsz+arcp+afn
case.ios-device.contraction_pair_canonicalized_bf16.safe.O2.contract-fast.compile_options	air.compile.denorms_disable air.compile.fast_math_disable air.compile.framebuffer_fetch_enable
case.ios-device.contraction_pair_canonicalized_bf16.safe.O2.contract-fast.float_operations	fmul+contract fadd+contract
case.ios-device.contraction_pair_canonicalized_bf16.safe.O2.contract-off.compile_options	air.compile.denorms_disable air.compile.fast_math_disable air.compile.framebuffer_fetch_enable
case.ios-device.contraction_pair_canonicalized_bf16.safe.O2.contract-off.float_operations	fmul fadd
case.ios-device.contraction_pair_canonicalized_bf16.safe.O2.contract-on.compile_options	air.compile.denorms_disable air.compile.fast_math_disable air.compile.framebuffer_fetch_enable
case.ios-device.contraction_pair_canonicalized_bf16.safe.O2.contract-on.float_operations	fmul fadd
case.ios-device.contraction_pair_canonicalized_f16.fast.O2.contract-fast.compile_options	air.compile.denorms_disable air.compile.fast_math_enable air.compile.framebuffer_fetch_enable
case.ios-device.contraction_pair_canonicalized_f16.fast.O2.contract-fast.float_operations	fmul+fast fadd+fast
case.ios-device.contraction_pair_canonicalized_f16.fast.O2.contract-off.compile_options	air.compile.denorms_disable air.compile.fast_math_enable air.compile.framebuffer_fetch_enable
case.ios-device.contraction_pair_canonicalized_f16.fast.O2.contract-off.float_operations	fmul+reassoc+nnan+ninf+nsz+arcp+afn fadd+reassoc+nnan+ninf+nsz+arcp+afn
case.ios-device.contraction_pair_canonicalized_f16.fast.O2.contract-on.compile_options	air.compile.denorms_disable air.compile.fast_math_enable air.compile.framebuffer_fetch_enable
case.ios-device.contraction_pair_canonicalized_f16.fast.O2.contract-on.float_operations	fmul+reassoc+nnan+ninf+nsz+arcp+afn fadd+reassoc+nnan+ninf+nsz+arcp+afn
case.ios-device.contraction_pair_canonicalized_f16.relaxed.O2.contract-fast.compile_options	air.compile.denorms_disable air.compile.fast_math_disable air.compile.framebuffer_fetch_enable
case.ios-device.contraction_pair_canonicalized_f16.relaxed.O2.contract-fast.float_operations	fmul+reassoc+nsz+arcp+contract+afn fadd+reassoc+nsz+arcp+contract+afn
case.ios-device.contraction_pair_canonicalized_f16.relaxed.O2.contract-off.compile_options	air.compile.denorms_disable air.compile.fast_math_disable air.compile.framebuffer_fetch_enable
case.ios-device.contraction_pair_canonicalized_f16.relaxed.O2.contract-off.float_operations	fmul+reassoc+nsz+arcp+afn fadd+reassoc+nsz+arcp+afn
case.ios-device.contraction_pair_canonicalized_f16.relaxed.O2.contract-on.compile_options	air.compile.denorms_disable air.compile.fast_math_disable air.compile.framebuffer_fetch_enable
case.ios-device.contraction_pair_canonicalized_f16.relaxed.O2.contract-on.float_operations	fmul+reassoc+nsz+arcp+afn fadd+reassoc+nsz+arcp+afn
case.ios-device.contraction_pair_canonicalized_f16.safe.O2.contract-fast.compile_options	air.compile.denorms_disable air.compile.fast_math_disable air.compile.framebuffer_fetch_enable
case.ios-device.contraction_pair_canonicalized_f16.safe.O2.contract-fast.float_operations	fmul+contract fadd+contract
case.ios-device.contraction_pair_canonicalized_f16.safe.O2.contract-off.compile_options	air.compile.denorms_disable air.compile.fast_math_disable air.compile.framebuffer_fetch_enable
case.ios-device.contraction_pair_canonicalized_f16.safe.O2.contract-off.float_operations	fmul fadd
case.ios-device.contraction_pair_canonicalized_f16.safe.O2.contract-on.compile_options	air.compile.denorms_disable air.compile.fast_math_disable air.compile.framebuffer_fetch_enable
case.ios-device.contraction_pair_canonicalized_f16.safe.O2.contract-on.float_operations	fmul fadd
case.ios-device.contraction_pair_f16.fast.O2.contract-fast.compile_options	air.compile.denorms_disable air.compile.fast_math_enable air.compile.framebuffer_fetch_enable
case.ios-device.contraction_pair_f16.fast.O2.contract-fast.float_operations	fmul+fast fadd+fast
case.ios-device.contraction_pair_f16.fast.O2.contract-off.compile_options	air.compile.denorms_disable air.compile.fast_math_enable air.compile.framebuffer_fetch_enable
case.ios-device.contraction_pair_f16.fast.O2.contract-off.float_operations	fmul+reassoc+nnan+ninf+nsz+arcp+afn fadd+reassoc+nnan+ninf+nsz+arcp+afn
case.ios-device.contraction_pair_f16.fast.O2.contract-on.compile_options	air.compile.denorms_disable air.compile.fast_math_enable air.compile.framebuffer_fetch_enable
case.ios-device.contraction_pair_f16.fast.O2.contract-on.float_operations	fmul+reassoc+nnan+ninf+nsz+arcp+afn fadd+reassoc+nnan+ninf+nsz+arcp+afn
case.ios-device.contraction_pair_f16.relaxed.O2.contract-fast.compile_options	air.compile.denorms_disable air.compile.fast_math_disable air.compile.framebuffer_fetch_enable
case.ios-device.contraction_pair_f16.relaxed.O2.contract-fast.float_operations	fmul+reassoc+nsz+arcp+contract+afn fadd+reassoc+nsz+arcp+contract+afn
case.ios-device.contraction_pair_f16.relaxed.O2.contract-off.compile_options	air.compile.denorms_disable air.compile.fast_math_disable air.compile.framebuffer_fetch_enable
case.ios-device.contraction_pair_f16.relaxed.O2.contract-off.float_operations	fmul+reassoc+nsz+arcp+afn fadd+reassoc+nsz+arcp+afn
case.ios-device.contraction_pair_f16.relaxed.O2.contract-on.compile_options	air.compile.denorms_disable air.compile.fast_math_disable air.compile.framebuffer_fetch_enable
case.ios-device.contraction_pair_f16.relaxed.O2.contract-on.float_operations	fmul+reassoc+nsz+arcp+afn fadd+reassoc+nsz+arcp+afn
case.ios-device.contraction_pair_f16.safe.O2.contract-fast.compile_options	air.compile.denorms_disable air.compile.fast_math_disable air.compile.framebuffer_fetch_enable
case.ios-device.contraction_pair_f16.safe.O2.contract-fast.float_operations	fmul+contract fadd+contract
case.ios-device.contraction_pair_f16.safe.O2.contract-off.compile_options	air.compile.denorms_disable air.compile.fast_math_disable air.compile.framebuffer_fetch_enable
case.ios-device.contraction_pair_f16.safe.O2.contract-off.float_operations	fmul fadd
case.ios-device.contraction_pair_f16.safe.O2.contract-on.compile_options	air.compile.denorms_disable air.compile.fast_math_disable air.compile.framebuffer_fetch_enable
case.ios-device.contraction_pair_f16.safe.O2.contract-on.float_operations	fmul fadd
case.ios-device.divide_by_half.safe.O2.contract-off.compile_options	air.compile.denorms_disable air.compile.fast_math_disable air.compile.framebuffer_fetch_enable
case.ios-device.divide_by_half.safe.O2.contract-off.float_operations	fmul
case.ios-device.divide_by_three.fast.O2.contract-off.compile_options	air.compile.denorms_disable air.compile.fast_math_enable air.compile.framebuffer_fetch_enable
case.ios-device.divide_by_three.fast.O2.contract-off.float_operations	fmul+reassoc+nnan+ninf+nsz+arcp+afn
case.ios-device.divide_by_three.relaxed.O2.contract-off.compile_options	air.compile.denorms_disable air.compile.fast_math_disable air.compile.framebuffer_fetch_enable
case.ios-device.divide_by_three.relaxed.O2.contract-off.float_operations	fmul+reassoc+nsz+arcp+afn
case.ios-device.divide_by_three.safe.O2.contract-off.compile_options	air.compile.denorms_disable air.compile.fast_math_disable air.compile.framebuffer_fetch_enable
case.ios-device.divide_by_three.safe.O2.contract-off.float_operations	fdiv
case.ios-device.divide_by_three_bf16.fast.O2.contract-off.compile_options	air.compile.denorms_disable air.compile.fast_math_enable air.compile.framebuffer_fetch_enable
case.ios-device.divide_by_three_bf16.fast.O2.contract-off.float_operations	fmul+reassoc+nnan+ninf+nsz+arcp+afn
case.ios-device.divide_by_three_bf16.relaxed.O2.contract-off.compile_options	air.compile.denorms_disable air.compile.fast_math_disable air.compile.framebuffer_fetch_enable
case.ios-device.divide_by_three_bf16.relaxed.O2.contract-off.float_operations	fmul+reassoc+nsz+arcp+afn
case.ios-device.divide_by_three_bf16.safe.O2.contract-off.compile_options	air.compile.denorms_disable air.compile.fast_math_disable air.compile.framebuffer_fetch_enable
case.ios-device.divide_by_three_bf16.safe.O2.contract-off.float_operations	fdiv
case.ios-device.divide_by_three_eighths.fast.O2.contract-off.compile_options	air.compile.denorms_disable air.compile.fast_math_enable air.compile.framebuffer_fetch_enable
case.ios-device.divide_by_three_eighths.fast.O2.contract-off.float_operations	fmul+reassoc+nnan+ninf+nsz+arcp+afn
case.ios-device.divide_by_three_eighths.relaxed.O2.contract-off.compile_options	air.compile.denorms_disable air.compile.fast_math_disable air.compile.framebuffer_fetch_enable
case.ios-device.divide_by_three_eighths.relaxed.O2.contract-off.float_operations	fmul+reassoc+nsz+arcp+afn
case.ios-device.divide_by_three_eighths.safe.O2.contract-off.compile_options	air.compile.denorms_disable air.compile.fast_math_disable air.compile.framebuffer_fetch_enable
case.ios-device.divide_by_three_eighths.safe.O2.contract-off.float_operations	fdiv
case.ios-device.divide_by_three_eighths_bf16.fast.O2.contract-off.compile_options	air.compile.denorms_disable air.compile.fast_math_enable air.compile.framebuffer_fetch_enable
case.ios-device.divide_by_three_eighths_bf16.fast.O2.contract-off.float_operations	fmul+reassoc+nnan+ninf+nsz+arcp+afn
case.ios-device.divide_by_three_eighths_bf16.relaxed.O2.contract-off.compile_options	air.compile.denorms_disable air.compile.fast_math_disable air.compile.framebuffer_fetch_enable
case.ios-device.divide_by_three_eighths_bf16.relaxed.O2.contract-off.float_operations	fmul+reassoc+nsz+arcp+afn
case.ios-device.divide_by_three_eighths_bf16.safe.O2.contract-off.compile_options	air.compile.denorms_disable air.compile.fast_math_disable air.compile.framebuffer_fetch_enable
case.ios-device.divide_by_three_eighths_bf16.safe.O2.contract-off.float_operations	fdiv
case.ios-device.divide_by_three_eighths_f16.fast.O2.contract-off.compile_options	air.compile.denorms_disable air.compile.fast_math_enable air.compile.framebuffer_fetch_enable
case.ios-device.divide_by_three_eighths_f16.fast.O2.contract-off.float_operations	fmul+reassoc+nnan+ninf+nsz+arcp+afn
case.ios-device.divide_by_three_eighths_f16.relaxed.O2.contract-off.compile_options	air.compile.denorms_disable air.compile.fast_math_disable air.compile.framebuffer_fetch_enable
case.ios-device.divide_by_three_eighths_f16.relaxed.O2.contract-off.float_operations	fmul+reassoc+nsz+arcp+afn
case.ios-device.divide_by_three_eighths_f16.safe.O2.contract-off.compile_options	air.compile.denorms_disable air.compile.fast_math_disable air.compile.framebuffer_fetch_enable
case.ios-device.divide_by_three_eighths_f16.safe.O2.contract-off.float_operations	fdiv
case.ios-device.divide_by_three_f16.fast.O2.contract-off.compile_options	air.compile.denorms_disable air.compile.fast_math_enable air.compile.framebuffer_fetch_enable
case.ios-device.divide_by_three_f16.fast.O2.contract-off.float_operations	fmul+reassoc+nnan+ninf+nsz+arcp+afn
case.ios-device.divide_by_three_f16.relaxed.O2.contract-off.compile_options	air.compile.denorms_disable air.compile.fast_math_disable air.compile.framebuffer_fetch_enable
case.ios-device.divide_by_three_f16.relaxed.O2.contract-off.float_operations	fmul+reassoc+nsz+arcp+afn
case.ios-device.divide_by_three_f16.safe.O2.contract-off.compile_options	air.compile.denorms_disable air.compile.fast_math_disable air.compile.framebuffer_fetch_enable
case.ios-device.divide_by_three_f16.safe.O2.contract-off.float_operations	fdiv
case.ios-device.divide_by_two.safe.O2.contract-off.compile_options	air.compile.denorms_disable air.compile.fast_math_disable air.compile.framebuffer_fetch_enable
case.ios-device.divide_by_two.safe.O2.contract-off.float_operations	fmul
case.ios-device.fused_pair.safe.O2.contract-fast.compile_options	air.compile.denorms_disable air.compile.fast_math_disable air.compile.framebuffer_fetch_enable
case.ios-device.fused_pair.safe.O2.contract-fast.float_operations	air.fma.f32+contract
case.ios-device.fused_pair.safe.O2.contract-off.compile_options	air.compile.denorms_disable air.compile.fast_math_disable air.compile.framebuffer_fetch_enable
case.ios-device.fused_pair.safe.O2.contract-off.float_operations	air.fma.f32
case.ios-device.fused_pair.safe.O2.contract-on.compile_options	air.compile.denorms_disable air.compile.fast_math_disable air.compile.framebuffer_fetch_enable
case.ios-device.fused_pair.safe.O2.contract-on.float_operations	air.fma.f32
case.ios-device.fused_pair_f16.fast.O2.contract-off.compile_options	air.compile.denorms_disable air.compile.fast_math_enable air.compile.framebuffer_fetch_enable
case.ios-device.fused_pair_f16.fast.O2.contract-off.float_operations	air.fma.f16+reassoc+nnan+ninf+nsz+arcp+afn
case.ios-device.fused_pair_f16.relaxed.O2.contract-off.compile_options	air.compile.denorms_disable air.compile.fast_math_disable air.compile.framebuffer_fetch_enable
case.ios-device.fused_pair_f16.relaxed.O2.contract-off.float_operations	air.fma.f16+reassoc+nsz+arcp+afn
case.ios-device.fused_pair_f16.safe.O2.contract-fast.compile_options	air.compile.denorms_disable air.compile.fast_math_disable air.compile.framebuffer_fetch_enable
case.ios-device.fused_pair_f16.safe.O2.contract-fast.float_operations	air.fma.f16+contract
case.ios-device.fused_pair_f16.safe.O2.contract-off.compile_options	air.compile.denorms_disable air.compile.fast_math_disable air.compile.framebuffer_fetch_enable
case.ios-device.fused_pair_f16.safe.O2.contract-off.float_operations	air.fma.f16
case.ios-device.fused_pair_f16.safe.O2.contract-on.compile_options	air.compile.denorms_disable air.compile.fast_math_disable air.compile.framebuffer_fetch_enable
case.ios-device.fused_pair_f16.safe.O2.contract-on.float_operations	air.fma.f16
case.ios-device.materialize.fast.O2.contract-off.compile_options	air.compile.denorms_disable air.compile.fast_math_enable air.compile.framebuffer_fetch_enable
case.ios-device.materialize.fast.O2.contract-off.float_operations	
case.ios-device.materialize.relaxed.O2.contract-off.compile_options	air.compile.denorms_disable air.compile.fast_math_disable air.compile.framebuffer_fetch_enable
case.ios-device.materialize.relaxed.O2.contract-off.float_operations	
case.ios-device.materialize.safe.O2.contract-off.compile_options	air.compile.denorms_disable air.compile.fast_math_disable air.compile.framebuffer_fetch_enable
case.ios-device.materialize.safe.O2.contract-off.float_operations	
case.ios-device.materialize_bf16.fast.O2.contract-off.compile_options	air.compile.denorms_disable air.compile.fast_math_enable air.compile.framebuffer_fetch_enable
case.ios-device.materialize_bf16.fast.O2.contract-off.float_operations	
case.ios-device.materialize_bf16.relaxed.O2.contract-off.compile_options	air.compile.denorms_disable air.compile.fast_math_disable air.compile.framebuffer_fetch_enable
case.ios-device.materialize_bf16.relaxed.O2.contract-off.float_operations	
case.ios-device.materialize_bf16.safe.O2.contract-off.compile_options	air.compile.denorms_disable air.compile.fast_math_disable air.compile.framebuffer_fetch_enable
case.ios-device.materialize_bf16.safe.O2.contract-off.float_operations	
case.ios-device.materialize_f16.fast.O2.contract-off.compile_options	air.compile.denorms_disable air.compile.fast_math_enable air.compile.framebuffer_fetch_enable
case.ios-device.materialize_f16.fast.O2.contract-off.float_operations	
case.ios-device.materialize_f16.relaxed.O2.contract-off.compile_options	air.compile.denorms_disable air.compile.fast_math_disable air.compile.framebuffer_fetch_enable
case.ios-device.materialize_f16.relaxed.O2.contract-off.float_operations	
case.ios-device.materialize_f16.safe.O2.contract-off.compile_options	air.compile.denorms_disable air.compile.fast_math_disable air.compile.framebuffer_fetch_enable
case.ios-device.materialize_f16.safe.O2.contract-off.float_operations	
case.ios-device.multiply_half.fast.O0.contract-off.compile_options	air.compile.denorms_disable air.compile.fast_math_enable air.compile.framebuffer_fetch_enable
case.ios-device.multiply_half.fast.O0.contract-off.float_operations	fmul+reassoc+nnan+ninf+nsz+arcp+afn
case.ios-device.multiply_half.fast.O2.contract-off.compile_options	air.compile.denorms_disable air.compile.fast_math_enable air.compile.framebuffer_fetch_enable
case.ios-device.multiply_half.fast.O2.contract-off.float_operations	fmul+reassoc+nnan+ninf+nsz+arcp+afn
case.ios-device.multiply_half.fast.O2.contract-off.fpfun-fast.compile_options	air.compile.denorms_disable air.compile.fast_math_enable air.compile.framebuffer_fetch_enable
case.ios-device.multiply_half.fast.O2.contract-off.fpfun-fast.float_operations	fmul+reassoc+nnan+ninf+nsz+arcp+afn
case.ios-device.multiply_half.relaxed.O0.contract-off.compile_options	air.compile.denorms_disable air.compile.fast_math_disable air.compile.framebuffer_fetch_enable
case.ios-device.multiply_half.relaxed.O0.contract-off.float_operations	fmul+reassoc+nsz+arcp+afn
case.ios-device.multiply_half.relaxed.O2.contract-off.compile_options	air.compile.denorms_disable air.compile.fast_math_disable air.compile.framebuffer_fetch_enable
case.ios-device.multiply_half.relaxed.O2.contract-off.float_operations	fmul+reassoc+nsz+arcp+afn
case.ios-device.multiply_half.relaxed.O2.contract-off.fpfun-fast.compile_options	air.compile.denorms_disable air.compile.fast_math_disable air.compile.framebuffer_fetch_enable
case.ios-device.multiply_half.relaxed.O2.contract-off.fpfun-fast.float_operations	fmul+reassoc+nsz+arcp+afn
case.ios-device.multiply_half.safe.O0.contract-off.compile_options	air.compile.denorms_disable air.compile.fast_math_disable air.compile.framebuffer_fetch_enable
case.ios-device.multiply_half.safe.O0.contract-off.float_operations	fmul
case.ios-device.multiply_half.safe.O2.contract-off.compile_options	air.compile.denorms_disable air.compile.fast_math_disable air.compile.framebuffer_fetch_enable
case.ios-device.multiply_half.safe.O2.contract-off.float_operations	fmul
case.ios-device.multiply_half.safe.O2.contract-off.fpfun-fast.compile_options	air.compile.denorms_disable air.compile.fast_math_disable air.compile.framebuffer_fetch_enable
case.ios-device.multiply_half.safe.O2.contract-off.fpfun-fast.float_operations	fmul
case.ios-device.multiply_half_bf16.fast.O2.contract-off.compile_options	air.compile.denorms_disable air.compile.fast_math_enable air.compile.framebuffer_fetch_enable
case.ios-device.multiply_half_bf16.fast.O2.contract-off.float_operations	fmul+reassoc+nnan+ninf+nsz+arcp+afn
case.ios-device.multiply_half_bf16.relaxed.O2.contract-off.compile_options	air.compile.denorms_disable air.compile.fast_math_disable air.compile.framebuffer_fetch_enable
case.ios-device.multiply_half_bf16.relaxed.O2.contract-off.float_operations	fmul+reassoc+nsz+arcp+afn
case.ios-device.multiply_half_bf16.safe.O2.contract-off.compile_options	air.compile.denorms_disable air.compile.fast_math_disable air.compile.framebuffer_fetch_enable
case.ios-device.multiply_half_bf16.safe.O2.contract-off.float_operations	fmul
case.ios-device.multiply_half_f16.fast.O2.contract-off.compile_options	air.compile.denorms_disable air.compile.fast_math_enable air.compile.framebuffer_fetch_enable
case.ios-device.multiply_half_f16.fast.O2.contract-off.float_operations	fmul+reassoc+nnan+ninf+nsz+arcp+afn
case.ios-device.multiply_half_f16.relaxed.O2.contract-off.compile_options	air.compile.denorms_disable air.compile.fast_math_disable air.compile.framebuffer_fetch_enable
case.ios-device.multiply_half_f16.relaxed.O2.contract-off.float_operations	fmul+reassoc+nsz+arcp+afn
case.ios-device.multiply_half_f16.safe.O2.contract-off.compile_options	air.compile.denorms_disable air.compile.fast_math_disable air.compile.framebuffer_fetch_enable
case.ios-device.multiply_half_f16.safe.O2.contract-off.float_operations	fmul
case.ios-device.multiply_one.fast.O0.contract-off.compile_options	air.compile.denorms_disable air.compile.fast_math_enable air.compile.framebuffer_fetch_enable
case.ios-device.multiply_one.fast.O0.contract-off.float_operations	fmul+reassoc+nnan+ninf+nsz+arcp+afn
case.ios-device.multiply_one.fast.O2.contract-off.compile_options	air.compile.denorms_disable air.compile.fast_math_enable air.compile.framebuffer_fetch_enable
case.ios-device.multiply_one.fast.O2.contract-off.float_operations	
case.ios-device.multiply_one.relaxed.O0.contract-off.compile_options	air.compile.denorms_disable air.compile.fast_math_disable air.compile.framebuffer_fetch_enable
case.ios-device.multiply_one.relaxed.O0.contract-off.float_operations	fmul+reassoc+nsz+arcp+afn
case.ios-device.multiply_one.relaxed.O2.contract-off.compile_options	air.compile.denorms_disable air.compile.fast_math_disable air.compile.framebuffer_fetch_enable
case.ios-device.multiply_one.relaxed.O2.contract-off.float_operations	
case.ios-device.multiply_one.safe.O0.contract-off.compile_options	air.compile.denorms_disable air.compile.fast_math_disable air.compile.framebuffer_fetch_enable
case.ios-device.multiply_one.safe.O0.contract-off.float_operations	fmul
case.ios-device.multiply_one.safe.O2.contract-off.compile_options	air.compile.denorms_disable air.compile.fast_math_disable air.compile.framebuffer_fetch_enable
case.ios-device.multiply_one.safe.O2.contract-off.float_operations	
case.ios-device.multiply_one_bf16.fast.O2.contract-off.compile_options	air.compile.denorms_disable air.compile.fast_math_enable air.compile.framebuffer_fetch_enable
case.ios-device.multiply_one_bf16.fast.O2.contract-off.float_operations	
case.ios-device.multiply_one_bf16.relaxed.O2.contract-off.compile_options	air.compile.denorms_disable air.compile.fast_math_disable air.compile.framebuffer_fetch_enable
case.ios-device.multiply_one_bf16.relaxed.O2.contract-off.float_operations	
case.ios-device.multiply_one_bf16.safe.O2.contract-off.compile_options	air.compile.denorms_disable air.compile.fast_math_disable air.compile.framebuffer_fetch_enable
case.ios-device.multiply_one_bf16.safe.O2.contract-off.float_operations	
case.ios-device.multiply_one_f16.fast.O2.contract-off.compile_options	air.compile.denorms_disable air.compile.fast_math_enable air.compile.framebuffer_fetch_enable
case.ios-device.multiply_one_f16.fast.O2.contract-off.float_operations	
case.ios-device.multiply_one_f16.relaxed.O2.contract-off.compile_options	air.compile.denorms_disable air.compile.fast_math_disable air.compile.framebuffer_fetch_enable
case.ios-device.multiply_one_f16.relaxed.O2.contract-off.float_operations	
case.ios-device.multiply_one_f16.safe.O2.contract-off.compile_options	air.compile.denorms_disable air.compile.fast_math_disable air.compile.framebuffer_fetch_enable
case.ios-device.multiply_one_f16.safe.O2.contract-off.float_operations	
case.ios-device.multiply_two.fast.O0.contract-off.compile_options	air.compile.denorms_disable air.compile.fast_math_enable air.compile.framebuffer_fetch_enable
case.ios-device.multiply_two.fast.O0.contract-off.float_operations	fmul+reassoc+nnan+ninf+nsz+arcp+afn
case.ios-device.multiply_two.fast.O2.contract-off.compile_options	air.compile.denorms_disable air.compile.fast_math_enable air.compile.framebuffer_fetch_enable
case.ios-device.multiply_two.fast.O2.contract-off.float_operations	fmul+reassoc+nnan+ninf+nsz+arcp+afn
case.ios-device.multiply_two.fast.O2.contract-off.fpfun-fast.compile_options	air.compile.denorms_disable air.compile.fast_math_enable air.compile.framebuffer_fetch_enable
case.ios-device.multiply_two.fast.O2.contract-off.fpfun-fast.float_operations	fmul+reassoc+nnan+ninf+nsz+arcp+afn
case.ios-device.multiply_two.relaxed.O0.contract-off.compile_options	air.compile.denorms_disable air.compile.fast_math_disable air.compile.framebuffer_fetch_enable
case.ios-device.multiply_two.relaxed.O0.contract-off.float_operations	fmul+reassoc+nsz+arcp+afn
case.ios-device.multiply_two.relaxed.O2.contract-off.compile_options	air.compile.denorms_disable air.compile.fast_math_disable air.compile.framebuffer_fetch_enable
case.ios-device.multiply_two.relaxed.O2.contract-off.float_operations	fmul+reassoc+nsz+arcp+afn
case.ios-device.multiply_two.relaxed.O2.contract-off.fpfun-fast.compile_options	air.compile.denorms_disable air.compile.fast_math_disable air.compile.framebuffer_fetch_enable
case.ios-device.multiply_two.relaxed.O2.contract-off.fpfun-fast.float_operations	fmul+reassoc+nsz+arcp+afn
case.ios-device.multiply_two.safe.O0.contract-off.compile_options	air.compile.denorms_disable air.compile.fast_math_disable air.compile.framebuffer_fetch_enable
case.ios-device.multiply_two.safe.O0.contract-off.float_operations	fmul
case.ios-device.multiply_two.safe.O2.contract-off.compile_options	air.compile.denorms_disable air.compile.fast_math_disable air.compile.framebuffer_fetch_enable
case.ios-device.multiply_two.safe.O2.contract-off.float_operations	fmul
case.ios-device.multiply_two.safe.O2.contract-off.fpfun-fast.compile_options	air.compile.denorms_disable air.compile.fast_math_disable air.compile.framebuffer_fetch_enable
case.ios-device.multiply_two.safe.O2.contract-off.fpfun-fast.float_operations	fmul
case.ios-device.multiply_two_bf16.fast.O0.contract-off.compile_options	air.compile.denorms_disable air.compile.fast_math_enable air.compile.framebuffer_fetch_enable
case.ios-device.multiply_two_bf16.fast.O0.contract-off.float_operations	fmul+reassoc+nnan+ninf+nsz+arcp+afn
case.ios-device.multiply_two_bf16.fast.O2.contract-off.compile_options	air.compile.denorms_disable air.compile.fast_math_enable air.compile.framebuffer_fetch_enable
case.ios-device.multiply_two_bf16.fast.O2.contract-off.float_operations	fmul+reassoc+nnan+ninf+nsz+arcp+afn
case.ios-device.multiply_two_bf16.relaxed.O0.contract-off.compile_options	air.compile.denorms_disable air.compile.fast_math_disable air.compile.framebuffer_fetch_enable
case.ios-device.multiply_two_bf16.relaxed.O0.contract-off.float_operations	fmul+reassoc+nsz+arcp+afn
case.ios-device.multiply_two_bf16.relaxed.O2.contract-off.compile_options	air.compile.denorms_disable air.compile.fast_math_disable air.compile.framebuffer_fetch_enable
case.ios-device.multiply_two_bf16.relaxed.O2.contract-off.float_operations	fmul+reassoc+nsz+arcp+afn
case.ios-device.multiply_two_bf16.safe.O0.contract-off.compile_options	air.compile.denorms_disable air.compile.fast_math_disable air.compile.framebuffer_fetch_enable
case.ios-device.multiply_two_bf16.safe.O0.contract-off.float_operations	fmul
case.ios-device.multiply_two_bf16.safe.O2.contract-off.compile_options	air.compile.denorms_disable air.compile.fast_math_disable air.compile.framebuffer_fetch_enable
case.ios-device.multiply_two_bf16.safe.O2.contract-off.float_operations	fmul
case.ios-device.multiply_two_f16.fast.O0.contract-off.compile_options	air.compile.denorms_disable air.compile.fast_math_enable air.compile.framebuffer_fetch_enable
case.ios-device.multiply_two_f16.fast.O0.contract-off.float_operations	fmul+reassoc+nnan+ninf+nsz+arcp+afn
case.ios-device.multiply_two_f16.fast.O2.contract-off.compile_options	air.compile.denorms_disable air.compile.fast_math_enable air.compile.framebuffer_fetch_enable
case.ios-device.multiply_two_f16.fast.O2.contract-off.float_operations	fmul+reassoc+nnan+ninf+nsz+arcp+afn
case.ios-device.multiply_two_f16.relaxed.O0.contract-off.compile_options	air.compile.denorms_disable air.compile.fast_math_disable air.compile.framebuffer_fetch_enable
case.ios-device.multiply_two_f16.relaxed.O0.contract-off.float_operations	fmul+reassoc+nsz+arcp+afn
case.ios-device.multiply_two_f16.relaxed.O2.contract-off.compile_options	air.compile.denorms_disable air.compile.fast_math_disable air.compile.framebuffer_fetch_enable
case.ios-device.multiply_two_f16.relaxed.O2.contract-off.float_operations	fmul+reassoc+nsz+arcp+afn
case.ios-device.multiply_two_f16.safe.O0.contract-off.compile_options	air.compile.denorms_disable air.compile.fast_math_disable air.compile.framebuffer_fetch_enable
case.ios-device.multiply_two_f16.safe.O0.contract-off.float_operations	fmul
case.ios-device.multiply_two_f16.safe.O2.contract-off.compile_options	air.compile.denorms_disable air.compile.fast_math_disable air.compile.framebuffer_fetch_enable
case.ios-device.multiply_two_f16.safe.O2.contract-off.float_operations	fmul
case.ios-device.permutation_chain.fast.O2.contract-off.compile_options	air.compile.denorms_disable air.compile.fast_math_enable air.compile.framebuffer_fetch_enable
case.ios-device.permutation_chain.fast.O2.contract-off.float_operations	
case.ios-device.permutation_chain.relaxed.O2.contract-off.compile_options	air.compile.denorms_disable air.compile.fast_math_disable air.compile.framebuffer_fetch_enable
case.ios-device.permutation_chain.relaxed.O2.contract-off.float_operations	
case.ios-device.permutation_chain.safe.O2.contract-off.compile_options	air.compile.denorms_disable air.compile.fast_math_disable air.compile.framebuffer_fetch_enable
case.ios-device.permutation_chain.safe.O2.contract-off.float_operations	fadd fadd fadd
case.ios-device.permutation_chain_reordered.fast.O2.contract-off.compile_options	air.compile.denorms_disable air.compile.fast_math_enable air.compile.framebuffer_fetch_enable
case.ios-device.permutation_chain_reordered.fast.O2.contract-off.float_operations	fadd+reassoc+nnan+ninf+nsz+arcp+afn
case.ios-device.permutation_chain_reordered.relaxed.O2.contract-off.compile_options	air.compile.denorms_disable air.compile.fast_math_disable air.compile.framebuffer_fetch_enable
case.ios-device.permutation_chain_reordered.relaxed.O2.contract-off.float_operations	fadd+reassoc+nsz+arcp+afn
case.ios-device.permutation_chain_reordered.safe.O2.contract-off.compile_options	air.compile.denorms_disable air.compile.fast_math_disable air.compile.framebuffer_fetch_enable
case.ios-device.permutation_chain_reordered.safe.O2.contract-off.float_operations	fadd fadd fadd
case.ios-device.reassociation_chain.fast.O2.contract-off.compile_options	air.compile.denorms_disable air.compile.fast_math_enable air.compile.framebuffer_fetch_enable
case.ios-device.reassociation_chain.fast.O2.contract-off.float_operations	fadd+reassoc+nnan+ninf+nsz+arcp+afn
case.ios-device.reassociation_chain.relaxed.O2.contract-off.compile_options	air.compile.denorms_disable air.compile.fast_math_disable air.compile.framebuffer_fetch_enable
case.ios-device.reassociation_chain.relaxed.O2.contract-off.float_operations	fadd+reassoc+nsz+arcp+afn
case.ios-device.reassociation_chain.safe.O2.contract-off.compile_options	air.compile.denorms_disable air.compile.fast_math_disable air.compile.framebuffer_fetch_enable
case.ios-device.reassociation_chain.safe.O2.contract-off.float_operations	fadd fadd
case.ios-device.reassociation_chain_bf16.fast.O2.contract-off.compile_options	air.compile.denorms_disable air.compile.fast_math_enable air.compile.framebuffer_fetch_enable
case.ios-device.reassociation_chain_bf16.fast.O2.contract-off.float_operations	fadd+reassoc+nnan+ninf+nsz+arcp+afn
case.ios-device.reassociation_chain_bf16.relaxed.O2.contract-off.compile_options	air.compile.denorms_disable air.compile.fast_math_disable air.compile.framebuffer_fetch_enable
case.ios-device.reassociation_chain_bf16.relaxed.O2.contract-off.float_operations	fadd+reassoc+nsz+arcp+afn
case.ios-device.reassociation_chain_bf16.safe.O2.contract-off.compile_options	air.compile.denorms_disable air.compile.fast_math_disable air.compile.framebuffer_fetch_enable
case.ios-device.reassociation_chain_bf16.safe.O2.contract-off.float_operations	fadd fadd
case.ios-device.reassociation_chain_f16.fast.O2.contract-off.compile_options	air.compile.denorms_disable air.compile.fast_math_enable air.compile.framebuffer_fetch_enable
case.ios-device.reassociation_chain_f16.fast.O2.contract-off.float_operations	fadd+reassoc+nnan+ninf+nsz+arcp+afn
case.ios-device.reassociation_chain_f16.relaxed.O2.contract-off.compile_options	air.compile.denorms_disable air.compile.fast_math_disable air.compile.framebuffer_fetch_enable
case.ios-device.reassociation_chain_f16.relaxed.O2.contract-off.float_operations	fadd+reassoc+nsz+arcp+afn
case.ios-device.reassociation_chain_f16.safe.O2.contract-off.compile_options	air.compile.denorms_disable air.compile.fast_math_disable air.compile.framebuffer_fetch_enable
case.ios-device.reassociation_chain_f16.safe.O2.contract-off.float_operations	fadd fadd
case.ios-device.scale_one_bias_zero.fast.O0.contract-off.compile_options	air.compile.denorms_disable air.compile.fast_math_enable air.compile.framebuffer_fetch_enable
case.ios-device.scale_one_bias_zero.fast.O0.contract-off.float_operations	fmul+reassoc+nnan+ninf+nsz+arcp+afn fadd+reassoc+nnan+ninf+nsz+arcp+afn
case.ios-device.scale_one_bias_zero.fast.O2.contract-off.compile_options	air.compile.denorms_disable air.compile.fast_math_enable air.compile.framebuffer_fetch_enable
case.ios-device.scale_one_bias_zero.fast.O2.contract-off.float_operations	
case.ios-device.scale_one_bias_zero.fast.O2.contract-off.fpfun-fast.compile_options	air.compile.denorms_disable air.compile.fast_math_enable air.compile.framebuffer_fetch_enable
case.ios-device.scale_one_bias_zero.fast.O2.contract-off.fpfun-fast.float_operations	
case.ios-device.scale_one_bias_zero.relaxed.O0.contract-off.compile_options	air.compile.denorms_disable air.compile.fast_math_disable air.compile.framebuffer_fetch_enable
case.ios-device.scale_one_bias_zero.relaxed.O0.contract-off.float_operations	fmul+reassoc+nsz+arcp+afn fadd+reassoc+nsz+arcp+afn
case.ios-device.scale_one_bias_zero.relaxed.O2.contract-off.compile_options	air.compile.denorms_disable air.compile.fast_math_disable air.compile.framebuffer_fetch_enable
case.ios-device.scale_one_bias_zero.relaxed.O2.contract-off.float_operations	
case.ios-device.scale_one_bias_zero.relaxed.O2.contract-off.fpfun-fast.compile_options	air.compile.denorms_disable air.compile.fast_math_disable air.compile.framebuffer_fetch_enable
case.ios-device.scale_one_bias_zero.relaxed.O2.contract-off.fpfun-fast.float_operations	
case.ios-device.scale_one_bias_zero.safe.O0.contract-off.compile_options	air.compile.denorms_disable air.compile.fast_math_disable air.compile.framebuffer_fetch_enable
case.ios-device.scale_one_bias_zero.safe.O0.contract-off.float_operations	fmul fadd
case.ios-device.scale_one_bias_zero.safe.O1.contract-off.compile_options	air.compile.denorms_disable air.compile.fast_math_disable air.compile.framebuffer_fetch_enable
case.ios-device.scale_one_bias_zero.safe.O1.contract-off.float_operations	fadd
case.ios-device.scale_one_bias_zero.safe.O2.contract-off.compile_options	air.compile.denorms_disable air.compile.fast_math_disable air.compile.framebuffer_fetch_enable
case.ios-device.scale_one_bias_zero.safe.O2.contract-off.float_operations	fadd
case.ios-device.scale_one_bias_zero.safe.O2.contract-off.fpfun-fast.compile_options	air.compile.denorms_disable air.compile.fast_math_disable air.compile.framebuffer_fetch_enable
case.ios-device.scale_one_bias_zero.safe.O2.contract-off.fpfun-fast.float_operations	fadd
case.ios-device.scale_one_bias_zero.safe.O3.contract-off.compile_options	air.compile.denorms_disable air.compile.fast_math_disable air.compile.framebuffer_fetch_enable
case.ios-device.scale_one_bias_zero.safe.O3.contract-off.float_operations	fadd
case.ios-device.scale_one_bias_zero.safe.Os.contract-off.compile_options	air.compile.denorms_disable air.compile.fast_math_disable air.compile.framebuffer_fetch_enable
case.ios-device.scale_one_bias_zero.safe.Os.contract-off.float_operations	fadd
case.ios-device.scale_one_bias_zero_bf16.fast.O0.contract-off.compile_options	air.compile.denorms_disable air.compile.fast_math_enable air.compile.framebuffer_fetch_enable
case.ios-device.scale_one_bias_zero_bf16.fast.O0.contract-off.float_operations	fmul+reassoc+nnan+ninf+nsz+arcp+afn fadd+reassoc+nnan+ninf+nsz+arcp+afn
case.ios-device.scale_one_bias_zero_bf16.fast.O2.contract-off.compile_options	air.compile.denorms_disable air.compile.fast_math_enable air.compile.framebuffer_fetch_enable
case.ios-device.scale_one_bias_zero_bf16.fast.O2.contract-off.float_operations	
case.ios-device.scale_one_bias_zero_bf16.relaxed.O0.contract-off.compile_options	air.compile.denorms_disable air.compile.fast_math_disable air.compile.framebuffer_fetch_enable
case.ios-device.scale_one_bias_zero_bf16.relaxed.O0.contract-off.float_operations	fmul+reassoc+nsz+arcp+afn fadd+reassoc+nsz+arcp+afn
case.ios-device.scale_one_bias_zero_bf16.relaxed.O2.contract-off.compile_options	air.compile.denorms_disable air.compile.fast_math_disable air.compile.framebuffer_fetch_enable
case.ios-device.scale_one_bias_zero_bf16.relaxed.O2.contract-off.float_operations	
case.ios-device.scale_one_bias_zero_bf16.safe.O0.contract-off.compile_options	air.compile.denorms_disable air.compile.fast_math_disable air.compile.framebuffer_fetch_enable
case.ios-device.scale_one_bias_zero_bf16.safe.O0.contract-off.float_operations	fmul fadd
case.ios-device.scale_one_bias_zero_bf16.safe.O2.contract-off.compile_options	air.compile.denorms_disable air.compile.fast_math_disable air.compile.framebuffer_fetch_enable
case.ios-device.scale_one_bias_zero_bf16.safe.O2.contract-off.float_operations	fadd
case.ios-device.scale_one_bias_zero_f16.fast.O0.contract-off.compile_options	air.compile.denorms_disable air.compile.fast_math_enable air.compile.framebuffer_fetch_enable
case.ios-device.scale_one_bias_zero_f16.fast.O0.contract-off.float_operations	fmul+reassoc+nnan+ninf+nsz+arcp+afn fadd+reassoc+nnan+ninf+nsz+arcp+afn
case.ios-device.scale_one_bias_zero_f16.fast.O2.contract-off.compile_options	air.compile.denorms_disable air.compile.fast_math_enable air.compile.framebuffer_fetch_enable
case.ios-device.scale_one_bias_zero_f16.fast.O2.contract-off.float_operations	
case.ios-device.scale_one_bias_zero_f16.relaxed.O0.contract-off.compile_options	air.compile.denorms_disable air.compile.fast_math_disable air.compile.framebuffer_fetch_enable
case.ios-device.scale_one_bias_zero_f16.relaxed.O0.contract-off.float_operations	fmul+reassoc+nsz+arcp+afn fadd+reassoc+nsz+arcp+afn
case.ios-device.scale_one_bias_zero_f16.relaxed.O2.contract-off.compile_options	air.compile.denorms_disable air.compile.fast_math_disable air.compile.framebuffer_fetch_enable
case.ios-device.scale_one_bias_zero_f16.relaxed.O2.contract-off.float_operations	
case.ios-device.scale_one_bias_zero_f16.safe.O0.contract-off.compile_options	air.compile.denorms_disable air.compile.fast_math_disable air.compile.framebuffer_fetch_enable
case.ios-device.scale_one_bias_zero_f16.safe.O0.contract-off.float_operations	fmul fadd
case.ios-device.scale_one_bias_zero_f16.safe.O2.contract-off.compile_options	air.compile.denorms_disable air.compile.fast_math_disable air.compile.framebuffer_fetch_enable
case.ios-device.scale_one_bias_zero_f16.safe.O2.contract-off.float_operations	fadd
case.ios-device.scale_two_bias_one.fast.O2.contract-fast.compile_options	air.compile.denorms_disable air.compile.fast_math_enable air.compile.framebuffer_fetch_enable
case.ios-device.scale_two_bias_one.fast.O2.contract-fast.float_operations	fmul+fast fadd+fast
case.ios-device.scale_two_bias_one.fast.O2.contract-off.compile_options	air.compile.denorms_disable air.compile.fast_math_enable air.compile.framebuffer_fetch_enable
case.ios-device.scale_two_bias_one.fast.O2.contract-off.float_operations	fmul+reassoc+nnan+ninf+nsz+arcp+afn fadd+reassoc+nnan+ninf+nsz+arcp+afn
case.ios-device.scale_two_bias_one.fast.O2.contract-on.compile_options	air.compile.denorms_disable air.compile.fast_math_enable air.compile.framebuffer_fetch_enable
case.ios-device.scale_two_bias_one.fast.O2.contract-on.float_operations	fmul+reassoc+nnan+ninf+nsz+arcp+afn fadd+reassoc+nnan+ninf+nsz+arcp+afn
case.ios-device.scale_two_bias_one.relaxed.O2.contract-fast.compile_options	air.compile.denorms_disable air.compile.fast_math_disable air.compile.framebuffer_fetch_enable
case.ios-device.scale_two_bias_one.relaxed.O2.contract-fast.float_operations	fmul+reassoc+nsz+arcp+contract+afn fadd+reassoc+nsz+arcp+contract+afn
case.ios-device.scale_two_bias_one.relaxed.O2.contract-off.compile_options	air.compile.denorms_disable air.compile.fast_math_disable air.compile.framebuffer_fetch_enable
case.ios-device.scale_two_bias_one.relaxed.O2.contract-off.float_operations	fmul+reassoc+nsz+arcp+afn fadd+reassoc+nsz+arcp+afn
case.ios-device.scale_two_bias_one.relaxed.O2.contract-on.compile_options	air.compile.denorms_disable air.compile.fast_math_disable air.compile.framebuffer_fetch_enable
case.ios-device.scale_two_bias_one.relaxed.O2.contract-on.float_operations	fmul+reassoc+nsz+arcp+afn fadd+reassoc+nsz+arcp+afn
case.ios-device.scale_two_bias_one.safe.O2.contract-fast.compile_options	air.compile.denorms_disable air.compile.fast_math_disable air.compile.framebuffer_fetch_enable
case.ios-device.scale_two_bias_one.safe.O2.contract-fast.float_operations	fmul+contract fadd+contract
case.ios-device.scale_two_bias_one.safe.O2.contract-off.compile_options	air.compile.denorms_disable air.compile.fast_math_disable air.compile.framebuffer_fetch_enable
case.ios-device.scale_two_bias_one.safe.O2.contract-off.float_operations	fmul fadd
case.ios-device.scale_two_bias_one.safe.O2.contract-on.compile_options	air.compile.denorms_disable air.compile.fast_math_disable air.compile.framebuffer_fetch_enable
case.ios-device.scale_two_bias_one.safe.O2.contract-on.float_operations	fmul fadd
case.ios-simulator.add_smallest_normal.fast.O0.contract-off.compile_options	air.compile.denorms_disable air.compile.fast_math_enable air.compile.framebuffer_fetch_enable
case.ios-simulator.add_smallest_normal.fast.O0.contract-off.float_operations	fadd+reassoc+nnan+ninf+nsz+arcp+afn
case.ios-simulator.add_smallest_normal.fast.O0.contract-off.results	00800000 00800000 00800000 01000000 00800000 00800000 3eb97ef9 3f800000
case.ios-simulator.add_smallest_normal.fast.O2.contract-off.compile_options	air.compile.denorms_disable air.compile.fast_math_enable air.compile.framebuffer_fetch_enable
case.ios-simulator.add_smallest_normal.fast.O2.contract-off.float_operations	fadd+reassoc+nnan+ninf+nsz+arcp+afn
case.ios-simulator.add_smallest_normal.fast.O2.contract-off.results	00800000 00800000 00800000 01000000 00800000 00800000 3eb97ef9 3f800000
case.ios-simulator.add_smallest_normal.relaxed.O0.contract-off.compile_options	air.compile.denorms_disable air.compile.fast_math_disable air.compile.framebuffer_fetch_enable
case.ios-simulator.add_smallest_normal.relaxed.O0.contract-off.float_operations	fadd+reassoc+nsz+arcp+afn
case.ios-simulator.add_smallest_normal.relaxed.O0.contract-off.results	00800000 00800000 00800000 01000000 00800000 00800000 3eb97ef9 3f800000
case.ios-simulator.add_smallest_normal.relaxed.O2.contract-off.compile_options	air.compile.denorms_disable air.compile.fast_math_disable air.compile.framebuffer_fetch_enable
case.ios-simulator.add_smallest_normal.relaxed.O2.contract-off.float_operations	fadd+reassoc+nsz+arcp+afn
case.ios-simulator.add_smallest_normal.relaxed.O2.contract-off.results	00800000 00800000 00800000 01000000 00800000 00800000 3eb97ef9 3f800000
case.ios-simulator.add_smallest_normal.runtime.fast.opt-default.applied_options	math=fast,fpfun=precise,lang=3.1,opt=default
case.ios-simulator.add_smallest_normal.runtime.fast.opt-default.archived_options	unavailable:dispatch of the archive-support probe failed with 134: +[MTLLoader sliceIDForDevice:legacyDriverVersion:airntDriverVersion:]:692: failed assertion `Target device architecture is nil' Child process terminated with signal 6: Abort trap
case.ios-simulator.add_smallest_normal.runtime.fast.opt-default.results	00800000 00800000 00800000 01000000 00800000 00800000 3eb97ef9 3f800000
case.ios-simulator.add_smallest_normal.runtime.fast.opt-size.applied_options	math=fast,fpfun=precise,lang=3.1,opt=size
case.ios-simulator.add_smallest_normal.runtime.fast.opt-size.archived_options	unavailable:dispatch of the archive-support probe failed with 134: +[MTLLoader sliceIDForDevice:legacyDriverVersion:airntDriverVersion:]:692: failed assertion `Target device architecture is nil' Child process terminated with signal 6: Abort trap
case.ios-simulator.add_smallest_normal.runtime.fast.opt-size.results	00800000 00800000 00800000 01000000 00800000 00800000 3eb97ef9 3f800000
case.ios-simulator.add_smallest_normal.runtime.relaxed.opt-default.applied_options	math=relaxed,fpfun=precise,lang=3.1,opt=default
case.ios-simulator.add_smallest_normal.runtime.relaxed.opt-default.archived_options	unavailable:dispatch of the archive-support probe failed with 134: +[MTLLoader sliceIDForDevice:legacyDriverVersion:airntDriverVersion:]:692: failed assertion `Target device architecture is nil' Child process terminated with signal 6: Abort trap
case.ios-simulator.add_smallest_normal.runtime.relaxed.opt-default.results	00800000 00800000 00800000 01000000 00800000 00800000 3eb97ef9 3f800000
case.ios-simulator.add_smallest_normal.runtime.relaxed.opt-size.applied_options	math=relaxed,fpfun=precise,lang=3.1,opt=size
case.ios-simulator.add_smallest_normal.runtime.relaxed.opt-size.archived_options	unavailable:dispatch of the archive-support probe failed with 134: +[MTLLoader sliceIDForDevice:legacyDriverVersion:airntDriverVersion:]:692: failed assertion `Target device architecture is nil' Child process terminated with signal 6: Abort trap
case.ios-simulator.add_smallest_normal.runtime.relaxed.opt-size.results	00800000 00800000 00800000 01000000 00800000 00800000 3eb97ef9 3f800000
case.ios-simulator.add_smallest_normal.runtime.safe.opt-default.applied_options	math=safe,fpfun=precise,lang=3.1,opt=default
case.ios-simulator.add_smallest_normal.runtime.safe.opt-default.archived_options	unavailable:dispatch of the archive-support probe failed with 134: +[MTLLoader sliceIDForDevice:legacyDriverVersion:airntDriverVersion:]:692: failed assertion `Target device architecture is nil' Child process terminated with signal 6: Abort trap
case.ios-simulator.add_smallest_normal.runtime.safe.opt-default.results	00800000 00800000 00800000 01000000 00800000 00800000 3eb97ef9 3f800000
case.ios-simulator.add_smallest_normal.runtime.safe.opt-size.applied_options	math=safe,fpfun=precise,lang=3.1,opt=size
case.ios-simulator.add_smallest_normal.runtime.safe.opt-size.archived_options	unavailable:dispatch of the archive-support probe failed with 134: +[MTLLoader sliceIDForDevice:legacyDriverVersion:airntDriverVersion:]:692: failed assertion `Target device architecture is nil' Child process terminated with signal 6: Abort trap
case.ios-simulator.add_smallest_normal.runtime.safe.opt-size.results	00800000 00800000 00800000 01000000 00800000 00800000 3eb97ef9 3f800000
case.ios-simulator.add_smallest_normal.safe.O0.contract-off.compile_options	air.compile.denorms_disable air.compile.fast_math_disable air.compile.framebuffer_fetch_enable
case.ios-simulator.add_smallest_normal.safe.O0.contract-off.float_operations	fadd
case.ios-simulator.add_smallest_normal.safe.O0.contract-off.results	00800000 00800000 00800000 01000000 00800000 00800000 3eb97ef9 3f800000
case.ios-simulator.add_smallest_normal.safe.O2.contract-off.compile_options	air.compile.denorms_disable air.compile.fast_math_disable air.compile.framebuffer_fetch_enable
case.ios-simulator.add_smallest_normal.safe.O2.contract-off.float_operations	fadd
case.ios-simulator.add_smallest_normal.safe.O2.contract-off.results	00800000 00800000 00800000 01000000 00800000 00800000 3eb97ef9 3f800000
case.ios-simulator.add_smallest_normal_bf16.fast.O2.contract-off.compile_options	air.compile.denorms_disable air.compile.fast_math_enable air.compile.framebuffer_fetch_enable
case.ios-simulator.add_smallest_normal_bf16.fast.O2.contract-off.float_operations	fadd+reassoc+nnan+ninf+nsz+arcp+afn
case.ios-simulator.add_smallest_normal_bf16.fast.O2.contract-off.refusal	dispatch of the bfloat-support probe failed with 4: numerical_probe_host: pipeline creation failed: Compilation failed due to an interrupted connection: XPC_ERROR_CONNECTION_INTERRUPTED. This error occurred after multiple retries.
case.ios-simulator.add_smallest_normal_bf16.relaxed.O2.contract-off.compile_options	air.compile.denorms_disable air.compile.fast_math_disable air.compile.framebuffer_fetch_enable
case.ios-simulator.add_smallest_normal_bf16.relaxed.O2.contract-off.float_operations	fadd+reassoc+nsz+arcp+afn
case.ios-simulator.add_smallest_normal_bf16.relaxed.O2.contract-off.refusal	dispatch of the bfloat-support probe failed with 4: numerical_probe_host: pipeline creation failed: Compilation failed due to an interrupted connection: XPC_ERROR_CONNECTION_INTERRUPTED. This error occurred after multiple retries.
case.ios-simulator.add_smallest_normal_bf16.runtime.fast.opt-default.refusal	dispatch of the bfloat-support probe failed with 4: numerical_probe_host: pipeline creation failed: Compilation failed due to an interrupted connection: XPC_ERROR_CONNECTION_INTERRUPTED. This error occurred after multiple retries.
case.ios-simulator.add_smallest_normal_bf16.runtime.fast.opt-size.refusal	dispatch of the bfloat-support probe failed with 4: numerical_probe_host: pipeline creation failed: Compilation failed due to an interrupted connection: XPC_ERROR_CONNECTION_INTERRUPTED. This error occurred after multiple retries.
case.ios-simulator.add_smallest_normal_bf16.runtime.relaxed.opt-default.refusal	dispatch of the bfloat-support probe failed with 4: numerical_probe_host: pipeline creation failed: Compilation failed due to an interrupted connection: XPC_ERROR_CONNECTION_INTERRUPTED. This error occurred after multiple retries.
case.ios-simulator.add_smallest_normal_bf16.runtime.relaxed.opt-size.refusal	dispatch of the bfloat-support probe failed with 4: numerical_probe_host: pipeline creation failed: Compilation failed due to an interrupted connection: XPC_ERROR_CONNECTION_INTERRUPTED. This error occurred after multiple retries.
case.ios-simulator.add_smallest_normal_bf16.runtime.safe.opt-default.refusal	dispatch of the bfloat-support probe failed with 4: numerical_probe_host: pipeline creation failed: Compilation failed due to an interrupted connection: XPC_ERROR_CONNECTION_INTERRUPTED. This error occurred after multiple retries.
case.ios-simulator.add_smallest_normal_bf16.runtime.safe.opt-size.refusal	dispatch of the bfloat-support probe failed with 4: numerical_probe_host: pipeline creation failed: Compilation failed due to an interrupted connection: XPC_ERROR_CONNECTION_INTERRUPTED. This error occurred after multiple retries.
case.ios-simulator.add_smallest_normal_bf16.safe.O2.contract-off.compile_options	air.compile.denorms_disable air.compile.fast_math_disable air.compile.framebuffer_fetch_enable
case.ios-simulator.add_smallest_normal_bf16.safe.O2.contract-off.float_operations	fadd
case.ios-simulator.add_smallest_normal_bf16.safe.O2.contract-off.refusal	dispatch of the bfloat-support probe failed with 4: numerical_probe_host: pipeline creation failed: Compilation failed due to an interrupted connection: XPC_ERROR_CONNECTION_INTERRUPTED. This error occurred after multiple retries.
case.ios-simulator.add_smallest_normal_f16.fast.O2.contract-off.compile_options	air.compile.denorms_disable air.compile.fast_math_enable air.compile.framebuffer_fetch_enable
case.ios-simulator.add_smallest_normal_f16.fast.O2.contract-off.float_operations	fadd+reassoc+nnan+ninf+nsz+arcp+afn
case.ios-simulator.add_smallest_normal_f16.fast.O2.contract-off.results	0401 0600 07ff 0800 0200 0400 3555 3c00
case.ios-simulator.add_smallest_normal_f16.relaxed.O2.contract-off.compile_options	air.compile.denorms_disable air.compile.fast_math_disable air.compile.framebuffer_fetch_enable
case.ios-simulator.add_smallest_normal_f16.relaxed.O2.contract-off.float_operations	fadd+reassoc+nsz+arcp+afn
case.ios-simulator.add_smallest_normal_f16.relaxed.O2.contract-off.results	0401 0600 07ff 0800 0200 0400 3555 3c00
case.ios-simulator.add_smallest_normal_f16.runtime.fast.opt-default.applied_options	math=fast,fpfun=precise,lang=3.1,opt=default
case.ios-simulator.add_smallest_normal_f16.runtime.fast.opt-default.archived_options	unavailable:dispatch of the archive-support probe failed with 134: +[MTLLoader sliceIDForDevice:legacyDriverVersion:airntDriverVersion:]:692: failed assertion `Target device architecture is nil' Child process terminated with signal 6: Abort trap
case.ios-simulator.add_smallest_normal_f16.runtime.fast.opt-default.results	0401 0600 07ff 0800 0200 0400 3555 3c00
case.ios-simulator.add_smallest_normal_f16.runtime.fast.opt-size.applied_options	math=fast,fpfun=precise,lang=3.1,opt=size
case.ios-simulator.add_smallest_normal_f16.runtime.fast.opt-size.archived_options	unavailable:dispatch of the archive-support probe failed with 134: +[MTLLoader sliceIDForDevice:legacyDriverVersion:airntDriverVersion:]:692: failed assertion `Target device architecture is nil' Child process terminated with signal 6: Abort trap
case.ios-simulator.add_smallest_normal_f16.runtime.fast.opt-size.results	0401 0600 07ff 0800 0200 0400 3555 3c00
case.ios-simulator.add_smallest_normal_f16.runtime.relaxed.opt-default.applied_options	math=relaxed,fpfun=precise,lang=3.1,opt=default
case.ios-simulator.add_smallest_normal_f16.runtime.relaxed.opt-default.archived_options	unavailable:dispatch of the archive-support probe failed with 134: +[MTLLoader sliceIDForDevice:legacyDriverVersion:airntDriverVersion:]:692: failed assertion `Target device architecture is nil' Child process terminated with signal 6: Abort trap
case.ios-simulator.add_smallest_normal_f16.runtime.relaxed.opt-default.results	0401 0600 07ff 0800 0200 0400 3555 3c00
case.ios-simulator.add_smallest_normal_f16.runtime.relaxed.opt-size.applied_options	math=relaxed,fpfun=precise,lang=3.1,opt=size
case.ios-simulator.add_smallest_normal_f16.runtime.relaxed.opt-size.archived_options	unavailable:dispatch of the archive-support probe failed with 134: +[MTLLoader sliceIDForDevice:legacyDriverVersion:airntDriverVersion:]:692: failed assertion `Target device architecture is nil' Child process terminated with signal 6: Abort trap
case.ios-simulator.add_smallest_normal_f16.runtime.relaxed.opt-size.results	0401 0600 07ff 0800 0200 0400 3555 3c00
case.ios-simulator.add_smallest_normal_f16.runtime.safe.opt-default.applied_options	math=safe,fpfun=precise,lang=3.1,opt=default
case.ios-simulator.add_smallest_normal_f16.runtime.safe.opt-default.archived_options	unavailable:dispatch of the archive-support probe failed with 134: +[MTLLoader sliceIDForDevice:legacyDriverVersion:airntDriverVersion:]:692: failed assertion `Target device architecture is nil' Child process terminated with signal 6: Abort trap
case.ios-simulator.add_smallest_normal_f16.runtime.safe.opt-default.results	0401 0600 07ff 0800 0200 0400 3555 3c00
case.ios-simulator.add_smallest_normal_f16.runtime.safe.opt-size.applied_options	math=safe,fpfun=precise,lang=3.1,opt=size
case.ios-simulator.add_smallest_normal_f16.runtime.safe.opt-size.archived_options	unavailable:dispatch of the archive-support probe failed with 134: +[MTLLoader sliceIDForDevice:legacyDriverVersion:airntDriverVersion:]:692: failed assertion `Target device architecture is nil' Child process terminated with signal 6: Abort trap
case.ios-simulator.add_smallest_normal_f16.runtime.safe.opt-size.results	0401 0600 07ff 0800 0200 0400 3555 3c00
case.ios-simulator.add_smallest_normal_f16.safe.O2.contract-off.compile_options	air.compile.denorms_disable air.compile.fast_math_disable air.compile.framebuffer_fetch_enable
case.ios-simulator.add_smallest_normal_f16.safe.O2.contract-off.float_operations	fadd
case.ios-simulator.add_smallest_normal_f16.safe.O2.contract-off.results	0401 0600 07ff 0800 0200 0400 3555 3c00
case.ios-simulator.contraction_pair.fast.O2.contract-fast.compile_options	air.compile.denorms_disable air.compile.fast_math_enable air.compile.framebuffer_fetch_enable
case.ios-simulator.contraction_pair.fast.O2.contract-fast.float_operations	fmul+fast fadd+fast
case.ios-simulator.contraction_pair.fast.O2.contract-fast.results	3f800000 3f800000 3f800000 3f800000 3f800000 3f800000 3fc58f9d 40200000
case.ios-simulator.contraction_pair.fast.O2.contract-off.compile_options	air.compile.denorms_disable air.compile.fast_math_enable air.compile.framebuffer_fetch_enable
case.ios-simulator.contraction_pair.fast.O2.contract-off.float_operations	fmul+reassoc+nnan+ninf+nsz+arcp+afn fadd+reassoc+nnan+ninf+nsz+arcp+afn
case.ios-simulator.contraction_pair.fast.O2.contract-off.results	3f800000 3f800000 3f800000 3f800000 3f800000 3f800000 3fc58f9e 40200000
case.ios-simulator.contraction_pair.fast.O2.contract-on.compile_options	air.compile.denorms_disable air.compile.fast_math_enable air.compile.framebuffer_fetch_enable
case.ios-simulator.contraction_pair.fast.O2.contract-on.float_operations	fmul+reassoc+nnan+ninf+nsz+arcp+afn fadd+reassoc+nnan+ninf+nsz+arcp+afn
case.ios-simulator.contraction_pair.fast.O2.contract-on.results	3f800000 3f800000 3f800000 3f800000 3f800000 3f800000 3fc58f9e 40200000
case.ios-simulator.contraction_pair.relaxed.O2.contract-fast.compile_options	air.compile.denorms_disable air.compile.fast_math_disable air.compile.framebuffer_fetch_enable
case.ios-simulator.contraction_pair.relaxed.O2.contract-fast.float_operations	fmul+reassoc+nsz+arcp+contract+afn fadd+reassoc+nsz+arcp+contract+afn
case.ios-simulator.contraction_pair.relaxed.O2.contract-fast.results	3f800000 3f800000 3f800000 3f800000 3f800000 3f800000 3fc58f9d 40200000
case.ios-simulator.contraction_pair.relaxed.O2.contract-off.compile_options	air.compile.denorms_disable air.compile.fast_math_disable air.compile.framebuffer_fetch_enable
case.ios-simulator.contraction_pair.relaxed.O2.contract-off.float_operations	fmul+reassoc+nsz+arcp+afn fadd+reassoc+nsz+arcp+afn
case.ios-simulator.contraction_pair.relaxed.O2.contract-off.results	3f800000 3f800000 3f800000 3f800000 3f800000 3f800000 3fc58f9e 40200000
case.ios-simulator.contraction_pair.relaxed.O2.contract-on.compile_options	air.compile.denorms_disable air.compile.fast_math_disable air.compile.framebuffer_fetch_enable
case.ios-simulator.contraction_pair.relaxed.O2.contract-on.float_operations	fmul+reassoc+nsz+arcp+afn fadd+reassoc+nsz+arcp+afn
case.ios-simulator.contraction_pair.relaxed.O2.contract-on.results	3f800000 3f800000 3f800000 3f800000 3f800000 3f800000 3fc58f9e 40200000
case.ios-simulator.contraction_pair.runtime.fast.opt-default.applied_options	math=fast,fpfun=precise,lang=3.1,opt=default
case.ios-simulator.contraction_pair.runtime.fast.opt-default.archived_options	unavailable:dispatch of the archive-support probe failed with 134: +[MTLLoader sliceIDForDevice:legacyDriverVersion:airntDriverVersion:]:692: failed assertion `Target device architecture is nil' Child process terminated with signal 6: Abort trap
case.ios-simulator.contraction_pair.runtime.fast.opt-default.results	3f800000 3f800000 3f800000 3f800000 3f800000 3f800000 3fc58f9d 40200000
case.ios-simulator.contraction_pair.runtime.fast.opt-size.applied_options	math=fast,fpfun=precise,lang=3.1,opt=size
case.ios-simulator.contraction_pair.runtime.fast.opt-size.archived_options	unavailable:dispatch of the archive-support probe failed with 134: +[MTLLoader sliceIDForDevice:legacyDriverVersion:airntDriverVersion:]:692: failed assertion `Target device architecture is nil' Child process terminated with signal 6: Abort trap
case.ios-simulator.contraction_pair.runtime.fast.opt-size.results	3f800000 3f800000 3f800000 3f800000 3f800000 3f800000 3fc58f9d 40200000
case.ios-simulator.contraction_pair.runtime.relaxed.opt-default.applied_options	math=relaxed,fpfun=precise,lang=3.1,opt=default
case.ios-simulator.contraction_pair.runtime.relaxed.opt-default.archived_options	unavailable:dispatch of the archive-support probe failed with 134: +[MTLLoader sliceIDForDevice:legacyDriverVersion:airntDriverVersion:]:692: failed assertion `Target device architecture is nil' Child process terminated with signal 6: Abort trap
case.ios-simulator.contraction_pair.runtime.relaxed.opt-default.results	3f800000 3f800000 3f800000 3f800000 3f800000 3f800000 3fc58f9d 40200000
case.ios-simulator.contraction_pair.runtime.relaxed.opt-size.applied_options	math=relaxed,fpfun=precise,lang=3.1,opt=size
case.ios-simulator.contraction_pair.runtime.relaxed.opt-size.archived_options	unavailable:dispatch of the archive-support probe failed with 134: +[MTLLoader sliceIDForDevice:legacyDriverVersion:airntDriverVersion:]:692: failed assertion `Target device architecture is nil' Child process terminated with signal 6: Abort trap
case.ios-simulator.contraction_pair.runtime.relaxed.opt-size.results	3f800000 3f800000 3f800000 3f800000 3f800000 3f800000 3fc58f9d 40200000
case.ios-simulator.contraction_pair.runtime.safe.opt-default.applied_options	math=safe,fpfun=precise,lang=3.1,opt=default
case.ios-simulator.contraction_pair.runtime.safe.opt-default.archived_options	unavailable:dispatch of the archive-support probe failed with 134: +[MTLLoader sliceIDForDevice:legacyDriverVersion:airntDriverVersion:]:692: failed assertion `Target device architecture is nil' Child process terminated with signal 6: Abort trap
case.ios-simulator.contraction_pair.runtime.safe.opt-default.results	3f800000 3f800000 3f800000 3f800000 3f800000 3f800000 3fc58f9e 40200000
case.ios-simulator.contraction_pair.runtime.safe.opt-size.applied_options	math=safe,fpfun=precise,lang=3.1,opt=size
case.ios-simulator.contraction_pair.runtime.safe.opt-size.archived_options	unavailable:dispatch of the archive-support probe failed with 134: +[MTLLoader sliceIDForDevice:legacyDriverVersion:airntDriverVersion:]:692: failed assertion `Target device architecture is nil' Child process terminated with signal 6: Abort trap
case.ios-simulator.contraction_pair.runtime.safe.opt-size.results	3f800000 3f800000 3f800000 3f800000 3f800000 3f800000 3fc58f9e 40200000
case.ios-simulator.contraction_pair.safe.O2.contract-fast.compile_options	air.compile.denorms_disable air.compile.fast_math_disable air.compile.framebuffer_fetch_enable
case.ios-simulator.contraction_pair.safe.O2.contract-fast.float_operations	fmul+contract fadd+contract
case.ios-simulator.contraction_pair.safe.O2.contract-fast.results	3f800000 3f800000 3f800000 3f800000 3f800000 3f800000 3fc58f9d 40200000
case.ios-simulator.contraction_pair.safe.O2.contract-off.compile_options	air.compile.denorms_disable air.compile.fast_math_disable air.compile.framebuffer_fetch_enable
case.ios-simulator.contraction_pair.safe.O2.contract-off.float_operations	fmul fadd
case.ios-simulator.contraction_pair.safe.O2.contract-off.results	3f800000 3f800000 3f800000 3f800000 3f800000 3f800000 3fc58f9e 40200000
case.ios-simulator.contraction_pair.safe.O2.contract-on.compile_options	air.compile.denorms_disable air.compile.fast_math_disable air.compile.framebuffer_fetch_enable
case.ios-simulator.contraction_pair.safe.O2.contract-on.float_operations	fmul fadd
case.ios-simulator.contraction_pair.safe.O2.contract-on.results	3f800000 3f800000 3f800000 3f800000 3f800000 3f800000 3fc58f9e 40200000
case.ios-simulator.contraction_pair_bf16.fast.O2.contract-fast.compile_options	air.compile.denorms_disable air.compile.fast_math_enable air.compile.framebuffer_fetch_enable
case.ios-simulator.contraction_pair_bf16.fast.O2.contract-fast.float_operations	fmul+fast fadd+fast
case.ios-simulator.contraction_pair_bf16.fast.O2.contract-fast.refusal	dispatch of the bfloat-support probe failed with 4: numerical_probe_host: pipeline creation failed: Compilation failed due to an interrupted connection: XPC_ERROR_CONNECTION_INTERRUPTED. This error occurred after multiple retries.
case.ios-simulator.contraction_pair_bf16.fast.O2.contract-off.compile_options	air.compile.denorms_disable air.compile.fast_math_enable air.compile.framebuffer_fetch_enable
case.ios-simulator.contraction_pair_bf16.fast.O2.contract-off.float_operations	fmul+reassoc+nnan+ninf+nsz+arcp+afn fadd+reassoc+nnan+ninf+nsz+arcp+afn
case.ios-simulator.contraction_pair_bf16.fast.O2.contract-off.refusal	dispatch of the bfloat-support probe failed with 4: numerical_probe_host: pipeline creation failed: Compilation failed due to an interrupted connection: XPC_ERROR_CONNECTION_INTERRUPTED. This error occurred after multiple retries.
case.ios-simulator.contraction_pair_bf16.fast.O2.contract-on.compile_options	air.compile.denorms_disable air.compile.fast_math_enable air.compile.framebuffer_fetch_enable
case.ios-simulator.contraction_pair_bf16.fast.O2.contract-on.float_operations	fmul+reassoc+nnan+ninf+nsz+arcp+afn fadd+reassoc+nnan+ninf+nsz+arcp+afn
case.ios-simulator.contraction_pair_bf16.fast.O2.contract-on.refusal	dispatch of the bfloat-support probe failed with 4: numerical_probe_host: pipeline creation failed: Compilation failed due to an interrupted connection: XPC_ERROR_CONNECTION_INTERRUPTED. This error occurred after multiple retries.
case.ios-simulator.contraction_pair_bf16.relaxed.O2.contract-fast.compile_options	air.compile.denorms_disable air.compile.fast_math_disable air.compile.framebuffer_fetch_enable
case.ios-simulator.contraction_pair_bf16.relaxed.O2.contract-fast.float_operations	fmul+reassoc+nsz+arcp+contract+afn fadd+reassoc+nsz+arcp+contract+afn
case.ios-simulator.contraction_pair_bf16.relaxed.O2.contract-fast.refusal	dispatch of the bfloat-support probe failed with 4: numerical_probe_host: pipeline creation failed: Compilation failed due to an interrupted connection: XPC_ERROR_CONNECTION_INTERRUPTED. This error occurred after multiple retries.
case.ios-simulator.contraction_pair_bf16.relaxed.O2.contract-off.compile_options	air.compile.denorms_disable air.compile.fast_math_disable air.compile.framebuffer_fetch_enable
case.ios-simulator.contraction_pair_bf16.relaxed.O2.contract-off.float_operations	fmul+reassoc+nsz+arcp+afn fadd+reassoc+nsz+arcp+afn
case.ios-simulator.contraction_pair_bf16.relaxed.O2.contract-off.refusal	dispatch of the bfloat-support probe failed with 4: numerical_probe_host: pipeline creation failed: Compilation failed due to an interrupted connection: XPC_ERROR_CONNECTION_INTERRUPTED. This error occurred after multiple retries.
case.ios-simulator.contraction_pair_bf16.relaxed.O2.contract-on.compile_options	air.compile.denorms_disable air.compile.fast_math_disable air.compile.framebuffer_fetch_enable
case.ios-simulator.contraction_pair_bf16.relaxed.O2.contract-on.float_operations	fmul+reassoc+nsz+arcp+afn fadd+reassoc+nsz+arcp+afn
case.ios-simulator.contraction_pair_bf16.relaxed.O2.contract-on.refusal	dispatch of the bfloat-support probe failed with 4: numerical_probe_host: pipeline creation failed: Compilation failed due to an interrupted connection: XPC_ERROR_CONNECTION_INTERRUPTED. This error occurred after multiple retries.
case.ios-simulator.contraction_pair_bf16.runtime.fast.opt-default.refusal	dispatch of the bfloat-support probe failed with 4: numerical_probe_host: pipeline creation failed: Compilation failed due to an interrupted connection: XPC_ERROR_CONNECTION_INTERRUPTED. This error occurred after multiple retries.
case.ios-simulator.contraction_pair_bf16.runtime.fast.opt-size.refusal	dispatch of the bfloat-support probe failed with 4: numerical_probe_host: pipeline creation failed: Compilation failed due to an interrupted connection: XPC_ERROR_CONNECTION_INTERRUPTED. This error occurred after multiple retries.
case.ios-simulator.contraction_pair_bf16.runtime.relaxed.opt-default.refusal	dispatch of the bfloat-support probe failed with 4: numerical_probe_host: pipeline creation failed: Compilation failed due to an interrupted connection: XPC_ERROR_CONNECTION_INTERRUPTED. This error occurred after multiple retries.
case.ios-simulator.contraction_pair_bf16.runtime.relaxed.opt-size.refusal	dispatch of the bfloat-support probe failed with 4: numerical_probe_host: pipeline creation failed: Compilation failed due to an interrupted connection: XPC_ERROR_CONNECTION_INTERRUPTED. This error occurred after multiple retries.
case.ios-simulator.contraction_pair_bf16.runtime.safe.opt-default.refusal	dispatch of the bfloat-support probe failed with 4: numerical_probe_host: pipeline creation failed: Compilation failed due to an interrupted connection: XPC_ERROR_CONNECTION_INTERRUPTED. This error occurred after multiple retries.
case.ios-simulator.contraction_pair_bf16.runtime.safe.opt-size.refusal	dispatch of the bfloat-support probe failed with 4: numerical_probe_host: pipeline creation failed: Compilation failed due to an interrupted connection: XPC_ERROR_CONNECTION_INTERRUPTED. This error occurred after multiple retries.
case.ios-simulator.contraction_pair_bf16.safe.O2.contract-fast.compile_options	air.compile.denorms_disable air.compile.fast_math_disable air.compile.framebuffer_fetch_enable
case.ios-simulator.contraction_pair_bf16.safe.O2.contract-fast.float_operations	fmul+contract fadd+contract
case.ios-simulator.contraction_pair_bf16.safe.O2.contract-fast.refusal	dispatch of the bfloat-support probe failed with 4: numerical_probe_host: pipeline creation failed: Compilation failed due to an interrupted connection: XPC_ERROR_CONNECTION_INTERRUPTED. This error occurred after multiple retries.
case.ios-simulator.contraction_pair_bf16.safe.O2.contract-off.compile_options	air.compile.denorms_disable air.compile.fast_math_disable air.compile.framebuffer_fetch_enable
case.ios-simulator.contraction_pair_bf16.safe.O2.contract-off.float_operations	fmul fadd
case.ios-simulator.contraction_pair_bf16.safe.O2.contract-off.refusal	dispatch of the bfloat-support probe failed with 4: numerical_probe_host: pipeline creation failed: Compilation failed due to an interrupted connection: XPC_ERROR_CONNECTION_INTERRUPTED. This error occurred after multiple retries.
case.ios-simulator.contraction_pair_bf16.safe.O2.contract-on.compile_options	air.compile.denorms_disable air.compile.fast_math_disable air.compile.framebuffer_fetch_enable
case.ios-simulator.contraction_pair_bf16.safe.O2.contract-on.float_operations	fmul fadd
case.ios-simulator.contraction_pair_bf16.safe.O2.contract-on.refusal	dispatch of the bfloat-support probe failed with 4: numerical_probe_host: pipeline creation failed: Compilation failed due to an interrupted connection: XPC_ERROR_CONNECTION_INTERRUPTED. This error occurred after multiple retries.
case.ios-simulator.contraction_pair_canonicalized.runtime.safe.opt-default.applied_options	math=safe,fpfun=precise,lang=3.1,opt=default
case.ios-simulator.contraction_pair_canonicalized.runtime.safe.opt-default.archived_options	unavailable:dispatch of the archive-support probe failed with 134: +[MTLLoader sliceIDForDevice:legacyDriverVersion:airntDriverVersion:]:692: failed assertion `Target device architecture is nil' Child process terminated with signal 6: Abort trap
case.ios-simulator.contraction_pair_canonicalized.runtime.safe.opt-default.results	3f800000 3f800000 3f800000 3f800000 3f800000 3f800000 3fc58f9e 40200000
case.ios-simulator.contraction_pair_canonicalized.runtime.safe.opt-size.applied_options	math=safe,fpfun=precise,lang=3.1,opt=size
case.ios-simulator.contraction_pair_canonicalized.runtime.safe.opt-size.archived_options	unavailable:dispatch of the archive-support probe failed with 134: +[MTLLoader sliceIDForDevice:legacyDriverVersion:airntDriverVersion:]:692: failed assertion `Target device architecture is nil' Child process terminated with signal 6: Abort trap
case.ios-simulator.contraction_pair_canonicalized.runtime.safe.opt-size.results	3f800000 3f800000 3f800000 3f800000 3f800000 3f800000 3fc58f9e 40200000
case.ios-simulator.contraction_pair_canonicalized.safe.O2.contract-fast.compile_options	air.compile.denorms_disable air.compile.fast_math_disable air.compile.framebuffer_fetch_enable
case.ios-simulator.contraction_pair_canonicalized.safe.O2.contract-fast.float_operations	fmul+contract fadd+contract
case.ios-simulator.contraction_pair_canonicalized.safe.O2.contract-fast.results	3f800000 3f800000 3f800000 3f800000 3f800000 3f800000 3fc58f9e 40200000
case.ios-simulator.contraction_pair_canonicalized.safe.O2.contract-off.compile_options	air.compile.denorms_disable air.compile.fast_math_disable air.compile.framebuffer_fetch_enable
case.ios-simulator.contraction_pair_canonicalized.safe.O2.contract-off.float_operations	fmul fadd
case.ios-simulator.contraction_pair_canonicalized.safe.O2.contract-off.results	3f800000 3f800000 3f800000 3f800000 3f800000 3f800000 3fc58f9e 40200000
case.ios-simulator.contraction_pair_canonicalized.safe.O2.contract-on.compile_options	air.compile.denorms_disable air.compile.fast_math_disable air.compile.framebuffer_fetch_enable
case.ios-simulator.contraction_pair_canonicalized.safe.O2.contract-on.float_operations	fmul fadd
case.ios-simulator.contraction_pair_canonicalized.safe.O2.contract-on.results	3f800000 3f800000 3f800000 3f800000 3f800000 3f800000 3fc58f9e 40200000
case.ios-simulator.contraction_pair_canonicalized_bf16.fast.O2.contract-fast.compile_options	air.compile.denorms_disable air.compile.fast_math_enable air.compile.framebuffer_fetch_enable
case.ios-simulator.contraction_pair_canonicalized_bf16.fast.O2.contract-fast.float_operations	fmul+fast fadd+fast
case.ios-simulator.contraction_pair_canonicalized_bf16.fast.O2.contract-fast.refusal	dispatch of the bfloat-support probe failed with 4: numerical_probe_host: pipeline creation failed: Compilation failed due to an interrupted connection: XPC_ERROR_CONNECTION_INTERRUPTED. This error occurred after multiple retries.
case.ios-simulator.contraction_pair_canonicalized_bf16.fast.O2.contract-off.compile_options	air.compile.denorms_disable air.compile.fast_math_enable air.compile.framebuffer_fetch_enable
case.ios-simulator.contraction_pair_canonicalized_bf16.fast.O2.contract-off.float_operations	fmul+reassoc+nnan+ninf+nsz+arcp+afn fadd+reassoc+nnan+ninf+nsz+arcp+afn
case.ios-simulator.contraction_pair_canonicalized_bf16.fast.O2.contract-off.refusal	dispatch of the bfloat-support probe failed with 4: numerical_probe_host: pipeline creation failed: Compilation failed due to an interrupted connection: XPC_ERROR_CONNECTION_INTERRUPTED. This error occurred after multiple retries.
case.ios-simulator.contraction_pair_canonicalized_bf16.fast.O2.contract-on.compile_options	air.compile.denorms_disable air.compile.fast_math_enable air.compile.framebuffer_fetch_enable
case.ios-simulator.contraction_pair_canonicalized_bf16.fast.O2.contract-on.float_operations	fmul+reassoc+nnan+ninf+nsz+arcp+afn fadd+reassoc+nnan+ninf+nsz+arcp+afn
case.ios-simulator.contraction_pair_canonicalized_bf16.fast.O2.contract-on.refusal	dispatch of the bfloat-support probe failed with 4: numerical_probe_host: pipeline creation failed: Compilation failed due to an interrupted connection: XPC_ERROR_CONNECTION_INTERRUPTED. This error occurred after multiple retries.
case.ios-simulator.contraction_pair_canonicalized_bf16.relaxed.O2.contract-fast.compile_options	air.compile.denorms_disable air.compile.fast_math_disable air.compile.framebuffer_fetch_enable
case.ios-simulator.contraction_pair_canonicalized_bf16.relaxed.O2.contract-fast.float_operations	fmul+reassoc+nsz+arcp+contract+afn fadd+reassoc+nsz+arcp+contract+afn
case.ios-simulator.contraction_pair_canonicalized_bf16.relaxed.O2.contract-fast.refusal	dispatch of the bfloat-support probe failed with 4: numerical_probe_host: pipeline creation failed: Compilation failed due to an interrupted connection: XPC_ERROR_CONNECTION_INTERRUPTED. This error occurred after multiple retries.
case.ios-simulator.contraction_pair_canonicalized_bf16.relaxed.O2.contract-off.compile_options	air.compile.denorms_disable air.compile.fast_math_disable air.compile.framebuffer_fetch_enable
case.ios-simulator.contraction_pair_canonicalized_bf16.relaxed.O2.contract-off.float_operations	fmul+reassoc+nsz+arcp+afn fadd+reassoc+nsz+arcp+afn
case.ios-simulator.contraction_pair_canonicalized_bf16.relaxed.O2.contract-off.refusal	dispatch of the bfloat-support probe failed with 4: numerical_probe_host: pipeline creation failed: Compilation failed due to an interrupted connection: XPC_ERROR_CONNECTION_INTERRUPTED. This error occurred after multiple retries.
case.ios-simulator.contraction_pair_canonicalized_bf16.relaxed.O2.contract-on.compile_options	air.compile.denorms_disable air.compile.fast_math_disable air.compile.framebuffer_fetch_enable
case.ios-simulator.contraction_pair_canonicalized_bf16.relaxed.O2.contract-on.float_operations	fmul+reassoc+nsz+arcp+afn fadd+reassoc+nsz+arcp+afn
case.ios-simulator.contraction_pair_canonicalized_bf16.relaxed.O2.contract-on.refusal	dispatch of the bfloat-support probe failed with 4: numerical_probe_host: pipeline creation failed: Compilation failed due to an interrupted connection: XPC_ERROR_CONNECTION_INTERRUPTED. This error occurred after multiple retries.
case.ios-simulator.contraction_pair_canonicalized_bf16.runtime.fast.opt-default.refusal	dispatch of the bfloat-support probe failed with 4: numerical_probe_host: pipeline creation failed: Compilation failed due to an interrupted connection: XPC_ERROR_CONNECTION_INTERRUPTED. This error occurred after multiple retries.
case.ios-simulator.contraction_pair_canonicalized_bf16.runtime.fast.opt-size.refusal	dispatch of the bfloat-support probe failed with 4: numerical_probe_host: pipeline creation failed: Compilation failed due to an interrupted connection: XPC_ERROR_CONNECTION_INTERRUPTED. This error occurred after multiple retries.
case.ios-simulator.contraction_pair_canonicalized_bf16.runtime.relaxed.opt-default.refusal	dispatch of the bfloat-support probe failed with 4: numerical_probe_host: pipeline creation failed: Compilation failed due to an interrupted connection: XPC_ERROR_CONNECTION_INTERRUPTED. This error occurred after multiple retries.
case.ios-simulator.contraction_pair_canonicalized_bf16.runtime.relaxed.opt-size.refusal	dispatch of the bfloat-support probe failed with 4: numerical_probe_host: pipeline creation failed: Compilation failed due to an interrupted connection: XPC_ERROR_CONNECTION_INTERRUPTED. This error occurred after multiple retries.
case.ios-simulator.contraction_pair_canonicalized_bf16.runtime.safe.opt-default.refusal	dispatch of the bfloat-support probe failed with 4: numerical_probe_host: pipeline creation failed: Compilation failed due to an interrupted connection: XPC_ERROR_CONNECTION_INTERRUPTED. This error occurred after multiple retries.
case.ios-simulator.contraction_pair_canonicalized_bf16.runtime.safe.opt-size.refusal	dispatch of the bfloat-support probe failed with 4: numerical_probe_host: pipeline creation failed: Compilation failed due to an interrupted connection: XPC_ERROR_CONNECTION_INTERRUPTED. This error occurred after multiple retries.
case.ios-simulator.contraction_pair_canonicalized_bf16.safe.O2.contract-fast.compile_options	air.compile.denorms_disable air.compile.fast_math_disable air.compile.framebuffer_fetch_enable
case.ios-simulator.contraction_pair_canonicalized_bf16.safe.O2.contract-fast.float_operations	fmul+contract fadd+contract
case.ios-simulator.contraction_pair_canonicalized_bf16.safe.O2.contract-fast.refusal	dispatch of the bfloat-support probe failed with 4: numerical_probe_host: pipeline creation failed: Compilation failed due to an interrupted connection: XPC_ERROR_CONNECTION_INTERRUPTED. This error occurred after multiple retries.
case.ios-simulator.contraction_pair_canonicalized_bf16.safe.O2.contract-off.compile_options	air.compile.denorms_disable air.compile.fast_math_disable air.compile.framebuffer_fetch_enable
case.ios-simulator.contraction_pair_canonicalized_bf16.safe.O2.contract-off.float_operations	fmul fadd
case.ios-simulator.contraction_pair_canonicalized_bf16.safe.O2.contract-off.refusal	dispatch of the bfloat-support probe failed with 4: numerical_probe_host: pipeline creation failed: Compilation failed due to an interrupted connection: XPC_ERROR_CONNECTION_INTERRUPTED. This error occurred after multiple retries.
case.ios-simulator.contraction_pair_canonicalized_bf16.safe.O2.contract-on.compile_options	air.compile.denorms_disable air.compile.fast_math_disable air.compile.framebuffer_fetch_enable
case.ios-simulator.contraction_pair_canonicalized_bf16.safe.O2.contract-on.float_operations	fmul fadd
case.ios-simulator.contraction_pair_canonicalized_bf16.safe.O2.contract-on.refusal	dispatch of the bfloat-support probe failed with 4: numerical_probe_host: pipeline creation failed: Compilation failed due to an interrupted connection: XPC_ERROR_CONNECTION_INTERRUPTED. This error occurred after multiple retries.
case.ios-simulator.contraction_pair_canonicalized_f16.fast.O2.contract-fast.compile_options	air.compile.denorms_disable air.compile.fast_math_enable air.compile.framebuffer_fetch_enable
case.ios-simulator.contraction_pair_canonicalized_f16.fast.O2.contract-fast.float_operations	fmul+fast fadd+fast
case.ios-simulator.contraction_pair_canonicalized_f16.fast.O2.contract-fast.results	3c00 3c00 3c00 3c00 3c00 3c00 3e00 4101
case.ios-simulator.contraction_pair_canonicalized_f16.fast.O2.contract-off.compile_options	air.compile.denorms_disable air.compile.fast_math_enable air.compile.framebuffer_fetch_enable
case.ios-simulator.contraction_pair_canonicalized_f16.fast.O2.contract-off.float_operations	fmul+reassoc+nnan+ninf+nsz+arcp+afn fadd+reassoc+nnan+ninf+nsz+arcp+afn
case.ios-simulator.contraction_pair_canonicalized_f16.fast.O2.contract-off.results	3c00 3c00 3c00 3c00 3c00 3c00 3e00 4101
case.ios-simulator.contraction_pair_canonicalized_f16.fast.O2.contract-on.compile_options	air.compile.denorms_disable air.compile.fast_math_enable air.compile.framebuffer_fetch_enable
case.ios-simulator.contraction_pair_canonicalized_f16.fast.O2.contract-on.float_operations	fmul+reassoc+nnan+ninf+nsz+arcp+afn fadd+reassoc+nnan+ninf+nsz+arcp+afn
case.ios-simulator.contraction_pair_canonicalized_f16.fast.O2.contract-on.results	3c00 3c00 3c00 3c00 3c00 3c00 3e00 4101
case.ios-simulator.contraction_pair_canonicalized_f16.relaxed.O2.contract-fast.compile_options	air.compile.denorms_disable air.compile.fast_math_disable air.compile.framebuffer_fetch_enable
case.ios-simulator.contraction_pair_canonicalized_f16.relaxed.O2.contract-fast.float_operations	fmul+reassoc+nsz+arcp+contract+afn fadd+reassoc+nsz+arcp+contract+afn
case.ios-simulator.contraction_pair_canonicalized_f16.relaxed.O2.contract-fast.results	3c00 3c00 3c00 3c00 3c00 3c00 3e00 4101
case.ios-simulator.contraction_pair_canonicalized_f16.relaxed.O2.contract-off.compile_options	air.compile.denorms_disable air.compile.fast_math_disable air.compile.framebuffer_fetch_enable
case.ios-simulator.contraction_pair_canonicalized_f16.relaxed.O2.contract-off.float_operations	fmul+reassoc+nsz+arcp+afn fadd+reassoc+nsz+arcp+afn
case.ios-simulator.contraction_pair_canonicalized_f16.relaxed.O2.contract-off.results	3c00 3c00 3c00 3c00 3c00 3c00 3e00 4101
case.ios-simulator.contraction_pair_canonicalized_f16.relaxed.O2.contract-on.compile_options	air.compile.denorms_disable air.compile.fast_math_disable air.compile.framebuffer_fetch_enable
case.ios-simulator.contraction_pair_canonicalized_f16.relaxed.O2.contract-on.float_operations	fmul+reassoc+nsz+arcp+afn fadd+reassoc+nsz+arcp+afn
case.ios-simulator.contraction_pair_canonicalized_f16.relaxed.O2.contract-on.results	3c00 3c00 3c00 3c00 3c00 3c00 3e00 4101
case.ios-simulator.contraction_pair_canonicalized_f16.runtime.fast.opt-default.applied_options	math=fast,fpfun=precise,lang=3.1,opt=default
case.ios-simulator.contraction_pair_canonicalized_f16.runtime.fast.opt-default.archived_options	unavailable:dispatch of the archive-support probe failed with 134: +[MTLLoader sliceIDForDevice:legacyDriverVersion:airntDriverVersion:]:692: failed assertion `Target device architecture is nil' Child process terminated with signal 6: Abort trap
case.ios-simulator.contraction_pair_canonicalized_f16.runtime.fast.opt-default.results	3c00 3c00 3c00 3c00 3c00 3c00 3e00 4101
case.ios-simulator.contraction_pair_canonicalized_f16.runtime.fast.opt-size.applied_options	math=fast,fpfun=precise,lang=3.1,opt=size
case.ios-simulator.contraction_pair_canonicalized_f16.runtime.fast.opt-size.archived_options	unavailable:dispatch of the archive-support probe failed with 134: +[MTLLoader sliceIDForDevice:legacyDriverVersion:airntDriverVersion:]:692: failed assertion `Target device architecture is nil' Child process terminated with signal 6: Abort trap
case.ios-simulator.contraction_pair_canonicalized_f16.runtime.fast.opt-size.results	3c00 3c00 3c00 3c00 3c00 3c00 3e00 4101
case.ios-simulator.contraction_pair_canonicalized_f16.runtime.relaxed.opt-default.applied_options	math=relaxed,fpfun=precise,lang=3.1,opt=default
case.ios-simulator.contraction_pair_canonicalized_f16.runtime.relaxed.opt-default.archived_options	unavailable:dispatch of the archive-support probe failed with 134: +[MTLLoader sliceIDForDevice:legacyDriverVersion:airntDriverVersion:]:692: failed assertion `Target device architecture is nil' Child process terminated with signal 6: Abort trap
case.ios-simulator.contraction_pair_canonicalized_f16.runtime.relaxed.opt-default.results	3c00 3c00 3c00 3c00 3c00 3c00 3e00 4101
case.ios-simulator.contraction_pair_canonicalized_f16.runtime.relaxed.opt-size.applied_options	math=relaxed,fpfun=precise,lang=3.1,opt=size
case.ios-simulator.contraction_pair_canonicalized_f16.runtime.relaxed.opt-size.archived_options	unavailable:dispatch of the archive-support probe failed with 134: +[MTLLoader sliceIDForDevice:legacyDriverVersion:airntDriverVersion:]:692: failed assertion `Target device architecture is nil' Child process terminated with signal 6: Abort trap
case.ios-simulator.contraction_pair_canonicalized_f16.runtime.relaxed.opt-size.results	3c00 3c00 3c00 3c00 3c00 3c00 3e00 4101
case.ios-simulator.contraction_pair_canonicalized_f16.runtime.safe.opt-default.applied_options	math=safe,fpfun=precise,lang=3.1,opt=default
case.ios-simulator.contraction_pair_canonicalized_f16.runtime.safe.opt-default.archived_options	unavailable:dispatch of the archive-support probe failed with 134: +[MTLLoader sliceIDForDevice:legacyDriverVersion:airntDriverVersion:]:692: failed assertion `Target device architecture is nil' Child process terminated with signal 6: Abort trap
case.ios-simulator.contraction_pair_canonicalized_f16.runtime.safe.opt-default.results	3c00 3c00 3c00 3c00 3c00 3c00 3e00 4101
case.ios-simulator.contraction_pair_canonicalized_f16.runtime.safe.opt-size.applied_options	math=safe,fpfun=precise,lang=3.1,opt=size
case.ios-simulator.contraction_pair_canonicalized_f16.runtime.safe.opt-size.archived_options	unavailable:dispatch of the archive-support probe failed with 134: +[MTLLoader sliceIDForDevice:legacyDriverVersion:airntDriverVersion:]:692: failed assertion `Target device architecture is nil' Child process terminated with signal 6: Abort trap
case.ios-simulator.contraction_pair_canonicalized_f16.runtime.safe.opt-size.results	3c00 3c00 3c00 3c00 3c00 3c00 3e00 4101
case.ios-simulator.contraction_pair_canonicalized_f16.safe.O2.contract-fast.compile_options	air.compile.denorms_disable air.compile.fast_math_disable air.compile.framebuffer_fetch_enable
case.ios-simulator.contraction_pair_canonicalized_f16.safe.O2.contract-fast.float_operations	fmul+contract fadd+contract
case.ios-simulator.contraction_pair_canonicalized_f16.safe.O2.contract-fast.results	3c00 3c00 3c00 3c00 3c00 3c00 3e00 4101
case.ios-simulator.contraction_pair_canonicalized_f16.safe.O2.contract-off.compile_options	air.compile.denorms_disable air.compile.fast_math_disable air.compile.framebuffer_fetch_enable
case.ios-simulator.contraction_pair_canonicalized_f16.safe.O2.contract-off.float_operations	fmul fadd
case.ios-simulator.contraction_pair_canonicalized_f16.safe.O2.contract-off.results	3c00 3c00 3c00 3c00 3c00 3c00 3e00 4101
case.ios-simulator.contraction_pair_canonicalized_f16.safe.O2.contract-on.compile_options	air.compile.denorms_disable air.compile.fast_math_disable air.compile.framebuffer_fetch_enable
case.ios-simulator.contraction_pair_canonicalized_f16.safe.O2.contract-on.float_operations	fmul fadd
case.ios-simulator.contraction_pair_canonicalized_f16.safe.O2.contract-on.results	3c00 3c00 3c00 3c00 3c00 3c00 3e00 4101
case.ios-simulator.contraction_pair_f16.fast.O2.contract-fast.compile_options	air.compile.denorms_disable air.compile.fast_math_enable air.compile.framebuffer_fetch_enable
case.ios-simulator.contraction_pair_f16.fast.O2.contract-fast.float_operations	fmul+fast fadd+fast
case.ios-simulator.contraction_pair_f16.fast.O2.contract-fast.results	3c00 3c00 3c00 3c00 3c00 3c00 3e01 4101
case.ios-simulator.contraction_pair_f16.fast.O2.contract-off.compile_options	air.compile.denorms_disable air.compile.fast_math_enable air.compile.framebuffer_fetch_enable
case.ios-simulator.contraction_pair_f16.fast.O2.contract-off.float_operations	fmul+reassoc+nnan+ninf+nsz+arcp+afn fadd+reassoc+nnan+ninf+nsz+arcp+afn
case.ios-simulator.contraction_pair_f16.fast.O2.contract-off.results	3c00 3c00 3c00 3c00 3c00 3c00 3e00 4101
case.ios-simulator.contraction_pair_f16.fast.O2.contract-on.compile_options	air.compile.denorms_disable air.compile.fast_math_enable air.compile.framebuffer_fetch_enable
case.ios-simulator.contraction_pair_f16.fast.O2.contract-on.float_operations	fmul+reassoc+nnan+ninf+nsz+arcp+afn fadd+reassoc+nnan+ninf+nsz+arcp+afn
case.ios-simulator.contraction_pair_f16.fast.O2.contract-on.results	3c00 3c00 3c00 3c00 3c00 3c00 3e00 4101
case.ios-simulator.contraction_pair_f16.relaxed.O2.contract-fast.compile_options	air.compile.denorms_disable air.compile.fast_math_disable air.compile.framebuffer_fetch_enable
case.ios-simulator.contraction_pair_f16.relaxed.O2.contract-fast.float_operations	fmul+reassoc+nsz+arcp+contract+afn fadd+reassoc+nsz+arcp+contract+afn
case.ios-simulator.contraction_pair_f16.relaxed.O2.contract-fast.results	3c00 3c00 3c00 3c00 3c00 3c00 3e01 4101
case.ios-simulator.contraction_pair_f16.relaxed.O2.contract-off.compile_options	air.compile.denorms_disable air.compile.fast_math_disable air.compile.framebuffer_fetch_enable
case.ios-simulator.contraction_pair_f16.relaxed.O2.contract-off.float_operations	fmul+reassoc+nsz+arcp+afn fadd+reassoc+nsz+arcp+afn
case.ios-simulator.contraction_pair_f16.relaxed.O2.contract-off.results	3c00 3c00 3c00 3c00 3c00 3c00 3e00 4101
case.ios-simulator.contraction_pair_f16.relaxed.O2.contract-on.compile_options	air.compile.denorms_disable air.compile.fast_math_disable air.compile.framebuffer_fetch_enable
case.ios-simulator.contraction_pair_f16.relaxed.O2.contract-on.float_operations	fmul+reassoc+nsz+arcp+afn fadd+reassoc+nsz+arcp+afn
case.ios-simulator.contraction_pair_f16.relaxed.O2.contract-on.results	3c00 3c00 3c00 3c00 3c00 3c00 3e00 4101
case.ios-simulator.contraction_pair_f16.runtime.fast.opt-default.applied_options	math=fast,fpfun=precise,lang=3.1,opt=default
case.ios-simulator.contraction_pair_f16.runtime.fast.opt-default.archived_options	unavailable:dispatch of the archive-support probe failed with 134: +[MTLLoader sliceIDForDevice:legacyDriverVersion:airntDriverVersion:]:692: failed assertion `Target device architecture is nil' Child process terminated with signal 6: Abort trap
case.ios-simulator.contraction_pair_f16.runtime.fast.opt-default.results	3c00 3c00 3c00 3c00 3c00 3c00 3e01 4101
case.ios-simulator.contraction_pair_f16.runtime.fast.opt-size.applied_options	math=fast,fpfun=precise,lang=3.1,opt=size
case.ios-simulator.contraction_pair_f16.runtime.fast.opt-size.archived_options	unavailable:dispatch of the archive-support probe failed with 134: +[MTLLoader sliceIDForDevice:legacyDriverVersion:airntDriverVersion:]:692: failed assertion `Target device architecture is nil' Child process terminated with signal 6: Abort trap
case.ios-simulator.contraction_pair_f16.runtime.fast.opt-size.results	3c00 3c00 3c00 3c00 3c00 3c00 3e01 4101
case.ios-simulator.contraction_pair_f16.runtime.relaxed.opt-default.applied_options	math=relaxed,fpfun=precise,lang=3.1,opt=default
case.ios-simulator.contraction_pair_f16.runtime.relaxed.opt-default.archived_options	unavailable:dispatch of the archive-support probe failed with 134: +[MTLLoader sliceIDForDevice:legacyDriverVersion:airntDriverVersion:]:692: failed assertion `Target device architecture is nil' Child process terminated with signal 6: Abort trap
case.ios-simulator.contraction_pair_f16.runtime.relaxed.opt-default.results	3c00 3c00 3c00 3c00 3c00 3c00 3e01 4101
case.ios-simulator.contraction_pair_f16.runtime.relaxed.opt-size.applied_options	math=relaxed,fpfun=precise,lang=3.1,opt=size
case.ios-simulator.contraction_pair_f16.runtime.relaxed.opt-size.archived_options	unavailable:dispatch of the archive-support probe failed with 134: +[MTLLoader sliceIDForDevice:legacyDriverVersion:airntDriverVersion:]:692: failed assertion `Target device architecture is nil' Child process terminated with signal 6: Abort trap
case.ios-simulator.contraction_pair_f16.runtime.relaxed.opt-size.results	3c00 3c00 3c00 3c00 3c00 3c00 3e01 4101
case.ios-simulator.contraction_pair_f16.runtime.safe.opt-default.applied_options	math=safe,fpfun=precise,lang=3.1,opt=default
case.ios-simulator.contraction_pair_f16.runtime.safe.opt-default.archived_options	unavailable:dispatch of the archive-support probe failed with 134: +[MTLLoader sliceIDForDevice:legacyDriverVersion:airntDriverVersion:]:692: failed assertion `Target device architecture is nil' Child process terminated with signal 6: Abort trap
case.ios-simulator.contraction_pair_f16.runtime.safe.opt-default.results	3c00 3c00 3c00 3c00 3c00 3c00 3e00 4101
case.ios-simulator.contraction_pair_f16.runtime.safe.opt-size.applied_options	math=safe,fpfun=precise,lang=3.1,opt=size
case.ios-simulator.contraction_pair_f16.runtime.safe.opt-size.archived_options	unavailable:dispatch of the archive-support probe failed with 134: +[MTLLoader sliceIDForDevice:legacyDriverVersion:airntDriverVersion:]:692: failed assertion `Target device architecture is nil' Child process terminated with signal 6: Abort trap
case.ios-simulator.contraction_pair_f16.runtime.safe.opt-size.results	3c00 3c00 3c00 3c00 3c00 3c00 3e00 4101
case.ios-simulator.contraction_pair_f16.safe.O2.contract-fast.compile_options	air.compile.denorms_disable air.compile.fast_math_disable air.compile.framebuffer_fetch_enable
case.ios-simulator.contraction_pair_f16.safe.O2.contract-fast.float_operations	fmul+contract fadd+contract
case.ios-simulator.contraction_pair_f16.safe.O2.contract-fast.results	3c00 3c00 3c00 3c00 3c00 3c00 3e01 4101
case.ios-simulator.contraction_pair_f16.safe.O2.contract-off.compile_options	air.compile.denorms_disable air.compile.fast_math_disable air.compile.framebuffer_fetch_enable
case.ios-simulator.contraction_pair_f16.safe.O2.contract-off.float_operations	fmul fadd
case.ios-simulator.contraction_pair_f16.safe.O2.contract-off.results	3c00 3c00 3c00 3c00 3c00 3c00 3e00 4101
case.ios-simulator.contraction_pair_f16.safe.O2.contract-on.compile_options	air.compile.denorms_disable air.compile.fast_math_disable air.compile.framebuffer_fetch_enable
case.ios-simulator.contraction_pair_f16.safe.O2.contract-on.float_operations	fmul fadd
case.ios-simulator.contraction_pair_f16.safe.O2.contract-on.results	3c00 3c00 3c00 3c00 3c00 3c00 3e00 4101
case.ios-simulator.divide_by_half.runtime.safe.opt-default.applied_options	math=safe,fpfun=precise,lang=3.1,opt=default
case.ios-simulator.divide_by_half.runtime.safe.opt-default.archived_options	unavailable:dispatch of the archive-support probe failed with 134: +[MTLLoader sliceIDForDevice:legacyDriverVersion:airntDriverVersion:]:692: failed assertion `Target device architecture is nil' Child process terminated with signal 6: Abort trap
case.ios-simulator.divide_by_half.runtime.safe.opt-default.results	00000000 00000000 00000000 01000000 80000000 80000000 3f397ef9 40000000
case.ios-simulator.divide_by_half.runtime.safe.opt-size.applied_options	math=safe,fpfun=precise,lang=3.1,opt=size
case.ios-simulator.divide_by_half.runtime.safe.opt-size.archived_options	unavailable:dispatch of the archive-support probe failed with 134: +[MTLLoader sliceIDForDevice:legacyDriverVersion:airntDriverVersion:]:692: failed assertion `Target device architecture is nil' Child process terminated with signal 6: Abort trap
case.ios-simulator.divide_by_half.runtime.safe.opt-size.results	00000000 00000000 00000000 01000000 80000000 80000000 3f397ef9 40000000
case.ios-simulator.divide_by_half.safe.O2.contract-off.compile_options	air.compile.denorms_disable air.compile.fast_math_disable air.compile.framebuffer_fetch_enable
case.ios-simulator.divide_by_half.safe.O2.contract-off.float_operations	fmul
case.ios-simulator.divide_by_half.safe.O2.contract-off.results	00000000 00000000 00000000 01000000 80000000 80000000 3f397ef9 40000000
case.ios-simulator.divide_by_three.fast.O2.contract-off.compile_options	air.compile.denorms_disable air.compile.fast_math_enable air.compile.framebuffer_fetch_enable
case.ios-simulator.divide_by_three.fast.O2.contract-off.float_operations	fmul+reassoc+nnan+ninf+nsz+arcp+afn
case.ios-simulator.divide_by_three.fast.O2.contract-off.results	00000000 00000000 00000000 00000000 80000000 80000000 3df753f7 3eaaaaab
case.ios-simulator.divide_by_three.relaxed.O2.contract-off.compile_options	air.compile.denorms_disable air.compile.fast_math_disable air.compile.framebuffer_fetch_enable
case.ios-simulator.divide_by_three.relaxed.O2.contract-off.float_operations	fmul+reassoc+nsz+arcp+afn
case.ios-simulator.divide_by_three.relaxed.O2.contract-off.results	00000000 00000000 00000000 00000000 80000000 80000000 3df753f7 3eaaaaab
case.ios-simulator.divide_by_three.runtime.fast.opt-default.applied_options	math=fast,fpfun=precise,lang=3.1,opt=default
case.ios-simulator.divide_by_three.runtime.fast.opt-default.archived_options	unavailable:dispatch of the archive-support probe failed with 134: +[MTLLoader sliceIDForDevice:legacyDriverVersion:airntDriverVersion:]:692: failed assertion `Target device architecture is nil' Child process terminated with signal 6: Abort trap
case.ios-simulator.divide_by_three.runtime.fast.opt-default.results	00000000 00000000 00000000 00000000 80000000 80000000 3df753f7 3eaaaaab
case.ios-simulator.divide_by_three.runtime.fast.opt-size.applied_options	math=fast,fpfun=precise,lang=3.1,opt=size
case.ios-simulator.divide_by_three.runtime.fast.opt-size.archived_options	unavailable:dispatch of the archive-support probe failed with 134: +[MTLLoader sliceIDForDevice:legacyDriverVersion:airntDriverVersion:]:692: failed assertion `Target device architecture is nil' Child process terminated with signal 6: Abort trap
case.ios-simulator.divide_by_three.runtime.fast.opt-size.results	00000000 00000000 00000000 00000000 80000000 80000000 3df753f7 3eaaaaab
case.ios-simulator.divide_by_three.runtime.relaxed.opt-default.applied_options	math=relaxed,fpfun=precise,lang=3.1,opt=default
case.ios-simulator.divide_by_three.runtime.relaxed.opt-default.archived_options	unavailable:dispatch of the archive-support probe failed with 134: +[MTLLoader sliceIDForDevice:legacyDriverVersion:airntDriverVersion:]:692: failed assertion `Target device architecture is nil' Child process terminated with signal 6: Abort trap
case.ios-simulator.divide_by_three.runtime.relaxed.opt-default.results	00000000 00000000 00000000 00000000 80000000 80000000 3df753f7 3eaaaaab
case.ios-simulator.divide_by_three.runtime.relaxed.opt-size.applied_options	math=relaxed,fpfun=precise,lang=3.1,opt=size
case.ios-simulator.divide_by_three.runtime.relaxed.opt-size.archived_options	unavailable:dispatch of the archive-support probe failed with 134: +[MTLLoader sliceIDForDevice:legacyDriverVersion:airntDriverVersion:]:692: failed assertion `Target device architecture is nil' Child process terminated with signal 6: Abort trap
case.ios-simulator.divide_by_three.runtime.relaxed.opt-size.results	00000000 00000000 00000000 00000000 80000000 80000000 3df753f7 3eaaaaab
case.ios-simulator.divide_by_three.runtime.safe.opt-default.applied_options	math=safe,fpfun=precise,lang=3.1,opt=default
case.ios-simulator.divide_by_three.runtime.safe.opt-default.archived_options	unavailable:dispatch of the archive-support probe failed with 134: +[MTLLoader sliceIDForDevice:legacyDriverVersion:airntDriverVersion:]:692: failed assertion `Target device architecture is nil' Child process terminated with signal 6: Abort trap
case.ios-simulator.divide_by_three.runtime.safe.opt-default.results	00000000 00000000 00000000 00000000 80000000 80000000 3df753f7 3eaaaaab
case.ios-simulator.divide_by_three.runtime.safe.opt-size.applied_options	math=safe,fpfun=precise,lang=3.1,opt=size
case.ios-simulator.divide_by_three.runtime.safe.opt-size.archived_options	unavailable:dispatch of the archive-support probe failed with 134: +[MTLLoader sliceIDForDevice:legacyDriverVersion:airntDriverVersion:]:692: failed assertion `Target device architecture is nil' Child process terminated with signal 6: Abort trap
case.ios-simulator.divide_by_three.runtime.safe.opt-size.results	00000000 00000000 00000000 00000000 80000000 80000000 3df753f7 3eaaaaab
case.ios-simulator.divide_by_three.safe.O2.contract-off.compile_options	air.compile.denorms_disable air.compile.fast_math_disable air.compile.framebuffer_fetch_enable
case.ios-simulator.divide_by_three.safe.O2.contract-off.float_operations	fdiv
case.ios-simulator.divide_by_three.safe.O2.contract-off.results	00000000 00000000 00000000 00000000 80000000 80000000 3df753f7 3eaaaaab
case.ios-simulator.divide_by_three_bf16.fast.O2.contract-off.compile_options	air.compile.denorms_disable air.compile.fast_math_enable air.compile.framebuffer_fetch_enable
case.ios-simulator.divide_by_three_bf16.fast.O2.contract-off.float_operations	fmul+reassoc+nnan+ninf+nsz+arcp+afn
case.ios-simulator.divide_by_three_bf16.fast.O2.contract-off.refusal	dispatch of the bfloat-support probe failed with 4: numerical_probe_host: pipeline creation failed: Compilation failed due to an interrupted connection: XPC_ERROR_CONNECTION_INTERRUPTED. This error occurred after multiple retries.
case.ios-simulator.divide_by_three_bf16.relaxed.O2.contract-off.compile_options	air.compile.denorms_disable air.compile.fast_math_disable air.compile.framebuffer_fetch_enable
case.ios-simulator.divide_by_three_bf16.relaxed.O2.contract-off.float_operations	fmul+reassoc+nsz+arcp+afn
case.ios-simulator.divide_by_three_bf16.relaxed.O2.contract-off.refusal	dispatch of the bfloat-support probe failed with 4: numerical_probe_host: pipeline creation failed: Compilation failed due to an interrupted connection: XPC_ERROR_CONNECTION_INTERRUPTED. This error occurred after multiple retries.
case.ios-simulator.divide_by_three_bf16.runtime.fast.opt-default.refusal	dispatch of the bfloat-support probe failed with 4: numerical_probe_host: pipeline creation failed: Compilation failed due to an interrupted connection: XPC_ERROR_CONNECTION_INTERRUPTED. This error occurred after multiple retries.
case.ios-simulator.divide_by_three_bf16.runtime.fast.opt-size.refusal	dispatch of the bfloat-support probe failed with 4: numerical_probe_host: pipeline creation failed: Compilation failed due to an interrupted connection: XPC_ERROR_CONNECTION_INTERRUPTED. This error occurred after multiple retries.
case.ios-simulator.divide_by_three_bf16.runtime.relaxed.opt-default.refusal	dispatch of the bfloat-support probe failed with 4: numerical_probe_host: pipeline creation failed: Compilation failed due to an interrupted connection: XPC_ERROR_CONNECTION_INTERRUPTED. This error occurred after multiple retries.
case.ios-simulator.divide_by_three_bf16.runtime.relaxed.opt-size.refusal	dispatch of the bfloat-support probe failed with 4: numerical_probe_host: pipeline creation failed: Compilation failed due to an interrupted connection: XPC_ERROR_CONNECTION_INTERRUPTED. This error occurred after multiple retries.
case.ios-simulator.divide_by_three_bf16.runtime.safe.opt-default.refusal	dispatch of the bfloat-support probe failed with 4: numerical_probe_host: pipeline creation failed: Compilation failed due to an interrupted connection: XPC_ERROR_CONNECTION_INTERRUPTED. This error occurred after multiple retries.
case.ios-simulator.divide_by_three_bf16.runtime.safe.opt-size.refusal	dispatch of the bfloat-support probe failed with 4: numerical_probe_host: pipeline creation failed: Compilation failed due to an interrupted connection: XPC_ERROR_CONNECTION_INTERRUPTED. This error occurred after multiple retries.
case.ios-simulator.divide_by_three_bf16.safe.O2.contract-off.compile_options	air.compile.denorms_disable air.compile.fast_math_disable air.compile.framebuffer_fetch_enable
case.ios-simulator.divide_by_three_bf16.safe.O2.contract-off.float_operations	fdiv
case.ios-simulator.divide_by_three_bf16.safe.O2.contract-off.refusal	dispatch of the bfloat-support probe failed with 4: numerical_probe_host: pipeline creation failed: Compilation failed due to an interrupted connection: XPC_ERROR_CONNECTION_INTERRUPTED. This error occurred after multiple retries.
case.ios-simulator.divide_by_three_eighths.fast.O2.contract-off.compile_options	air.compile.denorms_disable air.compile.fast_math_enable air.compile.framebuffer_fetch_enable
case.ios-simulator.divide_by_three_eighths.fast.O2.contract-off.float_operations	fmul+reassoc+nnan+ninf+nsz+arcp+afn
case.ios-simulator.divide_by_three_eighths.fast.O2.contract-off.results	00000000 00000000 00000000 012aaaab 80000000 80000000 3f7753f7 402aaaab
case.ios-simulator.divide_by_three_eighths.relaxed.O2.contract-off.compile_options	air.compile.denorms_disable air.compile.fast_math_disable air.compile.framebuffer_fetch_enable
case.ios-simulator.divide_by_three_eighths.relaxed.O2.contract-off.float_operations	fmul+reassoc+nsz+arcp+afn
case.ios-simulator.divide_by_three_eighths.relaxed.O2.contract-off.results	00000000 00000000 00000000 012aaaab 80000000 80000000 3f7753f7 402aaaab
case.ios-simulator.divide_by_three_eighths.runtime.fast.opt-default.applied_options	math=fast,fpfun=precise,lang=3.1,opt=default
case.ios-simulator.divide_by_three_eighths.runtime.fast.opt-default.archived_options	unavailable:dispatch of the archive-support probe failed with 134: +[MTLLoader sliceIDForDevice:legacyDriverVersion:airntDriverVersion:]:692: failed assertion `Target device architecture is nil' Child process terminated with signal 6: Abort trap
case.ios-simulator.divide_by_three_eighths.runtime.fast.opt-default.results	00000000 00000000 00000000 012aaaab 80000000 80000000 3f7753f7 402aaaab
case.ios-simulator.divide_by_three_eighths.runtime.fast.opt-size.applied_options	math=fast,fpfun=precise,lang=3.1,opt=size
case.ios-simulator.divide_by_three_eighths.runtime.fast.opt-size.archived_options	unavailable:dispatch of the archive-support probe failed with 134: +[MTLLoader sliceIDForDevice:legacyDriverVersion:airntDriverVersion:]:692: failed assertion `Target device architecture is nil' Child process terminated with signal 6: Abort trap
case.ios-simulator.divide_by_three_eighths.runtime.fast.opt-size.results	00000000 00000000 00000000 012aaaab 80000000 80000000 3f7753f7 402aaaab
case.ios-simulator.divide_by_three_eighths.runtime.relaxed.opt-default.applied_options	math=relaxed,fpfun=precise,lang=3.1,opt=default
case.ios-simulator.divide_by_three_eighths.runtime.relaxed.opt-default.archived_options	unavailable:dispatch of the archive-support probe failed with 134: +[MTLLoader sliceIDForDevice:legacyDriverVersion:airntDriverVersion:]:692: failed assertion `Target device architecture is nil' Child process terminated with signal 6: Abort trap
case.ios-simulator.divide_by_three_eighths.runtime.relaxed.opt-default.results	00000000 00000000 00000000 012aaaab 80000000 80000000 3f7753f7 402aaaab
case.ios-simulator.divide_by_three_eighths.runtime.relaxed.opt-size.applied_options	math=relaxed,fpfun=precise,lang=3.1,opt=size
case.ios-simulator.divide_by_three_eighths.runtime.relaxed.opt-size.archived_options	unavailable:dispatch of the archive-support probe failed with 134: +[MTLLoader sliceIDForDevice:legacyDriverVersion:airntDriverVersion:]:692: failed assertion `Target device architecture is nil' Child process terminated with signal 6: Abort trap
case.ios-simulator.divide_by_three_eighths.runtime.relaxed.opt-size.results	00000000 00000000 00000000 012aaaab 80000000 80000000 3f7753f7 402aaaab
case.ios-simulator.divide_by_three_eighths.runtime.safe.opt-default.applied_options	math=safe,fpfun=precise,lang=3.1,opt=default
case.ios-simulator.divide_by_three_eighths.runtime.safe.opt-default.archived_options	unavailable:dispatch of the archive-support probe failed with 134: +[MTLLoader sliceIDForDevice:legacyDriverVersion:airntDriverVersion:]:692: failed assertion `Target device architecture is nil' Child process terminated with signal 6: Abort trap
case.ios-simulator.divide_by_three_eighths.runtime.safe.opt-default.results	00000000 00000000 00000000 012aaaab 80000000 80000000 3f7753f7 402aaaab
case.ios-simulator.divide_by_three_eighths.runtime.safe.opt-size.applied_options	math=safe,fpfun=precise,lang=3.1,opt=size
case.ios-simulator.divide_by_three_eighths.runtime.safe.opt-size.archived_options	unavailable:dispatch of the archive-support probe failed with 134: +[MTLLoader sliceIDForDevice:legacyDriverVersion:airntDriverVersion:]:692: failed assertion `Target device architecture is nil' Child process terminated with signal 6: Abort trap
case.ios-simulator.divide_by_three_eighths.runtime.safe.opt-size.results	00000000 00000000 00000000 012aaaab 80000000 80000000 3f7753f7 402aaaab
case.ios-simulator.divide_by_three_eighths.safe.O2.contract-off.compile_options	air.compile.denorms_disable air.compile.fast_math_disable air.compile.framebuffer_fetch_enable
case.ios-simulator.divide_by_three_eighths.safe.O2.contract-off.float_operations	fdiv
case.ios-simulator.divide_by_three_eighths.safe.O2.contract-off.results	00000000 00000000 00000000 012aaaab 80000000 80000000 3f7753f7 402aaaab
case.ios-simulator.divide_by_three_eighths_bf16.fast.O2.contract-off.compile_options	air.compile.denorms_disable air.compile.fast_math_enable air.compile.framebuffer_fetch_enable
case.ios-simulator.divide_by_three_eighths_bf16.fast.O2.contract-off.float_operations	fmul+reassoc+nnan+ninf+nsz+arcp+afn
case.ios-simulator.divide_by_three_eighths_bf16.fast.O2.contract-off.refusal	dispatch of the bfloat-support probe failed with 4: numerical_probe_host: pipeline creation failed: Compilation failed due to an interrupted connection: XPC_ERROR_CONNECTION_INTERRUPTED. This error occurred after multiple retries.
case.ios-simulator.divide_by_three_eighths_bf16.relaxed.O2.contract-off.compile_options	air.compile.denorms_disable air.compile.fast_math_disable air.compile.framebuffer_fetch_enable
case.ios-simulator.divide_by_three_eighths_bf16.relaxed.O2.contract-off.float_operations	fmul+reassoc+nsz+arcp+afn
case.ios-simulator.divide_by_three_eighths_bf16.relaxed.O2.contract-off.refusal	dispatch of the bfloat-support probe failed with 4: numerical_probe_host: pipeline creation failed: Compilation failed due to an interrupted connection: XPC_ERROR_CONNECTION_INTERRUPTED. This error occurred after multiple retries.
case.ios-simulator.divide_by_three_eighths_bf16.runtime.fast.opt-default.refusal	dispatch of the bfloat-support probe failed with 4: numerical_probe_host: pipeline creation failed: Compilation failed due to an interrupted connection: XPC_ERROR_CONNECTION_INTERRUPTED. This error occurred after multiple retries.
case.ios-simulator.divide_by_three_eighths_bf16.runtime.fast.opt-size.refusal	dispatch of the bfloat-support probe failed with 4: numerical_probe_host: pipeline creation failed: Compilation failed due to an interrupted connection: XPC_ERROR_CONNECTION_INTERRUPTED. This error occurred after multiple retries.
case.ios-simulator.divide_by_three_eighths_bf16.runtime.relaxed.opt-default.refusal	dispatch of the bfloat-support probe failed with 4: numerical_probe_host: pipeline creation failed: Compilation failed due to an interrupted connection: XPC_ERROR_CONNECTION_INTERRUPTED. This error occurred after multiple retries.
case.ios-simulator.divide_by_three_eighths_bf16.runtime.relaxed.opt-size.refusal	dispatch of the bfloat-support probe failed with 4: numerical_probe_host: pipeline creation failed: Compilation failed due to an interrupted connection: XPC_ERROR_CONNECTION_INTERRUPTED. This error occurred after multiple retries.
case.ios-simulator.divide_by_three_eighths_bf16.runtime.safe.opt-default.refusal	dispatch of the bfloat-support probe failed with 4: numerical_probe_host: pipeline creation failed: Compilation failed due to an interrupted connection: XPC_ERROR_CONNECTION_INTERRUPTED. This error occurred after multiple retries.
case.ios-simulator.divide_by_three_eighths_bf16.runtime.safe.opt-size.refusal	dispatch of the bfloat-support probe failed with 4: numerical_probe_host: pipeline creation failed: Compilation failed due to an interrupted connection: XPC_ERROR_CONNECTION_INTERRUPTED. This error occurred after multiple retries.
case.ios-simulator.divide_by_three_eighths_bf16.safe.O2.contract-off.compile_options	air.compile.denorms_disable air.compile.fast_math_disable air.compile.framebuffer_fetch_enable
case.ios-simulator.divide_by_three_eighths_bf16.safe.O2.contract-off.float_operations	fdiv
case.ios-simulator.divide_by_three_eighths_bf16.safe.O2.contract-off.refusal	dispatch of the bfloat-support probe failed with 4: numerical_probe_host: pipeline creation failed: Compilation failed due to an interrupted connection: XPC_ERROR_CONNECTION_INTERRUPTED. This error occurred after multiple retries.
case.ios-simulator.divide_by_three_eighths_f16.fast.O2.contract-off.compile_options	air.compile.denorms_disable air.compile.fast_math_enable air.compile.framebuffer_fetch_enable
case.ios-simulator.divide_by_three_eighths_f16.fast.O2.contract-off.float_operations	fmul+reassoc+nnan+ninf+nsz+arcp+afn
case.ios-simulator.divide_by_three_eighths_f16.fast.O2.contract-off.results	0003 0555 0954 0955 8555 8000 3b1c 4155
case.ios-simulator.divide_by_three_eighths_f16.relaxed.O2.contract-off.compile_options	air.compile.denorms_disable air.compile.fast_math_disable air.compile.framebuffer_fetch_enable
case.ios-simulator.divide_by_three_eighths_f16.relaxed.O2.contract-off.float_operations	fmul+reassoc+nsz+arcp+afn
case.ios-simulator.divide_by_three_eighths_f16.relaxed.O2.contract-off.results	0003 0555 0954 0955 8555 8000 3b1c 4155
case.ios-simulator.divide_by_three_eighths_f16.runtime.fast.opt-default.applied_options	math=fast,fpfun=precise,lang=3.1,opt=default
case.ios-simulator.divide_by_three_eighths_f16.runtime.fast.opt-default.archived_options	unavailable:dispatch of the archive-support probe failed with 134: +[MTLLoader sliceIDForDevice:legacyDriverVersion:airntDriverVersion:]:692: failed assertion `Target device architecture is nil' Child process terminated with signal 6: Abort trap
case.ios-simulator.divide_by_three_eighths_f16.runtime.fast.opt-default.results	0003 0555 0954 0955 8555 8000 3b1c 4155
case.ios-simulator.divide_by_three_eighths_f16.runtime.fast.opt-size.applied_options	math=fast,fpfun=precise,lang=3.1,opt=size
case.ios-simulator.divide_by_three_eighths_f16.runtime.fast.opt-size.archived_options	unavailable:dispatch of the archive-support probe failed with 134: +[MTLLoader sliceIDForDevice:legacyDriverVersion:airntDriverVersion:]:692: failed assertion `Target device architecture is nil' Child process terminated with signal 6: Abort trap
case.ios-simulator.divide_by_three_eighths_f16.runtime.fast.opt-size.results	0003 0555 0954 0955 8555 8000 3b1c 4155
case.ios-simulator.divide_by_three_eighths_f16.runtime.relaxed.opt-default.applied_options	math=relaxed,fpfun=precise,lang=3.1,opt=default
case.ios-simulator.divide_by_three_eighths_f16.runtime.relaxed.opt-default.archived_options	unavailable:dispatch of the archive-support probe failed with 134: +[MTLLoader sliceIDForDevice:legacyDriverVersion:airntDriverVersion:]:692: failed assertion `Target device architecture is nil' Child process terminated with signal 6: Abort trap
case.ios-simulator.divide_by_three_eighths_f16.runtime.relaxed.opt-default.results	0003 0555 0954 0955 8555 8000 3b1c 4155
case.ios-simulator.divide_by_three_eighths_f16.runtime.relaxed.opt-size.applied_options	math=relaxed,fpfun=precise,lang=3.1,opt=size
case.ios-simulator.divide_by_three_eighths_f16.runtime.relaxed.opt-size.archived_options	unavailable:dispatch of the archive-support probe failed with 134: +[MTLLoader sliceIDForDevice:legacyDriverVersion:airntDriverVersion:]:692: failed assertion `Target device architecture is nil' Child process terminated with signal 6: Abort trap
case.ios-simulator.divide_by_three_eighths_f16.runtime.relaxed.opt-size.results	0003 0555 0954 0955 8555 8000 3b1c 4155
case.ios-simulator.divide_by_three_eighths_f16.runtime.safe.opt-default.applied_options	math=safe,fpfun=precise,lang=3.1,opt=default
case.ios-simulator.divide_by_three_eighths_f16.runtime.safe.opt-default.archived_options	unavailable:dispatch of the archive-support probe failed with 134: +[MTLLoader sliceIDForDevice:legacyDriverVersion:airntDriverVersion:]:692: failed assertion `Target device architecture is nil' Child process terminated with signal 6: Abort trap
case.ios-simulator.divide_by_three_eighths_f16.runtime.safe.opt-default.results	0003 0555 0954 0955 8555 8000 3b1c 4155
case.ios-simulator.divide_by_three_eighths_f16.runtime.safe.opt-size.applied_options	math=safe,fpfun=precise,lang=3.1,opt=size
case.ios-simulator.divide_by_three_eighths_f16.runtime.safe.opt-size.archived_options	unavailable:dispatch of the archive-support probe failed with 134: +[MTLLoader sliceIDForDevice:legacyDriverVersion:airntDriverVersion:]:692: failed assertion `Target device architecture is nil' Child process terminated with signal 6: Abort trap
case.ios-simulator.divide_by_three_eighths_f16.runtime.safe.opt-size.results	0003 0555 0954 0955 8555 8000 3b1c 4155
case.ios-simulator.divide_by_three_eighths_f16.safe.O2.contract-off.compile_options	air.compile.denorms_disable air.compile.fast_math_disable air.compile.framebuffer_fetch_enable
case.ios-simulator.divide_by_three_eighths_f16.safe.O2.contract-off.float_operations	fdiv
case.ios-simulator.divide_by_three_eighths_f16.safe.O2.contract-off.results	0003 0555 0954 0955 8555 8000 3b1c 4155
case.ios-simulator.divide_by_three_f16.fast.O2.contract-off.compile_options	air.compile.denorms_disable air.compile.fast_math_enable air.compile.framebuffer_fetch_enable
case.ios-simulator.divide_by_three_f16.fast.O2.contract-off.float_operations	fmul+reassoc+nnan+ninf+nsz+arcp+afn
case.ios-simulator.divide_by_three_f16.fast.O2.contract-off.results	0000 00ab 0155 0155 80ab 8000 2f1c 3555
case.ios-simulator.divide_by_three_f16.relaxed.O2.contract-off.compile_options	air.compile.denorms_disable air.compile.fast_math_disable air.compile.framebuffer_fetch_enable
case.ios-simulator.divide_by_three_f16.relaxed.O2.contract-off.float_operations	fmul+reassoc+nsz+arcp+afn
case.ios-simulator.divide_by_three_f16.relaxed.O2.contract-off.results	0000 00ab 0155 0155 80ab 8000 2f1c 3555
case.ios-simulator.divide_by_three_f16.runtime.fast.opt-default.applied_options	math=fast,fpfun=precise,lang=3.1,opt=default
case.ios-simulator.divide_by_three_f16.runtime.fast.opt-default.archived_options	unavailable:dispatch of the archive-support probe failed with 134: +[MTLLoader sliceIDForDevice:legacyDriverVersion:airntDriverVersion:]:692: failed assertion `Target device architecture is nil' Child process terminated with signal 6: Abort trap
case.ios-simulator.divide_by_three_f16.runtime.fast.opt-default.results	0000 00ab 0155 0155 80ab 8000 2f1c 3555
case.ios-simulator.divide_by_three_f16.runtime.fast.opt-size.applied_options	math=fast,fpfun=precise,lang=3.1,opt=size
case.ios-simulator.divide_by_three_f16.runtime.fast.opt-size.archived_options	unavailable:dispatch of the archive-support probe failed with 134: +[MTLLoader sliceIDForDevice:legacyDriverVersion:airntDriverVersion:]:692: failed assertion `Target device architecture is nil' Child process terminated with signal 6: Abort trap
case.ios-simulator.divide_by_three_f16.runtime.fast.opt-size.results	0000 00ab 0155 0155 80ab 8000 2f1c 3555
case.ios-simulator.divide_by_three_f16.runtime.relaxed.opt-default.applied_options	math=relaxed,fpfun=precise,lang=3.1,opt=default
case.ios-simulator.divide_by_three_f16.runtime.relaxed.opt-default.archived_options	unavailable:dispatch of the archive-support probe failed with 134: +[MTLLoader sliceIDForDevice:legacyDriverVersion:airntDriverVersion:]:692: failed assertion `Target device architecture is nil' Child process terminated with signal 6: Abort trap
case.ios-simulator.divide_by_three_f16.runtime.relaxed.opt-default.results	0000 00ab 0155 0155 80ab 8000 2f1c 3555
case.ios-simulator.divide_by_three_f16.runtime.relaxed.opt-size.applied_options	math=relaxed,fpfun=precise,lang=3.1,opt=size
case.ios-simulator.divide_by_three_f16.runtime.relaxed.opt-size.archived_options	unavailable:dispatch of the archive-support probe failed with 134: +[MTLLoader sliceIDForDevice:legacyDriverVersion:airntDriverVersion:]:692: failed assertion `Target device architecture is nil' Child process terminated with signal 6: Abort trap
case.ios-simulator.divide_by_three_f16.runtime.relaxed.opt-size.results	0000 00ab 0155 0155 80ab 8000 2f1c 3555
case.ios-simulator.divide_by_three_f16.runtime.safe.opt-default.applied_options	math=safe,fpfun=precise,lang=3.1,opt=default
case.ios-simulator.divide_by_three_f16.runtime.safe.opt-default.archived_options	unavailable:dispatch of the archive-support probe failed with 134: +[MTLLoader sliceIDForDevice:legacyDriverVersion:airntDriverVersion:]:692: failed assertion `Target device architecture is nil' Child process terminated with signal 6: Abort trap
case.ios-simulator.divide_by_three_f16.runtime.safe.opt-default.results	0000 00ab 0155 0155 80ab 8000 2f1c 3555
case.ios-simulator.divide_by_three_f16.runtime.safe.opt-size.applied_options	math=safe,fpfun=precise,lang=3.1,opt=size
case.ios-simulator.divide_by_three_f16.runtime.safe.opt-size.archived_options	unavailable:dispatch of the archive-support probe failed with 134: +[MTLLoader sliceIDForDevice:legacyDriverVersion:airntDriverVersion:]:692: failed assertion `Target device architecture is nil' Child process terminated with signal 6: Abort trap
case.ios-simulator.divide_by_three_f16.runtime.safe.opt-size.results	0000 00ab 0155 0155 80ab 8000 2f1c 3555
case.ios-simulator.divide_by_three_f16.safe.O2.contract-off.compile_options	air.compile.denorms_disable air.compile.fast_math_disable air.compile.framebuffer_fetch_enable
case.ios-simulator.divide_by_three_f16.safe.O2.contract-off.float_operations	fdiv
case.ios-simulator.divide_by_three_f16.safe.O2.contract-off.results	0000 00ab 0155 0155 80ab 8000 2f1c 3555
case.ios-simulator.divide_by_two.runtime.safe.opt-default.applied_options	math=safe,fpfun=precise,lang=3.1,opt=default
case.ios-simulator.divide_by_two.runtime.safe.opt-default.archived_options	unavailable:dispatch of the archive-support probe failed with 134: +[MTLLoader sliceIDForDevice:legacyDriverVersion:airntDriverVersion:]:692: failed assertion `Target device architecture is nil' Child process terminated with signal 6: Abort trap
case.ios-simulator.divide_by_two.runtime.safe.opt-default.results	00000000 00000000 00000000 00000000 80000000 80000000 3e397ef9 3f000000
case.ios-simulator.divide_by_two.runtime.safe.opt-size.applied_options	math=safe,fpfun=precise,lang=3.1,opt=size
case.ios-simulator.divide_by_two.runtime.safe.opt-size.archived_options	unavailable:dispatch of the archive-support probe failed with 134: +[MTLLoader sliceIDForDevice:legacyDriverVersion:airntDriverVersion:]:692: failed assertion `Target device architecture is nil' Child process terminated with signal 6: Abort trap
case.ios-simulator.divide_by_two.runtime.safe.opt-size.results	00000000 00000000 00000000 00000000 80000000 80000000 3e397ef9 3f000000
case.ios-simulator.divide_by_two.safe.O2.contract-off.compile_options	air.compile.denorms_disable air.compile.fast_math_disable air.compile.framebuffer_fetch_enable
case.ios-simulator.divide_by_two.safe.O2.contract-off.float_operations	fmul
case.ios-simulator.divide_by_two.safe.O2.contract-off.results	00000000 00000000 00000000 00000000 80000000 80000000 3e397ef9 3f000000
case.ios-simulator.fused_pair.runtime.safe.opt-default.applied_options	math=safe,fpfun=precise,lang=3.1,opt=default
case.ios-simulator.fused_pair.runtime.safe.opt-default.archived_options	unavailable:dispatch of the archive-support probe failed with 134: +[MTLLoader sliceIDForDevice:legacyDriverVersion:airntDriverVersion:]:692: failed assertion `Target device architecture is nil' Child process terminated with signal 6: Abort trap
case.ios-simulator.fused_pair.runtime.safe.opt-default.results	3f800000 3f800000 3f800000 3f800000 3f800000 3f800000 3fc58f9d 40200000
case.ios-simulator.fused_pair.runtime.safe.opt-size.applied_options	math=safe,fpfun=precise,lang=3.1,opt=size
case.ios-simulator.fused_pair.runtime.safe.opt-size.archived_options	unavailable:dispatch of the archive-support probe failed with 134: +[MTLLoader sliceIDForDevice:legacyDriverVersion:airntDriverVersion:]:692: failed assertion `Target device architecture is nil' Child process terminated with signal 6: Abort trap
case.ios-simulator.fused_pair.runtime.safe.opt-size.results	3f800000 3f800000 3f800000 3f800000 3f800000 3f800000 3fc58f9d 40200000
case.ios-simulator.fused_pair.safe.O2.contract-fast.compile_options	air.compile.denorms_disable air.compile.fast_math_disable air.compile.framebuffer_fetch_enable
case.ios-simulator.fused_pair.safe.O2.contract-fast.float_operations	air.fma.f32+contract
case.ios-simulator.fused_pair.safe.O2.contract-fast.results	3f800000 3f800000 3f800000 3f800000 3f800000 3f800000 3fc58f9d 40200000
case.ios-simulator.fused_pair.safe.O2.contract-off.compile_options	air.compile.denorms_disable air.compile.fast_math_disable air.compile.framebuffer_fetch_enable
case.ios-simulator.fused_pair.safe.O2.contract-off.float_operations	air.fma.f32
case.ios-simulator.fused_pair.safe.O2.contract-off.results	3f800000 3f800000 3f800000 3f800000 3f800000 3f800000 3fc58f9d 40200000
case.ios-simulator.fused_pair.safe.O2.contract-on.compile_options	air.compile.denorms_disable air.compile.fast_math_disable air.compile.framebuffer_fetch_enable
case.ios-simulator.fused_pair.safe.O2.contract-on.float_operations	air.fma.f32
case.ios-simulator.fused_pair.safe.O2.contract-on.results	3f800000 3f800000 3f800000 3f800000 3f800000 3f800000 3fc58f9d 40200000
case.ios-simulator.fused_pair_f16.fast.O2.contract-off.compile_options	air.compile.denorms_disable air.compile.fast_math_enable air.compile.framebuffer_fetch_enable
case.ios-simulator.fused_pair_f16.fast.O2.contract-off.float_operations	air.fma.f16+reassoc+nnan+ninf+nsz+arcp+afn
case.ios-simulator.fused_pair_f16.fast.O2.contract-off.results	3c00 3c00 3c00 3c00 3c00 3c00 3e01 4101
case.ios-simulator.fused_pair_f16.relaxed.O2.contract-off.compile_options	air.compile.denorms_disable air.compile.fast_math_disable air.compile.framebuffer_fetch_enable
case.ios-simulator.fused_pair_f16.relaxed.O2.contract-off.float_operations	air.fma.f16+reassoc+nsz+arcp+afn
case.ios-simulator.fused_pair_f16.relaxed.O2.contract-off.results	3c00 3c00 3c00 3c00 3c00 3c00 3e01 4101
case.ios-simulator.fused_pair_f16.runtime.fast.opt-default.applied_options	math=fast,fpfun=precise,lang=3.1,opt=default
case.ios-simulator.fused_pair_f16.runtime.fast.opt-default.archived_options	unavailable:dispatch of the archive-support probe failed with 134: +[MTLLoader sliceIDForDevice:legacyDriverVersion:airntDriverVersion:]:692: failed assertion `Target device architecture is nil' Child process terminated with signal 6: Abort trap
case.ios-simulator.fused_pair_f16.runtime.fast.opt-default.results	3c00 3c00 3c00 3c00 3c00 3c00 3e01 4101
case.ios-simulator.fused_pair_f16.runtime.fast.opt-size.applied_options	math=fast,fpfun=precise,lang=3.1,opt=size
case.ios-simulator.fused_pair_f16.runtime.fast.opt-size.archived_options	unavailable:dispatch of the archive-support probe failed with 134: +[MTLLoader sliceIDForDevice:legacyDriverVersion:airntDriverVersion:]:692: failed assertion `Target device architecture is nil' Child process terminated with signal 6: Abort trap
case.ios-simulator.fused_pair_f16.runtime.fast.opt-size.results	3c00 3c00 3c00 3c00 3c00 3c00 3e01 4101
case.ios-simulator.fused_pair_f16.runtime.relaxed.opt-default.applied_options	math=relaxed,fpfun=precise,lang=3.1,opt=default
case.ios-simulator.fused_pair_f16.runtime.relaxed.opt-default.archived_options	unavailable:dispatch of the archive-support probe failed with 134: +[MTLLoader sliceIDForDevice:legacyDriverVersion:airntDriverVersion:]:692: failed assertion `Target device architecture is nil' Child process terminated with signal 6: Abort trap
case.ios-simulator.fused_pair_f16.runtime.relaxed.opt-default.results	3c00 3c00 3c00 3c00 3c00 3c00 3e01 4101
case.ios-simulator.fused_pair_f16.runtime.relaxed.opt-size.applied_options	math=relaxed,fpfun=precise,lang=3.1,opt=size
case.ios-simulator.fused_pair_f16.runtime.relaxed.opt-size.archived_options	unavailable:dispatch of the archive-support probe failed with 134: +[MTLLoader sliceIDForDevice:legacyDriverVersion:airntDriverVersion:]:692: failed assertion `Target device architecture is nil' Child process terminated with signal 6: Abort trap
case.ios-simulator.fused_pair_f16.runtime.relaxed.opt-size.results	3c00 3c00 3c00 3c00 3c00 3c00 3e01 4101
case.ios-simulator.fused_pair_f16.runtime.safe.opt-default.applied_options	math=safe,fpfun=precise,lang=3.1,opt=default
case.ios-simulator.fused_pair_f16.runtime.safe.opt-default.archived_options	unavailable:dispatch of the archive-support probe failed with 134: +[MTLLoader sliceIDForDevice:legacyDriverVersion:airntDriverVersion:]:692: failed assertion `Target device architecture is nil' Child process terminated with signal 6: Abort trap
case.ios-simulator.fused_pair_f16.runtime.safe.opt-default.results	3c00 3c00 3c00 3c00 3c00 3c00 3e01 4101
case.ios-simulator.fused_pair_f16.runtime.safe.opt-size.applied_options	math=safe,fpfun=precise,lang=3.1,opt=size
case.ios-simulator.fused_pair_f16.runtime.safe.opt-size.archived_options	unavailable:dispatch of the archive-support probe failed with 134: +[MTLLoader sliceIDForDevice:legacyDriverVersion:airntDriverVersion:]:692: failed assertion `Target device architecture is nil' Child process terminated with signal 6: Abort trap
case.ios-simulator.fused_pair_f16.runtime.safe.opt-size.results	3c00 3c00 3c00 3c00 3c00 3c00 3e01 4101
case.ios-simulator.fused_pair_f16.safe.O2.contract-fast.compile_options	air.compile.denorms_disable air.compile.fast_math_disable air.compile.framebuffer_fetch_enable
case.ios-simulator.fused_pair_f16.safe.O2.contract-fast.float_operations	air.fma.f16+contract
case.ios-simulator.fused_pair_f16.safe.O2.contract-fast.results	3c00 3c00 3c00 3c00 3c00 3c00 3e01 4101
case.ios-simulator.fused_pair_f16.safe.O2.contract-off.compile_options	air.compile.denorms_disable air.compile.fast_math_disable air.compile.framebuffer_fetch_enable
case.ios-simulator.fused_pair_f16.safe.O2.contract-off.float_operations	air.fma.f16
case.ios-simulator.fused_pair_f16.safe.O2.contract-off.results	3c00 3c00 3c00 3c00 3c00 3c00 3e01 4101
case.ios-simulator.fused_pair_f16.safe.O2.contract-on.compile_options	air.compile.denorms_disable air.compile.fast_math_disable air.compile.framebuffer_fetch_enable
case.ios-simulator.fused_pair_f16.safe.O2.contract-on.float_operations	air.fma.f16
case.ios-simulator.fused_pair_f16.safe.O2.contract-on.results	3c00 3c00 3c00 3c00 3c00 3c00 3e01 4101
case.ios-simulator.materialize.fast.O2.contract-off.compile_options	air.compile.denorms_disable air.compile.fast_math_enable air.compile.framebuffer_fetch_enable
case.ios-simulator.materialize.fast.O2.contract-off.float_operations	
case.ios-simulator.materialize.fast.O2.contract-off.results	00000001 00400000 007fffff 00800000 80400000 80000000 3eb97ef9 3f800000
case.ios-simulator.materialize.relaxed.O2.contract-off.compile_options	air.compile.denorms_disable air.compile.fast_math_disable air.compile.framebuffer_fetch_enable
case.ios-simulator.materialize.relaxed.O2.contract-off.float_operations	
case.ios-simulator.materialize.relaxed.O2.contract-off.results	00000001 00400000 007fffff 00800000 80400000 80000000 3eb97ef9 3f800000
case.ios-simulator.materialize.runtime.fast.opt-default.applied_options	math=fast,fpfun=precise,lang=3.1,opt=default
case.ios-simulator.materialize.runtime.fast.opt-default.archived_options	unavailable:dispatch of the archive-support probe failed with 134: +[MTLLoader sliceIDForDevice:legacyDriverVersion:airntDriverVersion:]:692: failed assertion `Target device architecture is nil' Child process terminated with signal 6: Abort trap
case.ios-simulator.materialize.runtime.fast.opt-default.results	00000001 00400000 007fffff 00800000 80400000 80000000 3eb97ef9 3f800000
case.ios-simulator.materialize.runtime.fast.opt-size.applied_options	math=fast,fpfun=precise,lang=3.1,opt=size
case.ios-simulator.materialize.runtime.fast.opt-size.archived_options	unavailable:dispatch of the archive-support probe failed with 134: +[MTLLoader sliceIDForDevice:legacyDriverVersion:airntDriverVersion:]:692: failed assertion `Target device architecture is nil' Child process terminated with signal 6: Abort trap
case.ios-simulator.materialize.runtime.fast.opt-size.results	00000001 00400000 007fffff 00800000 80400000 80000000 3eb97ef9 3f800000
case.ios-simulator.materialize.runtime.relaxed.opt-default.applied_options	math=relaxed,fpfun=precise,lang=3.1,opt=default
case.ios-simulator.materialize.runtime.relaxed.opt-default.archived_options	unavailable:dispatch of the archive-support probe failed with 134: +[MTLLoader sliceIDForDevice:legacyDriverVersion:airntDriverVersion:]:692: failed assertion `Target device architecture is nil' Child process terminated with signal 6: Abort trap
case.ios-simulator.materialize.runtime.relaxed.opt-default.results	00000001 00400000 007fffff 00800000 80400000 80000000 3eb97ef9 3f800000
case.ios-simulator.materialize.runtime.relaxed.opt-size.applied_options	math=relaxed,fpfun=precise,lang=3.1,opt=size
case.ios-simulator.materialize.runtime.relaxed.opt-size.archived_options	unavailable:dispatch of the archive-support probe failed with 134: +[MTLLoader sliceIDForDevice:legacyDriverVersion:airntDriverVersion:]:692: failed assertion `Target device architecture is nil' Child process terminated with signal 6: Abort trap
case.ios-simulator.materialize.runtime.relaxed.opt-size.results	00000001 00400000 007fffff 00800000 80400000 80000000 3eb97ef9 3f800000
case.ios-simulator.materialize.runtime.safe.opt-default.applied_options	math=safe,fpfun=precise,lang=3.1,opt=default
case.ios-simulator.materialize.runtime.safe.opt-default.archived_options	unavailable:dispatch of the archive-support probe failed with 134: +[MTLLoader sliceIDForDevice:legacyDriverVersion:airntDriverVersion:]:692: failed assertion `Target device architecture is nil' Child process terminated with signal 6: Abort trap
case.ios-simulator.materialize.runtime.safe.opt-default.results	00000001 00400000 007fffff 00800000 80400000 80000000 3eb97ef9 3f800000
case.ios-simulator.materialize.runtime.safe.opt-size.applied_options	math=safe,fpfun=precise,lang=3.1,opt=size
case.ios-simulator.materialize.runtime.safe.opt-size.archived_options	unavailable:dispatch of the archive-support probe failed with 134: +[MTLLoader sliceIDForDevice:legacyDriverVersion:airntDriverVersion:]:692: failed assertion `Target device architecture is nil' Child process terminated with signal 6: Abort trap
case.ios-simulator.materialize.runtime.safe.opt-size.results	00000001 00400000 007fffff 00800000 80400000 80000000 3eb97ef9 3f800000
case.ios-simulator.materialize.safe.O2.contract-off.compile_options	air.compile.denorms_disable air.compile.fast_math_disable air.compile.framebuffer_fetch_enable
case.ios-simulator.materialize.safe.O2.contract-off.float_operations	
case.ios-simulator.materialize.safe.O2.contract-off.results	00000001 00400000 007fffff 00800000 80400000 80000000 3eb97ef9 3f800000
case.ios-simulator.materialize_bf16.fast.O2.contract-off.compile_options	air.compile.denorms_disable air.compile.fast_math_enable air.compile.framebuffer_fetch_enable
case.ios-simulator.materialize_bf16.fast.O2.contract-off.float_operations	
case.ios-simulator.materialize_bf16.fast.O2.contract-off.refusal	dispatch of the bfloat-support probe failed with 4: numerical_probe_host: pipeline creation failed: Compilation failed due to an interrupted connection: XPC_ERROR_CONNECTION_INTERRUPTED. This error occurred after multiple retries.
case.ios-simulator.materialize_bf16.relaxed.O2.contract-off.compile_options	air.compile.denorms_disable air.compile.fast_math_disable air.compile.framebuffer_fetch_enable
case.ios-simulator.materialize_bf16.relaxed.O2.contract-off.float_operations	
case.ios-simulator.materialize_bf16.relaxed.O2.contract-off.refusal	dispatch of the bfloat-support probe failed with 4: numerical_probe_host: pipeline creation failed: Compilation failed due to an interrupted connection: XPC_ERROR_CONNECTION_INTERRUPTED. This error occurred after multiple retries.
case.ios-simulator.materialize_bf16.runtime.fast.opt-default.refusal	dispatch of the bfloat-support probe failed with 4: numerical_probe_host: pipeline creation failed: Compilation failed due to an interrupted connection: XPC_ERROR_CONNECTION_INTERRUPTED. This error occurred after multiple retries.
case.ios-simulator.materialize_bf16.runtime.fast.opt-size.refusal	dispatch of the bfloat-support probe failed with 4: numerical_probe_host: pipeline creation failed: Compilation failed due to an interrupted connection: XPC_ERROR_CONNECTION_INTERRUPTED. This error occurred after multiple retries.
case.ios-simulator.materialize_bf16.runtime.relaxed.opt-default.refusal	dispatch of the bfloat-support probe failed with 4: numerical_probe_host: pipeline creation failed: Compilation failed due to an interrupted connection: XPC_ERROR_CONNECTION_INTERRUPTED. This error occurred after multiple retries.
case.ios-simulator.materialize_bf16.runtime.relaxed.opt-size.refusal	dispatch of the bfloat-support probe failed with 4: numerical_probe_host: pipeline creation failed: Compilation failed due to an interrupted connection: XPC_ERROR_CONNECTION_INTERRUPTED. This error occurred after multiple retries.
case.ios-simulator.materialize_bf16.runtime.safe.opt-default.refusal	dispatch of the bfloat-support probe failed with 4: numerical_probe_host: pipeline creation failed: Compilation failed due to an interrupted connection: XPC_ERROR_CONNECTION_INTERRUPTED. This error occurred after multiple retries.
case.ios-simulator.materialize_bf16.runtime.safe.opt-size.refusal	dispatch of the bfloat-support probe failed with 4: numerical_probe_host: pipeline creation failed: Compilation failed due to an interrupted connection: XPC_ERROR_CONNECTION_INTERRUPTED. This error occurred after multiple retries.
case.ios-simulator.materialize_bf16.safe.O2.contract-off.compile_options	air.compile.denorms_disable air.compile.fast_math_disable air.compile.framebuffer_fetch_enable
case.ios-simulator.materialize_bf16.safe.O2.contract-off.float_operations	
case.ios-simulator.materialize_bf16.safe.O2.contract-off.refusal	dispatch of the bfloat-support probe failed with 4: numerical_probe_host: pipeline creation failed: Compilation failed due to an interrupted connection: XPC_ERROR_CONNECTION_INTERRUPTED. This error occurred after multiple retries.
case.ios-simulator.materialize_f16.fast.O2.contract-off.compile_options	air.compile.denorms_disable air.compile.fast_math_enable air.compile.framebuffer_fetch_enable
case.ios-simulator.materialize_f16.fast.O2.contract-off.float_operations	
case.ios-simulator.materialize_f16.fast.O2.contract-off.results	0001 0200 03ff 0400 8200 8000 3555 3c00
case.ios-simulator.materialize_f16.relaxed.O2.contract-off.compile_options	air.compile.denorms_disable air.compile.fast_math_disable air.compile.framebuffer_fetch_enable
case.ios-simulator.materialize_f16.relaxed.O2.contract-off.float_operations	
case.ios-simulator.materialize_f16.relaxed.O2.contract-off.results	0001 0200 03ff 0400 8200 8000 3555 3c00
case.ios-simulator.materialize_f16.runtime.fast.opt-default.applied_options	math=fast,fpfun=precise,lang=3.1,opt=default
case.ios-simulator.materialize_f16.runtime.fast.opt-default.archived_options	unavailable:dispatch of the archive-support probe failed with 134: +[MTLLoader sliceIDForDevice:legacyDriverVersion:airntDriverVersion:]:692: failed assertion `Target device architecture is nil' Child process terminated with signal 6: Abort trap
case.ios-simulator.materialize_f16.runtime.fast.opt-default.results	0001 0200 03ff 0400 8200 8000 3555 3c00
case.ios-simulator.materialize_f16.runtime.fast.opt-size.applied_options	math=fast,fpfun=precise,lang=3.1,opt=size
case.ios-simulator.materialize_f16.runtime.fast.opt-size.archived_options	unavailable:dispatch of the archive-support probe failed with 134: +[MTLLoader sliceIDForDevice:legacyDriverVersion:airntDriverVersion:]:692: failed assertion `Target device architecture is nil' Child process terminated with signal 6: Abort trap
case.ios-simulator.materialize_f16.runtime.fast.opt-size.results	0001 0200 03ff 0400 8200 8000 3555 3c00
case.ios-simulator.materialize_f16.runtime.relaxed.opt-default.applied_options	math=relaxed,fpfun=precise,lang=3.1,opt=default
case.ios-simulator.materialize_f16.runtime.relaxed.opt-default.archived_options	unavailable:dispatch of the archive-support probe failed with 134: +[MTLLoader sliceIDForDevice:legacyDriverVersion:airntDriverVersion:]:692: failed assertion `Target device architecture is nil' Child process terminated with signal 6: Abort trap
case.ios-simulator.materialize_f16.runtime.relaxed.opt-default.results	0001 0200 03ff 0400 8200 8000 3555 3c00
case.ios-simulator.materialize_f16.runtime.relaxed.opt-size.applied_options	math=relaxed,fpfun=precise,lang=3.1,opt=size
case.ios-simulator.materialize_f16.runtime.relaxed.opt-size.archived_options	unavailable:dispatch of the archive-support probe failed with 134: +[MTLLoader sliceIDForDevice:legacyDriverVersion:airntDriverVersion:]:692: failed assertion `Target device architecture is nil' Child process terminated with signal 6: Abort trap
case.ios-simulator.materialize_f16.runtime.relaxed.opt-size.results	0001 0200 03ff 0400 8200 8000 3555 3c00
case.ios-simulator.materialize_f16.runtime.safe.opt-default.applied_options	math=safe,fpfun=precise,lang=3.1,opt=default
case.ios-simulator.materialize_f16.runtime.safe.opt-default.archived_options	unavailable:dispatch of the archive-support probe failed with 134: +[MTLLoader sliceIDForDevice:legacyDriverVersion:airntDriverVersion:]:692: failed assertion `Target device architecture is nil' Child process terminated with signal 6: Abort trap
case.ios-simulator.materialize_f16.runtime.safe.opt-default.results	0001 0200 03ff 0400 8200 8000 3555 3c00
case.ios-simulator.materialize_f16.runtime.safe.opt-size.applied_options	math=safe,fpfun=precise,lang=3.1,opt=size
case.ios-simulator.materialize_f16.runtime.safe.opt-size.archived_options	unavailable:dispatch of the archive-support probe failed with 134: +[MTLLoader sliceIDForDevice:legacyDriverVersion:airntDriverVersion:]:692: failed assertion `Target device architecture is nil' Child process terminated with signal 6: Abort trap
case.ios-simulator.materialize_f16.runtime.safe.opt-size.results	0001 0200 03ff 0400 8200 8000 3555 3c00
case.ios-simulator.materialize_f16.safe.O2.contract-off.compile_options	air.compile.denorms_disable air.compile.fast_math_disable air.compile.framebuffer_fetch_enable
case.ios-simulator.materialize_f16.safe.O2.contract-off.float_operations	
case.ios-simulator.materialize_f16.safe.O2.contract-off.results	0001 0200 03ff 0400 8200 8000 3555 3c00
case.ios-simulator.multiply_half.fast.O0.contract-off.compile_options	air.compile.denorms_disable air.compile.fast_math_enable air.compile.framebuffer_fetch_enable
case.ios-simulator.multiply_half.fast.O0.contract-off.float_operations	fmul+reassoc+nnan+ninf+nsz+arcp+afn
case.ios-simulator.multiply_half.fast.O0.contract-off.results	00000000 00000000 00000000 00000000 80000000 80000000 3e397ef9 3f000000
case.ios-simulator.multiply_half.fast.O2.contract-off.compile_options	air.compile.denorms_disable air.compile.fast_math_enable air.compile.framebuffer_fetch_enable
case.ios-simulator.multiply_half.fast.O2.contract-off.float_operations	fmul+reassoc+nnan+ninf+nsz+arcp+afn
case.ios-simulator.multiply_half.fast.O2.contract-off.results	00000000 00000000 00000000 00000000 80000000 80000000 3e397ef9 3f000000
case.ios-simulator.multiply_half.fast.O2.contract-off.fpfun-fast.compile_options	air.compile.denorms_disable air.compile.fast_math_enable air.compile.framebuffer_fetch_enable
case.ios-simulator.multiply_half.fast.O2.contract-off.fpfun-fast.float_operations	fmul+reassoc+nnan+ninf+nsz+arcp+afn
case.ios-simulator.multiply_half.fast.O2.contract-off.fpfun-fast.results	00000000 00000000 00000000 00000000 80000000 80000000 3e397ef9 3f000000
case.ios-simulator.multiply_half.relaxed.O0.contract-off.compile_options	air.compile.denorms_disable air.compile.fast_math_disable air.compile.framebuffer_fetch_enable
case.ios-simulator.multiply_half.relaxed.O0.contract-off.float_operations	fmul+reassoc+nsz+arcp+afn
case.ios-simulator.multiply_half.relaxed.O0.contract-off.results	00000000 00000000 00000000 00000000 80000000 80000000 3e397ef9 3f000000
case.ios-simulator.multiply_half.relaxed.O2.contract-off.compile_options	air.compile.denorms_disable air.compile.fast_math_disable air.compile.framebuffer_fetch_enable
case.ios-simulator.multiply_half.relaxed.O2.contract-off.float_operations	fmul+reassoc+nsz+arcp+afn
case.ios-simulator.multiply_half.relaxed.O2.contract-off.results	00000000 00000000 00000000 00000000 80000000 80000000 3e397ef9 3f000000
case.ios-simulator.multiply_half.relaxed.O2.contract-off.fpfun-fast.compile_options	air.compile.denorms_disable air.compile.fast_math_disable air.compile.framebuffer_fetch_enable
case.ios-simulator.multiply_half.relaxed.O2.contract-off.fpfun-fast.float_operations	fmul+reassoc+nsz+arcp+afn
case.ios-simulator.multiply_half.relaxed.O2.contract-off.fpfun-fast.results	00000000 00000000 00000000 00000000 80000000 80000000 3e397ef9 3f000000
case.ios-simulator.multiply_half.runtime.fast.opt-default.applied_options	math=fast,fpfun=precise,lang=3.1,opt=default
case.ios-simulator.multiply_half.runtime.fast.opt-default.archived_options	unavailable:dispatch of the archive-support probe failed with 134: +[MTLLoader sliceIDForDevice:legacyDriverVersion:airntDriverVersion:]:692: failed assertion `Target device architecture is nil' Child process terminated with signal 6: Abort trap
case.ios-simulator.multiply_half.runtime.fast.opt-default.results	00000000 00000000 00000000 00000000 80000000 80000000 3e397ef9 3f000000
case.ios-simulator.multiply_half.runtime.fast.opt-default.fpfun-fast.applied_options	math=fast,fpfun=fast,lang=3.1,opt=default
case.ios-simulator.multiply_half.runtime.fast.opt-default.fpfun-fast.archived_options	unavailable:dispatch of the archive-support probe failed with 134: +[MTLLoader sliceIDForDevice:legacyDriverVersion:airntDriverVersion:]:692: failed assertion `Target device architecture is nil' Child process terminated with signal 6: Abort trap
case.ios-simulator.multiply_half.runtime.fast.opt-default.fpfun-fast.results	00000000 00000000 00000000 00000000 80000000 80000000 3e397ef9 3f000000
case.ios-simulator.multiply_half.runtime.fast.opt-size.applied_options	math=fast,fpfun=precise,lang=3.1,opt=size
case.ios-simulator.multiply_half.runtime.fast.opt-size.archived_options	unavailable:dispatch of the archive-support probe failed with 134: +[MTLLoader sliceIDForDevice:legacyDriverVersion:airntDriverVersion:]:692: failed assertion `Target device architecture is nil' Child process terminated with signal 6: Abort trap
case.ios-simulator.multiply_half.runtime.fast.opt-size.results	00000000 00000000 00000000 00000000 80000000 80000000 3e397ef9 3f000000
case.ios-simulator.multiply_half.runtime.fast.opt-size.fpfun-fast.applied_options	math=fast,fpfun=fast,lang=3.1,opt=size
case.ios-simulator.multiply_half.runtime.fast.opt-size.fpfun-fast.archived_options	unavailable:dispatch of the archive-support probe failed with 134: +[MTLLoader sliceIDForDevice:legacyDriverVersion:airntDriverVersion:]:692: failed assertion `Target device architecture is nil' Child process terminated with signal 6: Abort trap
case.ios-simulator.multiply_half.runtime.fast.opt-size.fpfun-fast.results	00000000 00000000 00000000 00000000 80000000 80000000 3e397ef9 3f000000
case.ios-simulator.multiply_half.runtime.relaxed.opt-default.applied_options	math=relaxed,fpfun=precise,lang=3.1,opt=default
case.ios-simulator.multiply_half.runtime.relaxed.opt-default.archived_options	unavailable:dispatch of the archive-support probe failed with 134: +[MTLLoader sliceIDForDevice:legacyDriverVersion:airntDriverVersion:]:692: failed assertion `Target device architecture is nil' Child process terminated with signal 6: Abort trap
case.ios-simulator.multiply_half.runtime.relaxed.opt-default.results	00000000 00000000 00000000 00000000 80000000 80000000 3e397ef9 3f000000
case.ios-simulator.multiply_half.runtime.relaxed.opt-default.fpfun-fast.applied_options	math=relaxed,fpfun=fast,lang=3.1,opt=default
case.ios-simulator.multiply_half.runtime.relaxed.opt-default.fpfun-fast.archived_options	unavailable:dispatch of the archive-support probe failed with 134: +[MTLLoader sliceIDForDevice:legacyDriverVersion:airntDriverVersion:]:692: failed assertion `Target device architecture is nil' Child process terminated with signal 6: Abort trap
case.ios-simulator.multiply_half.runtime.relaxed.opt-default.fpfun-fast.results	00000000 00000000 00000000 00000000 80000000 80000000 3e397ef9 3f000000
case.ios-simulator.multiply_half.runtime.relaxed.opt-size.applied_options	math=relaxed,fpfun=precise,lang=3.1,opt=size
case.ios-simulator.multiply_half.runtime.relaxed.opt-size.archived_options	unavailable:dispatch of the archive-support probe failed with 134: +[MTLLoader sliceIDForDevice:legacyDriverVersion:airntDriverVersion:]:692: failed assertion `Target device architecture is nil' Child process terminated with signal 6: Abort trap
case.ios-simulator.multiply_half.runtime.relaxed.opt-size.results	00000000 00000000 00000000 00000000 80000000 80000000 3e397ef9 3f000000
case.ios-simulator.multiply_half.runtime.relaxed.opt-size.fpfun-fast.applied_options	math=relaxed,fpfun=fast,lang=3.1,opt=size
case.ios-simulator.multiply_half.runtime.relaxed.opt-size.fpfun-fast.archived_options	unavailable:dispatch of the archive-support probe failed with 134: +[MTLLoader sliceIDForDevice:legacyDriverVersion:airntDriverVersion:]:692: failed assertion `Target device architecture is nil' Child process terminated with signal 6: Abort trap
case.ios-simulator.multiply_half.runtime.relaxed.opt-size.fpfun-fast.results	00000000 00000000 00000000 00000000 80000000 80000000 3e397ef9 3f000000
case.ios-simulator.multiply_half.runtime.safe.opt-default.applied_options	math=safe,fpfun=precise,lang=3.1,opt=default
case.ios-simulator.multiply_half.runtime.safe.opt-default.archived_options	unavailable:dispatch of the archive-support probe failed with 134: +[MTLLoader sliceIDForDevice:legacyDriverVersion:airntDriverVersion:]:692: failed assertion `Target device architecture is nil' Child process terminated with signal 6: Abort trap
case.ios-simulator.multiply_half.runtime.safe.opt-default.results	00000000 00000000 00000000 00000000 80000000 80000000 3e397ef9 3f000000
case.ios-simulator.multiply_half.runtime.safe.opt-default.fpfun-fast.applied_options	math=safe,fpfun=fast,lang=3.1,opt=default
case.ios-simulator.multiply_half.runtime.safe.opt-default.fpfun-fast.archived_options	unavailable:dispatch of the archive-support probe failed with 134: +[MTLLoader sliceIDForDevice:legacyDriverVersion:airntDriverVersion:]:692: failed assertion `Target device architecture is nil' Child process terminated with signal 6: Abort trap
case.ios-simulator.multiply_half.runtime.safe.opt-default.fpfun-fast.results	00000000 00000000 00000000 00000000 80000000 80000000 3e397ef9 3f000000
case.ios-simulator.multiply_half.runtime.safe.opt-size.applied_options	math=safe,fpfun=precise,lang=3.1,opt=size
case.ios-simulator.multiply_half.runtime.safe.opt-size.archived_options	unavailable:dispatch of the archive-support probe failed with 134: +[MTLLoader sliceIDForDevice:legacyDriverVersion:airntDriverVersion:]:692: failed assertion `Target device architecture is nil' Child process terminated with signal 6: Abort trap
case.ios-simulator.multiply_half.runtime.safe.opt-size.results	00000000 00000000 00000000 00000000 80000000 80000000 3e397ef9 3f000000
case.ios-simulator.multiply_half.runtime.safe.opt-size.fpfun-fast.applied_options	math=safe,fpfun=fast,lang=3.1,opt=size
case.ios-simulator.multiply_half.runtime.safe.opt-size.fpfun-fast.archived_options	unavailable:dispatch of the archive-support probe failed with 134: +[MTLLoader sliceIDForDevice:legacyDriverVersion:airntDriverVersion:]:692: failed assertion `Target device architecture is nil' Child process terminated with signal 6: Abort trap
case.ios-simulator.multiply_half.runtime.safe.opt-size.fpfun-fast.results	00000000 00000000 00000000 00000000 80000000 80000000 3e397ef9 3f000000
case.ios-simulator.multiply_half.safe.O0.contract-off.compile_options	air.compile.denorms_disable air.compile.fast_math_disable air.compile.framebuffer_fetch_enable
case.ios-simulator.multiply_half.safe.O0.contract-off.float_operations	fmul
case.ios-simulator.multiply_half.safe.O0.contract-off.results	00000000 00000000 00000000 00000000 80000000 80000000 3e397ef9 3f000000
case.ios-simulator.multiply_half.safe.O2.contract-off.compile_options	air.compile.denorms_disable air.compile.fast_math_disable air.compile.framebuffer_fetch_enable
case.ios-simulator.multiply_half.safe.O2.contract-off.float_operations	fmul
case.ios-simulator.multiply_half.safe.O2.contract-off.results	00000000 00000000 00000000 00000000 80000000 80000000 3e397ef9 3f000000
case.ios-simulator.multiply_half.safe.O2.contract-off.fpfun-fast.compile_options	air.compile.denorms_disable air.compile.fast_math_disable air.compile.framebuffer_fetch_enable
case.ios-simulator.multiply_half.safe.O2.contract-off.fpfun-fast.float_operations	fmul
case.ios-simulator.multiply_half.safe.O2.contract-off.fpfun-fast.results	00000000 00000000 00000000 00000000 80000000 80000000 3e397ef9 3f000000
case.ios-simulator.multiply_half_bf16.fast.O2.contract-off.compile_options	air.compile.denorms_disable air.compile.fast_math_enable air.compile.framebuffer_fetch_enable
case.ios-simulator.multiply_half_bf16.fast.O2.contract-off.float_operations	fmul+reassoc+nnan+ninf+nsz+arcp+afn
case.ios-simulator.multiply_half_bf16.fast.O2.contract-off.refusal	dispatch of the bfloat-support probe failed with 4: numerical_probe_host: pipeline creation failed: Compilation failed due to an interrupted connection: XPC_ERROR_CONNECTION_INTERRUPTED. This error occurred after multiple retries.
case.ios-simulator.multiply_half_bf16.relaxed.O2.contract-off.compile_options	air.compile.denorms_disable air.compile.fast_math_disable air.compile.framebuffer_fetch_enable
case.ios-simulator.multiply_half_bf16.relaxed.O2.contract-off.float_operations	fmul+reassoc+nsz+arcp+afn
case.ios-simulator.multiply_half_bf16.relaxed.O2.contract-off.refusal	dispatch of the bfloat-support probe failed with 4: numerical_probe_host: pipeline creation failed: Compilation failed due to an interrupted connection: XPC_ERROR_CONNECTION_INTERRUPTED. This error occurred after multiple retries.
case.ios-simulator.multiply_half_bf16.runtime.fast.opt-default.refusal	dispatch of the bfloat-support probe failed with 4: numerical_probe_host: pipeline creation failed: Compilation failed due to an interrupted connection: XPC_ERROR_CONNECTION_INTERRUPTED. This error occurred after multiple retries.
case.ios-simulator.multiply_half_bf16.runtime.fast.opt-size.refusal	dispatch of the bfloat-support probe failed with 4: numerical_probe_host: pipeline creation failed: Compilation failed due to an interrupted connection: XPC_ERROR_CONNECTION_INTERRUPTED. This error occurred after multiple retries.
case.ios-simulator.multiply_half_bf16.runtime.relaxed.opt-default.refusal	dispatch of the bfloat-support probe failed with 4: numerical_probe_host: pipeline creation failed: Compilation failed due to an interrupted connection: XPC_ERROR_CONNECTION_INTERRUPTED. This error occurred after multiple retries.
case.ios-simulator.multiply_half_bf16.runtime.relaxed.opt-size.refusal	dispatch of the bfloat-support probe failed with 4: numerical_probe_host: pipeline creation failed: Compilation failed due to an interrupted connection: XPC_ERROR_CONNECTION_INTERRUPTED. This error occurred after multiple retries.
case.ios-simulator.multiply_half_bf16.runtime.safe.opt-default.refusal	dispatch of the bfloat-support probe failed with 4: numerical_probe_host: pipeline creation failed: Compilation failed due to an interrupted connection: XPC_ERROR_CONNECTION_INTERRUPTED. This error occurred after multiple retries.
case.ios-simulator.multiply_half_bf16.runtime.safe.opt-size.refusal	dispatch of the bfloat-support probe failed with 4: numerical_probe_host: pipeline creation failed: Compilation failed due to an interrupted connection: XPC_ERROR_CONNECTION_INTERRUPTED. This error occurred after multiple retries.
case.ios-simulator.multiply_half_bf16.safe.O2.contract-off.compile_options	air.compile.denorms_disable air.compile.fast_math_disable air.compile.framebuffer_fetch_enable
case.ios-simulator.multiply_half_bf16.safe.O2.contract-off.float_operations	fmul
case.ios-simulator.multiply_half_bf16.safe.O2.contract-off.refusal	dispatch of the bfloat-support probe failed with 4: numerical_probe_host: pipeline creation failed: Compilation failed due to an interrupted connection: XPC_ERROR_CONNECTION_INTERRUPTED. This error occurred after multiple retries.
case.ios-simulator.multiply_half_f16.fast.O2.contract-off.compile_options	air.compile.denorms_disable air.compile.fast_math_enable air.compile.framebuffer_fetch_enable
case.ios-simulator.multiply_half_f16.fast.O2.contract-off.float_operations	fmul+reassoc+nnan+ninf+nsz+arcp+afn
case.ios-simulator.multiply_half_f16.fast.O2.contract-off.results	0000 0100 0200 0200 8100 8000 3155 3800
case.ios-simulator.multiply_half_f16.relaxed.O2.contract-off.compile_options	air.compile.denorms_disable air.compile.fast_math_disable air.compile.framebuffer_fetch_enable
case.ios-simulator.multiply_half_f16.relaxed.O2.contract-off.float_operations	fmul+reassoc+nsz+arcp+afn
case.ios-simulator.multiply_half_f16.relaxed.O2.contract-off.results	0000 0100 0200 0200 8100 8000 3155 3800
case.ios-simulator.multiply_half_f16.runtime.fast.opt-default.applied_options	math=fast,fpfun=precise,lang=3.1,opt=default
case.ios-simulator.multiply_half_f16.runtime.fast.opt-default.archived_options	unavailable:dispatch of the archive-support probe failed with 134: +[MTLLoader sliceIDForDevice:legacyDriverVersion:airntDriverVersion:]:692: failed assertion `Target device architecture is nil' Child process terminated with signal 6: Abort trap
case.ios-simulator.multiply_half_f16.runtime.fast.opt-default.results	0000 0100 0200 0200 8100 8000 3155 3800
case.ios-simulator.multiply_half_f16.runtime.fast.opt-size.applied_options	math=fast,fpfun=precise,lang=3.1,opt=size
case.ios-simulator.multiply_half_f16.runtime.fast.opt-size.archived_options	unavailable:dispatch of the archive-support probe failed with 134: +[MTLLoader sliceIDForDevice:legacyDriverVersion:airntDriverVersion:]:692: failed assertion `Target device architecture is nil' Child process terminated with signal 6: Abort trap
case.ios-simulator.multiply_half_f16.runtime.fast.opt-size.results	0000 0100 0200 0200 8100 8000 3155 3800
case.ios-simulator.multiply_half_f16.runtime.relaxed.opt-default.applied_options	math=relaxed,fpfun=precise,lang=3.1,opt=default
case.ios-simulator.multiply_half_f16.runtime.relaxed.opt-default.archived_options	unavailable:dispatch of the archive-support probe failed with 134: +[MTLLoader sliceIDForDevice:legacyDriverVersion:airntDriverVersion:]:692: failed assertion `Target device architecture is nil' Child process terminated with signal 6: Abort trap
case.ios-simulator.multiply_half_f16.runtime.relaxed.opt-default.results	0000 0100 0200 0200 8100 8000 3155 3800
case.ios-simulator.multiply_half_f16.runtime.relaxed.opt-size.applied_options	math=relaxed,fpfun=precise,lang=3.1,opt=size
case.ios-simulator.multiply_half_f16.runtime.relaxed.opt-size.archived_options	unavailable:dispatch of the archive-support probe failed with 134: +[MTLLoader sliceIDForDevice:legacyDriverVersion:airntDriverVersion:]:692: failed assertion `Target device architecture is nil' Child process terminated with signal 6: Abort trap
case.ios-simulator.multiply_half_f16.runtime.relaxed.opt-size.results	0000 0100 0200 0200 8100 8000 3155 3800
case.ios-simulator.multiply_half_f16.runtime.safe.opt-default.applied_options	math=safe,fpfun=precise,lang=3.1,opt=default
case.ios-simulator.multiply_half_f16.runtime.safe.opt-default.archived_options	unavailable:dispatch of the archive-support probe failed with 134: +[MTLLoader sliceIDForDevice:legacyDriverVersion:airntDriverVersion:]:692: failed assertion `Target device architecture is nil' Child process terminated with signal 6: Abort trap
case.ios-simulator.multiply_half_f16.runtime.safe.opt-default.results	0000 0100 0200 0200 8100 8000 3155 3800
case.ios-simulator.multiply_half_f16.runtime.safe.opt-size.applied_options	math=safe,fpfun=precise,lang=3.1,opt=size
case.ios-simulator.multiply_half_f16.runtime.safe.opt-size.archived_options	unavailable:dispatch of the archive-support probe failed with 134: +[MTLLoader sliceIDForDevice:legacyDriverVersion:airntDriverVersion:]:692: failed assertion `Target device architecture is nil' Child process terminated with signal 6: Abort trap
case.ios-simulator.multiply_half_f16.runtime.safe.opt-size.results	0000 0100 0200 0200 8100 8000 3155 3800
case.ios-simulator.multiply_half_f16.safe.O2.contract-off.compile_options	air.compile.denorms_disable air.compile.fast_math_disable air.compile.framebuffer_fetch_enable
case.ios-simulator.multiply_half_f16.safe.O2.contract-off.float_operations	fmul
case.ios-simulator.multiply_half_f16.safe.O2.contract-off.results	0000 0100 0200 0200 8100 8000 3155 3800
case.ios-simulator.multiply_one.fast.O0.contract-off.compile_options	air.compile.denorms_disable air.compile.fast_math_enable air.compile.framebuffer_fetch_enable
case.ios-simulator.multiply_one.fast.O0.contract-off.float_operations	fmul+reassoc+nnan+ninf+nsz+arcp+afn
case.ios-simulator.multiply_one.fast.O0.contract-off.results	00000001 00400000 007fffff 00800000 80400000 80000000 3eb97ef9 3f800000
case.ios-simulator.multiply_one.fast.O2.contract-off.compile_options	air.compile.denorms_disable air.compile.fast_math_enable air.compile.framebuffer_fetch_enable
case.ios-simulator.multiply_one.fast.O2.contract-off.float_operations	
case.ios-simulator.multiply_one.fast.O2.contract-off.results	00000001 00400000 007fffff 00800000 80400000 80000000 3eb97ef9 3f800000
case.ios-simulator.multiply_one.relaxed.O0.contract-off.compile_options	air.compile.denorms_disable air.compile.fast_math_disable air.compile.framebuffer_fetch_enable
case.ios-simulator.multiply_one.relaxed.O0.contract-off.float_operations	fmul+reassoc+nsz+arcp+afn
case.ios-simulator.multiply_one.relaxed.O0.contract-off.results	00000001 00400000 007fffff 00800000 80400000 80000000 3eb97ef9 3f800000
case.ios-simulator.multiply_one.relaxed.O2.contract-off.compile_options	air.compile.denorms_disable air.compile.fast_math_disable air.compile.framebuffer_fetch_enable
case.ios-simulator.multiply_one.relaxed.O2.contract-off.float_operations	
case.ios-simulator.multiply_one.relaxed.O2.contract-off.results	00000001 00400000 007fffff 00800000 80400000 80000000 3eb97ef9 3f800000
case.ios-simulator.multiply_one.runtime.fast.opt-default.applied_options	math=fast,fpfun=precise,lang=3.1,opt=default
case.ios-simulator.multiply_one.runtime.fast.opt-default.archived_options	unavailable:dispatch of the archive-support probe failed with 134: +[MTLLoader sliceIDForDevice:legacyDriverVersion:airntDriverVersion:]:692: failed assertion `Target device architecture is nil' Child process terminated with signal 6: Abort trap
case.ios-simulator.multiply_one.runtime.fast.opt-default.results	00000001 00400000 007fffff 00800000 80400000 80000000 3eb97ef9 3f800000
case.ios-simulator.multiply_one.runtime.fast.opt-size.applied_options	math=fast,fpfun=precise,lang=3.1,opt=size
case.ios-simulator.multiply_one.runtime.fast.opt-size.archived_options	unavailable:dispatch of the archive-support probe failed with 134: +[MTLLoader sliceIDForDevice:legacyDriverVersion:airntDriverVersion:]:692: failed assertion `Target device architecture is nil' Child process terminated with signal 6: Abort trap
case.ios-simulator.multiply_one.runtime.fast.opt-size.results	00000001 00400000 007fffff 00800000 80400000 80000000 3eb97ef9 3f800000
case.ios-simulator.multiply_one.runtime.relaxed.opt-default.applied_options	math=relaxed,fpfun=precise,lang=3.1,opt=default
case.ios-simulator.multiply_one.runtime.relaxed.opt-default.archived_options	unavailable:dispatch of the archive-support probe failed with 134: +[MTLLoader sliceIDForDevice:legacyDriverVersion:airntDriverVersion:]:692: failed assertion `Target device architecture is nil' Child process terminated with signal 6: Abort trap
case.ios-simulator.multiply_one.runtime.relaxed.opt-default.results	00000001 00400000 007fffff 00800000 80400000 80000000 3eb97ef9 3f800000
case.ios-simulator.multiply_one.runtime.relaxed.opt-size.applied_options	math=relaxed,fpfun=precise,lang=3.1,opt=size
case.ios-simulator.multiply_one.runtime.relaxed.opt-size.archived_options	unavailable:dispatch of the archive-support probe failed with 134: +[MTLLoader sliceIDForDevice:legacyDriverVersion:airntDriverVersion:]:692: failed assertion `Target device architecture is nil' Child process terminated with signal 6: Abort trap
case.ios-simulator.multiply_one.runtime.relaxed.opt-size.results	00000001 00400000 007fffff 00800000 80400000 80000000 3eb97ef9 3f800000
case.ios-simulator.multiply_one.runtime.safe.opt-default.applied_options	math=safe,fpfun=precise,lang=3.1,opt=default
case.ios-simulator.multiply_one.runtime.safe.opt-default.archived_options	unavailable:dispatch of the archive-support probe failed with 134: +[MTLLoader sliceIDForDevice:legacyDriverVersion:airntDriverVersion:]:692: failed assertion `Target device architecture is nil' Child process terminated with signal 6: Abort trap
case.ios-simulator.multiply_one.runtime.safe.opt-default.results	00000001 00400000 007fffff 00800000 80400000 80000000 3eb97ef9 3f800000
case.ios-simulator.multiply_one.runtime.safe.opt-size.applied_options	math=safe,fpfun=precise,lang=3.1,opt=size
case.ios-simulator.multiply_one.runtime.safe.opt-size.archived_options	unavailable:dispatch of the archive-support probe failed with 134: +[MTLLoader sliceIDForDevice:legacyDriverVersion:airntDriverVersion:]:692: failed assertion `Target device architecture is nil' Child process terminated with signal 6: Abort trap
case.ios-simulator.multiply_one.runtime.safe.opt-size.results	00000001 00400000 007fffff 00800000 80400000 80000000 3eb97ef9 3f800000
case.ios-simulator.multiply_one.safe.O0.contract-off.compile_options	air.compile.denorms_disable air.compile.fast_math_disable air.compile.framebuffer_fetch_enable
case.ios-simulator.multiply_one.safe.O0.contract-off.float_operations	fmul
case.ios-simulator.multiply_one.safe.O0.contract-off.results	00000001 00400000 007fffff 00800000 80400000 80000000 3eb97ef9 3f800000
case.ios-simulator.multiply_one.safe.O2.contract-off.compile_options	air.compile.denorms_disable air.compile.fast_math_disable air.compile.framebuffer_fetch_enable
case.ios-simulator.multiply_one.safe.O2.contract-off.float_operations	
case.ios-simulator.multiply_one.safe.O2.contract-off.results	00000001 00400000 007fffff 00800000 80400000 80000000 3eb97ef9 3f800000
case.ios-simulator.multiply_one_bf16.fast.O2.contract-off.compile_options	air.compile.denorms_disable air.compile.fast_math_enable air.compile.framebuffer_fetch_enable
case.ios-simulator.multiply_one_bf16.fast.O2.contract-off.float_operations	
case.ios-simulator.multiply_one_bf16.fast.O2.contract-off.refusal	dispatch of the bfloat-support probe failed with 4: numerical_probe_host: pipeline creation failed: Compilation failed due to an interrupted connection: XPC_ERROR_CONNECTION_INTERRUPTED. This error occurred after multiple retries.
case.ios-simulator.multiply_one_bf16.relaxed.O2.contract-off.compile_options	air.compile.denorms_disable air.compile.fast_math_disable air.compile.framebuffer_fetch_enable
case.ios-simulator.multiply_one_bf16.relaxed.O2.contract-off.float_operations	
case.ios-simulator.multiply_one_bf16.relaxed.O2.contract-off.refusal	dispatch of the bfloat-support probe failed with 4: numerical_probe_host: pipeline creation failed: Compilation failed due to an interrupted connection: XPC_ERROR_CONNECTION_INTERRUPTED. This error occurred after multiple retries.
case.ios-simulator.multiply_one_bf16.runtime.fast.opt-default.refusal	dispatch of the bfloat-support probe failed with 4: numerical_probe_host: pipeline creation failed: Compilation failed due to an interrupted connection: XPC_ERROR_CONNECTION_INTERRUPTED. This error occurred after multiple retries.
case.ios-simulator.multiply_one_bf16.runtime.fast.opt-size.refusal	dispatch of the bfloat-support probe failed with 4: numerical_probe_host: pipeline creation failed: Compilation failed due to an interrupted connection: XPC_ERROR_CONNECTION_INTERRUPTED. This error occurred after multiple retries.
case.ios-simulator.multiply_one_bf16.runtime.relaxed.opt-default.refusal	dispatch of the bfloat-support probe failed with 4: numerical_probe_host: pipeline creation failed: Compilation failed due to an interrupted connection: XPC_ERROR_CONNECTION_INTERRUPTED. This error occurred after multiple retries.
case.ios-simulator.multiply_one_bf16.runtime.relaxed.opt-size.refusal	dispatch of the bfloat-support probe failed with 4: numerical_probe_host: pipeline creation failed: Compilation failed due to an interrupted connection: XPC_ERROR_CONNECTION_INTERRUPTED. This error occurred after multiple retries.
case.ios-simulator.multiply_one_bf16.runtime.safe.opt-default.refusal	dispatch of the bfloat-support probe failed with 4: numerical_probe_host: pipeline creation failed: Compilation failed due to an interrupted connection: XPC_ERROR_CONNECTION_INTERRUPTED. This error occurred after multiple retries.
case.ios-simulator.multiply_one_bf16.runtime.safe.opt-size.refusal	dispatch of the bfloat-support probe failed with 4: numerical_probe_host: pipeline creation failed: Compilation failed due to an interrupted connection: XPC_ERROR_CONNECTION_INTERRUPTED. This error occurred after multiple retries.
case.ios-simulator.multiply_one_bf16.safe.O2.contract-off.compile_options	air.compile.denorms_disable air.compile.fast_math_disable air.compile.framebuffer_fetch_enable
case.ios-simulator.multiply_one_bf16.safe.O2.contract-off.float_operations	
case.ios-simulator.multiply_one_bf16.safe.O2.contract-off.refusal	dispatch of the bfloat-support probe failed with 4: numerical_probe_host: pipeline creation failed: Compilation failed due to an interrupted connection: XPC_ERROR_CONNECTION_INTERRUPTED. This error occurred after multiple retries.
case.ios-simulator.multiply_one_f16.fast.O2.contract-off.compile_options	air.compile.denorms_disable air.compile.fast_math_enable air.compile.framebuffer_fetch_enable
case.ios-simulator.multiply_one_f16.fast.O2.contract-off.float_operations	
case.ios-simulator.multiply_one_f16.fast.O2.contract-off.results	0001 0200 03ff 0400 8200 8000 3555 3c00
case.ios-simulator.multiply_one_f16.relaxed.O2.contract-off.compile_options	air.compile.denorms_disable air.compile.fast_math_disable air.compile.framebuffer_fetch_enable
case.ios-simulator.multiply_one_f16.relaxed.O2.contract-off.float_operations	
case.ios-simulator.multiply_one_f16.relaxed.O2.contract-off.results	0001 0200 03ff 0400 8200 8000 3555 3c00
case.ios-simulator.multiply_one_f16.runtime.fast.opt-default.applied_options	math=fast,fpfun=precise,lang=3.1,opt=default
case.ios-simulator.multiply_one_f16.runtime.fast.opt-default.archived_options	unavailable:dispatch of the archive-support probe failed with 134: +[MTLLoader sliceIDForDevice:legacyDriverVersion:airntDriverVersion:]:692: failed assertion `Target device architecture is nil' Child process terminated with signal 6: Abort trap
case.ios-simulator.multiply_one_f16.runtime.fast.opt-default.results	0001 0200 03ff 0400 8200 8000 3555 3c00
case.ios-simulator.multiply_one_f16.runtime.fast.opt-size.applied_options	math=fast,fpfun=precise,lang=3.1,opt=size
case.ios-simulator.multiply_one_f16.runtime.fast.opt-size.archived_options	unavailable:dispatch of the archive-support probe failed with 134: +[MTLLoader sliceIDForDevice:legacyDriverVersion:airntDriverVersion:]:692: failed assertion `Target device architecture is nil' Child process terminated with signal 6: Abort trap
case.ios-simulator.multiply_one_f16.runtime.fast.opt-size.results	0001 0200 03ff 0400 8200 8000 3555 3c00
case.ios-simulator.multiply_one_f16.runtime.relaxed.opt-default.applied_options	math=relaxed,fpfun=precise,lang=3.1,opt=default
case.ios-simulator.multiply_one_f16.runtime.relaxed.opt-default.archived_options	unavailable:dispatch of the archive-support probe failed with 134: +[MTLLoader sliceIDForDevice:legacyDriverVersion:airntDriverVersion:]:692: failed assertion `Target device architecture is nil' Child process terminated with signal 6: Abort trap
case.ios-simulator.multiply_one_f16.runtime.relaxed.opt-default.results	0001 0200 03ff 0400 8200 8000 3555 3c00
case.ios-simulator.multiply_one_f16.runtime.relaxed.opt-size.applied_options	math=relaxed,fpfun=precise,lang=3.1,opt=size
case.ios-simulator.multiply_one_f16.runtime.relaxed.opt-size.archived_options	unavailable:dispatch of the archive-support probe failed with 134: +[MTLLoader sliceIDForDevice:legacyDriverVersion:airntDriverVersion:]:692: failed assertion `Target device architecture is nil' Child process terminated with signal 6: Abort trap
case.ios-simulator.multiply_one_f16.runtime.relaxed.opt-size.results	0001 0200 03ff 0400 8200 8000 3555 3c00
case.ios-simulator.multiply_one_f16.runtime.safe.opt-default.applied_options	math=safe,fpfun=precise,lang=3.1,opt=default
case.ios-simulator.multiply_one_f16.runtime.safe.opt-default.archived_options	unavailable:dispatch of the archive-support probe failed with 134: +[MTLLoader sliceIDForDevice:legacyDriverVersion:airntDriverVersion:]:692: failed assertion `Target device architecture is nil' Child process terminated with signal 6: Abort trap
case.ios-simulator.multiply_one_f16.runtime.safe.opt-default.results	0001 0200 03ff 0400 8200 8000 3555 3c00
case.ios-simulator.multiply_one_f16.runtime.safe.opt-size.applied_options	math=safe,fpfun=precise,lang=3.1,opt=size
case.ios-simulator.multiply_one_f16.runtime.safe.opt-size.archived_options	unavailable:dispatch of the archive-support probe failed with 134: +[MTLLoader sliceIDForDevice:legacyDriverVersion:airntDriverVersion:]:692: failed assertion `Target device architecture is nil' Child process terminated with signal 6: Abort trap
case.ios-simulator.multiply_one_f16.runtime.safe.opt-size.results	0001 0200 03ff 0400 8200 8000 3555 3c00
case.ios-simulator.multiply_one_f16.safe.O2.contract-off.compile_options	air.compile.denorms_disable air.compile.fast_math_disable air.compile.framebuffer_fetch_enable
case.ios-simulator.multiply_one_f16.safe.O2.contract-off.float_operations	
case.ios-simulator.multiply_one_f16.safe.O2.contract-off.results	0001 0200 03ff 0400 8200 8000 3555 3c00
case.ios-simulator.multiply_two.fast.O0.contract-off.compile_options	air.compile.denorms_disable air.compile.fast_math_enable air.compile.framebuffer_fetch_enable
case.ios-simulator.multiply_two.fast.O0.contract-off.float_operations	fmul+reassoc+nnan+ninf+nsz+arcp+afn
case.ios-simulator.multiply_two.fast.O0.contract-off.results	00000000 00000000 00000000 01000000 80000000 80000000 3f397ef9 40000000
case.ios-simulator.multiply_two.fast.O2.contract-off.compile_options	air.compile.denorms_disable air.compile.fast_math_enable air.compile.framebuffer_fetch_enable
case.ios-simulator.multiply_two.fast.O2.contract-off.float_operations	fmul+reassoc+nnan+ninf+nsz+arcp+afn
case.ios-simulator.multiply_two.fast.O2.contract-off.results	00000000 00000000 00000000 01000000 80000000 80000000 3f397ef9 40000000
case.ios-simulator.multiply_two.fast.O2.contract-off.fpfun-fast.compile_options	air.compile.denorms_disable air.compile.fast_math_enable air.compile.framebuffer_fetch_enable
case.ios-simulator.multiply_two.fast.O2.contract-off.fpfun-fast.float_operations	fmul+reassoc+nnan+ninf+nsz+arcp+afn
case.ios-simulator.multiply_two.fast.O2.contract-off.fpfun-fast.results	00000000 00000000 00000000 01000000 80000000 80000000 3f397ef9 40000000
case.ios-simulator.multiply_two.relaxed.O0.contract-off.compile_options	air.compile.denorms_disable air.compile.fast_math_disable air.compile.framebuffer_fetch_enable
case.ios-simulator.multiply_two.relaxed.O0.contract-off.float_operations	fmul+reassoc+nsz+arcp+afn
case.ios-simulator.multiply_two.relaxed.O0.contract-off.results	00000000 00000000 00000000 01000000 80000000 80000000 3f397ef9 40000000
case.ios-simulator.multiply_two.relaxed.O2.contract-off.compile_options	air.compile.denorms_disable air.compile.fast_math_disable air.compile.framebuffer_fetch_enable
case.ios-simulator.multiply_two.relaxed.O2.contract-off.float_operations	fmul+reassoc+nsz+arcp+afn
case.ios-simulator.multiply_two.relaxed.O2.contract-off.results	00000000 00000000 00000000 01000000 80000000 80000000 3f397ef9 40000000
case.ios-simulator.multiply_two.relaxed.O2.contract-off.fpfun-fast.compile_options	air.compile.denorms_disable air.compile.fast_math_disable air.compile.framebuffer_fetch_enable
case.ios-simulator.multiply_two.relaxed.O2.contract-off.fpfun-fast.float_operations	fmul+reassoc+nsz+arcp+afn
case.ios-simulator.multiply_two.relaxed.O2.contract-off.fpfun-fast.results	00000000 00000000 00000000 01000000 80000000 80000000 3f397ef9 40000000
case.ios-simulator.multiply_two.runtime.fast.opt-default.applied_options	math=fast,fpfun=precise,lang=3.1,opt=default
case.ios-simulator.multiply_two.runtime.fast.opt-default.archived_options	unavailable:dispatch of the archive-support probe failed with 134: +[MTLLoader sliceIDForDevice:legacyDriverVersion:airntDriverVersion:]:692: failed assertion `Target device architecture is nil' Child process terminated with signal 6: Abort trap
case.ios-simulator.multiply_two.runtime.fast.opt-default.results	00000000 00000000 00000000 01000000 80000000 80000000 3f397ef9 40000000
case.ios-simulator.multiply_two.runtime.fast.opt-default.fpfun-fast.applied_options	math=fast,fpfun=fast,lang=3.1,opt=default
case.ios-simulator.multiply_two.runtime.fast.opt-default.fpfun-fast.archived_options	unavailable:dispatch of the archive-support probe failed with 134: +[MTLLoader sliceIDForDevice:legacyDriverVersion:airntDriverVersion:]:692: failed assertion `Target device architecture is nil' Child process terminated with signal 6: Abort trap
case.ios-simulator.multiply_two.runtime.fast.opt-default.fpfun-fast.results	00000000 00000000 00000000 01000000 80000000 80000000 3f397ef9 40000000
case.ios-simulator.multiply_two.runtime.fast.opt-size.applied_options	math=fast,fpfun=precise,lang=3.1,opt=size
case.ios-simulator.multiply_two.runtime.fast.opt-size.archived_options	unavailable:dispatch of the archive-support probe failed with 134: +[MTLLoader sliceIDForDevice:legacyDriverVersion:airntDriverVersion:]:692: failed assertion `Target device architecture is nil' Child process terminated with signal 6: Abort trap
case.ios-simulator.multiply_two.runtime.fast.opt-size.results	00000000 00000000 00000000 01000000 80000000 80000000 3f397ef9 40000000
case.ios-simulator.multiply_two.runtime.fast.opt-size.fpfun-fast.applied_options	math=fast,fpfun=fast,lang=3.1,opt=size
case.ios-simulator.multiply_two.runtime.fast.opt-size.fpfun-fast.archived_options	unavailable:dispatch of the archive-support probe failed with 134: +[MTLLoader sliceIDForDevice:legacyDriverVersion:airntDriverVersion:]:692: failed assertion `Target device architecture is nil' Child process terminated with signal 6: Abort trap
case.ios-simulator.multiply_two.runtime.fast.opt-size.fpfun-fast.results	00000000 00000000 00000000 01000000 80000000 80000000 3f397ef9 40000000
case.ios-simulator.multiply_two.runtime.relaxed.opt-default.applied_options	math=relaxed,fpfun=precise,lang=3.1,opt=default
case.ios-simulator.multiply_two.runtime.relaxed.opt-default.archived_options	unavailable:dispatch of the archive-support probe failed with 134: +[MTLLoader sliceIDForDevice:legacyDriverVersion:airntDriverVersion:]:692: failed assertion `Target device architecture is nil' Child process terminated with signal 6: Abort trap
case.ios-simulator.multiply_two.runtime.relaxed.opt-default.results	00000000 00000000 00000000 01000000 80000000 80000000 3f397ef9 40000000
case.ios-simulator.multiply_two.runtime.relaxed.opt-default.fpfun-fast.applied_options	math=relaxed,fpfun=fast,lang=3.1,opt=default
case.ios-simulator.multiply_two.runtime.relaxed.opt-default.fpfun-fast.archived_options	unavailable:dispatch of the archive-support probe failed with 134: +[MTLLoader sliceIDForDevice:legacyDriverVersion:airntDriverVersion:]:692: failed assertion `Target device architecture is nil' Child process terminated with signal 6: Abort trap
case.ios-simulator.multiply_two.runtime.relaxed.opt-default.fpfun-fast.results	00000000 00000000 00000000 01000000 80000000 80000000 3f397ef9 40000000
case.ios-simulator.multiply_two.runtime.relaxed.opt-size.applied_options	math=relaxed,fpfun=precise,lang=3.1,opt=size
case.ios-simulator.multiply_two.runtime.relaxed.opt-size.archived_options	unavailable:dispatch of the archive-support probe failed with 134: +[MTLLoader sliceIDForDevice:legacyDriverVersion:airntDriverVersion:]:692: failed assertion `Target device architecture is nil' Child process terminated with signal 6: Abort trap
case.ios-simulator.multiply_two.runtime.relaxed.opt-size.results	00000000 00000000 00000000 01000000 80000000 80000000 3f397ef9 40000000
case.ios-simulator.multiply_two.runtime.relaxed.opt-size.fpfun-fast.applied_options	math=relaxed,fpfun=fast,lang=3.1,opt=size
case.ios-simulator.multiply_two.runtime.relaxed.opt-size.fpfun-fast.archived_options	unavailable:dispatch of the archive-support probe failed with 134: +[MTLLoader sliceIDForDevice:legacyDriverVersion:airntDriverVersion:]:692: failed assertion `Target device architecture is nil' Child process terminated with signal 6: Abort trap
case.ios-simulator.multiply_two.runtime.relaxed.opt-size.fpfun-fast.results	00000000 00000000 00000000 01000000 80000000 80000000 3f397ef9 40000000
case.ios-simulator.multiply_two.runtime.safe.opt-default.applied_options	math=safe,fpfun=precise,lang=3.1,opt=default
case.ios-simulator.multiply_two.runtime.safe.opt-default.archived_options	unavailable:dispatch of the archive-support probe failed with 134: +[MTLLoader sliceIDForDevice:legacyDriverVersion:airntDriverVersion:]:692: failed assertion `Target device architecture is nil' Child process terminated with signal 6: Abort trap
case.ios-simulator.multiply_two.runtime.safe.opt-default.results	00000000 00000000 00000000 01000000 80000000 80000000 3f397ef9 40000000
case.ios-simulator.multiply_two.runtime.safe.opt-default.fpfun-fast.applied_options	math=safe,fpfun=fast,lang=3.1,opt=default
case.ios-simulator.multiply_two.runtime.safe.opt-default.fpfun-fast.archived_options	unavailable:dispatch of the archive-support probe failed with 134: +[MTLLoader sliceIDForDevice:legacyDriverVersion:airntDriverVersion:]:692: failed assertion `Target device architecture is nil' Child process terminated with signal 6: Abort trap
case.ios-simulator.multiply_two.runtime.safe.opt-default.fpfun-fast.results	00000000 00000000 00000000 01000000 80000000 80000000 3f397ef9 40000000
case.ios-simulator.multiply_two.runtime.safe.opt-size.applied_options	math=safe,fpfun=precise,lang=3.1,opt=size
case.ios-simulator.multiply_two.runtime.safe.opt-size.archived_options	unavailable:dispatch of the archive-support probe failed with 134: +[MTLLoader sliceIDForDevice:legacyDriverVersion:airntDriverVersion:]:692: failed assertion `Target device architecture is nil' Child process terminated with signal 6: Abort trap
case.ios-simulator.multiply_two.runtime.safe.opt-size.results	00000000 00000000 00000000 01000000 80000000 80000000 3f397ef9 40000000
case.ios-simulator.multiply_two.runtime.safe.opt-size.fpfun-fast.applied_options	math=safe,fpfun=fast,lang=3.1,opt=size
case.ios-simulator.multiply_two.runtime.safe.opt-size.fpfun-fast.archived_options	unavailable:dispatch of the archive-support probe failed with 134: +[MTLLoader sliceIDForDevice:legacyDriverVersion:airntDriverVersion:]:692: failed assertion `Target device architecture is nil' Child process terminated with signal 6: Abort trap
case.ios-simulator.multiply_two.runtime.safe.opt-size.fpfun-fast.results	00000000 00000000 00000000 01000000 80000000 80000000 3f397ef9 40000000
case.ios-simulator.multiply_two.safe.O0.contract-off.compile_options	air.compile.denorms_disable air.compile.fast_math_disable air.compile.framebuffer_fetch_enable
case.ios-simulator.multiply_two.safe.O0.contract-off.float_operations	fmul
case.ios-simulator.multiply_two.safe.O0.contract-off.results	00000000 00000000 00000000 01000000 80000000 80000000 3f397ef9 40000000
case.ios-simulator.multiply_two.safe.O2.contract-off.compile_options	air.compile.denorms_disable air.compile.fast_math_disable air.compile.framebuffer_fetch_enable
case.ios-simulator.multiply_two.safe.O2.contract-off.float_operations	fmul
case.ios-simulator.multiply_two.safe.O2.contract-off.results	00000000 00000000 00000000 01000000 80000000 80000000 3f397ef9 40000000
case.ios-simulator.multiply_two.safe.O2.contract-off.fpfun-fast.compile_options	air.compile.denorms_disable air.compile.fast_math_disable air.compile.framebuffer_fetch_enable
case.ios-simulator.multiply_two.safe.O2.contract-off.fpfun-fast.float_operations	fmul
case.ios-simulator.multiply_two.safe.O2.contract-off.fpfun-fast.results	00000000 00000000 00000000 01000000 80000000 80000000 3f397ef9 40000000
case.ios-simulator.multiply_two_bf16.fast.O0.contract-off.compile_options	air.compile.denorms_disable air.compile.fast_math_enable air.compile.framebuffer_fetch_enable
case.ios-simulator.multiply_two_bf16.fast.O0.contract-off.float_operations	fmul+reassoc+nnan+ninf+nsz+arcp+afn
case.ios-simulator.multiply_two_bf16.fast.O0.contract-off.refusal	dispatch of the bfloat-support probe failed with 4: numerical_probe_host: pipeline creation failed: Compilation failed due to an interrupted connection: XPC_ERROR_CONNECTION_INTERRUPTED. This error occurred after multiple retries.
case.ios-simulator.multiply_two_bf16.fast.O2.contract-off.compile_options	air.compile.denorms_disable air.compile.fast_math_enable air.compile.framebuffer_fetch_enable
case.ios-simulator.multiply_two_bf16.fast.O2.contract-off.float_operations	fmul+reassoc+nnan+ninf+nsz+arcp+afn
case.ios-simulator.multiply_two_bf16.fast.O2.contract-off.refusal	dispatch of the bfloat-support probe failed with 4: numerical_probe_host: pipeline creation failed: Compilation failed due to an interrupted connection: XPC_ERROR_CONNECTION_INTERRUPTED. This error occurred after multiple retries.
case.ios-simulator.multiply_two_bf16.relaxed.O0.contract-off.compile_options	air.compile.denorms_disable air.compile.fast_math_disable air.compile.framebuffer_fetch_enable
case.ios-simulator.multiply_two_bf16.relaxed.O0.contract-off.float_operations	fmul+reassoc+nsz+arcp+afn
case.ios-simulator.multiply_two_bf16.relaxed.O0.contract-off.refusal	dispatch of the bfloat-support probe failed with 4: numerical_probe_host: pipeline creation failed: Compilation failed due to an interrupted connection: XPC_ERROR_CONNECTION_INTERRUPTED. This error occurred after multiple retries.
case.ios-simulator.multiply_two_bf16.relaxed.O2.contract-off.compile_options	air.compile.denorms_disable air.compile.fast_math_disable air.compile.framebuffer_fetch_enable
case.ios-simulator.multiply_two_bf16.relaxed.O2.contract-off.float_operations	fmul+reassoc+nsz+arcp+afn
case.ios-simulator.multiply_two_bf16.relaxed.O2.contract-off.refusal	dispatch of the bfloat-support probe failed with 4: numerical_probe_host: pipeline creation failed: Compilation failed due to an interrupted connection: XPC_ERROR_CONNECTION_INTERRUPTED. This error occurred after multiple retries.
case.ios-simulator.multiply_two_bf16.runtime.fast.opt-default.refusal	dispatch of the bfloat-support probe failed with 4: numerical_probe_host: pipeline creation failed: Compilation failed due to an interrupted connection: XPC_ERROR_CONNECTION_INTERRUPTED. This error occurred after multiple retries.
case.ios-simulator.multiply_two_bf16.runtime.fast.opt-size.refusal	dispatch of the bfloat-support probe failed with 4: numerical_probe_host: pipeline creation failed: Compilation failed due to an interrupted connection: XPC_ERROR_CONNECTION_INTERRUPTED. This error occurred after multiple retries.
case.ios-simulator.multiply_two_bf16.runtime.relaxed.opt-default.refusal	dispatch of the bfloat-support probe failed with 4: numerical_probe_host: pipeline creation failed: Compilation failed due to an interrupted connection: XPC_ERROR_CONNECTION_INTERRUPTED. This error occurred after multiple retries.
case.ios-simulator.multiply_two_bf16.runtime.relaxed.opt-size.refusal	dispatch of the bfloat-support probe failed with 4: numerical_probe_host: pipeline creation failed: Compilation failed due to an interrupted connection: XPC_ERROR_CONNECTION_INTERRUPTED. This error occurred after multiple retries.
case.ios-simulator.multiply_two_bf16.runtime.safe.opt-default.refusal	dispatch of the bfloat-support probe failed with 4: numerical_probe_host: pipeline creation failed: Compilation failed due to an interrupted connection: XPC_ERROR_CONNECTION_INTERRUPTED. This error occurred after multiple retries.
case.ios-simulator.multiply_two_bf16.runtime.safe.opt-size.refusal	dispatch of the bfloat-support probe failed with 4: numerical_probe_host: pipeline creation failed: Compilation failed due to an interrupted connection: XPC_ERROR_CONNECTION_INTERRUPTED. This error occurred after multiple retries.
case.ios-simulator.multiply_two_bf16.safe.O0.contract-off.compile_options	air.compile.denorms_disable air.compile.fast_math_disable air.compile.framebuffer_fetch_enable
case.ios-simulator.multiply_two_bf16.safe.O0.contract-off.float_operations	fmul
case.ios-simulator.multiply_two_bf16.safe.O0.contract-off.refusal	dispatch of the bfloat-support probe failed with 4: numerical_probe_host: pipeline creation failed: Compilation failed due to an interrupted connection: XPC_ERROR_CONNECTION_INTERRUPTED. This error occurred after multiple retries.
case.ios-simulator.multiply_two_bf16.safe.O2.contract-off.compile_options	air.compile.denorms_disable air.compile.fast_math_disable air.compile.framebuffer_fetch_enable
case.ios-simulator.multiply_two_bf16.safe.O2.contract-off.float_operations	fmul
case.ios-simulator.multiply_two_bf16.safe.O2.contract-off.refusal	dispatch of the bfloat-support probe failed with 4: numerical_probe_host: pipeline creation failed: Compilation failed due to an interrupted connection: XPC_ERROR_CONNECTION_INTERRUPTED. This error occurred after multiple retries.
case.ios-simulator.multiply_two_f16.fast.O0.contract-off.compile_options	air.compile.denorms_disable air.compile.fast_math_enable air.compile.framebuffer_fetch_enable
case.ios-simulator.multiply_two_f16.fast.O0.contract-off.float_operations	fmul+reassoc+nnan+ninf+nsz+arcp+afn
case.ios-simulator.multiply_two_f16.fast.O0.contract-off.results	0002 0400 07fe 0800 8400 8000 3955 4000
case.ios-simulator.multiply_two_f16.fast.O2.contract-off.compile_options	air.compile.denorms_disable air.compile.fast_math_enable air.compile.framebuffer_fetch_enable
case.ios-simulator.multiply_two_f16.fast.O2.contract-off.float_operations	fmul+reassoc+nnan+ninf+nsz+arcp+afn
case.ios-simulator.multiply_two_f16.fast.O2.contract-off.results	0002 0400 07fe 0800 8400 8000 3955 4000
case.ios-simulator.multiply_two_f16.relaxed.O0.contract-off.compile_options	air.compile.denorms_disable air.compile.fast_math_disable air.compile.framebuffer_fetch_enable
case.ios-simulator.multiply_two_f16.relaxed.O0.contract-off.float_operations	fmul+reassoc+nsz+arcp+afn
case.ios-simulator.multiply_two_f16.relaxed.O0.contract-off.results	0002 0400 07fe 0800 8400 8000 3955 4000
case.ios-simulator.multiply_two_f16.relaxed.O2.contract-off.compile_options	air.compile.denorms_disable air.compile.fast_math_disable air.compile.framebuffer_fetch_enable
case.ios-simulator.multiply_two_f16.relaxed.O2.contract-off.float_operations	fmul+reassoc+nsz+arcp+afn
case.ios-simulator.multiply_two_f16.relaxed.O2.contract-off.results	0002 0400 07fe 0800 8400 8000 3955 4000
case.ios-simulator.multiply_two_f16.runtime.fast.opt-default.applied_options	math=fast,fpfun=precise,lang=3.1,opt=default
case.ios-simulator.multiply_two_f16.runtime.fast.opt-default.archived_options	unavailable:dispatch of the archive-support probe failed with 134: +[MTLLoader sliceIDForDevice:legacyDriverVersion:airntDriverVersion:]:692: failed assertion `Target device architecture is nil' Child process terminated with signal 6: Abort trap
case.ios-simulator.multiply_two_f16.runtime.fast.opt-default.results	0002 0400 07fe 0800 8400 8000 3955 4000
case.ios-simulator.multiply_two_f16.runtime.fast.opt-size.applied_options	math=fast,fpfun=precise,lang=3.1,opt=size
case.ios-simulator.multiply_two_f16.runtime.fast.opt-size.archived_options	unavailable:dispatch of the archive-support probe failed with 134: +[MTLLoader sliceIDForDevice:legacyDriverVersion:airntDriverVersion:]:692: failed assertion `Target device architecture is nil' Child process terminated with signal 6: Abort trap
case.ios-simulator.multiply_two_f16.runtime.fast.opt-size.results	0002 0400 07fe 0800 8400 8000 3955 4000
case.ios-simulator.multiply_two_f16.runtime.relaxed.opt-default.applied_options	math=relaxed,fpfun=precise,lang=3.1,opt=default
case.ios-simulator.multiply_two_f16.runtime.relaxed.opt-default.archived_options	unavailable:dispatch of the archive-support probe failed with 134: +[MTLLoader sliceIDForDevice:legacyDriverVersion:airntDriverVersion:]:692: failed assertion `Target device architecture is nil' Child process terminated with signal 6: Abort trap
case.ios-simulator.multiply_two_f16.runtime.relaxed.opt-default.results	0002 0400 07fe 0800 8400 8000 3955 4000
case.ios-simulator.multiply_two_f16.runtime.relaxed.opt-size.applied_options	math=relaxed,fpfun=precise,lang=3.1,opt=size
case.ios-simulator.multiply_two_f16.runtime.relaxed.opt-size.archived_options	unavailable:dispatch of the archive-support probe failed with 134: +[MTLLoader sliceIDForDevice:legacyDriverVersion:airntDriverVersion:]:692: failed assertion `Target device architecture is nil' Child process terminated with signal 6: Abort trap
case.ios-simulator.multiply_two_f16.runtime.relaxed.opt-size.results	0002 0400 07fe 0800 8400 8000 3955 4000
case.ios-simulator.multiply_two_f16.runtime.safe.opt-default.applied_options	math=safe,fpfun=precise,lang=3.1,opt=default
case.ios-simulator.multiply_two_f16.runtime.safe.opt-default.archived_options	unavailable:dispatch of the archive-support probe failed with 134: +[MTLLoader sliceIDForDevice:legacyDriverVersion:airntDriverVersion:]:692: failed assertion `Target device architecture is nil' Child process terminated with signal 6: Abort trap
case.ios-simulator.multiply_two_f16.runtime.safe.opt-default.results	0002 0400 07fe 0800 8400 8000 3955 4000
case.ios-simulator.multiply_two_f16.runtime.safe.opt-size.applied_options	math=safe,fpfun=precise,lang=3.1,opt=size
case.ios-simulator.multiply_two_f16.runtime.safe.opt-size.archived_options	unavailable:dispatch of the archive-support probe failed with 134: +[MTLLoader sliceIDForDevice:legacyDriverVersion:airntDriverVersion:]:692: failed assertion `Target device architecture is nil' Child process terminated with signal 6: Abort trap
case.ios-simulator.multiply_two_f16.runtime.safe.opt-size.results	0002 0400 07fe 0800 8400 8000 3955 4000
case.ios-simulator.multiply_two_f16.safe.O0.contract-off.compile_options	air.compile.denorms_disable air.compile.fast_math_disable air.compile.framebuffer_fetch_enable
case.ios-simulator.multiply_two_f16.safe.O0.contract-off.float_operations	fmul
case.ios-simulator.multiply_two_f16.safe.O0.contract-off.results	0002 0400 07fe 0800 8400 8000 3955 4000
case.ios-simulator.multiply_two_f16.safe.O2.contract-off.compile_options	air.compile.denorms_disable air.compile.fast_math_disable air.compile.framebuffer_fetch_enable
case.ios-simulator.multiply_two_f16.safe.O2.contract-off.float_operations	fmul
case.ios-simulator.multiply_two_f16.safe.O2.contract-off.results	0002 0400 07fe 0800 8400 8000 3955 4000
case.ios-simulator.permutation_chain.fast.O2.contract-off.compile_options	air.compile.denorms_disable air.compile.fast_math_enable air.compile.framebuffer_fetch_enable
case.ios-simulator.permutation_chain.fast.O2.contract-off.float_operations	
case.ios-simulator.permutation_chain.fast.O2.contract-off.results	00000001 00400000 007fffff 00800000 80400000 80000000 3eb97ef9 3f800000
case.ios-simulator.permutation_chain.relaxed.O2.contract-off.compile_options	air.compile.denorms_disable air.compile.fast_math_disable air.compile.framebuffer_fetch_enable
case.ios-simulator.permutation_chain.relaxed.O2.contract-off.float_operations	
case.ios-simulator.permutation_chain.relaxed.O2.contract-off.results	00000001 00400000 007fffff 00800000 80400000 80000000 3eb97ef9 3f800000
case.ios-simulator.permutation_chain.runtime.fast.opt-default.applied_options	math=fast,fpfun=precise,lang=3.1,opt=default
case.ios-simulator.permutation_chain.runtime.fast.opt-default.archived_options	unavailable:dispatch of the archive-support probe failed with 134: +[MTLLoader sliceIDForDevice:legacyDriverVersion:airntDriverVersion:]:692: failed assertion `Target device architecture is nil' Child process terminated with signal 6: Abort trap
case.ios-simulator.permutation_chain.runtime.fast.opt-default.results	00000001 00400000 007fffff 00800000 80400000 80000000 3eb97ef9 3f800000
case.ios-simulator.permutation_chain.runtime.fast.opt-size.applied_options	math=fast,fpfun=precise,lang=3.1,opt=size
case.ios-simulator.permutation_chain.runtime.fast.opt-size.archived_options	unavailable:dispatch of the archive-support probe failed with 134: +[MTLLoader sliceIDForDevice:legacyDriverVersion:airntDriverVersion:]:692: failed assertion `Target device architecture is nil' Child process terminated with signal 6: Abort trap
case.ios-simulator.permutation_chain.runtime.fast.opt-size.results	00000001 00400000 007fffff 00800000 80400000 80000000 3eb97ef9 3f800000
case.ios-simulator.permutation_chain.runtime.relaxed.opt-default.applied_options	math=relaxed,fpfun=precise,lang=3.1,opt=default
case.ios-simulator.permutation_chain.runtime.relaxed.opt-default.archived_options	unavailable:dispatch of the archive-support probe failed with 134: +[MTLLoader sliceIDForDevice:legacyDriverVersion:airntDriverVersion:]:692: failed assertion `Target device architecture is nil' Child process terminated with signal 6: Abort trap
case.ios-simulator.permutation_chain.runtime.relaxed.opt-default.results	00000001 00400000 007fffff 00800000 80400000 80000000 3eb97ef9 3f800000
case.ios-simulator.permutation_chain.runtime.relaxed.opt-size.applied_options	math=relaxed,fpfun=precise,lang=3.1,opt=size
case.ios-simulator.permutation_chain.runtime.relaxed.opt-size.archived_options	unavailable:dispatch of the archive-support probe failed with 134: +[MTLLoader sliceIDForDevice:legacyDriverVersion:airntDriverVersion:]:692: failed assertion `Target device architecture is nil' Child process terminated with signal 6: Abort trap
case.ios-simulator.permutation_chain.runtime.relaxed.opt-size.results	00000001 00400000 007fffff 00800000 80400000 80000000 3eb97ef9 3f800000
case.ios-simulator.permutation_chain.runtime.safe.opt-default.applied_options	math=safe,fpfun=precise,lang=3.1,opt=default
case.ios-simulator.permutation_chain.runtime.safe.opt-default.archived_options	unavailable:dispatch of the archive-support probe failed with 134: +[MTLLoader sliceIDForDevice:legacyDriverVersion:airntDriverVersion:]:692: failed assertion `Target device architecture is nil' Child process terminated with signal 6: Abort trap
case.ios-simulator.permutation_chain.runtime.safe.opt-default.results	00000000 00000000 00000000 00000000 00000000 00000000 00000000 00000000
case.ios-simulator.permutation_chain.runtime.safe.opt-size.applied_options	math=safe,fpfun=precise,lang=3.1,opt=size
case.ios-simulator.permutation_chain.runtime.safe.opt-size.archived_options	unavailable:dispatch of the archive-support probe failed with 134: +[MTLLoader sliceIDForDevice:legacyDriverVersion:airntDriverVersion:]:692: failed assertion `Target device architecture is nil' Child process terminated with signal 6: Abort trap
case.ios-simulator.permutation_chain.runtime.safe.opt-size.results	00000000 00000000 00000000 00000000 00000000 00000000 00000000 00000000
case.ios-simulator.permutation_chain.safe.O2.contract-off.compile_options	air.compile.denorms_disable air.compile.fast_math_disable air.compile.framebuffer_fetch_enable
case.ios-simulator.permutation_chain.safe.O2.contract-off.float_operations	fadd fadd fadd
case.ios-simulator.permutation_chain.safe.O2.contract-off.results	00000000 00000000 00000000 00000000 00000000 00000000 00000000 00000000
case.ios-simulator.permutation_chain_reordered.fast.O2.contract-off.compile_options	air.compile.denorms_disable air.compile.fast_math_enable air.compile.framebuffer_fetch_enable
case.ios-simulator.permutation_chain_reordered.fast.O2.contract-off.float_operations	fadd+reassoc+nnan+ninf+nsz+arcp+afn
case.ios-simulator.permutation_chain_reordered.fast.O2.contract-off.results	40000000 40000000 40000000 40000000 40000000 40000000 40172fdf 40400000
case.ios-simulator.permutation_chain_reordered.relaxed.O2.contract-off.compile_options	air.compile.denorms_disable air.compile.fast_math_disable air.compile.framebuffer_fetch_enable
case.ios-simulator.permutation_chain_reordered.relaxed.O2.contract-off.float_operations	fadd+reassoc+nsz+arcp+afn
case.ios-simulator.permutation_chain_reordered.relaxed.O2.contract-off.results	40000000 40000000 40000000 40000000 40000000 40000000 40172fdf 40400000
case.ios-simulator.permutation_chain_reordered.runtime.fast.opt-default.applied_options	math=fast,fpfun=precise,lang=3.1,opt=default
case.ios-simulator.permutation_chain_reordered.runtime.fast.opt-default.archived_options	unavailable:dispatch of the archive-support probe failed with 134: +[MTLLoader sliceIDForDevice:legacyDriverVersion:airntDriverVersion:]:692: failed assertion `Target device architecture is nil' Child process terminated with signal 6: Abort trap
case.ios-simulator.permutation_chain_reordered.runtime.fast.opt-default.results	40000000 40000000 40000000 40000000 40000000 40000000 40172fdf 40400000
case.ios-simulator.permutation_chain_reordered.runtime.fast.opt-size.applied_options	math=fast,fpfun=precise,lang=3.1,opt=size
case.ios-simulator.permutation_chain_reordered.runtime.fast.opt-size.archived_options	unavailable:dispatch of the archive-support probe failed with 134: +[MTLLoader sliceIDForDevice:legacyDriverVersion:airntDriverVersion:]:692: failed assertion `Target device architecture is nil' Child process terminated with signal 6: Abort trap
case.ios-simulator.permutation_chain_reordered.runtime.fast.opt-size.results	40000000 40000000 40000000 40000000 40000000 40000000 40172fdf 40400000
case.ios-simulator.permutation_chain_reordered.runtime.relaxed.opt-default.applied_options	math=relaxed,fpfun=precise,lang=3.1,opt=default
case.ios-simulator.permutation_chain_reordered.runtime.relaxed.opt-default.archived_options	unavailable:dispatch of the archive-support probe failed with 134: +[MTLLoader sliceIDForDevice:legacyDriverVersion:airntDriverVersion:]:692: failed assertion `Target device architecture is nil' Child process terminated with signal 6: Abort trap
case.ios-simulator.permutation_chain_reordered.runtime.relaxed.opt-default.results	40000000 40000000 40000000 40000000 40000000 40000000 40172fdf 40400000
case.ios-simulator.permutation_chain_reordered.runtime.relaxed.opt-size.applied_options	math=relaxed,fpfun=precise,lang=3.1,opt=size
case.ios-simulator.permutation_chain_reordered.runtime.relaxed.opt-size.archived_options	unavailable:dispatch of the archive-support probe failed with 134: +[MTLLoader sliceIDForDevice:legacyDriverVersion:airntDriverVersion:]:692: failed assertion `Target device architecture is nil' Child process terminated with signal 6: Abort trap
case.ios-simulator.permutation_chain_reordered.runtime.relaxed.opt-size.results	40000000 40000000 40000000 40000000 40000000 40000000 40172fdf 40400000
case.ios-simulator.permutation_chain_reordered.runtime.safe.opt-default.applied_options	math=safe,fpfun=precise,lang=3.1,opt=default
case.ios-simulator.permutation_chain_reordered.runtime.safe.opt-default.archived_options	unavailable:dispatch of the archive-support probe failed with 134: +[MTLLoader sliceIDForDevice:legacyDriverVersion:airntDriverVersion:]:692: failed assertion `Target device architecture is nil' Child process terminated with signal 6: Abort trap
case.ios-simulator.permutation_chain_reordered.runtime.safe.opt-default.results	40000000 40000000 40000000 40000000 40000000 40000000 40000000 40000000
case.ios-simulator.permutation_chain_reordered.runtime.safe.opt-size.applied_options	math=safe,fpfun=precise,lang=3.1,opt=size
case.ios-simulator.permutation_chain_reordered.runtime.safe.opt-size.archived_options	unavailable:dispatch of the archive-support probe failed with 134: +[MTLLoader sliceIDForDevice:legacyDriverVersion:airntDriverVersion:]:692: failed assertion `Target device architecture is nil' Child process terminated with signal 6: Abort trap
case.ios-simulator.permutation_chain_reordered.runtime.safe.opt-size.results	40000000 40000000 40000000 40000000 40000000 40000000 40000000 40000000
case.ios-simulator.permutation_chain_reordered.safe.O2.contract-off.compile_options	air.compile.denorms_disable air.compile.fast_math_disable air.compile.framebuffer_fetch_enable
case.ios-simulator.permutation_chain_reordered.safe.O2.contract-off.float_operations	fadd fadd fadd
case.ios-simulator.permutation_chain_reordered.safe.O2.contract-off.results	40000000 40000000 40000000 40000000 40000000 40000000 40000000 40000000
case.ios-simulator.reassociation_chain.fast.O2.contract-off.compile_options	air.compile.denorms_disable air.compile.fast_math_enable air.compile.framebuffer_fetch_enable
case.ios-simulator.reassociation_chain.fast.O2.contract-off.float_operations	fadd+reassoc+nnan+ninf+nsz+arcp+afn
case.ios-simulator.reassociation_chain.fast.O2.contract-off.results	34000000 34000000 34000000 34000000 34000000 34000000 3eb97efd 3f800001
case.ios-simulator.reassociation_chain.relaxed.O2.contract-off.compile_options	air.compile.denorms_disable air.compile.fast_math_disable air.compile.framebuffer_fetch_enable
case.ios-simulator.reassociation_chain.relaxed.O2.contract-off.float_operations	fadd+reassoc+nsz+arcp+afn
case.ios-simulator.reassociation_chain.relaxed.O2.contract-off.results	34000000 34000000 34000000 34000000 34000000 34000000 3eb97efd 3f800001
case.ios-simulator.reassociation_chain.runtime.fast.opt-default.applied_options	math=fast,fpfun=precise,lang=3.1,opt=default
case.ios-simulator.reassociation_chain.runtime.fast.opt-default.archived_options	unavailable:dispatch of the archive-support probe failed with 134: +[MTLLoader sliceIDForDevice:legacyDriverVersion:airntDriverVersion:]:692: failed assertion `Target device architecture is nil' Child process terminated with signal 6: Abort trap
case.ios-simulator.reassociation_chain.runtime.fast.opt-default.results	34000000 34000000 34000000 34000000 34000000 34000000 3eb97efd 3f800001
case.ios-simulator.reassociation_chain.runtime.fast.opt-size.applied_options	math=fast,fpfun=precise,lang=3.1,opt=size
case.ios-simulator.reassociation_chain.runtime.fast.opt-size.archived_options	unavailable:dispatch of the archive-support probe failed with 134: +[MTLLoader sliceIDForDevice:legacyDriverVersion:airntDriverVersion:]:692: failed assertion `Target device architecture is nil' Child process terminated with signal 6: Abort trap
case.ios-simulator.reassociation_chain.runtime.fast.opt-size.results	34000000 34000000 34000000 34000000 34000000 34000000 3eb97efd 3f800001
case.ios-simulator.reassociation_chain.runtime.relaxed.opt-default.applied_options	math=relaxed,fpfun=precise,lang=3.1,opt=default
case.ios-simulator.reassociation_chain.runtime.relaxed.opt-default.archived_options	unavailable:dispatch of the archive-support probe failed with 134: +[MTLLoader sliceIDForDevice:legacyDriverVersion:airntDriverVersion:]:692: failed assertion `Target device architecture is nil' Child process terminated with signal 6: Abort trap
case.ios-simulator.reassociation_chain.runtime.relaxed.opt-default.results	34000000 34000000 34000000 34000000 34000000 34000000 3eb97efd 3f800001
case.ios-simulator.reassociation_chain.runtime.relaxed.opt-size.applied_options	math=relaxed,fpfun=precise,lang=3.1,opt=size
case.ios-simulator.reassociation_chain.runtime.relaxed.opt-size.archived_options	unavailable:dispatch of the archive-support probe failed with 134: +[MTLLoader sliceIDForDevice:legacyDriverVersion:airntDriverVersion:]:692: failed assertion `Target device architecture is nil' Child process terminated with signal 6: Abort trap
case.ios-simulator.reassociation_chain.runtime.relaxed.opt-size.results	34000000 34000000 34000000 34000000 34000000 34000000 3eb97efd 3f800001
case.ios-simulator.reassociation_chain.runtime.safe.opt-default.applied_options	math=safe,fpfun=precise,lang=3.1,opt=default
case.ios-simulator.reassociation_chain.runtime.safe.opt-default.archived_options	unavailable:dispatch of the archive-support probe failed with 134: +[MTLLoader sliceIDForDevice:legacyDriverVersion:airntDriverVersion:]:692: failed assertion `Target device architecture is nil' Child process terminated with signal 6: Abort trap
case.ios-simulator.reassociation_chain.runtime.safe.opt-default.results	34000000 34000000 34000000 34000000 34000000 34000000 3eb97efd 3f800000
case.ios-simulator.reassociation_chain.runtime.safe.opt-size.applied_options	math=safe,fpfun=precise,lang=3.1,opt=size
case.ios-simulator.reassociation_chain.runtime.safe.opt-size.archived_options	unavailable:dispatch of the archive-support probe failed with 134: +[MTLLoader sliceIDForDevice:legacyDriverVersion:airntDriverVersion:]:692: failed assertion `Target device architecture is nil' Child process terminated with signal 6: Abort trap
case.ios-simulator.reassociation_chain.runtime.safe.opt-size.results	34000000 34000000 34000000 34000000 34000000 34000000 3eb97efd 3f800000
case.ios-simulator.reassociation_chain.safe.O2.contract-off.compile_options	air.compile.denorms_disable air.compile.fast_math_disable air.compile.framebuffer_fetch_enable
case.ios-simulator.reassociation_chain.safe.O2.contract-off.float_operations	fadd fadd
case.ios-simulator.reassociation_chain.safe.O2.contract-off.results	34000000 34000000 34000000 34000000 34000000 34000000 3eb97efd 3f800000
case.ios-simulator.reassociation_chain_bf16.fast.O2.contract-off.compile_options	air.compile.denorms_disable air.compile.fast_math_enable air.compile.framebuffer_fetch_enable
case.ios-simulator.reassociation_chain_bf16.fast.O2.contract-off.float_operations	fadd+reassoc+nnan+ninf+nsz+arcp+afn
case.ios-simulator.reassociation_chain_bf16.fast.O2.contract-off.refusal	dispatch of the bfloat-support probe failed with 4: numerical_probe_host: pipeline creation failed: Compilation failed due to an interrupted connection: XPC_ERROR_CONNECTION_INTERRUPTED. This error occurred after multiple retries.
case.ios-simulator.reassociation_chain_bf16.relaxed.O2.contract-off.compile_options	air.compile.denorms_disable air.compile.fast_math_disable air.compile.framebuffer_fetch_enable
case.ios-simulator.reassociation_chain_bf16.relaxed.O2.contract-off.float_operations	fadd+reassoc+nsz+arcp+afn
case.ios-simulator.reassociation_chain_bf16.relaxed.O2.contract-off.refusal	dispatch of the bfloat-support probe failed with 4: numerical_probe_host: pipeline creation failed: Compilation failed due to an interrupted connection: XPC_ERROR_CONNECTION_INTERRUPTED. This error occurred after multiple retries.
case.ios-simulator.reassociation_chain_bf16.runtime.fast.opt-default.refusal	dispatch of the bfloat-support probe failed with 4: numerical_probe_host: pipeline creation failed: Compilation failed due to an interrupted connection: XPC_ERROR_CONNECTION_INTERRUPTED. This error occurred after multiple retries.
case.ios-simulator.reassociation_chain_bf16.runtime.fast.opt-size.refusal	dispatch of the bfloat-support probe failed with 4: numerical_probe_host: pipeline creation failed: Compilation failed due to an interrupted connection: XPC_ERROR_CONNECTION_INTERRUPTED. This error occurred after multiple retries.
case.ios-simulator.reassociation_chain_bf16.runtime.relaxed.opt-default.refusal	dispatch of the bfloat-support probe failed with 4: numerical_probe_host: pipeline creation failed: Compilation failed due to an interrupted connection: XPC_ERROR_CONNECTION_INTERRUPTED. This error occurred after multiple retries.
case.ios-simulator.reassociation_chain_bf16.runtime.relaxed.opt-size.refusal	dispatch of the bfloat-support probe failed with 4: numerical_probe_host: pipeline creation failed: Compilation failed due to an interrupted connection: XPC_ERROR_CONNECTION_INTERRUPTED. This error occurred after multiple retries.
case.ios-simulator.reassociation_chain_bf16.runtime.safe.opt-default.refusal	dispatch of the bfloat-support probe failed with 4: numerical_probe_host: pipeline creation failed: Compilation failed due to an interrupted connection: XPC_ERROR_CONNECTION_INTERRUPTED. This error occurred after multiple retries.
case.ios-simulator.reassociation_chain_bf16.runtime.safe.opt-size.refusal	dispatch of the bfloat-support probe failed with 4: numerical_probe_host: pipeline creation failed: Compilation failed due to an interrupted connection: XPC_ERROR_CONNECTION_INTERRUPTED. This error occurred after multiple retries.
case.ios-simulator.reassociation_chain_bf16.safe.O2.contract-off.compile_options	air.compile.denorms_disable air.compile.fast_math_disable air.compile.framebuffer_fetch_enable
case.ios-simulator.reassociation_chain_bf16.safe.O2.contract-off.float_operations	fadd fadd
case.ios-simulator.reassociation_chain_bf16.safe.O2.contract-off.refusal	dispatch of the bfloat-support probe failed with 4: numerical_probe_host: pipeline creation failed: Compilation failed due to an interrupted connection: XPC_ERROR_CONNECTION_INTERRUPTED. This error occurred after multiple retries.
case.ios-simulator.reassociation_chain_f16.fast.O2.contract-off.compile_options	air.compile.denorms_disable air.compile.fast_math_enable air.compile.framebuffer_fetch_enable
case.ios-simulator.reassociation_chain_f16.fast.O2.contract-off.float_operations	fadd+reassoc+nnan+ninf+nsz+arcp+afn
case.ios-simulator.reassociation_chain_f16.fast.O2.contract-off.results	1400 1420 1440 1440 13c0 1400 3559 3c01
case.ios-simulator.reassociation_chain_f16.relaxed.O2.contract-off.compile_options	air.compile.denorms_disable air.compile.fast_math_disable air.compile.framebuffer_fetch_enable
case.ios-simulator.reassociation_chain_f16.relaxed.O2.contract-off.float_operations	fadd+reassoc+nsz+arcp+afn
case.ios-simulator.reassociation_chain_f16.relaxed.O2.contract-off.results	1400 1420 1440 1440 13c0 1400 3559 3c01
case.ios-simulator.reassociation_chain_f16.runtime.fast.opt-default.applied_options	math=fast,fpfun=precise,lang=3.1,opt=default
case.ios-simulator.reassociation_chain_f16.runtime.fast.opt-default.archived_options	unavailable:dispatch of the archive-support probe failed with 134: +[MTLLoader sliceIDForDevice:legacyDriverVersion:airntDriverVersion:]:692: failed assertion `Target device architecture is nil' Child process terminated with signal 6: Abort trap
case.ios-simulator.reassociation_chain_f16.runtime.fast.opt-default.results	1400 1420 1440 1440 13c0 1400 3559 3c01
case.ios-simulator.reassociation_chain_f16.runtime.fast.opt-size.applied_options	math=fast,fpfun=precise,lang=3.1,opt=size
case.ios-simulator.reassociation_chain_f16.runtime.fast.opt-size.archived_options	unavailable:dispatch of the archive-support probe failed with 134: +[MTLLoader sliceIDForDevice:legacyDriverVersion:airntDriverVersion:]:692: failed assertion `Target device architecture is nil' Child process terminated with signal 6: Abort trap
case.ios-simulator.reassociation_chain_f16.runtime.fast.opt-size.results	1400 1420 1440 1440 13c0 1400 3559 3c01
case.ios-simulator.reassociation_chain_f16.runtime.relaxed.opt-default.applied_options	math=relaxed,fpfun=precise,lang=3.1,opt=default
case.ios-simulator.reassociation_chain_f16.runtime.relaxed.opt-default.archived_options	unavailable:dispatch of the archive-support probe failed with 134: +[MTLLoader sliceIDForDevice:legacyDriverVersion:airntDriverVersion:]:692: failed assertion `Target device architecture is nil' Child process terminated with signal 6: Abort trap
case.ios-simulator.reassociation_chain_f16.runtime.relaxed.opt-default.results	1400 1420 1440 1440 13c0 1400 3559 3c01
case.ios-simulator.reassociation_chain_f16.runtime.relaxed.opt-size.applied_options	math=relaxed,fpfun=precise,lang=3.1,opt=size
case.ios-simulator.reassociation_chain_f16.runtime.relaxed.opt-size.archived_options	unavailable:dispatch of the archive-support probe failed with 134: +[MTLLoader sliceIDForDevice:legacyDriverVersion:airntDriverVersion:]:692: failed assertion `Target device architecture is nil' Child process terminated with signal 6: Abort trap
case.ios-simulator.reassociation_chain_f16.runtime.relaxed.opt-size.results	1400 1420 1440 1440 13c0 1400 3559 3c01
case.ios-simulator.reassociation_chain_f16.runtime.safe.opt-default.applied_options	math=safe,fpfun=precise,lang=3.1,opt=default
case.ios-simulator.reassociation_chain_f16.runtime.safe.opt-default.archived_options	unavailable:dispatch of the archive-support probe failed with 134: +[MTLLoader sliceIDForDevice:legacyDriverVersion:airntDriverVersion:]:692: failed assertion `Target device architecture is nil' Child process terminated with signal 6: Abort trap
case.ios-simulator.reassociation_chain_f16.runtime.safe.opt-default.results	1400 1420 1440 1440 13c0 1400 3559 3c00
case.ios-simulator.reassociation_chain_f16.runtime.safe.opt-size.applied_options	math=safe,fpfun=precise,lang=3.1,opt=size
case.ios-simulator.reassociation_chain_f16.runtime.safe.opt-size.archived_options	unavailable:dispatch of the archive-support probe failed with 134: +[MTLLoader sliceIDForDevice:legacyDriverVersion:airntDriverVersion:]:692: failed assertion `Target device architecture is nil' Child process terminated with signal 6: Abort trap
case.ios-simulator.reassociation_chain_f16.runtime.safe.opt-size.results	1400 1420 1440 1440 13c0 1400 3559 3c00
case.ios-simulator.reassociation_chain_f16.safe.O2.contract-off.compile_options	air.compile.denorms_disable air.compile.fast_math_disable air.compile.framebuffer_fetch_enable
case.ios-simulator.reassociation_chain_f16.safe.O2.contract-off.float_operations	fadd fadd
case.ios-simulator.reassociation_chain_f16.safe.O2.contract-off.results	1400 1420 1440 1440 13c0 1400 3559 3c00
case.ios-simulator.scale_one_bias_zero.fast.O0.contract-off.compile_options	air.compile.denorms_disable air.compile.fast_math_enable air.compile.framebuffer_fetch_enable
case.ios-simulator.scale_one_bias_zero.fast.O0.contract-off.float_operations	fmul+reassoc+nnan+ninf+nsz+arcp+afn fadd+reassoc+nnan+ninf+nsz+arcp+afn
case.ios-simulator.scale_one_bias_zero.fast.O0.contract-off.results	00000001 00400000 007fffff 00800000 80400000 80000000 3eb97ef9 3f800000
case.ios-simulator.scale_one_bias_zero.fast.O2.contract-off.compile_options	air.compile.denorms_disable air.compile.fast_math_enable air.compile.framebuffer_fetch_enable
case.ios-simulator.scale_one_bias_zero.fast.O2.contract-off.float_operations	
case.ios-simulator.scale_one_bias_zero.fast.O2.contract-off.results	00000001 00400000 007fffff 00800000 80400000 80000000 3eb97ef9 3f800000
case.ios-simulator.scale_one_bias_zero.fast.O2.contract-off.fpfun-fast.compile_options	air.compile.denorms_disable air.compile.fast_math_enable air.compile.framebuffer_fetch_enable
case.ios-simulator.scale_one_bias_zero.fast.O2.contract-off.fpfun-fast.float_operations	
case.ios-simulator.scale_one_bias_zero.fast.O2.contract-off.fpfun-fast.results	00000001 00400000 007fffff 00800000 80400000 80000000 3eb97ef9 3f800000
case.ios-simulator.scale_one_bias_zero.relaxed.O0.contract-off.compile_options	air.compile.denorms_disable air.compile.fast_math_disable air.compile.framebuffer_fetch_enable
case.ios-simulator.scale_one_bias_zero.relaxed.O0.contract-off.float_operations	fmul+reassoc+nsz+arcp+afn fadd+reassoc+nsz+arcp+afn
case.ios-simulator.scale_one_bias_zero.relaxed.O0.contract-off.results	00000001 00400000 007fffff 00800000 80400000 80000000 3eb97ef9 3f800000
case.ios-simulator.scale_one_bias_zero.relaxed.O2.contract-off.compile_options	air.compile.denorms_disable air.compile.fast_math_disable air.compile.framebuffer_fetch_enable
case.ios-simulator.scale_one_bias_zero.relaxed.O2.contract-off.float_operations	
case.ios-simulator.scale_one_bias_zero.relaxed.O2.contract-off.results	00000001 00400000 007fffff 00800000 80400000 80000000 3eb97ef9 3f800000
case.ios-simulator.scale_one_bias_zero.relaxed.O2.contract-off.fpfun-fast.compile_options	air.compile.denorms_disable air.compile.fast_math_disable air.compile.framebuffer_fetch_enable
case.ios-simulator.scale_one_bias_zero.relaxed.O2.contract-off.fpfun-fast.float_operations	
case.ios-simulator.scale_one_bias_zero.relaxed.O2.contract-off.fpfun-fast.results	00000001 00400000 007fffff 00800000 80400000 80000000 3eb97ef9 3f800000
case.ios-simulator.scale_one_bias_zero.runtime.fast.opt-default.applied_options	math=fast,fpfun=precise,lang=3.1,opt=default
case.ios-simulator.scale_one_bias_zero.runtime.fast.opt-default.archived_options	unavailable:dispatch of the archive-support probe failed with 134: +[MTLLoader sliceIDForDevice:legacyDriverVersion:airntDriverVersion:]:692: failed assertion `Target device architecture is nil' Child process terminated with signal 6: Abort trap
case.ios-simulator.scale_one_bias_zero.runtime.fast.opt-default.results	00000001 00400000 007fffff 00800000 80400000 80000000 3eb97ef9 3f800000
case.ios-simulator.scale_one_bias_zero.runtime.fast.opt-default.fpfun-fast.applied_options	math=fast,fpfun=fast,lang=3.1,opt=default
case.ios-simulator.scale_one_bias_zero.runtime.fast.opt-default.fpfun-fast.archived_options	unavailable:dispatch of the archive-support probe failed with 134: +[MTLLoader sliceIDForDevice:legacyDriverVersion:airntDriverVersion:]:692: failed assertion `Target device architecture is nil' Child process terminated with signal 6: Abort trap
case.ios-simulator.scale_one_bias_zero.runtime.fast.opt-default.fpfun-fast.results	00000001 00400000 007fffff 00800000 80400000 80000000 3eb97ef9 3f800000
case.ios-simulator.scale_one_bias_zero.runtime.fast.opt-size.applied_options	math=fast,fpfun=precise,lang=3.1,opt=size
case.ios-simulator.scale_one_bias_zero.runtime.fast.opt-size.archived_options	unavailable:dispatch of the archive-support probe failed with 134: +[MTLLoader sliceIDForDevice:legacyDriverVersion:airntDriverVersion:]:692: failed assertion `Target device architecture is nil' Child process terminated with signal 6: Abort trap
case.ios-simulator.scale_one_bias_zero.runtime.fast.opt-size.results	00000001 00400000 007fffff 00800000 80400000 80000000 3eb97ef9 3f800000
case.ios-simulator.scale_one_bias_zero.runtime.fast.opt-size.fpfun-fast.applied_options	math=fast,fpfun=fast,lang=3.1,opt=size
case.ios-simulator.scale_one_bias_zero.runtime.fast.opt-size.fpfun-fast.archived_options	unavailable:dispatch of the archive-support probe failed with 134: +[MTLLoader sliceIDForDevice:legacyDriverVersion:airntDriverVersion:]:692: failed assertion `Target device architecture is nil' Child process terminated with signal 6: Abort trap
case.ios-simulator.scale_one_bias_zero.runtime.fast.opt-size.fpfun-fast.results	00000001 00400000 007fffff 00800000 80400000 80000000 3eb97ef9 3f800000
case.ios-simulator.scale_one_bias_zero.runtime.relaxed.opt-default.applied_options	math=relaxed,fpfun=precise,lang=3.1,opt=default
case.ios-simulator.scale_one_bias_zero.runtime.relaxed.opt-default.archived_options	unavailable:dispatch of the archive-support probe failed with 134: +[MTLLoader sliceIDForDevice:legacyDriverVersion:airntDriverVersion:]:692: failed assertion `Target device architecture is nil' Child process terminated with signal 6: Abort trap
case.ios-simulator.scale_one_bias_zero.runtime.relaxed.opt-default.results	00000001 00400000 007fffff 00800000 80400000 80000000 3eb97ef9 3f800000
case.ios-simulator.scale_one_bias_zero.runtime.relaxed.opt-default.fpfun-fast.applied_options	math=relaxed,fpfun=fast,lang=3.1,opt=default
case.ios-simulator.scale_one_bias_zero.runtime.relaxed.opt-default.fpfun-fast.archived_options	unavailable:dispatch of the archive-support probe failed with 134: +[MTLLoader sliceIDForDevice:legacyDriverVersion:airntDriverVersion:]:692: failed assertion `Target device architecture is nil' Child process terminated with signal 6: Abort trap
case.ios-simulator.scale_one_bias_zero.runtime.relaxed.opt-default.fpfun-fast.results	00000001 00400000 007fffff 00800000 80400000 80000000 3eb97ef9 3f800000
case.ios-simulator.scale_one_bias_zero.runtime.relaxed.opt-size.applied_options	math=relaxed,fpfun=precise,lang=3.1,opt=size
case.ios-simulator.scale_one_bias_zero.runtime.relaxed.opt-size.archived_options	unavailable:dispatch of the archive-support probe failed with 134: +[MTLLoader sliceIDForDevice:legacyDriverVersion:airntDriverVersion:]:692: failed assertion `Target device architecture is nil' Child process terminated with signal 6: Abort trap
case.ios-simulator.scale_one_bias_zero.runtime.relaxed.opt-size.results	00000001 00400000 007fffff 00800000 80400000 80000000 3eb97ef9 3f800000
case.ios-simulator.scale_one_bias_zero.runtime.relaxed.opt-size.fpfun-fast.applied_options	math=relaxed,fpfun=fast,lang=3.1,opt=size
case.ios-simulator.scale_one_bias_zero.runtime.relaxed.opt-size.fpfun-fast.archived_options	unavailable:dispatch of the archive-support probe failed with 134: +[MTLLoader sliceIDForDevice:legacyDriverVersion:airntDriverVersion:]:692: failed assertion `Target device architecture is nil' Child process terminated with signal 6: Abort trap
case.ios-simulator.scale_one_bias_zero.runtime.relaxed.opt-size.fpfun-fast.results	00000001 00400000 007fffff 00800000 80400000 80000000 3eb97ef9 3f800000
case.ios-simulator.scale_one_bias_zero.runtime.safe.opt-default.applied_options	math=safe,fpfun=precise,lang=3.1,opt=default
case.ios-simulator.scale_one_bias_zero.runtime.safe.opt-default.archived_options	unavailable:dispatch of the archive-support probe failed with 134: +[MTLLoader sliceIDForDevice:legacyDriverVersion:airntDriverVersion:]:692: failed assertion `Target device architecture is nil' Child process terminated with signal 6: Abort trap
case.ios-simulator.scale_one_bias_zero.runtime.safe.opt-default.results	00000000 00000000 00000000 00800000 00000000 00000000 3eb97ef9 3f800000
case.ios-simulator.scale_one_bias_zero.runtime.safe.opt-default.fpfun-fast.applied_options	math=safe,fpfun=fast,lang=3.1,opt=default
case.ios-simulator.scale_one_bias_zero.runtime.safe.opt-default.fpfun-fast.archived_options	unavailable:dispatch of the archive-support probe failed with 134: +[MTLLoader sliceIDForDevice:legacyDriverVersion:airntDriverVersion:]:692: failed assertion `Target device architecture is nil' Child process terminated with signal 6: Abort trap
case.ios-simulator.scale_one_bias_zero.runtime.safe.opt-default.fpfun-fast.results	00000000 00000000 00000000 00800000 00000000 00000000 3eb97ef9 3f800000
case.ios-simulator.scale_one_bias_zero.runtime.safe.opt-size.applied_options	math=safe,fpfun=precise,lang=3.1,opt=size
case.ios-simulator.scale_one_bias_zero.runtime.safe.opt-size.archived_options	unavailable:dispatch of the archive-support probe failed with 134: +[MTLLoader sliceIDForDevice:legacyDriverVersion:airntDriverVersion:]:692: failed assertion `Target device architecture is nil' Child process terminated with signal 6: Abort trap
case.ios-simulator.scale_one_bias_zero.runtime.safe.opt-size.results	00000000 00000000 00000000 00800000 00000000 00000000 3eb97ef9 3f800000
case.ios-simulator.scale_one_bias_zero.runtime.safe.opt-size.fpfun-fast.applied_options	math=safe,fpfun=fast,lang=3.1,opt=size
case.ios-simulator.scale_one_bias_zero.runtime.safe.opt-size.fpfun-fast.archived_options	unavailable:dispatch of the archive-support probe failed with 134: +[MTLLoader sliceIDForDevice:legacyDriverVersion:airntDriverVersion:]:692: failed assertion `Target device architecture is nil' Child process terminated with signal 6: Abort trap
case.ios-simulator.scale_one_bias_zero.runtime.safe.opt-size.fpfun-fast.results	00000000 00000000 00000000 00800000 00000000 00000000 3eb97ef9 3f800000
case.ios-simulator.scale_one_bias_zero.safe.O0.contract-off.compile_options	air.compile.denorms_disable air.compile.fast_math_disable air.compile.framebuffer_fetch_enable
case.ios-simulator.scale_one_bias_zero.safe.O0.contract-off.float_operations	fmul fadd
case.ios-simulator.scale_one_bias_zero.safe.O0.contract-off.results	00000000 00000000 00000000 00800000 00000000 00000000 3eb97ef9 3f800000
case.ios-simulator.scale_one_bias_zero.safe.O1.contract-off.compile_options	air.compile.denorms_disable air.compile.fast_math_disable air.compile.framebuffer_fetch_enable
case.ios-simulator.scale_one_bias_zero.safe.O1.contract-off.float_operations	fadd
case.ios-simulator.scale_one_bias_zero.safe.O1.contract-off.results	00000000 00000000 00000000 00800000 00000000 00000000 3eb97ef9 3f800000
case.ios-simulator.scale_one_bias_zero.safe.O2.contract-off.compile_options	air.compile.denorms_disable air.compile.fast_math_disable air.compile.framebuffer_fetch_enable
case.ios-simulator.scale_one_bias_zero.safe.O2.contract-off.float_operations	fadd
case.ios-simulator.scale_one_bias_zero.safe.O2.contract-off.results	00000000 00000000 00000000 00800000 00000000 00000000 3eb97ef9 3f800000
case.ios-simulator.scale_one_bias_zero.safe.O2.contract-off.fpfun-fast.compile_options	air.compile.denorms_disable air.compile.fast_math_disable air.compile.framebuffer_fetch_enable
case.ios-simulator.scale_one_bias_zero.safe.O2.contract-off.fpfun-fast.float_operations	fadd
case.ios-simulator.scale_one_bias_zero.safe.O2.contract-off.fpfun-fast.results	00000000 00000000 00000000 00800000 00000000 00000000 3eb97ef9 3f800000
case.ios-simulator.scale_one_bias_zero.safe.O3.contract-off.compile_options	air.compile.denorms_disable air.compile.fast_math_disable air.compile.framebuffer_fetch_enable
case.ios-simulator.scale_one_bias_zero.safe.O3.contract-off.float_operations	fadd
case.ios-simulator.scale_one_bias_zero.safe.O3.contract-off.results	00000000 00000000 00000000 00800000 00000000 00000000 3eb97ef9 3f800000
case.ios-simulator.scale_one_bias_zero.safe.Os.contract-off.compile_options	air.compile.denorms_disable air.compile.fast_math_disable air.compile.framebuffer_fetch_enable
case.ios-simulator.scale_one_bias_zero.safe.Os.contract-off.float_operations	fadd
case.ios-simulator.scale_one_bias_zero.safe.Os.contract-off.results	00000000 00000000 00000000 00800000 00000000 00000000 3eb97ef9 3f800000
case.ios-simulator.scale_one_bias_zero_bf16.fast.O0.contract-off.compile_options	air.compile.denorms_disable air.compile.fast_math_enable air.compile.framebuffer_fetch_enable
case.ios-simulator.scale_one_bias_zero_bf16.fast.O0.contract-off.float_operations	fmul+reassoc+nnan+ninf+nsz+arcp+afn fadd+reassoc+nnan+ninf+nsz+arcp+afn
case.ios-simulator.scale_one_bias_zero_bf16.fast.O0.contract-off.refusal	dispatch of the bfloat-support probe failed with 4: numerical_probe_host: pipeline creation failed: Compilation failed due to an interrupted connection: XPC_ERROR_CONNECTION_INTERRUPTED. This error occurred after multiple retries.
case.ios-simulator.scale_one_bias_zero_bf16.fast.O2.contract-off.compile_options	air.compile.denorms_disable air.compile.fast_math_enable air.compile.framebuffer_fetch_enable
case.ios-simulator.scale_one_bias_zero_bf16.fast.O2.contract-off.float_operations	
case.ios-simulator.scale_one_bias_zero_bf16.fast.O2.contract-off.refusal	dispatch of the bfloat-support probe failed with 4: numerical_probe_host: pipeline creation failed: Compilation failed due to an interrupted connection: XPC_ERROR_CONNECTION_INTERRUPTED. This error occurred after multiple retries.
case.ios-simulator.scale_one_bias_zero_bf16.relaxed.O0.contract-off.compile_options	air.compile.denorms_disable air.compile.fast_math_disable air.compile.framebuffer_fetch_enable
case.ios-simulator.scale_one_bias_zero_bf16.relaxed.O0.contract-off.float_operations	fmul+reassoc+nsz+arcp+afn fadd+reassoc+nsz+arcp+afn
case.ios-simulator.scale_one_bias_zero_bf16.relaxed.O0.contract-off.refusal	dispatch of the bfloat-support probe failed with 4: numerical_probe_host: pipeline creation failed: Compilation failed due to an interrupted connection: XPC_ERROR_CONNECTION_INTERRUPTED. This error occurred after multiple retries.
case.ios-simulator.scale_one_bias_zero_bf16.relaxed.O2.contract-off.compile_options	air.compile.denorms_disable air.compile.fast_math_disable air.compile.framebuffer_fetch_enable
case.ios-simulator.scale_one_bias_zero_bf16.relaxed.O2.contract-off.float_operations	
case.ios-simulator.scale_one_bias_zero_bf16.relaxed.O2.contract-off.refusal	dispatch of the bfloat-support probe failed with 4: numerical_probe_host: pipeline creation failed: Compilation failed due to an interrupted connection: XPC_ERROR_CONNECTION_INTERRUPTED. This error occurred after multiple retries.
case.ios-simulator.scale_one_bias_zero_bf16.runtime.fast.opt-default.refusal	dispatch of the bfloat-support probe failed with 4: numerical_probe_host: pipeline creation failed: Compilation failed due to an interrupted connection: XPC_ERROR_CONNECTION_INTERRUPTED. This error occurred after multiple retries.
case.ios-simulator.scale_one_bias_zero_bf16.runtime.fast.opt-size.refusal	dispatch of the bfloat-support probe failed with 4: numerical_probe_host: pipeline creation failed: Compilation failed due to an interrupted connection: XPC_ERROR_CONNECTION_INTERRUPTED. This error occurred after multiple retries.
case.ios-simulator.scale_one_bias_zero_bf16.runtime.relaxed.opt-default.refusal	dispatch of the bfloat-support probe failed with 4: numerical_probe_host: pipeline creation failed: Compilation failed due to an interrupted connection: XPC_ERROR_CONNECTION_INTERRUPTED. This error occurred after multiple retries.
case.ios-simulator.scale_one_bias_zero_bf16.runtime.relaxed.opt-size.refusal	dispatch of the bfloat-support probe failed with 4: numerical_probe_host: pipeline creation failed: Compilation failed due to an interrupted connection: XPC_ERROR_CONNECTION_INTERRUPTED. This error occurred after multiple retries.
case.ios-simulator.scale_one_bias_zero_bf16.runtime.safe.opt-default.refusal	dispatch of the bfloat-support probe failed with 4: numerical_probe_host: pipeline creation failed: Compilation failed due to an interrupted connection: XPC_ERROR_CONNECTION_INTERRUPTED. This error occurred after multiple retries.
case.ios-simulator.scale_one_bias_zero_bf16.runtime.safe.opt-size.refusal	dispatch of the bfloat-support probe failed with 4: numerical_probe_host: pipeline creation failed: Compilation failed due to an interrupted connection: XPC_ERROR_CONNECTION_INTERRUPTED. This error occurred after multiple retries.
case.ios-simulator.scale_one_bias_zero_bf16.safe.O0.contract-off.compile_options	air.compile.denorms_disable air.compile.fast_math_disable air.compile.framebuffer_fetch_enable
case.ios-simulator.scale_one_bias_zero_bf16.safe.O0.contract-off.float_operations	fmul fadd
case.ios-simulator.scale_one_bias_zero_bf16.safe.O0.contract-off.refusal	dispatch of the bfloat-support probe failed with 4: numerical_probe_host: pipeline creation failed: Compilation failed due to an interrupted connection: XPC_ERROR_CONNECTION_INTERRUPTED. This error occurred after multiple retries.
case.ios-simulator.scale_one_bias_zero_bf16.safe.O2.contract-off.compile_options	air.compile.denorms_disable air.compile.fast_math_disable air.compile.framebuffer_fetch_enable
case.ios-simulator.scale_one_bias_zero_bf16.safe.O2.contract-off.float_operations	fadd
case.ios-simulator.scale_one_bias_zero_bf16.safe.O2.contract-off.refusal	dispatch of the bfloat-support probe failed with 4: numerical_probe_host: pipeline creation failed: Compilation failed due to an interrupted connection: XPC_ERROR_CONNECTION_INTERRUPTED. This error occurred after multiple retries.
case.ios-simulator.scale_one_bias_zero_f16.fast.O0.contract-off.compile_options	air.compile.denorms_disable air.compile.fast_math_enable air.compile.framebuffer_fetch_enable
case.ios-simulator.scale_one_bias_zero_f16.fast.O0.contract-off.float_operations	fmul+reassoc+nnan+ninf+nsz+arcp+afn fadd+reassoc+nnan+ninf+nsz+arcp+afn
case.ios-simulator.scale_one_bias_zero_f16.fast.O0.contract-off.results	0001 0200 03ff 0400 8200 8000 3555 3c00
case.ios-simulator.scale_one_bias_zero_f16.fast.O2.contract-off.compile_options	air.compile.denorms_disable air.compile.fast_math_enable air.compile.framebuffer_fetch_enable
case.ios-simulator.scale_one_bias_zero_f16.fast.O2.contract-off.float_operations	
case.ios-simulator.scale_one_bias_zero_f16.fast.O2.contract-off.results	0001 0200 03ff 0400 8200 8000 3555 3c00
case.ios-simulator.scale_one_bias_zero_f16.relaxed.O0.contract-off.compile_options	air.compile.denorms_disable air.compile.fast_math_disable air.compile.framebuffer_fetch_enable
case.ios-simulator.scale_one_bias_zero_f16.relaxed.O0.contract-off.float_operations	fmul+reassoc+nsz+arcp+afn fadd+reassoc+nsz+arcp+afn
case.ios-simulator.scale_one_bias_zero_f16.relaxed.O0.contract-off.results	0001 0200 03ff 0400 8200 8000 3555 3c00
case.ios-simulator.scale_one_bias_zero_f16.relaxed.O2.contract-off.compile_options	air.compile.denorms_disable air.compile.fast_math_disable air.compile.framebuffer_fetch_enable
case.ios-simulator.scale_one_bias_zero_f16.relaxed.O2.contract-off.float_operations	
case.ios-simulator.scale_one_bias_zero_f16.relaxed.O2.contract-off.results	0001 0200 03ff 0400 8200 8000 3555 3c00
case.ios-simulator.scale_one_bias_zero_f16.runtime.fast.opt-default.applied_options	math=fast,fpfun=precise,lang=3.1,opt=default
case.ios-simulator.scale_one_bias_zero_f16.runtime.fast.opt-default.archived_options	unavailable:dispatch of the archive-support probe failed with 134: +[MTLLoader sliceIDForDevice:legacyDriverVersion:airntDriverVersion:]:692: failed assertion `Target device architecture is nil' Child process terminated with signal 6: Abort trap
case.ios-simulator.scale_one_bias_zero_f16.runtime.fast.opt-default.results	0001 0200 03ff 0400 8200 8000 3555 3c00
case.ios-simulator.scale_one_bias_zero_f16.runtime.fast.opt-size.applied_options	math=fast,fpfun=precise,lang=3.1,opt=size
case.ios-simulator.scale_one_bias_zero_f16.runtime.fast.opt-size.archived_options	unavailable:dispatch of the archive-support probe failed with 134: +[MTLLoader sliceIDForDevice:legacyDriverVersion:airntDriverVersion:]:692: failed assertion `Target device architecture is nil' Child process terminated with signal 6: Abort trap
case.ios-simulator.scale_one_bias_zero_f16.runtime.fast.opt-size.results	0001 0200 03ff 0400 8200 8000 3555 3c00
case.ios-simulator.scale_one_bias_zero_f16.runtime.relaxed.opt-default.applied_options	math=relaxed,fpfun=precise,lang=3.1,opt=default
case.ios-simulator.scale_one_bias_zero_f16.runtime.relaxed.opt-default.archived_options	unavailable:dispatch of the archive-support probe failed with 134: +[MTLLoader sliceIDForDevice:legacyDriverVersion:airntDriverVersion:]:692: failed assertion `Target device architecture is nil' Child process terminated with signal 6: Abort trap
case.ios-simulator.scale_one_bias_zero_f16.runtime.relaxed.opt-default.results	0001 0200 03ff 0400 8200 8000 3555 3c00
case.ios-simulator.scale_one_bias_zero_f16.runtime.relaxed.opt-size.applied_options	math=relaxed,fpfun=precise,lang=3.1,opt=size
case.ios-simulator.scale_one_bias_zero_f16.runtime.relaxed.opt-size.archived_options	unavailable:dispatch of the archive-support probe failed with 134: +[MTLLoader sliceIDForDevice:legacyDriverVersion:airntDriverVersion:]:692: failed assertion `Target device architecture is nil' Child process terminated with signal 6: Abort trap
case.ios-simulator.scale_one_bias_zero_f16.runtime.relaxed.opt-size.results	0001 0200 03ff 0400 8200 8000 3555 3c00
case.ios-simulator.scale_one_bias_zero_f16.runtime.safe.opt-default.applied_options	math=safe,fpfun=precise,lang=3.1,opt=default
case.ios-simulator.scale_one_bias_zero_f16.runtime.safe.opt-default.archived_options	unavailable:dispatch of the archive-support probe failed with 134: +[MTLLoader sliceIDForDevice:legacyDriverVersion:airntDriverVersion:]:692: failed assertion `Target device architecture is nil' Child process terminated with signal 6: Abort trap
case.ios-simulator.scale_one_bias_zero_f16.runtime.safe.opt-default.results	0001 0200 03ff 0400 8200 0000 3555 3c00
case.ios-simulator.scale_one_bias_zero_f16.runtime.safe.opt-size.applied_options	math=safe,fpfun=precise,lang=3.1,opt=size
case.ios-simulator.scale_one_bias_zero_f16.runtime.safe.opt-size.archived_options	unavailable:dispatch of the archive-support probe failed with 134: +[MTLLoader sliceIDForDevice:legacyDriverVersion:airntDriverVersion:]:692: failed assertion `Target device architecture is nil' Child process terminated with signal 6: Abort trap
case.ios-simulator.scale_one_bias_zero_f16.runtime.safe.opt-size.results	0001 0200 03ff 0400 8200 0000 3555 3c00
case.ios-simulator.scale_one_bias_zero_f16.safe.O0.contract-off.compile_options	air.compile.denorms_disable air.compile.fast_math_disable air.compile.framebuffer_fetch_enable
case.ios-simulator.scale_one_bias_zero_f16.safe.O0.contract-off.float_operations	fmul fadd
case.ios-simulator.scale_one_bias_zero_f16.safe.O0.contract-off.results	0001 0200 03ff 0400 8200 0000 3555 3c00
case.ios-simulator.scale_one_bias_zero_f16.safe.O2.contract-off.compile_options	air.compile.denorms_disable air.compile.fast_math_disable air.compile.framebuffer_fetch_enable
case.ios-simulator.scale_one_bias_zero_f16.safe.O2.contract-off.float_operations	fadd
case.ios-simulator.scale_one_bias_zero_f16.safe.O2.contract-off.results	0001 0200 03ff 0400 8200 0000 3555 3c00
case.ios-simulator.scale_two_bias_one.fast.O2.contract-fast.compile_options	air.compile.denorms_disable air.compile.fast_math_enable air.compile.framebuffer_fetch_enable
case.ios-simulator.scale_two_bias_one.fast.O2.contract-fast.float_operations	fmul+fast fadd+fast
case.ios-simulator.scale_two_bias_one.fast.O2.contract-fast.results	3f800000 3f800000 3f800000 3f800000 3f800000 3f800000 3fdcbf7c 40400000
case.ios-simulator.scale_two_bias_one.fast.O2.contract-off.compile_options	air.compile.denorms_disable air.compile.fast_math_enable air.compile.framebuffer_fetch_enable
case.ios-simulator.scale_two_bias_one.fast.O2.contract-off.float_operations	fmul+reassoc+nnan+ninf+nsz+arcp+afn fadd+reassoc+nnan+ninf+nsz+arcp+afn
case.ios-simulator.scale_two_bias_one.fast.O2.contract-off.results	3f800000 3f800000 3f800000 3f800000 3f800000 3f800000 3fdcbf7c 40400000
case.ios-simulator.scale_two_bias_one.fast.O2.contract-on.compile_options	air.compile.denorms_disable air.compile.fast_math_enable air.compile.framebuffer_fetch_enable
case.ios-simulator.scale_two_bias_one.fast.O2.contract-on.float_operations	fmul+reassoc+nnan+ninf+nsz+arcp+afn fadd+reassoc+nnan+ninf+nsz+arcp+afn
case.ios-simulator.scale_two_bias_one.fast.O2.contract-on.results	3f800000 3f800000 3f800000 3f800000 3f800000 3f800000 3fdcbf7c 40400000
case.ios-simulator.scale_two_bias_one.relaxed.O2.contract-fast.compile_options	air.compile.denorms_disable air.compile.fast_math_disable air.compile.framebuffer_fetch_enable
case.ios-simulator.scale_two_bias_one.relaxed.O2.contract-fast.float_operations	fmul+reassoc+nsz+arcp+contract+afn fadd+reassoc+nsz+arcp+contract+afn
case.ios-simulator.scale_two_bias_one.relaxed.O2.contract-fast.results	3f800000 3f800000 3f800000 3f800000 3f800000 3f800000 3fdcbf7c 40400000
case.ios-simulator.scale_two_bias_one.relaxed.O2.contract-off.compile_options	air.compile.denorms_disable air.compile.fast_math_disable air.compile.framebuffer_fetch_enable
case.ios-simulator.scale_two_bias_one.relaxed.O2.contract-off.float_operations	fmul+reassoc+nsz+arcp+afn fadd+reassoc+nsz+arcp+afn
case.ios-simulator.scale_two_bias_one.relaxed.O2.contract-off.results	3f800000 3f800000 3f800000 3f800000 3f800000 3f800000 3fdcbf7c 40400000
case.ios-simulator.scale_two_bias_one.relaxed.O2.contract-on.compile_options	air.compile.denorms_disable air.compile.fast_math_disable air.compile.framebuffer_fetch_enable
case.ios-simulator.scale_two_bias_one.relaxed.O2.contract-on.float_operations	fmul+reassoc+nsz+arcp+afn fadd+reassoc+nsz+arcp+afn
case.ios-simulator.scale_two_bias_one.relaxed.O2.contract-on.results	3f800000 3f800000 3f800000 3f800000 3f800000 3f800000 3fdcbf7c 40400000
case.ios-simulator.scale_two_bias_one.runtime.fast.opt-default.applied_options	math=fast,fpfun=precise,lang=3.1,opt=default
case.ios-simulator.scale_two_bias_one.runtime.fast.opt-default.archived_options	unavailable:dispatch of the archive-support probe failed with 134: +[MTLLoader sliceIDForDevice:legacyDriverVersion:airntDriverVersion:]:692: failed assertion `Target device architecture is nil' Child process terminated with signal 6: Abort trap
case.ios-simulator.scale_two_bias_one.runtime.fast.opt-default.results	3f800000 3f800000 3f800000 3f800000 3f800000 3f800000 3fdcbf7c 40400000
case.ios-simulator.scale_two_bias_one.runtime.fast.opt-size.applied_options	math=fast,fpfun=precise,lang=3.1,opt=size
case.ios-simulator.scale_two_bias_one.runtime.fast.opt-size.archived_options	unavailable:dispatch of the archive-support probe failed with 134: +[MTLLoader sliceIDForDevice:legacyDriverVersion:airntDriverVersion:]:692: failed assertion `Target device architecture is nil' Child process terminated with signal 6: Abort trap
case.ios-simulator.scale_two_bias_one.runtime.fast.opt-size.results	3f800000 3f800000 3f800000 3f800000 3f800000 3f800000 3fdcbf7c 40400000
case.ios-simulator.scale_two_bias_one.runtime.relaxed.opt-default.applied_options	math=relaxed,fpfun=precise,lang=3.1,opt=default
case.ios-simulator.scale_two_bias_one.runtime.relaxed.opt-default.archived_options	unavailable:dispatch of the archive-support probe failed with 134: +[MTLLoader sliceIDForDevice:legacyDriverVersion:airntDriverVersion:]:692: failed assertion `Target device architecture is nil' Child process terminated with signal 6: Abort trap
case.ios-simulator.scale_two_bias_one.runtime.relaxed.opt-default.results	3f800000 3f800000 3f800000 3f800000 3f800000 3f800000 3fdcbf7c 40400000
case.ios-simulator.scale_two_bias_one.runtime.relaxed.opt-size.applied_options	math=relaxed,fpfun=precise,lang=3.1,opt=size
case.ios-simulator.scale_two_bias_one.runtime.relaxed.opt-size.archived_options	unavailable:dispatch of the archive-support probe failed with 134: +[MTLLoader sliceIDForDevice:legacyDriverVersion:airntDriverVersion:]:692: failed assertion `Target device architecture is nil' Child process terminated with signal 6: Abort trap
case.ios-simulator.scale_two_bias_one.runtime.relaxed.opt-size.results	3f800000 3f800000 3f800000 3f800000 3f800000 3f800000 3fdcbf7c 40400000
case.ios-simulator.scale_two_bias_one.runtime.safe.opt-default.applied_options	math=safe,fpfun=precise,lang=3.1,opt=default
case.ios-simulator.scale_two_bias_one.runtime.safe.opt-default.archived_options	unavailable:dispatch of the archive-support probe failed with 134: +[MTLLoader sliceIDForDevice:legacyDriverVersion:airntDriverVersion:]:692: failed assertion `Target device architecture is nil' Child process terminated with signal 6: Abort trap
case.ios-simulator.scale_two_bias_one.runtime.safe.opt-default.results	3f800000 3f800000 3f800000 3f800000 3f800000 3f800000 3fdcbf7c 40400000
case.ios-simulator.scale_two_bias_one.runtime.safe.opt-size.applied_options	math=safe,fpfun=precise,lang=3.1,opt=size
case.ios-simulator.scale_two_bias_one.runtime.safe.opt-size.archived_options	unavailable:dispatch of the archive-support probe failed with 134: +[MTLLoader sliceIDForDevice:legacyDriverVersion:airntDriverVersion:]:692: failed assertion `Target device architecture is nil' Child process terminated with signal 6: Abort trap
case.ios-simulator.scale_two_bias_one.runtime.safe.opt-size.results	3f800000 3f800000 3f800000 3f800000 3f800000 3f800000 3fdcbf7c 40400000
case.ios-simulator.scale_two_bias_one.safe.O2.contract-fast.compile_options	air.compile.denorms_disable air.compile.fast_math_disable air.compile.framebuffer_fetch_enable
case.ios-simulator.scale_two_bias_one.safe.O2.contract-fast.float_operations	fmul+contract fadd+contract
case.ios-simulator.scale_two_bias_one.safe.O2.contract-fast.results	3f800000 3f800000 3f800000 3f800000 3f800000 3f800000 3fdcbf7c 40400000
case.ios-simulator.scale_two_bias_one.safe.O2.contract-off.compile_options	air.compile.denorms_disable air.compile.fast_math_disable air.compile.framebuffer_fetch_enable
case.ios-simulator.scale_two_bias_one.safe.O2.contract-off.float_operations	fmul fadd
case.ios-simulator.scale_two_bias_one.safe.O2.contract-off.results	3f800000 3f800000 3f800000 3f800000 3f800000 3f800000 3fdcbf7c 40400000
case.ios-simulator.scale_two_bias_one.safe.O2.contract-on.compile_options	air.compile.denorms_disable air.compile.fast_math_disable air.compile.framebuffer_fetch_enable
case.ios-simulator.scale_two_bias_one.safe.O2.contract-on.float_operations	fmul fadd
case.ios-simulator.scale_two_bias_one.safe.O2.contract-on.results	3f800000 3f800000 3f800000 3f800000 3f800000 3f800000 3fdcbf7c 40400000
case.macos.add_smallest_normal.fast.O0.contract-off.compile_options	air.compile.denorms_disable air.compile.fast_math_enable air.compile.framebuffer_fetch_enable
case.macos.add_smallest_normal.fast.O0.contract-off.float_operations	fadd+reassoc+nnan+ninf+nsz+arcp+afn
case.macos.add_smallest_normal.fast.O0.contract-off.results	00800000 00800000 00800000 01000000 00800000 00800000 3eb97ef9 3f800000
case.macos.add_smallest_normal.fast.O2.contract-off.compile_options	air.compile.denorms_disable air.compile.fast_math_enable air.compile.framebuffer_fetch_enable
case.macos.add_smallest_normal.fast.O2.contract-off.float_operations	fadd+reassoc+nnan+ninf+nsz+arcp+afn
case.macos.add_smallest_normal.fast.O2.contract-off.results	00800000 00800000 00800000 01000000 00800000 00800000 3eb97ef9 3f800000
case.macos.add_smallest_normal.relaxed.O0.contract-off.compile_options	air.compile.denorms_disable air.compile.fast_math_disable air.compile.framebuffer_fetch_enable
case.macos.add_smallest_normal.relaxed.O0.contract-off.float_operations	fadd+reassoc+nsz+arcp+afn
case.macos.add_smallest_normal.relaxed.O0.contract-off.results	00800000 00800000 00800000 01000000 00800000 00800000 3eb97ef9 3f800000
case.macos.add_smallest_normal.relaxed.O2.contract-off.compile_options	air.compile.denorms_disable air.compile.fast_math_disable air.compile.framebuffer_fetch_enable
case.macos.add_smallest_normal.relaxed.O2.contract-off.float_operations	fadd+reassoc+nsz+arcp+afn
case.macos.add_smallest_normal.relaxed.O2.contract-off.results	00800000 00800000 00800000 01000000 00800000 00800000 3eb97ef9 3f800000
case.macos.add_smallest_normal.runtime.fast.opt-default.applied_options	math=fast,fpfun=precise,lang=3.1,opt=default
case.macos.add_smallest_normal.runtime.fast.opt-default.archived_options	air.compile.denorms_disable air.compile.fast_math_enable air.compile.framebuffer_fetch_enable
case.macos.add_smallest_normal.runtime.fast.opt-default.results	00800000 00800000 00800000 01000000 00800000 00800000 3eb97ef9 3f800000
case.macos.add_smallest_normal.runtime.fast.opt-size.applied_options	math=fast,fpfun=precise,lang=3.1,opt=size
case.macos.add_smallest_normal.runtime.fast.opt-size.archived_options	air.compile.denorms_disable air.compile.fast_math_enable air.compile.framebuffer_fetch_enable
case.macos.add_smallest_normal.runtime.fast.opt-size.results	00800000 00800000 00800000 01000000 00800000 00800000 3eb97ef9 3f800000
case.macos.add_smallest_normal.runtime.relaxed.opt-default.applied_options	math=relaxed,fpfun=precise,lang=3.1,opt=default
case.macos.add_smallest_normal.runtime.relaxed.opt-default.archived_options	air.compile.denorms_disable air.compile.fast_math_disable air.compile.framebuffer_fetch_enable
case.macos.add_smallest_normal.runtime.relaxed.opt-default.results	00800000 00800000 00800000 01000000 00800000 00800000 3eb97ef9 3f800000
case.macos.add_smallest_normal.runtime.relaxed.opt-size.applied_options	math=relaxed,fpfun=precise,lang=3.1,opt=size
case.macos.add_smallest_normal.runtime.relaxed.opt-size.archived_options	air.compile.denorms_disable air.compile.fast_math_disable air.compile.framebuffer_fetch_enable
case.macos.add_smallest_normal.runtime.relaxed.opt-size.results	00800000 00800000 00800000 01000000 00800000 00800000 3eb97ef9 3f800000
case.macos.add_smallest_normal.runtime.safe.opt-default.applied_options	math=safe,fpfun=precise,lang=3.1,opt=default
case.macos.add_smallest_normal.runtime.safe.opt-default.archived_options	air.compile.denorms_disable air.compile.fast_math_disable air.compile.framebuffer_fetch_enable
case.macos.add_smallest_normal.runtime.safe.opt-default.results	00800000 00800000 00800000 01000000 00800000 00800000 3eb97ef9 3f800000
case.macos.add_smallest_normal.runtime.safe.opt-size.applied_options	math=safe,fpfun=precise,lang=3.1,opt=size
case.macos.add_smallest_normal.runtime.safe.opt-size.archived_options	air.compile.denorms_disable air.compile.fast_math_disable air.compile.framebuffer_fetch_enable
case.macos.add_smallest_normal.runtime.safe.opt-size.results	00800000 00800000 00800000 01000000 00800000 00800000 3eb97ef9 3f800000
case.macos.add_smallest_normal.safe.O0.contract-off.compile_options	air.compile.denorms_disable air.compile.fast_math_disable air.compile.framebuffer_fetch_enable
case.macos.add_smallest_normal.safe.O0.contract-off.float_operations	fadd
case.macos.add_smallest_normal.safe.O0.contract-off.results	00800000 00800000 00800000 01000000 00800000 00800000 3eb97ef9 3f800000
case.macos.add_smallest_normal.safe.O2.contract-off.compile_options	air.compile.denorms_disable air.compile.fast_math_disable air.compile.framebuffer_fetch_enable
case.macos.add_smallest_normal.safe.O2.contract-off.float_operations	fadd
case.macos.add_smallest_normal.safe.O2.contract-off.results	00800000 00800000 00800000 01000000 00800000 00800000 3eb97ef9 3f800000
case.macos.add_smallest_normal_bf16.fast.O2.contract-off.compile_options	air.compile.denorms_disable air.compile.fast_math_enable air.compile.framebuffer_fetch_enable
case.macos.add_smallest_normal_bf16.fast.O2.contract-off.float_operations	fadd+reassoc+nnan+ninf+nsz+arcp+afn
case.macos.add_smallest_normal_bf16.fast.O2.contract-off.results	0080 0080 0080 0100 0080 0080 3eab 3f80
case.macos.add_smallest_normal_bf16.relaxed.O2.contract-off.compile_options	air.compile.denorms_disable air.compile.fast_math_disable air.compile.framebuffer_fetch_enable
case.macos.add_smallest_normal_bf16.relaxed.O2.contract-off.float_operations	fadd+reassoc+nsz+arcp+afn
case.macos.add_smallest_normal_bf16.relaxed.O2.contract-off.results	0080 0080 0080 0100 0080 0080 3eab 3f80
case.macos.add_smallest_normal_bf16.runtime.fast.opt-default.applied_options	math=fast,fpfun=precise,lang=3.1,opt=default
case.macos.add_smallest_normal_bf16.runtime.fast.opt-default.archived_options	air.compile.denorms_disable air.compile.fast_math_enable air.compile.framebuffer_fetch_enable
case.macos.add_smallest_normal_bf16.runtime.fast.opt-default.results	0080 0080 0080 0100 0080 0080 3eab 3f80
case.macos.add_smallest_normal_bf16.runtime.fast.opt-size.applied_options	math=fast,fpfun=precise,lang=3.1,opt=size
case.macos.add_smallest_normal_bf16.runtime.fast.opt-size.archived_options	air.compile.denorms_disable air.compile.fast_math_enable air.compile.framebuffer_fetch_enable
case.macos.add_smallest_normal_bf16.runtime.fast.opt-size.results	0080 0080 0080 0100 0080 0080 3eab 3f80
case.macos.add_smallest_normal_bf16.runtime.relaxed.opt-default.applied_options	math=relaxed,fpfun=precise,lang=3.1,opt=default
case.macos.add_smallest_normal_bf16.runtime.relaxed.opt-default.archived_options	air.compile.denorms_disable air.compile.fast_math_disable air.compile.framebuffer_fetch_enable
case.macos.add_smallest_normal_bf16.runtime.relaxed.opt-default.results	0080 0080 0080 0100 0080 0080 3eab 3f80
case.macos.add_smallest_normal_bf16.runtime.relaxed.opt-size.applied_options	math=relaxed,fpfun=precise,lang=3.1,opt=size
case.macos.add_smallest_normal_bf16.runtime.relaxed.opt-size.archived_options	air.compile.denorms_disable air.compile.fast_math_disable air.compile.framebuffer_fetch_enable
case.macos.add_smallest_normal_bf16.runtime.relaxed.opt-size.results	0080 0080 0080 0100 0080 0080 3eab 3f80
case.macos.add_smallest_normal_bf16.runtime.safe.opt-default.applied_options	math=safe,fpfun=precise,lang=3.1,opt=default
case.macos.add_smallest_normal_bf16.runtime.safe.opt-default.archived_options	air.compile.denorms_disable air.compile.fast_math_disable air.compile.framebuffer_fetch_enable
case.macos.add_smallest_normal_bf16.runtime.safe.opt-default.results	0080 0080 0080 0100 0080 0080 3eab 3f80
case.macos.add_smallest_normal_bf16.runtime.safe.opt-size.applied_options	math=safe,fpfun=precise,lang=3.1,opt=size
case.macos.add_smallest_normal_bf16.runtime.safe.opt-size.archived_options	air.compile.denorms_disable air.compile.fast_math_disable air.compile.framebuffer_fetch_enable
case.macos.add_smallest_normal_bf16.runtime.safe.opt-size.results	0080 0080 0080 0100 0080 0080 3eab 3f80
case.macos.add_smallest_normal_bf16.safe.O2.contract-off.compile_options	air.compile.denorms_disable air.compile.fast_math_disable air.compile.framebuffer_fetch_enable
case.macos.add_smallest_normal_bf16.safe.O2.contract-off.float_operations	fadd
case.macos.add_smallest_normal_bf16.safe.O2.contract-off.results	0080 0080 0080 0100 0080 0080 3eab 3f80
case.macos.add_smallest_normal_f16.fast.O2.contract-off.compile_options	air.compile.denorms_disable air.compile.fast_math_enable air.compile.framebuffer_fetch_enable
case.macos.add_smallest_normal_f16.fast.O2.contract-off.float_operations	fadd+reassoc+nnan+ninf+nsz+arcp+afn
case.macos.add_smallest_normal_f16.fast.O2.contract-off.results	0401 0600 07ff 0800 0200 0400 3555 3c00
case.macos.add_smallest_normal_f16.relaxed.O2.contract-off.compile_options	air.compile.denorms_disable air.compile.fast_math_disable air.compile.framebuffer_fetch_enable
case.macos.add_smallest_normal_f16.relaxed.O2.contract-off.float_operations	fadd+reassoc+nsz+arcp+afn
case.macos.add_smallest_normal_f16.relaxed.O2.contract-off.results	0401 0600 07ff 0800 0200 0400 3555 3c00
case.macos.add_smallest_normal_f16.runtime.fast.opt-default.applied_options	math=fast,fpfun=precise,lang=3.1,opt=default
case.macos.add_smallest_normal_f16.runtime.fast.opt-default.archived_options	air.compile.denorms_disable air.compile.fast_math_enable air.compile.framebuffer_fetch_enable
case.macos.add_smallest_normal_f16.runtime.fast.opt-default.results	0401 0600 07ff 0800 0200 0400 3555 3c00
case.macos.add_smallest_normal_f16.runtime.fast.opt-size.applied_options	math=fast,fpfun=precise,lang=3.1,opt=size
case.macos.add_smallest_normal_f16.runtime.fast.opt-size.archived_options	air.compile.denorms_disable air.compile.fast_math_enable air.compile.framebuffer_fetch_enable
case.macos.add_smallest_normal_f16.runtime.fast.opt-size.results	0401 0600 07ff 0800 0200 0400 3555 3c00
case.macos.add_smallest_normal_f16.runtime.relaxed.opt-default.applied_options	math=relaxed,fpfun=precise,lang=3.1,opt=default
case.macos.add_smallest_normal_f16.runtime.relaxed.opt-default.archived_options	air.compile.denorms_disable air.compile.fast_math_disable air.compile.framebuffer_fetch_enable
case.macos.add_smallest_normal_f16.runtime.relaxed.opt-default.results	0401 0600 07ff 0800 0200 0400 3555 3c00
case.macos.add_smallest_normal_f16.runtime.relaxed.opt-size.applied_options	math=relaxed,fpfun=precise,lang=3.1,opt=size
case.macos.add_smallest_normal_f16.runtime.relaxed.opt-size.archived_options	air.compile.denorms_disable air.compile.fast_math_disable air.compile.framebuffer_fetch_enable
case.macos.add_smallest_normal_f16.runtime.relaxed.opt-size.results	0401 0600 07ff 0800 0200 0400 3555 3c00
case.macos.add_smallest_normal_f16.runtime.safe.opt-default.applied_options	math=safe,fpfun=precise,lang=3.1,opt=default
case.macos.add_smallest_normal_f16.runtime.safe.opt-default.archived_options	air.compile.denorms_disable air.compile.fast_math_disable air.compile.framebuffer_fetch_enable
case.macos.add_smallest_normal_f16.runtime.safe.opt-default.results	0401 0600 07ff 0800 0200 0400 3555 3c00
case.macos.add_smallest_normal_f16.runtime.safe.opt-size.applied_options	math=safe,fpfun=precise,lang=3.1,opt=size
case.macos.add_smallest_normal_f16.runtime.safe.opt-size.archived_options	air.compile.denorms_disable air.compile.fast_math_disable air.compile.framebuffer_fetch_enable
case.macos.add_smallest_normal_f16.runtime.safe.opt-size.results	0401 0600 07ff 0800 0200 0400 3555 3c00
case.macos.add_smallest_normal_f16.safe.O2.contract-off.compile_options	air.compile.denorms_disable air.compile.fast_math_disable air.compile.framebuffer_fetch_enable
case.macos.add_smallest_normal_f16.safe.O2.contract-off.float_operations	fadd
case.macos.add_smallest_normal_f16.safe.O2.contract-off.results	0401 0600 07ff 0800 0200 0400 3555 3c00
case.macos.contraction_pair.fast.O2.contract-fast.compile_options	air.compile.denorms_disable air.compile.fast_math_enable air.compile.framebuffer_fetch_enable
case.macos.contraction_pair.fast.O2.contract-fast.float_operations	fmul+fast fadd+fast
case.macos.contraction_pair.fast.O2.contract-fast.results	3f800000 3f800000 3f800000 3f800000 3f800000 3f800000 3fc58f9d 40200000
case.macos.contraction_pair.fast.O2.contract-off.compile_options	air.compile.denorms_disable air.compile.fast_math_enable air.compile.framebuffer_fetch_enable
case.macos.contraction_pair.fast.O2.contract-off.float_operations	fmul+reassoc+nnan+ninf+nsz+arcp+afn fadd+reassoc+nnan+ninf+nsz+arcp+afn
case.macos.contraction_pair.fast.O2.contract-off.results	3f800000 3f800000 3f800000 3f800000 3f800000 3f800000 3fc58f9e 40200000
case.macos.contraction_pair.fast.O2.contract-on.compile_options	air.compile.denorms_disable air.compile.fast_math_enable air.compile.framebuffer_fetch_enable
case.macos.contraction_pair.fast.O2.contract-on.float_operations	fmul+reassoc+nnan+ninf+nsz+arcp+afn fadd+reassoc+nnan+ninf+nsz+arcp+afn
case.macos.contraction_pair.fast.O2.contract-on.results	3f800000 3f800000 3f800000 3f800000 3f800000 3f800000 3fc58f9e 40200000
case.macos.contraction_pair.relaxed.O2.contract-fast.compile_options	air.compile.denorms_disable air.compile.fast_math_disable air.compile.framebuffer_fetch_enable
case.macos.contraction_pair.relaxed.O2.contract-fast.float_operations	fmul+reassoc+nsz+arcp+contract+afn fadd+reassoc+nsz+arcp+contract+afn
case.macos.contraction_pair.relaxed.O2.contract-fast.results	3f800000 3f800000 3f800000 3f800000 3f800000 3f800000 3fc58f9d 40200000
case.macos.contraction_pair.relaxed.O2.contract-off.compile_options	air.compile.denorms_disable air.compile.fast_math_disable air.compile.framebuffer_fetch_enable
case.macos.contraction_pair.relaxed.O2.contract-off.float_operations	fmul+reassoc+nsz+arcp+afn fadd+reassoc+nsz+arcp+afn
case.macos.contraction_pair.relaxed.O2.contract-off.results	3f800000 3f800000 3f800000 3f800000 3f800000 3f800000 3fc58f9e 40200000
case.macos.contraction_pair.relaxed.O2.contract-on.compile_options	air.compile.denorms_disable air.compile.fast_math_disable air.compile.framebuffer_fetch_enable
case.macos.contraction_pair.relaxed.O2.contract-on.float_operations	fmul+reassoc+nsz+arcp+afn fadd+reassoc+nsz+arcp+afn
case.macos.contraction_pair.relaxed.O2.contract-on.results	3f800000 3f800000 3f800000 3f800000 3f800000 3f800000 3fc58f9e 40200000
case.macos.contraction_pair.runtime.fast.opt-default.applied_options	math=fast,fpfun=precise,lang=3.1,opt=default
case.macos.contraction_pair.runtime.fast.opt-default.archived_options	air.compile.denorms_disable air.compile.fast_math_enable air.compile.framebuffer_fetch_enable
case.macos.contraction_pair.runtime.fast.opt-default.results	3f800000 3f800000 3f800000 3f800000 3f800000 3f800000 3fc58f9d 40200000
case.macos.contraction_pair.runtime.fast.opt-size.applied_options	math=fast,fpfun=precise,lang=3.1,opt=size
case.macos.contraction_pair.runtime.fast.opt-size.archived_options	air.compile.denorms_disable air.compile.fast_math_enable air.compile.framebuffer_fetch_enable
case.macos.contraction_pair.runtime.fast.opt-size.results	3f800000 3f800000 3f800000 3f800000 3f800000 3f800000 3fc58f9d 40200000
case.macos.contraction_pair.runtime.relaxed.opt-default.applied_options	math=relaxed,fpfun=precise,lang=3.1,opt=default
case.macos.contraction_pair.runtime.relaxed.opt-default.archived_options	air.compile.denorms_disable air.compile.fast_math_disable air.compile.framebuffer_fetch_enable
case.macos.contraction_pair.runtime.relaxed.opt-default.results	3f800000 3f800000 3f800000 3f800000 3f800000 3f800000 3fc58f9d 40200000
case.macos.contraction_pair.runtime.relaxed.opt-size.applied_options	math=relaxed,fpfun=precise,lang=3.1,opt=size
case.macos.contraction_pair.runtime.relaxed.opt-size.archived_options	air.compile.denorms_disable air.compile.fast_math_disable air.compile.framebuffer_fetch_enable
case.macos.contraction_pair.runtime.relaxed.opt-size.results	3f800000 3f800000 3f800000 3f800000 3f800000 3f800000 3fc58f9d 40200000
case.macos.contraction_pair.runtime.safe.opt-default.applied_options	math=safe,fpfun=precise,lang=3.1,opt=default
case.macos.contraction_pair.runtime.safe.opt-default.archived_options	air.compile.denorms_disable air.compile.fast_math_disable air.compile.framebuffer_fetch_enable
case.macos.contraction_pair.runtime.safe.opt-default.results	3f800000 3f800000 3f800000 3f800000 3f800000 3f800000 3fc58f9e 40200000
case.macos.contraction_pair.runtime.safe.opt-size.applied_options	math=safe,fpfun=precise,lang=3.1,opt=size
case.macos.contraction_pair.runtime.safe.opt-size.archived_options	air.compile.denorms_disable air.compile.fast_math_disable air.compile.framebuffer_fetch_enable
case.macos.contraction_pair.runtime.safe.opt-size.results	3f800000 3f800000 3f800000 3f800000 3f800000 3f800000 3fc58f9e 40200000
case.macos.contraction_pair.safe.O2.contract-fast.compile_options	air.compile.denorms_disable air.compile.fast_math_disable air.compile.framebuffer_fetch_enable
case.macos.contraction_pair.safe.O2.contract-fast.float_operations	fmul+contract fadd+contract
case.macos.contraction_pair.safe.O2.contract-fast.results	3f800000 3f800000 3f800000 3f800000 3f800000 3f800000 3fc58f9d 40200000
case.macos.contraction_pair.safe.O2.contract-off.compile_options	air.compile.denorms_disable air.compile.fast_math_disable air.compile.framebuffer_fetch_enable
case.macos.contraction_pair.safe.O2.contract-off.float_operations	fmul fadd
case.macos.contraction_pair.safe.O2.contract-off.results	3f800000 3f800000 3f800000 3f800000 3f800000 3f800000 3fc58f9e 40200000
case.macos.contraction_pair.safe.O2.contract-on.compile_options	air.compile.denorms_disable air.compile.fast_math_disable air.compile.framebuffer_fetch_enable
case.macos.contraction_pair.safe.O2.contract-on.float_operations	fmul fadd
case.macos.contraction_pair.safe.O2.contract-on.results	3f800000 3f800000 3f800000 3f800000 3f800000 3f800000 3fc58f9e 40200000
case.macos.contraction_pair_bf16.fast.O2.contract-fast.compile_options	air.compile.denorms_disable air.compile.fast_math_enable air.compile.framebuffer_fetch_enable
case.macos.contraction_pair_bf16.fast.O2.contract-fast.float_operations	fmul+fast fadd+fast
case.macos.contraction_pair_bf16.fast.O2.contract-fast.results	3f80 3f80 3f80 3f80 3f80 3f80 3fbf 401f
case.macos.contraction_pair_bf16.fast.O2.contract-off.compile_options	air.compile.denorms_disable air.compile.fast_math_enable air.compile.framebuffer_fetch_enable
case.macos.contraction_pair_bf16.fast.O2.contract-off.float_operations	fmul+reassoc+nnan+ninf+nsz+arcp+afn fadd+reassoc+nnan+ninf+nsz+arcp+afn
case.macos.contraction_pair_bf16.fast.O2.contract-off.results	3f80 3f80 3f80 3f80 3f80 3f80 3fc0 401f
case.macos.contraction_pair_bf16.fast.O2.contract-on.compile_options	air.compile.denorms_disable air.compile.fast_math_enable air.compile.framebuffer_fetch_enable
case.macos.contraction_pair_bf16.fast.O2.contract-on.float_operations	fmul+reassoc+nnan+ninf+nsz+arcp+afn fadd+reassoc+nnan+ninf+nsz+arcp+afn
case.macos.contraction_pair_bf16.fast.O2.contract-on.results	3f80 3f80 3f80 3f80 3f80 3f80 3fc0 401f
case.macos.contraction_pair_bf16.relaxed.O2.contract-fast.compile_options	air.compile.denorms_disable air.compile.fast_math_disable air.compile.framebuffer_fetch_enable
case.macos.contraction_pair_bf16.relaxed.O2.contract-fast.float_operations	fmul+reassoc+nsz+arcp+contract+afn fadd+reassoc+nsz+arcp+contract+afn
case.macos.contraction_pair_bf16.relaxed.O2.contract-fast.results	3f80 3f80 3f80 3f80 3f80 3f80 3fbf 401f
case.macos.contraction_pair_bf16.relaxed.O2.contract-off.compile_options	air.compile.denorms_disable air.compile.fast_math_disable air.compile.framebuffer_fetch_enable
case.macos.contraction_pair_bf16.relaxed.O2.contract-off.float_operations	fmul+reassoc+nsz+arcp+afn fadd+reassoc+nsz+arcp+afn
case.macos.contraction_pair_bf16.relaxed.O2.contract-off.results	3f80 3f80 3f80 3f80 3f80 3f80 3fc0 401f
case.macos.contraction_pair_bf16.relaxed.O2.contract-on.compile_options	air.compile.denorms_disable air.compile.fast_math_disable air.compile.framebuffer_fetch_enable
case.macos.contraction_pair_bf16.relaxed.O2.contract-on.float_operations	fmul+reassoc+nsz+arcp+afn fadd+reassoc+nsz+arcp+afn
case.macos.contraction_pair_bf16.relaxed.O2.contract-on.results	3f80 3f80 3f80 3f80 3f80 3f80 3fc0 401f
case.macos.contraction_pair_bf16.runtime.fast.opt-default.applied_options	math=fast,fpfun=precise,lang=3.1,opt=default
case.macos.contraction_pair_bf16.runtime.fast.opt-default.archived_options	air.compile.denorms_disable air.compile.fast_math_enable air.compile.framebuffer_fetch_enable
case.macos.contraction_pair_bf16.runtime.fast.opt-default.results	3f80 3f80 3f80 3f80 3f80 3f80 3fbf 401f
case.macos.contraction_pair_bf16.runtime.fast.opt-size.applied_options	math=fast,fpfun=precise,lang=3.1,opt=size
case.macos.contraction_pair_bf16.runtime.fast.opt-size.archived_options	air.compile.denorms_disable air.compile.fast_math_enable air.compile.framebuffer_fetch_enable
case.macos.contraction_pair_bf16.runtime.fast.opt-size.results	3f80 3f80 3f80 3f80 3f80 3f80 3fbf 401f
case.macos.contraction_pair_bf16.runtime.relaxed.opt-default.applied_options	math=relaxed,fpfun=precise,lang=3.1,opt=default
case.macos.contraction_pair_bf16.runtime.relaxed.opt-default.archived_options	air.compile.denorms_disable air.compile.fast_math_disable air.compile.framebuffer_fetch_enable
case.macos.contraction_pair_bf16.runtime.relaxed.opt-default.results	3f80 3f80 3f80 3f80 3f80 3f80 3fbf 401f
case.macos.contraction_pair_bf16.runtime.relaxed.opt-size.applied_options	math=relaxed,fpfun=precise,lang=3.1,opt=size
case.macos.contraction_pair_bf16.runtime.relaxed.opt-size.archived_options	air.compile.denorms_disable air.compile.fast_math_disable air.compile.framebuffer_fetch_enable
case.macos.contraction_pair_bf16.runtime.relaxed.opt-size.results	3f80 3f80 3f80 3f80 3f80 3f80 3fbf 401f
case.macos.contraction_pair_bf16.runtime.safe.opt-default.applied_options	math=safe,fpfun=precise,lang=3.1,opt=default
case.macos.contraction_pair_bf16.runtime.safe.opt-default.archived_options	air.compile.denorms_disable air.compile.fast_math_disable air.compile.framebuffer_fetch_enable
case.macos.contraction_pair_bf16.runtime.safe.opt-default.results	3f80 3f80 3f80 3f80 3f80 3f80 3fc0 401f
case.macos.contraction_pair_bf16.runtime.safe.opt-size.applied_options	math=safe,fpfun=precise,lang=3.1,opt=size
case.macos.contraction_pair_bf16.runtime.safe.opt-size.archived_options	air.compile.denorms_disable air.compile.fast_math_disable air.compile.framebuffer_fetch_enable
case.macos.contraction_pair_bf16.runtime.safe.opt-size.results	3f80 3f80 3f80 3f80 3f80 3f80 3fc0 401f
case.macos.contraction_pair_bf16.safe.O2.contract-fast.compile_options	air.compile.denorms_disable air.compile.fast_math_disable air.compile.framebuffer_fetch_enable
case.macos.contraction_pair_bf16.safe.O2.contract-fast.float_operations	fmul+contract fadd+contract
case.macos.contraction_pair_bf16.safe.O2.contract-fast.results	3f80 3f80 3f80 3f80 3f80 3f80 3fc0 401f
case.macos.contraction_pair_bf16.safe.O2.contract-off.compile_options	air.compile.denorms_disable air.compile.fast_math_disable air.compile.framebuffer_fetch_enable
case.macos.contraction_pair_bf16.safe.O2.contract-off.float_operations	fmul fadd
case.macos.contraction_pair_bf16.safe.O2.contract-off.results	3f80 3f80 3f80 3f80 3f80 3f80 3fc0 401f
case.macos.contraction_pair_bf16.safe.O2.contract-on.compile_options	air.compile.denorms_disable air.compile.fast_math_disable air.compile.framebuffer_fetch_enable
case.macos.contraction_pair_bf16.safe.O2.contract-on.float_operations	fmul fadd
case.macos.contraction_pair_bf16.safe.O2.contract-on.results	3f80 3f80 3f80 3f80 3f80 3f80 3fc0 401f
case.macos.contraction_pair_canonicalized.runtime.safe.opt-default.applied_options	math=safe,fpfun=precise,lang=3.1,opt=default
case.macos.contraction_pair_canonicalized.runtime.safe.opt-default.archived_options	air.compile.denorms_disable air.compile.fast_math_disable air.compile.framebuffer_fetch_enable
case.macos.contraction_pair_canonicalized.runtime.safe.opt-default.results	3f800000 3f800000 3f800000 3f800000 3f800000 3f800000 3fc58f9e 40200000
case.macos.contraction_pair_canonicalized.runtime.safe.opt-size.applied_options	math=safe,fpfun=precise,lang=3.1,opt=size
case.macos.contraction_pair_canonicalized.runtime.safe.opt-size.archived_options	air.compile.denorms_disable air.compile.fast_math_disable air.compile.framebuffer_fetch_enable
case.macos.contraction_pair_canonicalized.runtime.safe.opt-size.results	3f800000 3f800000 3f800000 3f800000 3f800000 3f800000 3fc58f9e 40200000
case.macos.contraction_pair_canonicalized.safe.O2.contract-fast.compile_options	air.compile.denorms_disable air.compile.fast_math_disable air.compile.framebuffer_fetch_enable
case.macos.contraction_pair_canonicalized.safe.O2.contract-fast.float_operations	fmul+contract fadd+contract
case.macos.contraction_pair_canonicalized.safe.O2.contract-fast.results	3f800000 3f800000 3f800000 3f800000 3f800000 3f800000 3fc58f9e 40200000
case.macos.contraction_pair_canonicalized.safe.O2.contract-off.compile_options	air.compile.denorms_disable air.compile.fast_math_disable air.compile.framebuffer_fetch_enable
case.macos.contraction_pair_canonicalized.safe.O2.contract-off.float_operations	fmul fadd
case.macos.contraction_pair_canonicalized.safe.O2.contract-off.results	3f800000 3f800000 3f800000 3f800000 3f800000 3f800000 3fc58f9e 40200000
case.macos.contraction_pair_canonicalized.safe.O2.contract-on.compile_options	air.compile.denorms_disable air.compile.fast_math_disable air.compile.framebuffer_fetch_enable
case.macos.contraction_pair_canonicalized.safe.O2.contract-on.float_operations	fmul fadd
case.macos.contraction_pair_canonicalized.safe.O2.contract-on.results	3f800000 3f800000 3f800000 3f800000 3f800000 3f800000 3fc58f9e 40200000
case.macos.contraction_pair_canonicalized_bf16.fast.O2.contract-fast.compile_options	air.compile.denorms_disable air.compile.fast_math_enable air.compile.framebuffer_fetch_enable
case.macos.contraction_pair_canonicalized_bf16.fast.O2.contract-fast.float_operations	fmul+fast fadd+fast
case.macos.contraction_pair_canonicalized_bf16.fast.O2.contract-fast.results	3f80 3f80 3f80 3f80 3f80 3f80 3fc0 401f
case.macos.contraction_pair_canonicalized_bf16.fast.O2.contract-off.compile_options	air.compile.denorms_disable air.compile.fast_math_enable air.compile.framebuffer_fetch_enable
case.macos.contraction_pair_canonicalized_bf16.fast.O2.contract-off.float_operations	fmul+reassoc+nnan+ninf+nsz+arcp+afn fadd+reassoc+nnan+ninf+nsz+arcp+afn
case.macos.contraction_pair_canonicalized_bf16.fast.O2.contract-off.results	3f80 3f80 3f80 3f80 3f80 3f80 3fc0 401f
case.macos.contraction_pair_canonicalized_bf16.fast.O2.contract-on.compile_options	air.compile.denorms_disable air.compile.fast_math_enable air.compile.framebuffer_fetch_enable
case.macos.contraction_pair_canonicalized_bf16.fast.O2.contract-on.float_operations	fmul+reassoc+nnan+ninf+nsz+arcp+afn fadd+reassoc+nnan+ninf+nsz+arcp+afn
case.macos.contraction_pair_canonicalized_bf16.fast.O2.contract-on.results	3f80 3f80 3f80 3f80 3f80 3f80 3fc0 401f
case.macos.contraction_pair_canonicalized_bf16.relaxed.O2.contract-fast.compile_options	air.compile.denorms_disable air.compile.fast_math_disable air.compile.framebuffer_fetch_enable
case.macos.contraction_pair_canonicalized_bf16.relaxed.O2.contract-fast.float_operations	fmul+reassoc+nsz+arcp+contract+afn fadd+reassoc+nsz+arcp+contract+afn
case.macos.contraction_pair_canonicalized_bf16.relaxed.O2.contract-fast.results	3f80 3f80 3f80 3f80 3f80 3f80 3fc0 401f
case.macos.contraction_pair_canonicalized_bf16.relaxed.O2.contract-off.compile_options	air.compile.denorms_disable air.compile.fast_math_disable air.compile.framebuffer_fetch_enable
case.macos.contraction_pair_canonicalized_bf16.relaxed.O2.contract-off.float_operations	fmul+reassoc+nsz+arcp+afn fadd+reassoc+nsz+arcp+afn
case.macos.contraction_pair_canonicalized_bf16.relaxed.O2.contract-off.results	3f80 3f80 3f80 3f80 3f80 3f80 3fc0 401f
case.macos.contraction_pair_canonicalized_bf16.relaxed.O2.contract-on.compile_options	air.compile.denorms_disable air.compile.fast_math_disable air.compile.framebuffer_fetch_enable
case.macos.contraction_pair_canonicalized_bf16.relaxed.O2.contract-on.float_operations	fmul+reassoc+nsz+arcp+afn fadd+reassoc+nsz+arcp+afn
case.macos.contraction_pair_canonicalized_bf16.relaxed.O2.contract-on.results	3f80 3f80 3f80 3f80 3f80 3f80 3fc0 401f
case.macos.contraction_pair_canonicalized_bf16.runtime.fast.opt-default.applied_options	math=fast,fpfun=precise,lang=3.1,opt=default
case.macos.contraction_pair_canonicalized_bf16.runtime.fast.opt-default.archived_options	air.compile.denorms_disable air.compile.fast_math_enable air.compile.framebuffer_fetch_enable
case.macos.contraction_pair_canonicalized_bf16.runtime.fast.opt-default.results	3f80 3f80 3f80 3f80 3f80 3f80 3fc0 401f
case.macos.contraction_pair_canonicalized_bf16.runtime.fast.opt-size.applied_options	math=fast,fpfun=precise,lang=3.1,opt=size
case.macos.contraction_pair_canonicalized_bf16.runtime.fast.opt-size.archived_options	air.compile.denorms_disable air.compile.fast_math_enable air.compile.framebuffer_fetch_enable
case.macos.contraction_pair_canonicalized_bf16.runtime.fast.opt-size.results	3f80 3f80 3f80 3f80 3f80 3f80 3fc0 401f
case.macos.contraction_pair_canonicalized_bf16.runtime.relaxed.opt-default.applied_options	math=relaxed,fpfun=precise,lang=3.1,opt=default
case.macos.contraction_pair_canonicalized_bf16.runtime.relaxed.opt-default.archived_options	air.compile.denorms_disable air.compile.fast_math_disable air.compile.framebuffer_fetch_enable
case.macos.contraction_pair_canonicalized_bf16.runtime.relaxed.opt-default.results	3f80 3f80 3f80 3f80 3f80 3f80 3fc0 401f
case.macos.contraction_pair_canonicalized_bf16.runtime.relaxed.opt-size.applied_options	math=relaxed,fpfun=precise,lang=3.1,opt=size
case.macos.contraction_pair_canonicalized_bf16.runtime.relaxed.opt-size.archived_options	air.compile.denorms_disable air.compile.fast_math_disable air.compile.framebuffer_fetch_enable
case.macos.contraction_pair_canonicalized_bf16.runtime.relaxed.opt-size.results	3f80 3f80 3f80 3f80 3f80 3f80 3fc0 401f
case.macos.contraction_pair_canonicalized_bf16.runtime.safe.opt-default.applied_options	math=safe,fpfun=precise,lang=3.1,opt=default
case.macos.contraction_pair_canonicalized_bf16.runtime.safe.opt-default.archived_options	air.compile.denorms_disable air.compile.fast_math_disable air.compile.framebuffer_fetch_enable
case.macos.contraction_pair_canonicalized_bf16.runtime.safe.opt-default.results	3f80 3f80 3f80 3f80 3f80 3f80 3fc0 401f
case.macos.contraction_pair_canonicalized_bf16.runtime.safe.opt-size.applied_options	math=safe,fpfun=precise,lang=3.1,opt=size
case.macos.contraction_pair_canonicalized_bf16.runtime.safe.opt-size.archived_options	air.compile.denorms_disable air.compile.fast_math_disable air.compile.framebuffer_fetch_enable
case.macos.contraction_pair_canonicalized_bf16.runtime.safe.opt-size.results	3f80 3f80 3f80 3f80 3f80 3f80 3fc0 401f
case.macos.contraction_pair_canonicalized_bf16.safe.O2.contract-fast.compile_options	air.compile.denorms_disable air.compile.fast_math_disable air.compile.framebuffer_fetch_enable
case.macos.contraction_pair_canonicalized_bf16.safe.O2.contract-fast.float_operations	fmul+contract fadd+contract
case.macos.contraction_pair_canonicalized_bf16.safe.O2.contract-fast.results	3f80 3f80 3f80 3f80 3f80 3f80 3fc0 401f
case.macos.contraction_pair_canonicalized_bf16.safe.O2.contract-off.compile_options	air.compile.denorms_disable air.compile.fast_math_disable air.compile.framebuffer_fetch_enable
case.macos.contraction_pair_canonicalized_bf16.safe.O2.contract-off.float_operations	fmul fadd
case.macos.contraction_pair_canonicalized_bf16.safe.O2.contract-off.results	3f80 3f80 3f80 3f80 3f80 3f80 3fc0 401f
case.macos.contraction_pair_canonicalized_bf16.safe.O2.contract-on.compile_options	air.compile.denorms_disable air.compile.fast_math_disable air.compile.framebuffer_fetch_enable
case.macos.contraction_pair_canonicalized_bf16.safe.O2.contract-on.float_operations	fmul fadd
case.macos.contraction_pair_canonicalized_bf16.safe.O2.contract-on.results	3f80 3f80 3f80 3f80 3f80 3f80 3fc0 401f
case.macos.contraction_pair_canonicalized_f16.fast.O2.contract-fast.compile_options	air.compile.denorms_disable air.compile.fast_math_enable air.compile.framebuffer_fetch_enable
case.macos.contraction_pair_canonicalized_f16.fast.O2.contract-fast.float_operations	fmul+fast fadd+fast
case.macos.contraction_pair_canonicalized_f16.fast.O2.contract-fast.results	3c00 3c00 3c00 3c00 3c00 3c00 3e00 4101
case.macos.contraction_pair_canonicalized_f16.fast.O2.contract-off.compile_options	air.compile.denorms_disable air.compile.fast_math_enable air.compile.framebuffer_fetch_enable
case.macos.contraction_pair_canonicalized_f16.fast.O2.contract-off.float_operations	fmul+reassoc+nnan+ninf+nsz+arcp+afn fadd+reassoc+nnan+ninf+nsz+arcp+afn
case.macos.contraction_pair_canonicalized_f16.fast.O2.contract-off.results	3c00 3c00 3c00 3c00 3c00 3c00 3e00 4101
case.macos.contraction_pair_canonicalized_f16.fast.O2.contract-on.compile_options	air.compile.denorms_disable air.compile.fast_math_enable air.compile.framebuffer_fetch_enable
case.macos.contraction_pair_canonicalized_f16.fast.O2.contract-on.float_operations	fmul+reassoc+nnan+ninf+nsz+arcp+afn fadd+reassoc+nnan+ninf+nsz+arcp+afn
case.macos.contraction_pair_canonicalized_f16.fast.O2.contract-on.results	3c00 3c00 3c00 3c00 3c00 3c00 3e00 4101
case.macos.contraction_pair_canonicalized_f16.relaxed.O2.contract-fast.compile_options	air.compile.denorms_disable air.compile.fast_math_disable air.compile.framebuffer_fetch_enable
case.macos.contraction_pair_canonicalized_f16.relaxed.O2.contract-fast.float_operations	fmul+reassoc+nsz+arcp+contract+afn fadd+reassoc+nsz+arcp+contract+afn
case.macos.contraction_pair_canonicalized_f16.relaxed.O2.contract-fast.results	3c00 3c00 3c00 3c00 3c00 3c00 3e00 4101
case.macos.contraction_pair_canonicalized_f16.relaxed.O2.contract-off.compile_options	air.compile.denorms_disable air.compile.fast_math_disable air.compile.framebuffer_fetch_enable
case.macos.contraction_pair_canonicalized_f16.relaxed.O2.contract-off.float_operations	fmul+reassoc+nsz+arcp+afn fadd+reassoc+nsz+arcp+afn
case.macos.contraction_pair_canonicalized_f16.relaxed.O2.contract-off.results	3c00 3c00 3c00 3c00 3c00 3c00 3e00 4101
case.macos.contraction_pair_canonicalized_f16.relaxed.O2.contract-on.compile_options	air.compile.denorms_disable air.compile.fast_math_disable air.compile.framebuffer_fetch_enable
case.macos.contraction_pair_canonicalized_f16.relaxed.O2.contract-on.float_operations	fmul+reassoc+nsz+arcp+afn fadd+reassoc+nsz+arcp+afn
case.macos.contraction_pair_canonicalized_f16.relaxed.O2.contract-on.results	3c00 3c00 3c00 3c00 3c00 3c00 3e00 4101
case.macos.contraction_pair_canonicalized_f16.runtime.fast.opt-default.applied_options	math=fast,fpfun=precise,lang=3.1,opt=default
case.macos.contraction_pair_canonicalized_f16.runtime.fast.opt-default.archived_options	air.compile.denorms_disable air.compile.fast_math_enable air.compile.framebuffer_fetch_enable
case.macos.contraction_pair_canonicalized_f16.runtime.fast.opt-default.results	3c00 3c00 3c00 3c00 3c00 3c00 3e00 4101
case.macos.contraction_pair_canonicalized_f16.runtime.fast.opt-size.applied_options	math=fast,fpfun=precise,lang=3.1,opt=size
case.macos.contraction_pair_canonicalized_f16.runtime.fast.opt-size.archived_options	air.compile.denorms_disable air.compile.fast_math_enable air.compile.framebuffer_fetch_enable
case.macos.contraction_pair_canonicalized_f16.runtime.fast.opt-size.results	3c00 3c00 3c00 3c00 3c00 3c00 3e00 4101
case.macos.contraction_pair_canonicalized_f16.runtime.relaxed.opt-default.applied_options	math=relaxed,fpfun=precise,lang=3.1,opt=default
case.macos.contraction_pair_canonicalized_f16.runtime.relaxed.opt-default.archived_options	air.compile.denorms_disable air.compile.fast_math_disable air.compile.framebuffer_fetch_enable
case.macos.contraction_pair_canonicalized_f16.runtime.relaxed.opt-default.results	3c00 3c00 3c00 3c00 3c00 3c00 3e00 4101
case.macos.contraction_pair_canonicalized_f16.runtime.relaxed.opt-size.applied_options	math=relaxed,fpfun=precise,lang=3.1,opt=size
case.macos.contraction_pair_canonicalized_f16.runtime.relaxed.opt-size.archived_options	air.compile.denorms_disable air.compile.fast_math_disable air.compile.framebuffer_fetch_enable
case.macos.contraction_pair_canonicalized_f16.runtime.relaxed.opt-size.results	3c00 3c00 3c00 3c00 3c00 3c00 3e00 4101
case.macos.contraction_pair_canonicalized_f16.runtime.safe.opt-default.applied_options	math=safe,fpfun=precise,lang=3.1,opt=default
case.macos.contraction_pair_canonicalized_f16.runtime.safe.opt-default.archived_options	air.compile.denorms_disable air.compile.fast_math_disable air.compile.framebuffer_fetch_enable
case.macos.contraction_pair_canonicalized_f16.runtime.safe.opt-default.results	3c00 3c00 3c00 3c00 3c00 3c00 3e00 4101
case.macos.contraction_pair_canonicalized_f16.runtime.safe.opt-size.applied_options	math=safe,fpfun=precise,lang=3.1,opt=size
case.macos.contraction_pair_canonicalized_f16.runtime.safe.opt-size.archived_options	air.compile.denorms_disable air.compile.fast_math_disable air.compile.framebuffer_fetch_enable
case.macos.contraction_pair_canonicalized_f16.runtime.safe.opt-size.results	3c00 3c00 3c00 3c00 3c00 3c00 3e00 4101
case.macos.contraction_pair_canonicalized_f16.safe.O2.contract-fast.compile_options	air.compile.denorms_disable air.compile.fast_math_disable air.compile.framebuffer_fetch_enable
case.macos.contraction_pair_canonicalized_f16.safe.O2.contract-fast.float_operations	fmul+contract fadd+contract
case.macos.contraction_pair_canonicalized_f16.safe.O2.contract-fast.results	3c00 3c00 3c00 3c00 3c00 3c00 3e00 4101
case.macos.contraction_pair_canonicalized_f16.safe.O2.contract-off.compile_options	air.compile.denorms_disable air.compile.fast_math_disable air.compile.framebuffer_fetch_enable
case.macos.contraction_pair_canonicalized_f16.safe.O2.contract-off.float_operations	fmul fadd
case.macos.contraction_pair_canonicalized_f16.safe.O2.contract-off.results	3c00 3c00 3c00 3c00 3c00 3c00 3e00 4101
case.macos.contraction_pair_canonicalized_f16.safe.O2.contract-on.compile_options	air.compile.denorms_disable air.compile.fast_math_disable air.compile.framebuffer_fetch_enable
case.macos.contraction_pair_canonicalized_f16.safe.O2.contract-on.float_operations	fmul fadd
case.macos.contraction_pair_canonicalized_f16.safe.O2.contract-on.results	3c00 3c00 3c00 3c00 3c00 3c00 3e00 4101
case.macos.contraction_pair_f16.fast.O2.contract-fast.compile_options	air.compile.denorms_disable air.compile.fast_math_enable air.compile.framebuffer_fetch_enable
case.macos.contraction_pair_f16.fast.O2.contract-fast.float_operations	fmul+fast fadd+fast
case.macos.contraction_pair_f16.fast.O2.contract-fast.results	3c00 3c00 3c00 3c00 3c00 3c00 3e01 4101
case.macos.contraction_pair_f16.fast.O2.contract-off.compile_options	air.compile.denorms_disable air.compile.fast_math_enable air.compile.framebuffer_fetch_enable
case.macos.contraction_pair_f16.fast.O2.contract-off.float_operations	fmul+reassoc+nnan+ninf+nsz+arcp+afn fadd+reassoc+nnan+ninf+nsz+arcp+afn
case.macos.contraction_pair_f16.fast.O2.contract-off.results	3c00 3c00 3c00 3c00 3c00 3c00 3e00 4101
case.macos.contraction_pair_f16.fast.O2.contract-on.compile_options	air.compile.denorms_disable air.compile.fast_math_enable air.compile.framebuffer_fetch_enable
case.macos.contraction_pair_f16.fast.O2.contract-on.float_operations	fmul+reassoc+nnan+ninf+nsz+arcp+afn fadd+reassoc+nnan+ninf+nsz+arcp+afn
case.macos.contraction_pair_f16.fast.O2.contract-on.results	3c00 3c00 3c00 3c00 3c00 3c00 3e00 4101
case.macos.contraction_pair_f16.relaxed.O2.contract-fast.compile_options	air.compile.denorms_disable air.compile.fast_math_disable air.compile.framebuffer_fetch_enable
case.macos.contraction_pair_f16.relaxed.O2.contract-fast.float_operations	fmul+reassoc+nsz+arcp+contract+afn fadd+reassoc+nsz+arcp+contract+afn
case.macos.contraction_pair_f16.relaxed.O2.contract-fast.results	3c00 3c00 3c00 3c00 3c00 3c00 3e01 4101
case.macos.contraction_pair_f16.relaxed.O2.contract-off.compile_options	air.compile.denorms_disable air.compile.fast_math_disable air.compile.framebuffer_fetch_enable
case.macos.contraction_pair_f16.relaxed.O2.contract-off.float_operations	fmul+reassoc+nsz+arcp+afn fadd+reassoc+nsz+arcp+afn
case.macos.contraction_pair_f16.relaxed.O2.contract-off.results	3c00 3c00 3c00 3c00 3c00 3c00 3e00 4101
case.macos.contraction_pair_f16.relaxed.O2.contract-on.compile_options	air.compile.denorms_disable air.compile.fast_math_disable air.compile.framebuffer_fetch_enable
case.macos.contraction_pair_f16.relaxed.O2.contract-on.float_operations	fmul+reassoc+nsz+arcp+afn fadd+reassoc+nsz+arcp+afn
case.macos.contraction_pair_f16.relaxed.O2.contract-on.results	3c00 3c00 3c00 3c00 3c00 3c00 3e00 4101
case.macos.contraction_pair_f16.runtime.fast.opt-default.applied_options	math=fast,fpfun=precise,lang=3.1,opt=default
case.macos.contraction_pair_f16.runtime.fast.opt-default.archived_options	air.compile.denorms_disable air.compile.fast_math_enable air.compile.framebuffer_fetch_enable
case.macos.contraction_pair_f16.runtime.fast.opt-default.results	3c00 3c00 3c00 3c00 3c00 3c00 3e01 4101
case.macos.contraction_pair_f16.runtime.fast.opt-size.applied_options	math=fast,fpfun=precise,lang=3.1,opt=size
case.macos.contraction_pair_f16.runtime.fast.opt-size.archived_options	air.compile.denorms_disable air.compile.fast_math_enable air.compile.framebuffer_fetch_enable
case.macos.contraction_pair_f16.runtime.fast.opt-size.results	3c00 3c00 3c00 3c00 3c00 3c00 3e01 4101
case.macos.contraction_pair_f16.runtime.relaxed.opt-default.applied_options	math=relaxed,fpfun=precise,lang=3.1,opt=default
case.macos.contraction_pair_f16.runtime.relaxed.opt-default.archived_options	air.compile.denorms_disable air.compile.fast_math_disable air.compile.framebuffer_fetch_enable
case.macos.contraction_pair_f16.runtime.relaxed.opt-default.results	3c00 3c00 3c00 3c00 3c00 3c00 3e01 4101
case.macos.contraction_pair_f16.runtime.relaxed.opt-size.applied_options	math=relaxed,fpfun=precise,lang=3.1,opt=size
case.macos.contraction_pair_f16.runtime.relaxed.opt-size.archived_options	air.compile.denorms_disable air.compile.fast_math_disable air.compile.framebuffer_fetch_enable
case.macos.contraction_pair_f16.runtime.relaxed.opt-size.results	3c00 3c00 3c00 3c00 3c00 3c00 3e01 4101
case.macos.contraction_pair_f16.runtime.safe.opt-default.applied_options	math=safe,fpfun=precise,lang=3.1,opt=default
case.macos.contraction_pair_f16.runtime.safe.opt-default.archived_options	air.compile.denorms_disable air.compile.fast_math_disable air.compile.framebuffer_fetch_enable
case.macos.contraction_pair_f16.runtime.safe.opt-default.results	3c00 3c00 3c00 3c00 3c00 3c00 3e00 4101
case.macos.contraction_pair_f16.runtime.safe.opt-size.applied_options	math=safe,fpfun=precise,lang=3.1,opt=size
case.macos.contraction_pair_f16.runtime.safe.opt-size.archived_options	air.compile.denorms_disable air.compile.fast_math_disable air.compile.framebuffer_fetch_enable
case.macos.contraction_pair_f16.runtime.safe.opt-size.results	3c00 3c00 3c00 3c00 3c00 3c00 3e00 4101
case.macos.contraction_pair_f16.safe.O2.contract-fast.compile_options	air.compile.denorms_disable air.compile.fast_math_disable air.compile.framebuffer_fetch_enable
case.macos.contraction_pair_f16.safe.O2.contract-fast.float_operations	fmul+contract fadd+contract
case.macos.contraction_pair_f16.safe.O2.contract-fast.results	3c00 3c00 3c00 3c00 3c00 3c00 3e01 4101
case.macos.contraction_pair_f16.safe.O2.contract-off.compile_options	air.compile.denorms_disable air.compile.fast_math_disable air.compile.framebuffer_fetch_enable
case.macos.contraction_pair_f16.safe.O2.contract-off.float_operations	fmul fadd
case.macos.contraction_pair_f16.safe.O2.contract-off.results	3c00 3c00 3c00 3c00 3c00 3c00 3e00 4101
case.macos.contraction_pair_f16.safe.O2.contract-on.compile_options	air.compile.denorms_disable air.compile.fast_math_disable air.compile.framebuffer_fetch_enable
case.macos.contraction_pair_f16.safe.O2.contract-on.float_operations	fmul fadd
case.macos.contraction_pair_f16.safe.O2.contract-on.results	3c00 3c00 3c00 3c00 3c00 3c00 3e00 4101
case.macos.divide_by_half.runtime.safe.opt-default.applied_options	math=safe,fpfun=precise,lang=3.1,opt=default
case.macos.divide_by_half.runtime.safe.opt-default.archived_options	air.compile.denorms_disable air.compile.fast_math_disable air.compile.framebuffer_fetch_enable
case.macos.divide_by_half.runtime.safe.opt-default.results	00000000 00000000 00000000 01000000 80000000 80000000 3f397ef9 40000000
case.macos.divide_by_half.runtime.safe.opt-size.applied_options	math=safe,fpfun=precise,lang=3.1,opt=size
case.macos.divide_by_half.runtime.safe.opt-size.archived_options	air.compile.denorms_disable air.compile.fast_math_disable air.compile.framebuffer_fetch_enable
case.macos.divide_by_half.runtime.safe.opt-size.results	00000000 00000000 00000000 01000000 80000000 80000000 3f397ef9 40000000
case.macos.divide_by_half.safe.O2.contract-off.compile_options	air.compile.denorms_disable air.compile.fast_math_disable air.compile.framebuffer_fetch_enable
case.macos.divide_by_half.safe.O2.contract-off.float_operations	fmul
case.macos.divide_by_half.safe.O2.contract-off.results	00000000 00000000 00000000 01000000 80000000 80000000 3f397ef9 40000000
case.macos.divide_by_three.fast.O2.contract-off.compile_options	air.compile.denorms_disable air.compile.fast_math_enable air.compile.framebuffer_fetch_enable
case.macos.divide_by_three.fast.O2.contract-off.float_operations	fmul+reassoc+nnan+ninf+nsz+arcp+afn
case.macos.divide_by_three.fast.O2.contract-off.results	00000000 00000000 00000000 00000000 80000000 80000000 3df753f7 3eaaaaab
case.macos.divide_by_three.relaxed.O2.contract-off.compile_options	air.compile.denorms_disable air.compile.fast_math_disable air.compile.framebuffer_fetch_enable
case.macos.divide_by_three.relaxed.O2.contract-off.float_operations	fmul+reassoc+nsz+arcp+afn
case.macos.divide_by_three.relaxed.O2.contract-off.results	00000000 00000000 00000000 00000000 80000000 80000000 3df753f7 3eaaaaab
case.macos.divide_by_three.runtime.fast.opt-default.applied_options	math=fast,fpfun=precise,lang=3.1,opt=default
case.macos.divide_by_three.runtime.fast.opt-default.archived_options	air.compile.denorms_disable air.compile.fast_math_enable air.compile.framebuffer_fetch_enable
case.macos.divide_by_three.runtime.fast.opt-default.results	00000000 00000000 00000000 00000000 80000000 80000000 3df753f7 3eaaaaab
case.macos.divide_by_three.runtime.fast.opt-size.applied_options	math=fast,fpfun=precise,lang=3.1,opt=size
case.macos.divide_by_three.runtime.fast.opt-size.archived_options	air.compile.denorms_disable air.compile.fast_math_enable air.compile.framebuffer_fetch_enable
case.macos.divide_by_three.runtime.fast.opt-size.results	00000000 00000000 00000000 00000000 80000000 80000000 3df753f7 3eaaaaab
case.macos.divide_by_three.runtime.relaxed.opt-default.applied_options	math=relaxed,fpfun=precise,lang=3.1,opt=default
case.macos.divide_by_three.runtime.relaxed.opt-default.archived_options	air.compile.denorms_disable air.compile.fast_math_disable air.compile.framebuffer_fetch_enable
case.macos.divide_by_three.runtime.relaxed.opt-default.results	00000000 00000000 00000000 00000000 80000000 80000000 3df753f7 3eaaaaab
case.macos.divide_by_three.runtime.relaxed.opt-size.applied_options	math=relaxed,fpfun=precise,lang=3.1,opt=size
case.macos.divide_by_three.runtime.relaxed.opt-size.archived_options	air.compile.denorms_disable air.compile.fast_math_disable air.compile.framebuffer_fetch_enable
case.macos.divide_by_three.runtime.relaxed.opt-size.results	00000000 00000000 00000000 00000000 80000000 80000000 3df753f7 3eaaaaab
case.macos.divide_by_three.runtime.safe.opt-default.applied_options	math=safe,fpfun=precise,lang=3.1,opt=default
case.macos.divide_by_three.runtime.safe.opt-default.archived_options	air.compile.denorms_disable air.compile.fast_math_disable air.compile.framebuffer_fetch_enable
case.macos.divide_by_three.runtime.safe.opt-default.results	00000000 00000000 00000000 00000000 80000000 80000000 3df753f7 3eaaaaab
case.macos.divide_by_three.runtime.safe.opt-size.applied_options	math=safe,fpfun=precise,lang=3.1,opt=size
case.macos.divide_by_three.runtime.safe.opt-size.archived_options	air.compile.denorms_disable air.compile.fast_math_disable air.compile.framebuffer_fetch_enable
case.macos.divide_by_three.runtime.safe.opt-size.results	00000000 00000000 00000000 00000000 80000000 80000000 3df753f7 3eaaaaab
case.macos.divide_by_three.safe.O2.contract-off.compile_options	air.compile.denorms_disable air.compile.fast_math_disable air.compile.framebuffer_fetch_enable
case.macos.divide_by_three.safe.O2.contract-off.float_operations	fdiv
case.macos.divide_by_three.safe.O2.contract-off.results	00000000 00000000 00000000 00000000 80000000 80000000 3df753f7 3eaaaaab
case.macos.divide_by_three_bf16.fast.O2.contract-off.compile_options	air.compile.denorms_disable air.compile.fast_math_enable air.compile.framebuffer_fetch_enable
case.macos.divide_by_three_bf16.fast.O2.contract-off.float_operations	fmul+reassoc+nnan+ninf+nsz+arcp+afn
case.macos.divide_by_three_bf16.fast.O2.contract-off.results	0000 0000 0000 0000 8000 8000 3de4 3eab
case.macos.divide_by_three_bf16.relaxed.O2.contract-off.compile_options	air.compile.denorms_disable air.compile.fast_math_disable air.compile.framebuffer_fetch_enable
case.macos.divide_by_three_bf16.relaxed.O2.contract-off.float_operations	fmul+reassoc+nsz+arcp+afn
case.macos.divide_by_three_bf16.relaxed.O2.contract-off.results	0000 0000 0000 0000 8000 8000 3de4 3eab
case.macos.divide_by_three_bf16.runtime.fast.opt-default.applied_options	math=fast,fpfun=precise,lang=3.1,opt=default
case.macos.divide_by_three_bf16.runtime.fast.opt-default.archived_options	air.compile.denorms_disable air.compile.fast_math_enable air.compile.framebuffer_fetch_enable
case.macos.divide_by_three_bf16.runtime.fast.opt-default.results	0000 0000 0000 0000 8000 8000 3de4 3eab
case.macos.divide_by_three_bf16.runtime.fast.opt-size.applied_options	math=fast,fpfun=precise,lang=3.1,opt=size
case.macos.divide_by_three_bf16.runtime.fast.opt-size.archived_options	air.compile.denorms_disable air.compile.fast_math_enable air.compile.framebuffer_fetch_enable
case.macos.divide_by_three_bf16.runtime.fast.opt-size.results	0000 0000 0000 0000 8000 8000 3de4 3eab
case.macos.divide_by_three_bf16.runtime.relaxed.opt-default.applied_options	math=relaxed,fpfun=precise,lang=3.1,opt=default
case.macos.divide_by_three_bf16.runtime.relaxed.opt-default.archived_options	air.compile.denorms_disable air.compile.fast_math_disable air.compile.framebuffer_fetch_enable
case.macos.divide_by_three_bf16.runtime.relaxed.opt-default.results	0000 0000 0000 0000 8000 8000 3de4 3eab
case.macos.divide_by_three_bf16.runtime.relaxed.opt-size.applied_options	math=relaxed,fpfun=precise,lang=3.1,opt=size
case.macos.divide_by_three_bf16.runtime.relaxed.opt-size.archived_options	air.compile.denorms_disable air.compile.fast_math_disable air.compile.framebuffer_fetch_enable
case.macos.divide_by_three_bf16.runtime.relaxed.opt-size.results	0000 0000 0000 0000 8000 8000 3de4 3eab
case.macos.divide_by_three_bf16.runtime.safe.opt-default.applied_options	math=safe,fpfun=precise,lang=3.1,opt=default
case.macos.divide_by_three_bf16.runtime.safe.opt-default.archived_options	air.compile.denorms_disable air.compile.fast_math_disable air.compile.framebuffer_fetch_enable
case.macos.divide_by_three_bf16.runtime.safe.opt-default.results	0000 0000 0000 0000 8000 8000 3de4 3eab
case.macos.divide_by_three_bf16.runtime.safe.opt-size.applied_options	math=safe,fpfun=precise,lang=3.1,opt=size
case.macos.divide_by_three_bf16.runtime.safe.opt-size.archived_options	air.compile.denorms_disable air.compile.fast_math_disable air.compile.framebuffer_fetch_enable
case.macos.divide_by_three_bf16.runtime.safe.opt-size.results	0000 0000 0000 0000 8000 8000 3de4 3eab
case.macos.divide_by_three_bf16.safe.O2.contract-off.compile_options	air.compile.denorms_disable air.compile.fast_math_disable air.compile.framebuffer_fetch_enable
case.macos.divide_by_three_bf16.safe.O2.contract-off.float_operations	fdiv
case.macos.divide_by_three_bf16.safe.O2.contract-off.results	0000 0000 0000 0000 8000 8000 3de4 3eab
case.macos.divide_by_three_eighths.fast.O2.contract-off.compile_options	air.compile.denorms_disable air.compile.fast_math_enable air.compile.framebuffer_fetch_enable
case.macos.divide_by_three_eighths.fast.O2.contract-off.float_operations	fmul+reassoc+nnan+ninf+nsz+arcp+afn
case.macos.divide_by_three_eighths.fast.O2.contract-off.results	00000000 00000000 00000000 012aaaab 80000000 80000000 3f7753f7 402aaaab
case.macos.divide_by_three_eighths.relaxed.O2.contract-off.compile_options	air.compile.denorms_disable air.compile.fast_math_disable air.compile.framebuffer_fetch_enable
case.macos.divide_by_three_eighths.relaxed.O2.contract-off.float_operations	fmul+reassoc+nsz+arcp+afn
case.macos.divide_by_three_eighths.relaxed.O2.contract-off.results	00000000 00000000 00000000 012aaaab 80000000 80000000 3f7753f7 402aaaab
case.macos.divide_by_three_eighths.runtime.fast.opt-default.applied_options	math=fast,fpfun=precise,lang=3.1,opt=default
case.macos.divide_by_three_eighths.runtime.fast.opt-default.archived_options	air.compile.denorms_disable air.compile.fast_math_enable air.compile.framebuffer_fetch_enable
case.macos.divide_by_three_eighths.runtime.fast.opt-default.results	00000000 00000000 00000000 012aaaab 80000000 80000000 3f7753f7 402aaaab
case.macos.divide_by_three_eighths.runtime.fast.opt-size.applied_options	math=fast,fpfun=precise,lang=3.1,opt=size
case.macos.divide_by_three_eighths.runtime.fast.opt-size.archived_options	air.compile.denorms_disable air.compile.fast_math_enable air.compile.framebuffer_fetch_enable
case.macos.divide_by_three_eighths.runtime.fast.opt-size.results	00000000 00000000 00000000 012aaaab 80000000 80000000 3f7753f7 402aaaab
case.macos.divide_by_three_eighths.runtime.relaxed.opt-default.applied_options	math=relaxed,fpfun=precise,lang=3.1,opt=default
case.macos.divide_by_three_eighths.runtime.relaxed.opt-default.archived_options	air.compile.denorms_disable air.compile.fast_math_disable air.compile.framebuffer_fetch_enable
case.macos.divide_by_three_eighths.runtime.relaxed.opt-default.results	00000000 00000000 00000000 012aaaab 80000000 80000000 3f7753f7 402aaaab
case.macos.divide_by_three_eighths.runtime.relaxed.opt-size.applied_options	math=relaxed,fpfun=precise,lang=3.1,opt=size
case.macos.divide_by_three_eighths.runtime.relaxed.opt-size.archived_options	air.compile.denorms_disable air.compile.fast_math_disable air.compile.framebuffer_fetch_enable
case.macos.divide_by_three_eighths.runtime.relaxed.opt-size.results	00000000 00000000 00000000 012aaaab 80000000 80000000 3f7753f7 402aaaab
case.macos.divide_by_three_eighths.runtime.safe.opt-default.applied_options	math=safe,fpfun=precise,lang=3.1,opt=default
case.macos.divide_by_three_eighths.runtime.safe.opt-default.archived_options	air.compile.denorms_disable air.compile.fast_math_disable air.compile.framebuffer_fetch_enable
case.macos.divide_by_three_eighths.runtime.safe.opt-default.results	00000000 00000000 00000000 012aaaab 80000000 80000000 3f7753f7 402aaaab
case.macos.divide_by_three_eighths.runtime.safe.opt-size.applied_options	math=safe,fpfun=precise,lang=3.1,opt=size
case.macos.divide_by_three_eighths.runtime.safe.opt-size.archived_options	air.compile.denorms_disable air.compile.fast_math_disable air.compile.framebuffer_fetch_enable
case.macos.divide_by_three_eighths.runtime.safe.opt-size.results	00000000 00000000 00000000 012aaaab 80000000 80000000 3f7753f7 402aaaab
case.macos.divide_by_three_eighths.safe.O2.contract-off.compile_options	air.compile.denorms_disable air.compile.fast_math_disable air.compile.framebuffer_fetch_enable
case.macos.divide_by_three_eighths.safe.O2.contract-off.float_operations	fdiv
case.macos.divide_by_three_eighths.safe.O2.contract-off.results	00000000 00000000 00000000 012aaaab 80000000 80000000 3f7753f7 402aaaab
case.macos.divide_by_three_eighths_bf16.fast.O2.contract-off.compile_options	air.compile.denorms_disable air.compile.fast_math_enable air.compile.framebuffer_fetch_enable
case.macos.divide_by_three_eighths_bf16.fast.O2.contract-off.float_operations	fmul+reassoc+nnan+ninf+nsz+arcp+afn
case.macos.divide_by_three_eighths_bf16.fast.O2.contract-off.results	0000 0000 0000 012b 8000 8000 3f64 402b
case.macos.divide_by_three_eighths_bf16.relaxed.O2.contract-off.compile_options	air.compile.denorms_disable air.compile.fast_math_disable air.compile.framebuffer_fetch_enable
case.macos.divide_by_three_eighths_bf16.relaxed.O2.contract-off.float_operations	fmul+reassoc+nsz+arcp+afn
case.macos.divide_by_three_eighths_bf16.relaxed.O2.contract-off.results	0000 0000 0000 012b 8000 8000 3f64 402b
case.macos.divide_by_three_eighths_bf16.runtime.fast.opt-default.applied_options	math=fast,fpfun=precise,lang=3.1,opt=default
case.macos.divide_by_three_eighths_bf16.runtime.fast.opt-default.archived_options	air.compile.denorms_disable air.compile.fast_math_enable air.compile.framebuffer_fetch_enable
case.macos.divide_by_three_eighths_bf16.runtime.fast.opt-default.results	0000 0000 0000 012b 8000 8000 3f64 402b
case.macos.divide_by_three_eighths_bf16.runtime.fast.opt-size.applied_options	math=fast,fpfun=precise,lang=3.1,opt=size
case.macos.divide_by_three_eighths_bf16.runtime.fast.opt-size.archived_options	air.compile.denorms_disable air.compile.fast_math_enable air.compile.framebuffer_fetch_enable
case.macos.divide_by_three_eighths_bf16.runtime.fast.opt-size.results	0000 0000 0000 012b 8000 8000 3f64 402b
case.macos.divide_by_three_eighths_bf16.runtime.relaxed.opt-default.applied_options	math=relaxed,fpfun=precise,lang=3.1,opt=default
case.macos.divide_by_three_eighths_bf16.runtime.relaxed.opt-default.archived_options	air.compile.denorms_disable air.compile.fast_math_disable air.compile.framebuffer_fetch_enable
case.macos.divide_by_three_eighths_bf16.runtime.relaxed.opt-default.results	0000 0000 0000 012b 8000 8000 3f64 402b
case.macos.divide_by_three_eighths_bf16.runtime.relaxed.opt-size.applied_options	math=relaxed,fpfun=precise,lang=3.1,opt=size
case.macos.divide_by_three_eighths_bf16.runtime.relaxed.opt-size.archived_options	air.compile.denorms_disable air.compile.fast_math_disable air.compile.framebuffer_fetch_enable
case.macos.divide_by_three_eighths_bf16.runtime.relaxed.opt-size.results	0000 0000 0000 012b 8000 8000 3f64 402b
case.macos.divide_by_three_eighths_bf16.runtime.safe.opt-default.applied_options	math=safe,fpfun=precise,lang=3.1,opt=default
case.macos.divide_by_three_eighths_bf16.runtime.safe.opt-default.archived_options	air.compile.denorms_disable air.compile.fast_math_disable air.compile.framebuffer_fetch_enable
case.macos.divide_by_three_eighths_bf16.runtime.safe.opt-default.results	0000 0000 0000 012b 8000 8000 3f64 402b
case.macos.divide_by_three_eighths_bf16.runtime.safe.opt-size.applied_options	math=safe,fpfun=precise,lang=3.1,opt=size
case.macos.divide_by_three_eighths_bf16.runtime.safe.opt-size.archived_options	air.compile.denorms_disable air.compile.fast_math_disable air.compile.framebuffer_fetch_enable
case.macos.divide_by_three_eighths_bf16.runtime.safe.opt-size.results	0000 0000 0000 012b 8000 8000 3f64 402b
case.macos.divide_by_three_eighths_bf16.safe.O2.contract-off.compile_options	air.compile.denorms_disable air.compile.fast_math_disable air.compile.framebuffer_fetch_enable
case.macos.divide_by_three_eighths_bf16.safe.O2.contract-off.float_operations	fdiv
case.macos.divide_by_three_eighths_bf16.safe.O2.contract-off.results	0000 0000 0000 012b 8000 8000 3f64 402b
case.macos.divide_by_three_eighths_f16.fast.O2.contract-off.compile_options	air.compile.denorms_disable air.compile.fast_math_enable air.compile.framebuffer_fetch_enable
case.macos.divide_by_three_eighths_f16.fast.O2.contract-off.float_operations	fmul+reassoc+nnan+ninf+nsz+arcp+afn
case.macos.divide_by_three_eighths_f16.fast.O2.contract-off.results	0003 0555 0954 0955 8555 8000 3b1c 4155
case.macos.divide_by_three_eighths_f16.relaxed.O2.contract-off.compile_options	air.compile.denorms_disable air.compile.fast_math_disable air.compile.framebuffer_fetch_enable
case.macos.divide_by_three_eighths_f16.relaxed.O2.contract-off.float_operations	fmul+reassoc+nsz+arcp+afn
case.macos.divide_by_three_eighths_f16.relaxed.O2.contract-off.results	0003 0555 0954 0955 8555 8000 3b1c 4155
case.macos.divide_by_three_eighths_f16.runtime.fast.opt-default.applied_options	math=fast,fpfun=precise,lang=3.1,opt=default
case.macos.divide_by_three_eighths_f16.runtime.fast.opt-default.archived_options	air.compile.denorms_disable air.compile.fast_math_enable air.compile.framebuffer_fetch_enable
case.macos.divide_by_three_eighths_f16.runtime.fast.opt-default.results	0003 0555 0954 0955 8555 8000 3b1c 4155
case.macos.divide_by_three_eighths_f16.runtime.fast.opt-size.applied_options	math=fast,fpfun=precise,lang=3.1,opt=size
case.macos.divide_by_three_eighths_f16.runtime.fast.opt-size.archived_options	air.compile.denorms_disable air.compile.fast_math_enable air.compile.framebuffer_fetch_enable
case.macos.divide_by_three_eighths_f16.runtime.fast.opt-size.results	0003 0555 0954 0955 8555 8000 3b1c 4155
case.macos.divide_by_three_eighths_f16.runtime.relaxed.opt-default.applied_options	math=relaxed,fpfun=precise,lang=3.1,opt=default
case.macos.divide_by_three_eighths_f16.runtime.relaxed.opt-default.archived_options	air.compile.denorms_disable air.compile.fast_math_disable air.compile.framebuffer_fetch_enable
case.macos.divide_by_three_eighths_f16.runtime.relaxed.opt-default.results	0003 0555 0954 0955 8555 8000 3b1c 4155
case.macos.divide_by_three_eighths_f16.runtime.relaxed.opt-size.applied_options	math=relaxed,fpfun=precise,lang=3.1,opt=size
case.macos.divide_by_three_eighths_f16.runtime.relaxed.opt-size.archived_options	air.compile.denorms_disable air.compile.fast_math_disable air.compile.framebuffer_fetch_enable
case.macos.divide_by_three_eighths_f16.runtime.relaxed.opt-size.results	0003 0555 0954 0955 8555 8000 3b1c 4155
case.macos.divide_by_three_eighths_f16.runtime.safe.opt-default.applied_options	math=safe,fpfun=precise,lang=3.1,opt=default
case.macos.divide_by_three_eighths_f16.runtime.safe.opt-default.archived_options	air.compile.denorms_disable air.compile.fast_math_disable air.compile.framebuffer_fetch_enable
case.macos.divide_by_three_eighths_f16.runtime.safe.opt-default.results	0003 0555 0954 0955 8555 8000 3b1c 4155
case.macos.divide_by_three_eighths_f16.runtime.safe.opt-size.applied_options	math=safe,fpfun=precise,lang=3.1,opt=size
case.macos.divide_by_three_eighths_f16.runtime.safe.opt-size.archived_options	air.compile.denorms_disable air.compile.fast_math_disable air.compile.framebuffer_fetch_enable
case.macos.divide_by_three_eighths_f16.runtime.safe.opt-size.results	0003 0555 0954 0955 8555 8000 3b1c 4155
case.macos.divide_by_three_eighths_f16.safe.O2.contract-off.compile_options	air.compile.denorms_disable air.compile.fast_math_disable air.compile.framebuffer_fetch_enable
case.macos.divide_by_three_eighths_f16.safe.O2.contract-off.float_operations	fdiv
case.macos.divide_by_three_eighths_f16.safe.O2.contract-off.results	0003 0555 0954 0955 8555 8000 3b1c 4155
case.macos.divide_by_three_f16.fast.O2.contract-off.compile_options	air.compile.denorms_disable air.compile.fast_math_enable air.compile.framebuffer_fetch_enable
case.macos.divide_by_three_f16.fast.O2.contract-off.float_operations	fmul+reassoc+nnan+ninf+nsz+arcp+afn
case.macos.divide_by_three_f16.fast.O2.contract-off.results	0000 00ab 0155 0155 80ab 8000 2f1c 3555
case.macos.divide_by_three_f16.relaxed.O2.contract-off.compile_options	air.compile.denorms_disable air.compile.fast_math_disable air.compile.framebuffer_fetch_enable
case.macos.divide_by_three_f16.relaxed.O2.contract-off.float_operations	fmul+reassoc+nsz+arcp+afn
case.macos.divide_by_three_f16.relaxed.O2.contract-off.results	0000 00ab 0155 0155 80ab 8000 2f1c 3555
case.macos.divide_by_three_f16.runtime.fast.opt-default.applied_options	math=fast,fpfun=precise,lang=3.1,opt=default
case.macos.divide_by_three_f16.runtime.fast.opt-default.archived_options	air.compile.denorms_disable air.compile.fast_math_enable air.compile.framebuffer_fetch_enable
case.macos.divide_by_three_f16.runtime.fast.opt-default.results	0000 00ab 0155 0155 80ab 8000 2f1c 3555
case.macos.divide_by_three_f16.runtime.fast.opt-size.applied_options	math=fast,fpfun=precise,lang=3.1,opt=size
case.macos.divide_by_three_f16.runtime.fast.opt-size.archived_options	air.compile.denorms_disable air.compile.fast_math_enable air.compile.framebuffer_fetch_enable
case.macos.divide_by_three_f16.runtime.fast.opt-size.results	0000 00ab 0155 0155 80ab 8000 2f1c 3555
case.macos.divide_by_three_f16.runtime.relaxed.opt-default.applied_options	math=relaxed,fpfun=precise,lang=3.1,opt=default
case.macos.divide_by_three_f16.runtime.relaxed.opt-default.archived_options	air.compile.denorms_disable air.compile.fast_math_disable air.compile.framebuffer_fetch_enable
case.macos.divide_by_three_f16.runtime.relaxed.opt-default.results	0000 00ab 0155 0155 80ab 8000 2f1c 3555
case.macos.divide_by_three_f16.runtime.relaxed.opt-size.applied_options	math=relaxed,fpfun=precise,lang=3.1,opt=size
case.macos.divide_by_three_f16.runtime.relaxed.opt-size.archived_options	air.compile.denorms_disable air.compile.fast_math_disable air.compile.framebuffer_fetch_enable
case.macos.divide_by_three_f16.runtime.relaxed.opt-size.results	0000 00ab 0155 0155 80ab 8000 2f1c 3555
case.macos.divide_by_three_f16.runtime.safe.opt-default.applied_options	math=safe,fpfun=precise,lang=3.1,opt=default
case.macos.divide_by_three_f16.runtime.safe.opt-default.archived_options	air.compile.denorms_disable air.compile.fast_math_disable air.compile.framebuffer_fetch_enable
case.macos.divide_by_three_f16.runtime.safe.opt-default.results	0000 00ab 0155 0155 80ab 8000 2f1c 3555
case.macos.divide_by_three_f16.runtime.safe.opt-size.applied_options	math=safe,fpfun=precise,lang=3.1,opt=size
case.macos.divide_by_three_f16.runtime.safe.opt-size.archived_options	air.compile.denorms_disable air.compile.fast_math_disable air.compile.framebuffer_fetch_enable
case.macos.divide_by_three_f16.runtime.safe.opt-size.results	0000 00ab 0155 0155 80ab 8000 2f1c 3555
case.macos.divide_by_three_f16.safe.O2.contract-off.compile_options	air.compile.denorms_disable air.compile.fast_math_disable air.compile.framebuffer_fetch_enable
case.macos.divide_by_three_f16.safe.O2.contract-off.float_operations	fdiv
case.macos.divide_by_three_f16.safe.O2.contract-off.results	0000 00ab 0155 0155 80ab 8000 2f1c 3555
case.macos.divide_by_two.runtime.safe.opt-default.applied_options	math=safe,fpfun=precise,lang=3.1,opt=default
case.macos.divide_by_two.runtime.safe.opt-default.archived_options	air.compile.denorms_disable air.compile.fast_math_disable air.compile.framebuffer_fetch_enable
case.macos.divide_by_two.runtime.safe.opt-default.results	00000000 00000000 00000000 00000000 80000000 80000000 3e397ef9 3f000000
case.macos.divide_by_two.runtime.safe.opt-size.applied_options	math=safe,fpfun=precise,lang=3.1,opt=size
case.macos.divide_by_two.runtime.safe.opt-size.archived_options	air.compile.denorms_disable air.compile.fast_math_disable air.compile.framebuffer_fetch_enable
case.macos.divide_by_two.runtime.safe.opt-size.results	00000000 00000000 00000000 00000000 80000000 80000000 3e397ef9 3f000000
case.macos.divide_by_two.safe.O2.contract-off.compile_options	air.compile.denorms_disable air.compile.fast_math_disable air.compile.framebuffer_fetch_enable
case.macos.divide_by_two.safe.O2.contract-off.float_operations	fmul
case.macos.divide_by_two.safe.O2.contract-off.results	00000000 00000000 00000000 00000000 80000000 80000000 3e397ef9 3f000000
case.macos.fused_pair.runtime.safe.opt-default.applied_options	math=safe,fpfun=precise,lang=3.1,opt=default
case.macos.fused_pair.runtime.safe.opt-default.archived_options	air.compile.denorms_disable air.compile.fast_math_disable air.compile.framebuffer_fetch_enable
case.macos.fused_pair.runtime.safe.opt-default.results	3f800000 3f800000 3f800000 3f800000 3f800000 3f800000 3fc58f9d 40200000
case.macos.fused_pair.runtime.safe.opt-size.applied_options	math=safe,fpfun=precise,lang=3.1,opt=size
case.macos.fused_pair.runtime.safe.opt-size.archived_options	air.compile.denorms_disable air.compile.fast_math_disable air.compile.framebuffer_fetch_enable
case.macos.fused_pair.runtime.safe.opt-size.results	3f800000 3f800000 3f800000 3f800000 3f800000 3f800000 3fc58f9d 40200000
case.macos.fused_pair.safe.O2.contract-fast.compile_options	air.compile.denorms_disable air.compile.fast_math_disable air.compile.framebuffer_fetch_enable
case.macos.fused_pair.safe.O2.contract-fast.float_operations	air.fma.f32+contract
case.macos.fused_pair.safe.O2.contract-fast.results	3f800000 3f800000 3f800000 3f800000 3f800000 3f800000 3fc58f9d 40200000
case.macos.fused_pair.safe.O2.contract-off.compile_options	air.compile.denorms_disable air.compile.fast_math_disable air.compile.framebuffer_fetch_enable
case.macos.fused_pair.safe.O2.contract-off.float_operations	air.fma.f32
case.macos.fused_pair.safe.O2.contract-off.results	3f800000 3f800000 3f800000 3f800000 3f800000 3f800000 3fc58f9d 40200000
case.macos.fused_pair.safe.O2.contract-on.compile_options	air.compile.denorms_disable air.compile.fast_math_disable air.compile.framebuffer_fetch_enable
case.macos.fused_pair.safe.O2.contract-on.float_operations	air.fma.f32
case.macos.fused_pair.safe.O2.contract-on.results	3f800000 3f800000 3f800000 3f800000 3f800000 3f800000 3fc58f9d 40200000
case.macos.fused_pair_f16.fast.O2.contract-off.compile_options	air.compile.denorms_disable air.compile.fast_math_enable air.compile.framebuffer_fetch_enable
case.macos.fused_pair_f16.fast.O2.contract-off.float_operations	air.fma.f16+reassoc+nnan+ninf+nsz+arcp+afn
case.macos.fused_pair_f16.fast.O2.contract-off.results	3c00 3c00 3c00 3c00 3c00 3c00 3e01 4101
case.macos.fused_pair_f16.relaxed.O2.contract-off.compile_options	air.compile.denorms_disable air.compile.fast_math_disable air.compile.framebuffer_fetch_enable
case.macos.fused_pair_f16.relaxed.O2.contract-off.float_operations	air.fma.f16+reassoc+nsz+arcp+afn
case.macos.fused_pair_f16.relaxed.O2.contract-off.results	3c00 3c00 3c00 3c00 3c00 3c00 3e01 4101
case.macos.fused_pair_f16.runtime.fast.opt-default.applied_options	math=fast,fpfun=precise,lang=3.1,opt=default
case.macos.fused_pair_f16.runtime.fast.opt-default.archived_options	air.compile.denorms_disable air.compile.fast_math_enable air.compile.framebuffer_fetch_enable
case.macos.fused_pair_f16.runtime.fast.opt-default.results	3c00 3c00 3c00 3c00 3c00 3c00 3e01 4101
case.macos.fused_pair_f16.runtime.fast.opt-size.applied_options	math=fast,fpfun=precise,lang=3.1,opt=size
case.macos.fused_pair_f16.runtime.fast.opt-size.archived_options	air.compile.denorms_disable air.compile.fast_math_enable air.compile.framebuffer_fetch_enable
case.macos.fused_pair_f16.runtime.fast.opt-size.results	3c00 3c00 3c00 3c00 3c00 3c00 3e01 4101
case.macos.fused_pair_f16.runtime.relaxed.opt-default.applied_options	math=relaxed,fpfun=precise,lang=3.1,opt=default
case.macos.fused_pair_f16.runtime.relaxed.opt-default.archived_options	air.compile.denorms_disable air.compile.fast_math_disable air.compile.framebuffer_fetch_enable
case.macos.fused_pair_f16.runtime.relaxed.opt-default.results	3c00 3c00 3c00 3c00 3c00 3c00 3e01 4101
case.macos.fused_pair_f16.runtime.relaxed.opt-size.applied_options	math=relaxed,fpfun=precise,lang=3.1,opt=size
case.macos.fused_pair_f16.runtime.relaxed.opt-size.archived_options	air.compile.denorms_disable air.compile.fast_math_disable air.compile.framebuffer_fetch_enable
case.macos.fused_pair_f16.runtime.relaxed.opt-size.results	3c00 3c00 3c00 3c00 3c00 3c00 3e01 4101
case.macos.fused_pair_f16.runtime.safe.opt-default.applied_options	math=safe,fpfun=precise,lang=3.1,opt=default
case.macos.fused_pair_f16.runtime.safe.opt-default.archived_options	air.compile.denorms_disable air.compile.fast_math_disable air.compile.framebuffer_fetch_enable
case.macos.fused_pair_f16.runtime.safe.opt-default.results	3c00 3c00 3c00 3c00 3c00 3c00 3e01 4101
case.macos.fused_pair_f16.runtime.safe.opt-size.applied_options	math=safe,fpfun=precise,lang=3.1,opt=size
case.macos.fused_pair_f16.runtime.safe.opt-size.archived_options	air.compile.denorms_disable air.compile.fast_math_disable air.compile.framebuffer_fetch_enable
case.macos.fused_pair_f16.runtime.safe.opt-size.results	3c00 3c00 3c00 3c00 3c00 3c00 3e01 4101
case.macos.fused_pair_f16.safe.O2.contract-fast.compile_options	air.compile.denorms_disable air.compile.fast_math_disable air.compile.framebuffer_fetch_enable
case.macos.fused_pair_f16.safe.O2.contract-fast.float_operations	air.fma.f16+contract
case.macos.fused_pair_f16.safe.O2.contract-fast.results	3c00 3c00 3c00 3c00 3c00 3c00 3e01 4101
case.macos.fused_pair_f16.safe.O2.contract-off.compile_options	air.compile.denorms_disable air.compile.fast_math_disable air.compile.framebuffer_fetch_enable
case.macos.fused_pair_f16.safe.O2.contract-off.float_operations	air.fma.f16
case.macos.fused_pair_f16.safe.O2.contract-off.results	3c00 3c00 3c00 3c00 3c00 3c00 3e01 4101
case.macos.fused_pair_f16.safe.O2.contract-on.compile_options	air.compile.denorms_disable air.compile.fast_math_disable air.compile.framebuffer_fetch_enable
case.macos.fused_pair_f16.safe.O2.contract-on.float_operations	air.fma.f16
case.macos.fused_pair_f16.safe.O2.contract-on.results	3c00 3c00 3c00 3c00 3c00 3c00 3e01 4101
case.macos.materialize.fast.O2.contract-off.compile_options	air.compile.denorms_disable air.compile.fast_math_enable air.compile.framebuffer_fetch_enable
case.macos.materialize.fast.O2.contract-off.float_operations	
case.macos.materialize.fast.O2.contract-off.results	00000001 00400000 007fffff 00800000 80400000 80000000 3eb97ef9 3f800000
case.macos.materialize.relaxed.O2.contract-off.compile_options	air.compile.denorms_disable air.compile.fast_math_disable air.compile.framebuffer_fetch_enable
case.macos.materialize.relaxed.O2.contract-off.float_operations	
case.macos.materialize.relaxed.O2.contract-off.results	00000001 00400000 007fffff 00800000 80400000 80000000 3eb97ef9 3f800000
case.macos.materialize.runtime.fast.opt-default.applied_options	math=fast,fpfun=precise,lang=3.1,opt=default
case.macos.materialize.runtime.fast.opt-default.archived_options	air.compile.denorms_disable air.compile.fast_math_enable air.compile.framebuffer_fetch_enable
case.macos.materialize.runtime.fast.opt-default.results	00000001 00400000 007fffff 00800000 80400000 80000000 3eb97ef9 3f800000
case.macos.materialize.runtime.fast.opt-size.applied_options	math=fast,fpfun=precise,lang=3.1,opt=size
case.macos.materialize.runtime.fast.opt-size.archived_options	air.compile.denorms_disable air.compile.fast_math_enable air.compile.framebuffer_fetch_enable
case.macos.materialize.runtime.fast.opt-size.results	00000001 00400000 007fffff 00800000 80400000 80000000 3eb97ef9 3f800000
case.macos.materialize.runtime.relaxed.opt-default.applied_options	math=relaxed,fpfun=precise,lang=3.1,opt=default
case.macos.materialize.runtime.relaxed.opt-default.archived_options	air.compile.denorms_disable air.compile.fast_math_disable air.compile.framebuffer_fetch_enable
case.macos.materialize.runtime.relaxed.opt-default.results	00000001 00400000 007fffff 00800000 80400000 80000000 3eb97ef9 3f800000
case.macos.materialize.runtime.relaxed.opt-size.applied_options	math=relaxed,fpfun=precise,lang=3.1,opt=size
case.macos.materialize.runtime.relaxed.opt-size.archived_options	air.compile.denorms_disable air.compile.fast_math_disable air.compile.framebuffer_fetch_enable
case.macos.materialize.runtime.relaxed.opt-size.results	00000001 00400000 007fffff 00800000 80400000 80000000 3eb97ef9 3f800000
case.macos.materialize.runtime.safe.opt-default.applied_options	math=safe,fpfun=precise,lang=3.1,opt=default
case.macos.materialize.runtime.safe.opt-default.archived_options	air.compile.denorms_disable air.compile.fast_math_disable air.compile.framebuffer_fetch_enable
case.macos.materialize.runtime.safe.opt-default.results	00000001 00400000 007fffff 00800000 80400000 80000000 3eb97ef9 3f800000
case.macos.materialize.runtime.safe.opt-size.applied_options	math=safe,fpfun=precise,lang=3.1,opt=size
case.macos.materialize.runtime.safe.opt-size.archived_options	air.compile.denorms_disable air.compile.fast_math_disable air.compile.framebuffer_fetch_enable
case.macos.materialize.runtime.safe.opt-size.results	00000001 00400000 007fffff 00800000 80400000 80000000 3eb97ef9 3f800000
case.macos.materialize.safe.O2.contract-off.compile_options	air.compile.denorms_disable air.compile.fast_math_disable air.compile.framebuffer_fetch_enable
case.macos.materialize.safe.O2.contract-off.float_operations	
case.macos.materialize.safe.O2.contract-off.results	00000001 00400000 007fffff 00800000 80400000 80000000 3eb97ef9 3f800000
case.macos.materialize_bf16.fast.O2.contract-off.compile_options	air.compile.denorms_disable air.compile.fast_math_enable air.compile.framebuffer_fetch_enable
case.macos.materialize_bf16.fast.O2.contract-off.float_operations	
case.macos.materialize_bf16.fast.O2.contract-off.results	0001 0040 007f 0080 8040 8000 3eab 3f80
case.macos.materialize_bf16.relaxed.O2.contract-off.compile_options	air.compile.denorms_disable air.compile.fast_math_disable air.compile.framebuffer_fetch_enable
case.macos.materialize_bf16.relaxed.O2.contract-off.float_operations	
case.macos.materialize_bf16.relaxed.O2.contract-off.results	0001 0040 007f 0080 8040 8000 3eab 3f80
case.macos.materialize_bf16.runtime.fast.opt-default.applied_options	math=fast,fpfun=precise,lang=3.1,opt=default
case.macos.materialize_bf16.runtime.fast.opt-default.archived_options	air.compile.denorms_disable air.compile.fast_math_enable air.compile.framebuffer_fetch_enable
case.macos.materialize_bf16.runtime.fast.opt-default.results	0001 0040 007f 0080 8040 8000 3eab 3f80
case.macos.materialize_bf16.runtime.fast.opt-size.applied_options	math=fast,fpfun=precise,lang=3.1,opt=size
case.macos.materialize_bf16.runtime.fast.opt-size.archived_options	air.compile.denorms_disable air.compile.fast_math_enable air.compile.framebuffer_fetch_enable
case.macos.materialize_bf16.runtime.fast.opt-size.results	0001 0040 007f 0080 8040 8000 3eab 3f80
case.macos.materialize_bf16.runtime.relaxed.opt-default.applied_options	math=relaxed,fpfun=precise,lang=3.1,opt=default
case.macos.materialize_bf16.runtime.relaxed.opt-default.archived_options	air.compile.denorms_disable air.compile.fast_math_disable air.compile.framebuffer_fetch_enable
case.macos.materialize_bf16.runtime.relaxed.opt-default.results	0001 0040 007f 0080 8040 8000 3eab 3f80
case.macos.materialize_bf16.runtime.relaxed.opt-size.applied_options	math=relaxed,fpfun=precise,lang=3.1,opt=size
case.macos.materialize_bf16.runtime.relaxed.opt-size.archived_options	air.compile.denorms_disable air.compile.fast_math_disable air.compile.framebuffer_fetch_enable
case.macos.materialize_bf16.runtime.relaxed.opt-size.results	0001 0040 007f 0080 8040 8000 3eab 3f80
case.macos.materialize_bf16.runtime.safe.opt-default.applied_options	math=safe,fpfun=precise,lang=3.1,opt=default
case.macos.materialize_bf16.runtime.safe.opt-default.archived_options	air.compile.denorms_disable air.compile.fast_math_disable air.compile.framebuffer_fetch_enable
case.macos.materialize_bf16.runtime.safe.opt-default.results	0001 0040 007f 0080 8040 8000 3eab 3f80
case.macos.materialize_bf16.runtime.safe.opt-size.applied_options	math=safe,fpfun=precise,lang=3.1,opt=size
case.macos.materialize_bf16.runtime.safe.opt-size.archived_options	air.compile.denorms_disable air.compile.fast_math_disable air.compile.framebuffer_fetch_enable
case.macos.materialize_bf16.runtime.safe.opt-size.results	0001 0040 007f 0080 8040 8000 3eab 3f80
case.macos.materialize_bf16.safe.O2.contract-off.compile_options	air.compile.denorms_disable air.compile.fast_math_disable air.compile.framebuffer_fetch_enable
case.macos.materialize_bf16.safe.O2.contract-off.float_operations	
case.macos.materialize_bf16.safe.O2.contract-off.results	0001 0040 007f 0080 8040 8000 3eab 3f80
case.macos.materialize_f16.fast.O2.contract-off.compile_options	air.compile.denorms_disable air.compile.fast_math_enable air.compile.framebuffer_fetch_enable
case.macos.materialize_f16.fast.O2.contract-off.float_operations	
case.macos.materialize_f16.fast.O2.contract-off.results	0001 0200 03ff 0400 8200 8000 3555 3c00
case.macos.materialize_f16.relaxed.O2.contract-off.compile_options	air.compile.denorms_disable air.compile.fast_math_disable air.compile.framebuffer_fetch_enable
case.macos.materialize_f16.relaxed.O2.contract-off.float_operations	
case.macos.materialize_f16.relaxed.O2.contract-off.results	0001 0200 03ff 0400 8200 8000 3555 3c00
case.macos.materialize_f16.runtime.fast.opt-default.applied_options	math=fast,fpfun=precise,lang=3.1,opt=default
case.macos.materialize_f16.runtime.fast.opt-default.archived_options	air.compile.denorms_disable air.compile.fast_math_enable air.compile.framebuffer_fetch_enable
case.macos.materialize_f16.runtime.fast.opt-default.results	0001 0200 03ff 0400 8200 8000 3555 3c00
case.macos.materialize_f16.runtime.fast.opt-size.applied_options	math=fast,fpfun=precise,lang=3.1,opt=size
case.macos.materialize_f16.runtime.fast.opt-size.archived_options	air.compile.denorms_disable air.compile.fast_math_enable air.compile.framebuffer_fetch_enable
case.macos.materialize_f16.runtime.fast.opt-size.results	0001 0200 03ff 0400 8200 8000 3555 3c00
case.macos.materialize_f16.runtime.relaxed.opt-default.applied_options	math=relaxed,fpfun=precise,lang=3.1,opt=default
case.macos.materialize_f16.runtime.relaxed.opt-default.archived_options	air.compile.denorms_disable air.compile.fast_math_disable air.compile.framebuffer_fetch_enable
case.macos.materialize_f16.runtime.relaxed.opt-default.results	0001 0200 03ff 0400 8200 8000 3555 3c00
case.macos.materialize_f16.runtime.relaxed.opt-size.applied_options	math=relaxed,fpfun=precise,lang=3.1,opt=size
case.macos.materialize_f16.runtime.relaxed.opt-size.archived_options	air.compile.denorms_disable air.compile.fast_math_disable air.compile.framebuffer_fetch_enable
case.macos.materialize_f16.runtime.relaxed.opt-size.results	0001 0200 03ff 0400 8200 8000 3555 3c00
case.macos.materialize_f16.runtime.safe.opt-default.applied_options	math=safe,fpfun=precise,lang=3.1,opt=default
case.macos.materialize_f16.runtime.safe.opt-default.archived_options	air.compile.denorms_disable air.compile.fast_math_disable air.compile.framebuffer_fetch_enable
case.macos.materialize_f16.runtime.safe.opt-default.results	0001 0200 03ff 0400 8200 8000 3555 3c00
case.macos.materialize_f16.runtime.safe.opt-size.applied_options	math=safe,fpfun=precise,lang=3.1,opt=size
case.macos.materialize_f16.runtime.safe.opt-size.archived_options	air.compile.denorms_disable air.compile.fast_math_disable air.compile.framebuffer_fetch_enable
case.macos.materialize_f16.runtime.safe.opt-size.results	0001 0200 03ff 0400 8200 8000 3555 3c00
case.macos.materialize_f16.safe.O2.contract-off.compile_options	air.compile.denorms_disable air.compile.fast_math_disable air.compile.framebuffer_fetch_enable
case.macos.materialize_f16.safe.O2.contract-off.float_operations	
case.macos.materialize_f16.safe.O2.contract-off.results	0001 0200 03ff 0400 8200 8000 3555 3c00
case.macos.multiply_half.fast.O0.contract-off.compile_options	air.compile.denorms_disable air.compile.fast_math_enable air.compile.framebuffer_fetch_enable
case.macos.multiply_half.fast.O0.contract-off.float_operations	fmul+reassoc+nnan+ninf+nsz+arcp+afn
case.macos.multiply_half.fast.O0.contract-off.results	00000000 00000000 00000000 00000000 80000000 80000000 3e397ef9 3f000000
case.macos.multiply_half.fast.O2.contract-off.compile_options	air.compile.denorms_disable air.compile.fast_math_enable air.compile.framebuffer_fetch_enable
case.macos.multiply_half.fast.O2.contract-off.float_operations	fmul+reassoc+nnan+ninf+nsz+arcp+afn
case.macos.multiply_half.fast.O2.contract-off.results	00000000 00000000 00000000 00000000 80000000 80000000 3e397ef9 3f000000
case.macos.multiply_half.fast.O2.contract-off.fpfun-fast.compile_options	air.compile.denorms_disable air.compile.fast_math_enable air.compile.framebuffer_fetch_enable
case.macos.multiply_half.fast.O2.contract-off.fpfun-fast.float_operations	fmul+reassoc+nnan+ninf+nsz+arcp+afn
case.macos.multiply_half.fast.O2.contract-off.fpfun-fast.results	00000000 00000000 00000000 00000000 80000000 80000000 3e397ef9 3f000000
case.macos.multiply_half.relaxed.O0.contract-off.compile_options	air.compile.denorms_disable air.compile.fast_math_disable air.compile.framebuffer_fetch_enable
case.macos.multiply_half.relaxed.O0.contract-off.float_operations	fmul+reassoc+nsz+arcp+afn
case.macos.multiply_half.relaxed.O0.contract-off.results	00000000 00000000 00000000 00000000 80000000 80000000 3e397ef9 3f000000
case.macos.multiply_half.relaxed.O2.contract-off.compile_options	air.compile.denorms_disable air.compile.fast_math_disable air.compile.framebuffer_fetch_enable
case.macos.multiply_half.relaxed.O2.contract-off.float_operations	fmul+reassoc+nsz+arcp+afn
case.macos.multiply_half.relaxed.O2.contract-off.results	00000000 00000000 00000000 00000000 80000000 80000000 3e397ef9 3f000000
case.macos.multiply_half.relaxed.O2.contract-off.fpfun-fast.compile_options	air.compile.denorms_disable air.compile.fast_math_disable air.compile.framebuffer_fetch_enable
case.macos.multiply_half.relaxed.O2.contract-off.fpfun-fast.float_operations	fmul+reassoc+nsz+arcp+afn
case.macos.multiply_half.relaxed.O2.contract-off.fpfun-fast.results	00000000 00000000 00000000 00000000 80000000 80000000 3e397ef9 3f000000
case.macos.multiply_half.runtime.fast.opt-default.applied_options	math=fast,fpfun=precise,lang=3.1,opt=default
case.macos.multiply_half.runtime.fast.opt-default.archived_options	air.compile.denorms_disable air.compile.fast_math_enable air.compile.framebuffer_fetch_enable
case.macos.multiply_half.runtime.fast.opt-default.results	00000000 00000000 00000000 00000000 80000000 80000000 3e397ef9 3f000000
case.macos.multiply_half.runtime.fast.opt-default.fpfun-fast.applied_options	math=fast,fpfun=fast,lang=3.1,opt=default
case.macos.multiply_half.runtime.fast.opt-default.fpfun-fast.archived_options	air.compile.denorms_disable air.compile.fast_math_enable air.compile.framebuffer_fetch_enable
case.macos.multiply_half.runtime.fast.opt-default.fpfun-fast.results	00000000 00000000 00000000 00000000 80000000 80000000 3e397ef9 3f000000
case.macos.multiply_half.runtime.fast.opt-size.applied_options	math=fast,fpfun=precise,lang=3.1,opt=size
case.macos.multiply_half.runtime.fast.opt-size.archived_options	air.compile.denorms_disable air.compile.fast_math_enable air.compile.framebuffer_fetch_enable
case.macos.multiply_half.runtime.fast.opt-size.results	00000000 00000000 00000000 00000000 80000000 80000000 3e397ef9 3f000000
case.macos.multiply_half.runtime.fast.opt-size.fpfun-fast.applied_options	math=fast,fpfun=fast,lang=3.1,opt=size
case.macos.multiply_half.runtime.fast.opt-size.fpfun-fast.archived_options	air.compile.denorms_disable air.compile.fast_math_enable air.compile.framebuffer_fetch_enable
case.macos.multiply_half.runtime.fast.opt-size.fpfun-fast.results	00000000 00000000 00000000 00000000 80000000 80000000 3e397ef9 3f000000
case.macos.multiply_half.runtime.relaxed.opt-default.applied_options	math=relaxed,fpfun=precise,lang=3.1,opt=default
case.macos.multiply_half.runtime.relaxed.opt-default.archived_options	air.compile.denorms_disable air.compile.fast_math_disable air.compile.framebuffer_fetch_enable
case.macos.multiply_half.runtime.relaxed.opt-default.results	00000000 00000000 00000000 00000000 80000000 80000000 3e397ef9 3f000000
case.macos.multiply_half.runtime.relaxed.opt-default.fpfun-fast.applied_options	math=relaxed,fpfun=fast,lang=3.1,opt=default
case.macos.multiply_half.runtime.relaxed.opt-default.fpfun-fast.archived_options	air.compile.denorms_disable air.compile.fast_math_disable air.compile.framebuffer_fetch_enable
case.macos.multiply_half.runtime.relaxed.opt-default.fpfun-fast.results	00000000 00000000 00000000 00000000 80000000 80000000 3e397ef9 3f000000
case.macos.multiply_half.runtime.relaxed.opt-size.applied_options	math=relaxed,fpfun=precise,lang=3.1,opt=size
case.macos.multiply_half.runtime.relaxed.opt-size.archived_options	air.compile.denorms_disable air.compile.fast_math_disable air.compile.framebuffer_fetch_enable
case.macos.multiply_half.runtime.relaxed.opt-size.results	00000000 00000000 00000000 00000000 80000000 80000000 3e397ef9 3f000000
case.macos.multiply_half.runtime.relaxed.opt-size.fpfun-fast.applied_options	math=relaxed,fpfun=fast,lang=3.1,opt=size
case.macos.multiply_half.runtime.relaxed.opt-size.fpfun-fast.archived_options	air.compile.denorms_disable air.compile.fast_math_disable air.compile.framebuffer_fetch_enable
case.macos.multiply_half.runtime.relaxed.opt-size.fpfun-fast.results	00000000 00000000 00000000 00000000 80000000 80000000 3e397ef9 3f000000
case.macos.multiply_half.runtime.safe.opt-default.applied_options	math=safe,fpfun=precise,lang=3.1,opt=default
case.macos.multiply_half.runtime.safe.opt-default.archived_options	air.compile.denorms_disable air.compile.fast_math_disable air.compile.framebuffer_fetch_enable
case.macos.multiply_half.runtime.safe.opt-default.results	00000000 00000000 00000000 00000000 80000000 80000000 3e397ef9 3f000000
case.macos.multiply_half.runtime.safe.opt-default.fpfun-fast.applied_options	math=safe,fpfun=fast,lang=3.1,opt=default
case.macos.multiply_half.runtime.safe.opt-default.fpfun-fast.archived_options	air.compile.denorms_disable air.compile.fast_math_disable air.compile.framebuffer_fetch_enable
case.macos.multiply_half.runtime.safe.opt-default.fpfun-fast.results	00000000 00000000 00000000 00000000 80000000 80000000 3e397ef9 3f000000
case.macos.multiply_half.runtime.safe.opt-size.applied_options	math=safe,fpfun=precise,lang=3.1,opt=size
case.macos.multiply_half.runtime.safe.opt-size.archived_options	air.compile.denorms_disable air.compile.fast_math_disable air.compile.framebuffer_fetch_enable
case.macos.multiply_half.runtime.safe.opt-size.results	00000000 00000000 00000000 00000000 80000000 80000000 3e397ef9 3f000000
case.macos.multiply_half.runtime.safe.opt-size.fpfun-fast.applied_options	math=safe,fpfun=fast,lang=3.1,opt=size
case.macos.multiply_half.runtime.safe.opt-size.fpfun-fast.archived_options	air.compile.denorms_disable air.compile.fast_math_disable air.compile.framebuffer_fetch_enable
case.macos.multiply_half.runtime.safe.opt-size.fpfun-fast.results	00000000 00000000 00000000 00000000 80000000 80000000 3e397ef9 3f000000
case.macos.multiply_half.safe.O0.contract-off.compile_options	air.compile.denorms_disable air.compile.fast_math_disable air.compile.framebuffer_fetch_enable
case.macos.multiply_half.safe.O0.contract-off.float_operations	fmul
case.macos.multiply_half.safe.O0.contract-off.results	00000000 00000000 00000000 00000000 80000000 80000000 3e397ef9 3f000000
case.macos.multiply_half.safe.O2.contract-off.compile_options	air.compile.denorms_disable air.compile.fast_math_disable air.compile.framebuffer_fetch_enable
case.macos.multiply_half.safe.O2.contract-off.float_operations	fmul
case.macos.multiply_half.safe.O2.contract-off.results	00000000 00000000 00000000 00000000 80000000 80000000 3e397ef9 3f000000
case.macos.multiply_half.safe.O2.contract-off.fpfun-fast.compile_options	air.compile.denorms_disable air.compile.fast_math_disable air.compile.framebuffer_fetch_enable
case.macos.multiply_half.safe.O2.contract-off.fpfun-fast.float_operations	fmul
case.macos.multiply_half.safe.O2.contract-off.fpfun-fast.results	00000000 00000000 00000000 00000000 80000000 80000000 3e397ef9 3f000000
case.macos.multiply_half_bf16.fast.O2.contract-off.compile_options	air.compile.denorms_disable air.compile.fast_math_enable air.compile.framebuffer_fetch_enable
case.macos.multiply_half_bf16.fast.O2.contract-off.float_operations	fmul+reassoc+nnan+ninf+nsz+arcp+afn
case.macos.multiply_half_bf16.fast.O2.contract-off.results	0000 0000 0000 0000 8000 8000 3e2b 3f00
case.macos.multiply_half_bf16.relaxed.O2.contract-off.compile_options	air.compile.denorms_disable air.compile.fast_math_disable air.compile.framebuffer_fetch_enable
case.macos.multiply_half_bf16.relaxed.O2.contract-off.float_operations	fmul+reassoc+nsz+arcp+afn
case.macos.multiply_half_bf16.relaxed.O2.contract-off.results	0000 0000 0000 0000 8000 8000 3e2b 3f00
case.macos.multiply_half_bf16.runtime.fast.opt-default.applied_options	math=fast,fpfun=precise,lang=3.1,opt=default
case.macos.multiply_half_bf16.runtime.fast.opt-default.archived_options	air.compile.denorms_disable air.compile.fast_math_enable air.compile.framebuffer_fetch_enable
case.macos.multiply_half_bf16.runtime.fast.opt-default.results	0000 0000 0000 0000 8000 8000 3e2b 3f00
case.macos.multiply_half_bf16.runtime.fast.opt-size.applied_options	math=fast,fpfun=precise,lang=3.1,opt=size
case.macos.multiply_half_bf16.runtime.fast.opt-size.archived_options	air.compile.denorms_disable air.compile.fast_math_enable air.compile.framebuffer_fetch_enable
case.macos.multiply_half_bf16.runtime.fast.opt-size.results	0000 0000 0000 0000 8000 8000 3e2b 3f00
case.macos.multiply_half_bf16.runtime.relaxed.opt-default.applied_options	math=relaxed,fpfun=precise,lang=3.1,opt=default
case.macos.multiply_half_bf16.runtime.relaxed.opt-default.archived_options	air.compile.denorms_disable air.compile.fast_math_disable air.compile.framebuffer_fetch_enable
case.macos.multiply_half_bf16.runtime.relaxed.opt-default.results	0000 0000 0000 0000 8000 8000 3e2b 3f00
case.macos.multiply_half_bf16.runtime.relaxed.opt-size.applied_options	math=relaxed,fpfun=precise,lang=3.1,opt=size
case.macos.multiply_half_bf16.runtime.relaxed.opt-size.archived_options	air.compile.denorms_disable air.compile.fast_math_disable air.compile.framebuffer_fetch_enable
case.macos.multiply_half_bf16.runtime.relaxed.opt-size.results	0000 0000 0000 0000 8000 8000 3e2b 3f00
case.macos.multiply_half_bf16.runtime.safe.opt-default.applied_options	math=safe,fpfun=precise,lang=3.1,opt=default
case.macos.multiply_half_bf16.runtime.safe.opt-default.archived_options	air.compile.denorms_disable air.compile.fast_math_disable air.compile.framebuffer_fetch_enable
case.macos.multiply_half_bf16.runtime.safe.opt-default.results	0000 0000 0000 0000 8000 8000 3e2b 3f00
case.macos.multiply_half_bf16.runtime.safe.opt-size.applied_options	math=safe,fpfun=precise,lang=3.1,opt=size
case.macos.multiply_half_bf16.runtime.safe.opt-size.archived_options	air.compile.denorms_disable air.compile.fast_math_disable air.compile.framebuffer_fetch_enable
case.macos.multiply_half_bf16.runtime.safe.opt-size.results	0000 0000 0000 0000 8000 8000 3e2b 3f00
case.macos.multiply_half_bf16.safe.O2.contract-off.compile_options	air.compile.denorms_disable air.compile.fast_math_disable air.compile.framebuffer_fetch_enable
case.macos.multiply_half_bf16.safe.O2.contract-off.float_operations	fmul
case.macos.multiply_half_bf16.safe.O2.contract-off.results	0000 0000 0000 0000 8000 8000 3e2b 3f00
case.macos.multiply_half_f16.fast.O2.contract-off.compile_options	air.compile.denorms_disable air.compile.fast_math_enable air.compile.framebuffer_fetch_enable
case.macos.multiply_half_f16.fast.O2.contract-off.float_operations	fmul+reassoc+nnan+ninf+nsz+arcp+afn
case.macos.multiply_half_f16.fast.O2.contract-off.results	0000 0100 0200 0200 8100 8000 3155 3800
case.macos.multiply_half_f16.relaxed.O2.contract-off.compile_options	air.compile.denorms_disable air.compile.fast_math_disable air.compile.framebuffer_fetch_enable
case.macos.multiply_half_f16.relaxed.O2.contract-off.float_operations	fmul+reassoc+nsz+arcp+afn
case.macos.multiply_half_f16.relaxed.O2.contract-off.results	0000 0100 0200 0200 8100 8000 3155 3800
case.macos.multiply_half_f16.runtime.fast.opt-default.applied_options	math=fast,fpfun=precise,lang=3.1,opt=default
case.macos.multiply_half_f16.runtime.fast.opt-default.archived_options	air.compile.denorms_disable air.compile.fast_math_enable air.compile.framebuffer_fetch_enable
case.macos.multiply_half_f16.runtime.fast.opt-default.results	0000 0100 0200 0200 8100 8000 3155 3800
case.macos.multiply_half_f16.runtime.fast.opt-size.applied_options	math=fast,fpfun=precise,lang=3.1,opt=size
case.macos.multiply_half_f16.runtime.fast.opt-size.archived_options	air.compile.denorms_disable air.compile.fast_math_enable air.compile.framebuffer_fetch_enable
case.macos.multiply_half_f16.runtime.fast.opt-size.results	0000 0100 0200 0200 8100 8000 3155 3800
case.macos.multiply_half_f16.runtime.relaxed.opt-default.applied_options	math=relaxed,fpfun=precise,lang=3.1,opt=default
case.macos.multiply_half_f16.runtime.relaxed.opt-default.archived_options	air.compile.denorms_disable air.compile.fast_math_disable air.compile.framebuffer_fetch_enable
case.macos.multiply_half_f16.runtime.relaxed.opt-default.results	0000 0100 0200 0200 8100 8000 3155 3800
case.macos.multiply_half_f16.runtime.relaxed.opt-size.applied_options	math=relaxed,fpfun=precise,lang=3.1,opt=size
case.macos.multiply_half_f16.runtime.relaxed.opt-size.archived_options	air.compile.denorms_disable air.compile.fast_math_disable air.compile.framebuffer_fetch_enable
case.macos.multiply_half_f16.runtime.relaxed.opt-size.results	0000 0100 0200 0200 8100 8000 3155 3800
case.macos.multiply_half_f16.runtime.safe.opt-default.applied_options	math=safe,fpfun=precise,lang=3.1,opt=default
case.macos.multiply_half_f16.runtime.safe.opt-default.archived_options	air.compile.denorms_disable air.compile.fast_math_disable air.compile.framebuffer_fetch_enable
case.macos.multiply_half_f16.runtime.safe.opt-default.results	0000 0100 0200 0200 8100 8000 3155 3800
case.macos.multiply_half_f16.runtime.safe.opt-size.applied_options	math=safe,fpfun=precise,lang=3.1,opt=size
case.macos.multiply_half_f16.runtime.safe.opt-size.archived_options	air.compile.denorms_disable air.compile.fast_math_disable air.compile.framebuffer_fetch_enable
case.macos.multiply_half_f16.runtime.safe.opt-size.results	0000 0100 0200 0200 8100 8000 3155 3800
case.macos.multiply_half_f16.safe.O2.contract-off.compile_options	air.compile.denorms_disable air.compile.fast_math_disable air.compile.framebuffer_fetch_enable
case.macos.multiply_half_f16.safe.O2.contract-off.float_operations	fmul
case.macos.multiply_half_f16.safe.O2.contract-off.results	0000 0100 0200 0200 8100 8000 3155 3800
case.macos.multiply_one.fast.O0.contract-off.compile_options	air.compile.denorms_disable air.compile.fast_math_enable air.compile.framebuffer_fetch_enable
case.macos.multiply_one.fast.O0.contract-off.float_operations	fmul+reassoc+nnan+ninf+nsz+arcp+afn
case.macos.multiply_one.fast.O0.contract-off.results	00000001 00400000 007fffff 00800000 80400000 80000000 3eb97ef9 3f800000
case.macos.multiply_one.fast.O2.contract-off.compile_options	air.compile.denorms_disable air.compile.fast_math_enable air.compile.framebuffer_fetch_enable
case.macos.multiply_one.fast.O2.contract-off.float_operations	
case.macos.multiply_one.fast.O2.contract-off.results	00000001 00400000 007fffff 00800000 80400000 80000000 3eb97ef9 3f800000
case.macos.multiply_one.relaxed.O0.contract-off.compile_options	air.compile.denorms_disable air.compile.fast_math_disable air.compile.framebuffer_fetch_enable
case.macos.multiply_one.relaxed.O0.contract-off.float_operations	fmul+reassoc+nsz+arcp+afn
case.macos.multiply_one.relaxed.O0.contract-off.results	00000001 00400000 007fffff 00800000 80400000 80000000 3eb97ef9 3f800000
case.macos.multiply_one.relaxed.O2.contract-off.compile_options	air.compile.denorms_disable air.compile.fast_math_disable air.compile.framebuffer_fetch_enable
case.macos.multiply_one.relaxed.O2.contract-off.float_operations	
case.macos.multiply_one.relaxed.O2.contract-off.results	00000001 00400000 007fffff 00800000 80400000 80000000 3eb97ef9 3f800000
case.macos.multiply_one.runtime.fast.opt-default.applied_options	math=fast,fpfun=precise,lang=3.1,opt=default
case.macos.multiply_one.runtime.fast.opt-default.archived_options	air.compile.denorms_disable air.compile.fast_math_enable air.compile.framebuffer_fetch_enable
case.macos.multiply_one.runtime.fast.opt-default.results	00000001 00400000 007fffff 00800000 80400000 80000000 3eb97ef9 3f800000
case.macos.multiply_one.runtime.fast.opt-size.applied_options	math=fast,fpfun=precise,lang=3.1,opt=size
case.macos.multiply_one.runtime.fast.opt-size.archived_options	air.compile.denorms_disable air.compile.fast_math_enable air.compile.framebuffer_fetch_enable
case.macos.multiply_one.runtime.fast.opt-size.results	00000001 00400000 007fffff 00800000 80400000 80000000 3eb97ef9 3f800000
case.macos.multiply_one.runtime.relaxed.opt-default.applied_options	math=relaxed,fpfun=precise,lang=3.1,opt=default
case.macos.multiply_one.runtime.relaxed.opt-default.archived_options	air.compile.denorms_disable air.compile.fast_math_disable air.compile.framebuffer_fetch_enable
case.macos.multiply_one.runtime.relaxed.opt-default.results	00000001 00400000 007fffff 00800000 80400000 80000000 3eb97ef9 3f800000
case.macos.multiply_one.runtime.relaxed.opt-size.applied_options	math=relaxed,fpfun=precise,lang=3.1,opt=size
case.macos.multiply_one.runtime.relaxed.opt-size.archived_options	air.compile.denorms_disable air.compile.fast_math_disable air.compile.framebuffer_fetch_enable
case.macos.multiply_one.runtime.relaxed.opt-size.results	00000001 00400000 007fffff 00800000 80400000 80000000 3eb97ef9 3f800000
case.macos.multiply_one.runtime.safe.opt-default.applied_options	math=safe,fpfun=precise,lang=3.1,opt=default
case.macos.multiply_one.runtime.safe.opt-default.archived_options	air.compile.denorms_disable air.compile.fast_math_disable air.compile.framebuffer_fetch_enable
case.macos.multiply_one.runtime.safe.opt-default.results	00000001 00400000 007fffff 00800000 80400000 80000000 3eb97ef9 3f800000
case.macos.multiply_one.runtime.safe.opt-size.applied_options	math=safe,fpfun=precise,lang=3.1,opt=size
case.macos.multiply_one.runtime.safe.opt-size.archived_options	air.compile.denorms_disable air.compile.fast_math_disable air.compile.framebuffer_fetch_enable
case.macos.multiply_one.runtime.safe.opt-size.results	00000001 00400000 007fffff 00800000 80400000 80000000 3eb97ef9 3f800000
case.macos.multiply_one.safe.O0.contract-off.compile_options	air.compile.denorms_disable air.compile.fast_math_disable air.compile.framebuffer_fetch_enable
case.macos.multiply_one.safe.O0.contract-off.float_operations	fmul
case.macos.multiply_one.safe.O0.contract-off.results	00000001 00400000 007fffff 00800000 80400000 80000000 3eb97ef9 3f800000
case.macos.multiply_one.safe.O2.contract-off.compile_options	air.compile.denorms_disable air.compile.fast_math_disable air.compile.framebuffer_fetch_enable
case.macos.multiply_one.safe.O2.contract-off.float_operations	
case.macos.multiply_one.safe.O2.contract-off.results	00000001 00400000 007fffff 00800000 80400000 80000000 3eb97ef9 3f800000
case.macos.multiply_one_bf16.fast.O2.contract-off.compile_options	air.compile.denorms_disable air.compile.fast_math_enable air.compile.framebuffer_fetch_enable
case.macos.multiply_one_bf16.fast.O2.contract-off.float_operations	
case.macos.multiply_one_bf16.fast.O2.contract-off.results	0000 0000 0000 0080 8000 8000 3eab 3f80
case.macos.multiply_one_bf16.relaxed.O2.contract-off.compile_options	air.compile.denorms_disable air.compile.fast_math_disable air.compile.framebuffer_fetch_enable
case.macos.multiply_one_bf16.relaxed.O2.contract-off.float_operations	
case.macos.multiply_one_bf16.relaxed.O2.contract-off.results	0000 0000 0000 0080 8000 8000 3eab 3f80
case.macos.multiply_one_bf16.runtime.fast.opt-default.applied_options	math=fast,fpfun=precise,lang=3.1,opt=default
case.macos.multiply_one_bf16.runtime.fast.opt-default.archived_options	air.compile.denorms_disable air.compile.fast_math_enable air.compile.framebuffer_fetch_enable
case.macos.multiply_one_bf16.runtime.fast.opt-default.results	0000 0000 0000 0080 8000 8000 3eab 3f80
case.macos.multiply_one_bf16.runtime.fast.opt-size.applied_options	math=fast,fpfun=precise,lang=3.1,opt=size
case.macos.multiply_one_bf16.runtime.fast.opt-size.archived_options	air.compile.denorms_disable air.compile.fast_math_enable air.compile.framebuffer_fetch_enable
case.macos.multiply_one_bf16.runtime.fast.opt-size.results	0000 0000 0000 0080 8000 8000 3eab 3f80
case.macos.multiply_one_bf16.runtime.relaxed.opt-default.applied_options	math=relaxed,fpfun=precise,lang=3.1,opt=default
case.macos.multiply_one_bf16.runtime.relaxed.opt-default.archived_options	air.compile.denorms_disable air.compile.fast_math_disable air.compile.framebuffer_fetch_enable
case.macos.multiply_one_bf16.runtime.relaxed.opt-default.results	0000 0000 0000 0080 8000 8000 3eab 3f80
case.macos.multiply_one_bf16.runtime.relaxed.opt-size.applied_options	math=relaxed,fpfun=precise,lang=3.1,opt=size
case.macos.multiply_one_bf16.runtime.relaxed.opt-size.archived_options	air.compile.denorms_disable air.compile.fast_math_disable air.compile.framebuffer_fetch_enable
case.macos.multiply_one_bf16.runtime.relaxed.opt-size.results	0000 0000 0000 0080 8000 8000 3eab 3f80
case.macos.multiply_one_bf16.runtime.safe.opt-default.applied_options	math=safe,fpfun=precise,lang=3.1,opt=default
case.macos.multiply_one_bf16.runtime.safe.opt-default.archived_options	air.compile.denorms_disable air.compile.fast_math_disable air.compile.framebuffer_fetch_enable
case.macos.multiply_one_bf16.runtime.safe.opt-default.results	0000 0000 0000 0080 8000 8000 3eab 3f80
case.macos.multiply_one_bf16.runtime.safe.opt-size.applied_options	math=safe,fpfun=precise,lang=3.1,opt=size
case.macos.multiply_one_bf16.runtime.safe.opt-size.archived_options	air.compile.denorms_disable air.compile.fast_math_disable air.compile.framebuffer_fetch_enable
case.macos.multiply_one_bf16.runtime.safe.opt-size.results	0000 0000 0000 0080 8000 8000 3eab 3f80
case.macos.multiply_one_bf16.safe.O2.contract-off.compile_options	air.compile.denorms_disable air.compile.fast_math_disable air.compile.framebuffer_fetch_enable
case.macos.multiply_one_bf16.safe.O2.contract-off.float_operations	
case.macos.multiply_one_bf16.safe.O2.contract-off.results	0000 0000 0000 0080 8000 8000 3eab 3f80
case.macos.multiply_one_f16.fast.O2.contract-off.compile_options	air.compile.denorms_disable air.compile.fast_math_enable air.compile.framebuffer_fetch_enable
case.macos.multiply_one_f16.fast.O2.contract-off.float_operations	
case.macos.multiply_one_f16.fast.O2.contract-off.results	0001 0200 03ff 0400 8200 8000 3555 3c00
case.macos.multiply_one_f16.relaxed.O2.contract-off.compile_options	air.compile.denorms_disable air.compile.fast_math_disable air.compile.framebuffer_fetch_enable
case.macos.multiply_one_f16.relaxed.O2.contract-off.float_operations	
case.macos.multiply_one_f16.relaxed.O2.contract-off.results	0001 0200 03ff 0400 8200 8000 3555 3c00
case.macos.multiply_one_f16.runtime.fast.opt-default.applied_options	math=fast,fpfun=precise,lang=3.1,opt=default
case.macos.multiply_one_f16.runtime.fast.opt-default.archived_options	air.compile.denorms_disable air.compile.fast_math_enable air.compile.framebuffer_fetch_enable
case.macos.multiply_one_f16.runtime.fast.opt-default.results	0001 0200 03ff 0400 8200 8000 3555 3c00
case.macos.multiply_one_f16.runtime.fast.opt-size.applied_options	math=fast,fpfun=precise,lang=3.1,opt=size
case.macos.multiply_one_f16.runtime.fast.opt-size.archived_options	air.compile.denorms_disable air.compile.fast_math_enable air.compile.framebuffer_fetch_enable
case.macos.multiply_one_f16.runtime.fast.opt-size.results	0001 0200 03ff 0400 8200 8000 3555 3c00
case.macos.multiply_one_f16.runtime.relaxed.opt-default.applied_options	math=relaxed,fpfun=precise,lang=3.1,opt=default
case.macos.multiply_one_f16.runtime.relaxed.opt-default.archived_options	air.compile.denorms_disable air.compile.fast_math_disable air.compile.framebuffer_fetch_enable
case.macos.multiply_one_f16.runtime.relaxed.opt-default.results	0001 0200 03ff 0400 8200 8000 3555 3c00
case.macos.multiply_one_f16.runtime.relaxed.opt-size.applied_options	math=relaxed,fpfun=precise,lang=3.1,opt=size
case.macos.multiply_one_f16.runtime.relaxed.opt-size.archived_options	air.compile.denorms_disable air.compile.fast_math_disable air.compile.framebuffer_fetch_enable
case.macos.multiply_one_f16.runtime.relaxed.opt-size.results	0001 0200 03ff 0400 8200 8000 3555 3c00
case.macos.multiply_one_f16.runtime.safe.opt-default.applied_options	math=safe,fpfun=precise,lang=3.1,opt=default
case.macos.multiply_one_f16.runtime.safe.opt-default.archived_options	air.compile.denorms_disable air.compile.fast_math_disable air.compile.framebuffer_fetch_enable
case.macos.multiply_one_f16.runtime.safe.opt-default.results	0001 0200 03ff 0400 8200 8000 3555 3c00
case.macos.multiply_one_f16.runtime.safe.opt-size.applied_options	math=safe,fpfun=precise,lang=3.1,opt=size
case.macos.multiply_one_f16.runtime.safe.opt-size.archived_options	air.compile.denorms_disable air.compile.fast_math_disable air.compile.framebuffer_fetch_enable
case.macos.multiply_one_f16.runtime.safe.opt-size.results	0001 0200 03ff 0400 8200 8000 3555 3c00
case.macos.multiply_one_f16.safe.O2.contract-off.compile_options	air.compile.denorms_disable air.compile.fast_math_disable air.compile.framebuffer_fetch_enable
case.macos.multiply_one_f16.safe.O2.contract-off.float_operations	
case.macos.multiply_one_f16.safe.O2.contract-off.results	0001 0200 03ff 0400 8200 8000 3555 3c00
case.macos.multiply_two.fast.O0.contract-off.compile_options	air.compile.denorms_disable air.compile.fast_math_enable air.compile.framebuffer_fetch_enable
case.macos.multiply_two.fast.O0.contract-off.float_operations	fmul+reassoc+nnan+ninf+nsz+arcp+afn
case.macos.multiply_two.fast.O0.contract-off.results	00000000 00000000 00000000 01000000 80000000 80000000 3f397ef9 40000000
case.macos.multiply_two.fast.O2.contract-off.compile_options	air.compile.denorms_disable air.compile.fast_math_enable air.compile.framebuffer_fetch_enable
case.macos.multiply_two.fast.O2.contract-off.float_operations	fmul+reassoc+nnan+ninf+nsz+arcp+afn
case.macos.multiply_two.fast.O2.contract-off.results	00000000 00000000 00000000 01000000 80000000 80000000 3f397ef9 40000000
case.macos.multiply_two.fast.O2.contract-off.fpfun-fast.compile_options	air.compile.denorms_disable air.compile.fast_math_enable air.compile.framebuffer_fetch_enable
case.macos.multiply_two.fast.O2.contract-off.fpfun-fast.float_operations	fmul+reassoc+nnan+ninf+nsz+arcp+afn
case.macos.multiply_two.fast.O2.contract-off.fpfun-fast.results	00000000 00000000 00000000 01000000 80000000 80000000 3f397ef9 40000000
case.macos.multiply_two.relaxed.O0.contract-off.compile_options	air.compile.denorms_disable air.compile.fast_math_disable air.compile.framebuffer_fetch_enable
case.macos.multiply_two.relaxed.O0.contract-off.float_operations	fmul+reassoc+nsz+arcp+afn
case.macos.multiply_two.relaxed.O0.contract-off.results	00000000 00000000 00000000 01000000 80000000 80000000 3f397ef9 40000000
case.macos.multiply_two.relaxed.O2.contract-off.compile_options	air.compile.denorms_disable air.compile.fast_math_disable air.compile.framebuffer_fetch_enable
case.macos.multiply_two.relaxed.O2.contract-off.float_operations	fmul+reassoc+nsz+arcp+afn
case.macos.multiply_two.relaxed.O2.contract-off.results	00000000 00000000 00000000 01000000 80000000 80000000 3f397ef9 40000000
case.macos.multiply_two.relaxed.O2.contract-off.fpfun-fast.compile_options	air.compile.denorms_disable air.compile.fast_math_disable air.compile.framebuffer_fetch_enable
case.macos.multiply_two.relaxed.O2.contract-off.fpfun-fast.float_operations	fmul+reassoc+nsz+arcp+afn
case.macos.multiply_two.relaxed.O2.contract-off.fpfun-fast.results	00000000 00000000 00000000 01000000 80000000 80000000 3f397ef9 40000000
case.macos.multiply_two.runtime.fast.opt-default.applied_options	math=fast,fpfun=precise,lang=3.1,opt=default
case.macos.multiply_two.runtime.fast.opt-default.archived_options	air.compile.denorms_disable air.compile.fast_math_enable air.compile.framebuffer_fetch_enable
case.macos.multiply_two.runtime.fast.opt-default.results	00000000 00000000 00000000 01000000 80000000 80000000 3f397ef9 40000000
case.macos.multiply_two.runtime.fast.opt-default.fpfun-fast.applied_options	math=fast,fpfun=fast,lang=3.1,opt=default
case.macos.multiply_two.runtime.fast.opt-default.fpfun-fast.archived_options	air.compile.denorms_disable air.compile.fast_math_enable air.compile.framebuffer_fetch_enable
case.macos.multiply_two.runtime.fast.opt-default.fpfun-fast.results	00000000 00000000 00000000 01000000 80000000 80000000 3f397ef9 40000000
case.macos.multiply_two.runtime.fast.opt-size.applied_options	math=fast,fpfun=precise,lang=3.1,opt=size
case.macos.multiply_two.runtime.fast.opt-size.archived_options	air.compile.denorms_disable air.compile.fast_math_enable air.compile.framebuffer_fetch_enable
case.macos.multiply_two.runtime.fast.opt-size.results	00000000 00000000 00000000 01000000 80000000 80000000 3f397ef9 40000000
case.macos.multiply_two.runtime.fast.opt-size.fpfun-fast.applied_options	math=fast,fpfun=fast,lang=3.1,opt=size
case.macos.multiply_two.runtime.fast.opt-size.fpfun-fast.archived_options	air.compile.denorms_disable air.compile.fast_math_enable air.compile.framebuffer_fetch_enable
case.macos.multiply_two.runtime.fast.opt-size.fpfun-fast.results	00000000 00000000 00000000 01000000 80000000 80000000 3f397ef9 40000000
case.macos.multiply_two.runtime.relaxed.opt-default.applied_options	math=relaxed,fpfun=precise,lang=3.1,opt=default
case.macos.multiply_two.runtime.relaxed.opt-default.archived_options	air.compile.denorms_disable air.compile.fast_math_disable air.compile.framebuffer_fetch_enable
case.macos.multiply_two.runtime.relaxed.opt-default.results	00000000 00000000 00000000 01000000 80000000 80000000 3f397ef9 40000000
case.macos.multiply_two.runtime.relaxed.opt-default.fpfun-fast.applied_options	math=relaxed,fpfun=fast,lang=3.1,opt=default
case.macos.multiply_two.runtime.relaxed.opt-default.fpfun-fast.archived_options	air.compile.denorms_disable air.compile.fast_math_disable air.compile.framebuffer_fetch_enable
case.macos.multiply_two.runtime.relaxed.opt-default.fpfun-fast.results	00000000 00000000 00000000 01000000 80000000 80000000 3f397ef9 40000000
case.macos.multiply_two.runtime.relaxed.opt-size.applied_options	math=relaxed,fpfun=precise,lang=3.1,opt=size
case.macos.multiply_two.runtime.relaxed.opt-size.archived_options	air.compile.denorms_disable air.compile.fast_math_disable air.compile.framebuffer_fetch_enable
case.macos.multiply_two.runtime.relaxed.opt-size.results	00000000 00000000 00000000 01000000 80000000 80000000 3f397ef9 40000000
case.macos.multiply_two.runtime.relaxed.opt-size.fpfun-fast.applied_options	math=relaxed,fpfun=fast,lang=3.1,opt=size
case.macos.multiply_two.runtime.relaxed.opt-size.fpfun-fast.archived_options	air.compile.denorms_disable air.compile.fast_math_disable air.compile.framebuffer_fetch_enable
case.macos.multiply_two.runtime.relaxed.opt-size.fpfun-fast.results	00000000 00000000 00000000 01000000 80000000 80000000 3f397ef9 40000000
case.macos.multiply_two.runtime.safe.opt-default.applied_options	math=safe,fpfun=precise,lang=3.1,opt=default
case.macos.multiply_two.runtime.safe.opt-default.archived_options	air.compile.denorms_disable air.compile.fast_math_disable air.compile.framebuffer_fetch_enable
case.macos.multiply_two.runtime.safe.opt-default.results	00000000 00000000 00000000 01000000 80000000 80000000 3f397ef9 40000000
case.macos.multiply_two.runtime.safe.opt-default.fpfun-fast.applied_options	math=safe,fpfun=fast,lang=3.1,opt=default
case.macos.multiply_two.runtime.safe.opt-default.fpfun-fast.archived_options	air.compile.denorms_disable air.compile.fast_math_disable air.compile.framebuffer_fetch_enable
case.macos.multiply_two.runtime.safe.opt-default.fpfun-fast.results	00000000 00000000 00000000 01000000 80000000 80000000 3f397ef9 40000000
case.macos.multiply_two.runtime.safe.opt-size.applied_options	math=safe,fpfun=precise,lang=3.1,opt=size
case.macos.multiply_two.runtime.safe.opt-size.archived_options	air.compile.denorms_disable air.compile.fast_math_disable air.compile.framebuffer_fetch_enable
case.macos.multiply_two.runtime.safe.opt-size.results	00000000 00000000 00000000 01000000 80000000 80000000 3f397ef9 40000000
case.macos.multiply_two.runtime.safe.opt-size.fpfun-fast.applied_options	math=safe,fpfun=fast,lang=3.1,opt=size
case.macos.multiply_two.runtime.safe.opt-size.fpfun-fast.archived_options	air.compile.denorms_disable air.compile.fast_math_disable air.compile.framebuffer_fetch_enable
case.macos.multiply_two.runtime.safe.opt-size.fpfun-fast.results	00000000 00000000 00000000 01000000 80000000 80000000 3f397ef9 40000000
case.macos.multiply_two.safe.O0.contract-off.compile_options	air.compile.denorms_disable air.compile.fast_math_disable air.compile.framebuffer_fetch_enable
case.macos.multiply_two.safe.O0.contract-off.float_operations	fmul
case.macos.multiply_two.safe.O0.contract-off.results	00000000 00000000 00000000 01000000 80000000 80000000 3f397ef9 40000000
case.macos.multiply_two.safe.O2.contract-off.compile_options	air.compile.denorms_disable air.compile.fast_math_disable air.compile.framebuffer_fetch_enable
case.macos.multiply_two.safe.O2.contract-off.float_operations	fmul
case.macos.multiply_two.safe.O2.contract-off.results	00000000 00000000 00000000 01000000 80000000 80000000 3f397ef9 40000000
case.macos.multiply_two.safe.O2.contract-off.fpfun-fast.compile_options	air.compile.denorms_disable air.compile.fast_math_disable air.compile.framebuffer_fetch_enable
case.macos.multiply_two.safe.O2.contract-off.fpfun-fast.float_operations	fmul
case.macos.multiply_two.safe.O2.contract-off.fpfun-fast.results	00000000 00000000 00000000 01000000 80000000 80000000 3f397ef9 40000000
case.macos.multiply_two_bf16.fast.O0.contract-off.compile_options	air.compile.denorms_disable air.compile.fast_math_enable air.compile.framebuffer_fetch_enable
case.macos.multiply_two_bf16.fast.O0.contract-off.float_operations	fmul+reassoc+nnan+ninf+nsz+arcp+afn
case.macos.multiply_two_bf16.fast.O0.contract-off.results	0000 0000 0000 0100 8000 8000 3f2b 4000
case.macos.multiply_two_bf16.fast.O2.contract-off.compile_options	air.compile.denorms_disable air.compile.fast_math_enable air.compile.framebuffer_fetch_enable
case.macos.multiply_two_bf16.fast.O2.contract-off.float_operations	fmul+reassoc+nnan+ninf+nsz+arcp+afn
case.macos.multiply_two_bf16.fast.O2.contract-off.results	0000 0000 0000 0100 8000 8000 3f2b 4000
case.macos.multiply_two_bf16.relaxed.O0.contract-off.compile_options	air.compile.denorms_disable air.compile.fast_math_disable air.compile.framebuffer_fetch_enable
case.macos.multiply_two_bf16.relaxed.O0.contract-off.float_operations	fmul+reassoc+nsz+arcp+afn
case.macos.multiply_two_bf16.relaxed.O0.contract-off.results	0000 0000 0000 0100 8000 8000 3f2b 4000
case.macos.multiply_two_bf16.relaxed.O2.contract-off.compile_options	air.compile.denorms_disable air.compile.fast_math_disable air.compile.framebuffer_fetch_enable
case.macos.multiply_two_bf16.relaxed.O2.contract-off.float_operations	fmul+reassoc+nsz+arcp+afn
case.macos.multiply_two_bf16.relaxed.O2.contract-off.results	0000 0000 0000 0100 8000 8000 3f2b 4000
case.macos.multiply_two_bf16.runtime.fast.opt-default.applied_options	math=fast,fpfun=precise,lang=3.1,opt=default
case.macos.multiply_two_bf16.runtime.fast.opt-default.archived_options	air.compile.denorms_disable air.compile.fast_math_enable air.compile.framebuffer_fetch_enable
case.macos.multiply_two_bf16.runtime.fast.opt-default.results	0000 0000 0000 0100 8000 8000 3f2b 4000
case.macos.multiply_two_bf16.runtime.fast.opt-size.applied_options	math=fast,fpfun=precise,lang=3.1,opt=size
case.macos.multiply_two_bf16.runtime.fast.opt-size.archived_options	air.compile.denorms_disable air.compile.fast_math_enable air.compile.framebuffer_fetch_enable
case.macos.multiply_two_bf16.runtime.fast.opt-size.results	0000 0000 0000 0100 8000 8000 3f2b 4000
case.macos.multiply_two_bf16.runtime.relaxed.opt-default.applied_options	math=relaxed,fpfun=precise,lang=3.1,opt=default
case.macos.multiply_two_bf16.runtime.relaxed.opt-default.archived_options	air.compile.denorms_disable air.compile.fast_math_disable air.compile.framebuffer_fetch_enable
case.macos.multiply_two_bf16.runtime.relaxed.opt-default.results	0000 0000 0000 0100 8000 8000 3f2b 4000
case.macos.multiply_two_bf16.runtime.relaxed.opt-size.applied_options	math=relaxed,fpfun=precise,lang=3.1,opt=size
case.macos.multiply_two_bf16.runtime.relaxed.opt-size.archived_options	air.compile.denorms_disable air.compile.fast_math_disable air.compile.framebuffer_fetch_enable
case.macos.multiply_two_bf16.runtime.relaxed.opt-size.results	0000 0000 0000 0100 8000 8000 3f2b 4000
case.macos.multiply_two_bf16.runtime.safe.opt-default.applied_options	math=safe,fpfun=precise,lang=3.1,opt=default
case.macos.multiply_two_bf16.runtime.safe.opt-default.archived_options	air.compile.denorms_disable air.compile.fast_math_disable air.compile.framebuffer_fetch_enable
case.macos.multiply_two_bf16.runtime.safe.opt-default.results	0000 0000 0000 0100 8000 8000 3f2b 4000
case.macos.multiply_two_bf16.runtime.safe.opt-size.applied_options	math=safe,fpfun=precise,lang=3.1,opt=size
case.macos.multiply_two_bf16.runtime.safe.opt-size.archived_options	air.compile.denorms_disable air.compile.fast_math_disable air.compile.framebuffer_fetch_enable
case.macos.multiply_two_bf16.runtime.safe.opt-size.results	0000 0000 0000 0100 8000 8000 3f2b 4000
case.macos.multiply_two_bf16.safe.O0.contract-off.compile_options	air.compile.denorms_disable air.compile.fast_math_disable air.compile.framebuffer_fetch_enable
case.macos.multiply_two_bf16.safe.O0.contract-off.float_operations	fmul
case.macos.multiply_two_bf16.safe.O0.contract-off.results	0000 0000 0000 0100 8000 8000 3f2b 4000
case.macos.multiply_two_bf16.safe.O2.contract-off.compile_options	air.compile.denorms_disable air.compile.fast_math_disable air.compile.framebuffer_fetch_enable
case.macos.multiply_two_bf16.safe.O2.contract-off.float_operations	fmul
case.macos.multiply_two_bf16.safe.O2.contract-off.results	0000 0000 0000 0100 8000 8000 3f2b 4000
case.macos.multiply_two_f16.fast.O0.contract-off.compile_options	air.compile.denorms_disable air.compile.fast_math_enable air.compile.framebuffer_fetch_enable
case.macos.multiply_two_f16.fast.O0.contract-off.float_operations	fmul+reassoc+nnan+ninf+nsz+arcp+afn
case.macos.multiply_two_f16.fast.O0.contract-off.results	0002 0400 07fe 0800 8400 8000 3955 4000
case.macos.multiply_two_f16.fast.O2.contract-off.compile_options	air.compile.denorms_disable air.compile.fast_math_enable air.compile.framebuffer_fetch_enable
case.macos.multiply_two_f16.fast.O2.contract-off.float_operations	fmul+reassoc+nnan+ninf+nsz+arcp+afn
case.macos.multiply_two_f16.fast.O2.contract-off.results	0002 0400 07fe 0800 8400 8000 3955 4000
case.macos.multiply_two_f16.relaxed.O0.contract-off.compile_options	air.compile.denorms_disable air.compile.fast_math_disable air.compile.framebuffer_fetch_enable
case.macos.multiply_two_f16.relaxed.O0.contract-off.float_operations	fmul+reassoc+nsz+arcp+afn
case.macos.multiply_two_f16.relaxed.O0.contract-off.results	0002 0400 07fe 0800 8400 8000 3955 4000
case.macos.multiply_two_f16.relaxed.O2.contract-off.compile_options	air.compile.denorms_disable air.compile.fast_math_disable air.compile.framebuffer_fetch_enable
case.macos.multiply_two_f16.relaxed.O2.contract-off.float_operations	fmul+reassoc+nsz+arcp+afn
case.macos.multiply_two_f16.relaxed.O2.contract-off.results	0002 0400 07fe 0800 8400 8000 3955 4000
case.macos.multiply_two_f16.runtime.fast.opt-default.applied_options	math=fast,fpfun=precise,lang=3.1,opt=default
case.macos.multiply_two_f16.runtime.fast.opt-default.archived_options	air.compile.denorms_disable air.compile.fast_math_enable air.compile.framebuffer_fetch_enable
case.macos.multiply_two_f16.runtime.fast.opt-default.results	0002 0400 07fe 0800 8400 8000 3955 4000
case.macos.multiply_two_f16.runtime.fast.opt-size.applied_options	math=fast,fpfun=precise,lang=3.1,opt=size
case.macos.multiply_two_f16.runtime.fast.opt-size.archived_options	air.compile.denorms_disable air.compile.fast_math_enable air.compile.framebuffer_fetch_enable
case.macos.multiply_two_f16.runtime.fast.opt-size.results	0002 0400 07fe 0800 8400 8000 3955 4000
case.macos.multiply_two_f16.runtime.relaxed.opt-default.applied_options	math=relaxed,fpfun=precise,lang=3.1,opt=default
case.macos.multiply_two_f16.runtime.relaxed.opt-default.archived_options	air.compile.denorms_disable air.compile.fast_math_disable air.compile.framebuffer_fetch_enable
case.macos.multiply_two_f16.runtime.relaxed.opt-default.results	0002 0400 07fe 0800 8400 8000 3955 4000
case.macos.multiply_two_f16.runtime.relaxed.opt-size.applied_options	math=relaxed,fpfun=precise,lang=3.1,opt=size
case.macos.multiply_two_f16.runtime.relaxed.opt-size.archived_options	air.compile.denorms_disable air.compile.fast_math_disable air.compile.framebuffer_fetch_enable
case.macos.multiply_two_f16.runtime.relaxed.opt-size.results	0002 0400 07fe 0800 8400 8000 3955 4000
case.macos.multiply_two_f16.runtime.safe.opt-default.applied_options	math=safe,fpfun=precise,lang=3.1,opt=default
case.macos.multiply_two_f16.runtime.safe.opt-default.archived_options	air.compile.denorms_disable air.compile.fast_math_disable air.compile.framebuffer_fetch_enable
case.macos.multiply_two_f16.runtime.safe.opt-default.results	0002 0400 07fe 0800 8400 8000 3955 4000
case.macos.multiply_two_f16.runtime.safe.opt-size.applied_options	math=safe,fpfun=precise,lang=3.1,opt=size
case.macos.multiply_two_f16.runtime.safe.opt-size.archived_options	air.compile.denorms_disable air.compile.fast_math_disable air.compile.framebuffer_fetch_enable
case.macos.multiply_two_f16.runtime.safe.opt-size.results	0002 0400 07fe 0800 8400 8000 3955 4000
case.macos.multiply_two_f16.safe.O0.contract-off.compile_options	air.compile.denorms_disable air.compile.fast_math_disable air.compile.framebuffer_fetch_enable
case.macos.multiply_two_f16.safe.O0.contract-off.float_operations	fmul
case.macos.multiply_two_f16.safe.O0.contract-off.results	0002 0400 07fe 0800 8400 8000 3955 4000
case.macos.multiply_two_f16.safe.O2.contract-off.compile_options	air.compile.denorms_disable air.compile.fast_math_disable air.compile.framebuffer_fetch_enable
case.macos.multiply_two_f16.safe.O2.contract-off.float_operations	fmul
case.macos.multiply_two_f16.safe.O2.contract-off.results	0002 0400 07fe 0800 8400 8000 3955 4000
case.macos.permutation_chain.fast.O2.contract-off.compile_options	air.compile.denorms_disable air.compile.fast_math_enable air.compile.framebuffer_fetch_enable
case.macos.permutation_chain.fast.O2.contract-off.float_operations	
case.macos.permutation_chain.fast.O2.contract-off.results	00000001 00400000 007fffff 00800000 80400000 80000000 3eb97ef9 3f800000
case.macos.permutation_chain.relaxed.O2.contract-off.compile_options	air.compile.denorms_disable air.compile.fast_math_disable air.compile.framebuffer_fetch_enable
case.macos.permutation_chain.relaxed.O2.contract-off.float_operations	
case.macos.permutation_chain.relaxed.O2.contract-off.results	00000001 00400000 007fffff 00800000 80400000 80000000 3eb97ef9 3f800000
case.macos.permutation_chain.runtime.fast.opt-default.applied_options	math=fast,fpfun=precise,lang=3.1,opt=default
case.macos.permutation_chain.runtime.fast.opt-default.archived_options	air.compile.denorms_disable air.compile.fast_math_enable air.compile.framebuffer_fetch_enable
case.macos.permutation_chain.runtime.fast.opt-default.results	00000001 00400000 007fffff 00800000 80400000 80000000 3eb97ef9 3f800000
case.macos.permutation_chain.runtime.fast.opt-size.applied_options	math=fast,fpfun=precise,lang=3.1,opt=size
case.macos.permutation_chain.runtime.fast.opt-size.archived_options	air.compile.denorms_disable air.compile.fast_math_enable air.compile.framebuffer_fetch_enable
case.macos.permutation_chain.runtime.fast.opt-size.results	00000001 00400000 007fffff 00800000 80400000 80000000 3eb97ef9 3f800000
case.macos.permutation_chain.runtime.relaxed.opt-default.applied_options	math=relaxed,fpfun=precise,lang=3.1,opt=default
case.macos.permutation_chain.runtime.relaxed.opt-default.archived_options	air.compile.denorms_disable air.compile.fast_math_disable air.compile.framebuffer_fetch_enable
case.macos.permutation_chain.runtime.relaxed.opt-default.results	00000001 00400000 007fffff 00800000 80400000 80000000 3eb97ef9 3f800000
case.macos.permutation_chain.runtime.relaxed.opt-size.applied_options	math=relaxed,fpfun=precise,lang=3.1,opt=size
case.macos.permutation_chain.runtime.relaxed.opt-size.archived_options	air.compile.denorms_disable air.compile.fast_math_disable air.compile.framebuffer_fetch_enable
case.macos.permutation_chain.runtime.relaxed.opt-size.results	00000001 00400000 007fffff 00800000 80400000 80000000 3eb97ef9 3f800000
case.macos.permutation_chain.runtime.safe.opt-default.applied_options	math=safe,fpfun=precise,lang=3.1,opt=default
case.macos.permutation_chain.runtime.safe.opt-default.archived_options	air.compile.denorms_disable air.compile.fast_math_disable air.compile.framebuffer_fetch_enable
case.macos.permutation_chain.runtime.safe.opt-default.results	00000000 00000000 00000000 00000000 00000000 00000000 00000000 00000000
case.macos.permutation_chain.runtime.safe.opt-size.applied_options	math=safe,fpfun=precise,lang=3.1,opt=size
case.macos.permutation_chain.runtime.safe.opt-size.archived_options	air.compile.denorms_disable air.compile.fast_math_disable air.compile.framebuffer_fetch_enable
case.macos.permutation_chain.runtime.safe.opt-size.results	00000000 00000000 00000000 00000000 00000000 00000000 00000000 00000000
case.macos.permutation_chain.safe.O2.contract-off.compile_options	air.compile.denorms_disable air.compile.fast_math_disable air.compile.framebuffer_fetch_enable
case.macos.permutation_chain.safe.O2.contract-off.float_operations	fadd fadd fadd
case.macos.permutation_chain.safe.O2.contract-off.results	00000000 00000000 00000000 00000000 00000000 00000000 00000000 00000000
case.macos.permutation_chain_reordered.fast.O2.contract-off.compile_options	air.compile.denorms_disable air.compile.fast_math_enable air.compile.framebuffer_fetch_enable
case.macos.permutation_chain_reordered.fast.O2.contract-off.float_operations	fadd+reassoc+nnan+ninf+nsz+arcp+afn
case.macos.permutation_chain_reordered.fast.O2.contract-off.results	40000000 40000000 40000000 40000000 40000000 40000000 40172fdf 40400000
case.macos.permutation_chain_reordered.relaxed.O2.contract-off.compile_options	air.compile.denorms_disable air.compile.fast_math_disable air.compile.framebuffer_fetch_enable
case.macos.permutation_chain_reordered.relaxed.O2.contract-off.float_operations	fadd+reassoc+nsz+arcp+afn
case.macos.permutation_chain_reordered.relaxed.O2.contract-off.results	40000000 40000000 40000000 40000000 40000000 40000000 40172fdf 40400000
case.macos.permutation_chain_reordered.runtime.fast.opt-default.applied_options	math=fast,fpfun=precise,lang=3.1,opt=default
case.macos.permutation_chain_reordered.runtime.fast.opt-default.archived_options	air.compile.denorms_disable air.compile.fast_math_enable air.compile.framebuffer_fetch_enable
case.macos.permutation_chain_reordered.runtime.fast.opt-default.results	40000000 40000000 40000000 40000000 40000000 40000000 40172fdf 40400000
case.macos.permutation_chain_reordered.runtime.fast.opt-size.applied_options	math=fast,fpfun=precise,lang=3.1,opt=size
case.macos.permutation_chain_reordered.runtime.fast.opt-size.archived_options	air.compile.denorms_disable air.compile.fast_math_enable air.compile.framebuffer_fetch_enable
case.macos.permutation_chain_reordered.runtime.fast.opt-size.results	40000000 40000000 40000000 40000000 40000000 40000000 40172fdf 40400000
case.macos.permutation_chain_reordered.runtime.relaxed.opt-default.applied_options	math=relaxed,fpfun=precise,lang=3.1,opt=default
case.macos.permutation_chain_reordered.runtime.relaxed.opt-default.archived_options	air.compile.denorms_disable air.compile.fast_math_disable air.compile.framebuffer_fetch_enable
case.macos.permutation_chain_reordered.runtime.relaxed.opt-default.results	40000000 40000000 40000000 40000000 40000000 40000000 40172fdf 40400000
case.macos.permutation_chain_reordered.runtime.relaxed.opt-size.applied_options	math=relaxed,fpfun=precise,lang=3.1,opt=size
case.macos.permutation_chain_reordered.runtime.relaxed.opt-size.archived_options	air.compile.denorms_disable air.compile.fast_math_disable air.compile.framebuffer_fetch_enable
case.macos.permutation_chain_reordered.runtime.relaxed.opt-size.results	40000000 40000000 40000000 40000000 40000000 40000000 40172fdf 40400000
case.macos.permutation_chain_reordered.runtime.safe.opt-default.applied_options	math=safe,fpfun=precise,lang=3.1,opt=default
case.macos.permutation_chain_reordered.runtime.safe.opt-default.archived_options	air.compile.denorms_disable air.compile.fast_math_disable air.compile.framebuffer_fetch_enable
case.macos.permutation_chain_reordered.runtime.safe.opt-default.results	40000000 40000000 40000000 40000000 40000000 40000000 40000000 40000000
case.macos.permutation_chain_reordered.runtime.safe.opt-size.applied_options	math=safe,fpfun=precise,lang=3.1,opt=size
case.macos.permutation_chain_reordered.runtime.safe.opt-size.archived_options	air.compile.denorms_disable air.compile.fast_math_disable air.compile.framebuffer_fetch_enable
case.macos.permutation_chain_reordered.runtime.safe.opt-size.results	40000000 40000000 40000000 40000000 40000000 40000000 40000000 40000000
case.macos.permutation_chain_reordered.safe.O2.contract-off.compile_options	air.compile.denorms_disable air.compile.fast_math_disable air.compile.framebuffer_fetch_enable
case.macos.permutation_chain_reordered.safe.O2.contract-off.float_operations	fadd fadd fadd
case.macos.permutation_chain_reordered.safe.O2.contract-off.results	40000000 40000000 40000000 40000000 40000000 40000000 40000000 40000000
case.macos.reassociation_chain.fast.O2.contract-off.compile_options	air.compile.denorms_disable air.compile.fast_math_enable air.compile.framebuffer_fetch_enable
case.macos.reassociation_chain.fast.O2.contract-off.float_operations	fadd+reassoc+nnan+ninf+nsz+arcp+afn
case.macos.reassociation_chain.fast.O2.contract-off.results	34000000 34000000 34000000 34000000 34000000 34000000 3eb97efd 3f800001
case.macos.reassociation_chain.relaxed.O2.contract-off.compile_options	air.compile.denorms_disable air.compile.fast_math_disable air.compile.framebuffer_fetch_enable
case.macos.reassociation_chain.relaxed.O2.contract-off.float_operations	fadd+reassoc+nsz+arcp+afn
case.macos.reassociation_chain.relaxed.O2.contract-off.results	34000000 34000000 34000000 34000000 34000000 34000000 3eb97efd 3f800001
case.macos.reassociation_chain.runtime.fast.opt-default.applied_options	math=fast,fpfun=precise,lang=3.1,opt=default
case.macos.reassociation_chain.runtime.fast.opt-default.archived_options	air.compile.denorms_disable air.compile.fast_math_enable air.compile.framebuffer_fetch_enable
case.macos.reassociation_chain.runtime.fast.opt-default.results	34000000 34000000 34000000 34000000 34000000 34000000 3eb97efd 3f800001
case.macos.reassociation_chain.runtime.fast.opt-size.applied_options	math=fast,fpfun=precise,lang=3.1,opt=size
case.macos.reassociation_chain.runtime.fast.opt-size.archived_options	air.compile.denorms_disable air.compile.fast_math_enable air.compile.framebuffer_fetch_enable
case.macos.reassociation_chain.runtime.fast.opt-size.results	34000000 34000000 34000000 34000000 34000000 34000000 3eb97efd 3f800001
case.macos.reassociation_chain.runtime.relaxed.opt-default.applied_options	math=relaxed,fpfun=precise,lang=3.1,opt=default
case.macos.reassociation_chain.runtime.relaxed.opt-default.archived_options	air.compile.denorms_disable air.compile.fast_math_disable air.compile.framebuffer_fetch_enable
case.macos.reassociation_chain.runtime.relaxed.opt-default.results	34000000 34000000 34000000 34000000 34000000 34000000 3eb97efd 3f800001
case.macos.reassociation_chain.runtime.relaxed.opt-size.applied_options	math=relaxed,fpfun=precise,lang=3.1,opt=size
case.macos.reassociation_chain.runtime.relaxed.opt-size.archived_options	air.compile.denorms_disable air.compile.fast_math_disable air.compile.framebuffer_fetch_enable
case.macos.reassociation_chain.runtime.relaxed.opt-size.results	34000000 34000000 34000000 34000000 34000000 34000000 3eb97efd 3f800001
case.macos.reassociation_chain.runtime.safe.opt-default.applied_options	math=safe,fpfun=precise,lang=3.1,opt=default
case.macos.reassociation_chain.runtime.safe.opt-default.archived_options	air.compile.denorms_disable air.compile.fast_math_disable air.compile.framebuffer_fetch_enable
case.macos.reassociation_chain.runtime.safe.opt-default.results	34000000 34000000 34000000 34000000 34000000 34000000 3eb97efd 3f800000
case.macos.reassociation_chain.runtime.safe.opt-size.applied_options	math=safe,fpfun=precise,lang=3.1,opt=size
case.macos.reassociation_chain.runtime.safe.opt-size.archived_options	air.compile.denorms_disable air.compile.fast_math_disable air.compile.framebuffer_fetch_enable
case.macos.reassociation_chain.runtime.safe.opt-size.results	34000000 34000000 34000000 34000000 34000000 34000000 3eb97efd 3f800000
case.macos.reassociation_chain.safe.O2.contract-off.compile_options	air.compile.denorms_disable air.compile.fast_math_disable air.compile.framebuffer_fetch_enable
case.macos.reassociation_chain.safe.O2.contract-off.float_operations	fadd fadd
case.macos.reassociation_chain.safe.O2.contract-off.results	34000000 34000000 34000000 34000000 34000000 34000000 3eb97efd 3f800000
case.macos.reassociation_chain_bf16.fast.O2.contract-off.compile_options	air.compile.denorms_disable air.compile.fast_math_enable air.compile.framebuffer_fetch_enable
case.macos.reassociation_chain_bf16.fast.O2.contract-off.float_operations	fadd+reassoc+nnan+ninf+nsz+arcp+afn
case.macos.reassociation_chain_bf16.fast.O2.contract-off.results	3c00 3c00 3c00 3c00 3c00 3c00 3eaf 3f81
case.macos.reassociation_chain_bf16.relaxed.O2.contract-off.compile_options	air.compile.denorms_disable air.compile.fast_math_disable air.compile.framebuffer_fetch_enable
case.macos.reassociation_chain_bf16.relaxed.O2.contract-off.float_operations	fadd+reassoc+nsz+arcp+afn
case.macos.reassociation_chain_bf16.relaxed.O2.contract-off.results	3c00 3c00 3c00 3c00 3c00 3c00 3eaf 3f81
case.macos.reassociation_chain_bf16.runtime.fast.opt-default.applied_options	math=fast,fpfun=precise,lang=3.1,opt=default
case.macos.reassociation_chain_bf16.runtime.fast.opt-default.archived_options	air.compile.denorms_disable air.compile.fast_math_enable air.compile.framebuffer_fetch_enable
case.macos.reassociation_chain_bf16.runtime.fast.opt-default.results	3c00 3c00 3c00 3c00 3c00 3c00 3eaf 3f81
case.macos.reassociation_chain_bf16.runtime.fast.opt-size.applied_options	math=fast,fpfun=precise,lang=3.1,opt=size
case.macos.reassociation_chain_bf16.runtime.fast.opt-size.archived_options	air.compile.denorms_disable air.compile.fast_math_enable air.compile.framebuffer_fetch_enable
case.macos.reassociation_chain_bf16.runtime.fast.opt-size.results	3c00 3c00 3c00 3c00 3c00 3c00 3eaf 3f81
case.macos.reassociation_chain_bf16.runtime.relaxed.opt-default.applied_options	math=relaxed,fpfun=precise,lang=3.1,opt=default
case.macos.reassociation_chain_bf16.runtime.relaxed.opt-default.archived_options	air.compile.denorms_disable air.compile.fast_math_disable air.compile.framebuffer_fetch_enable
case.macos.reassociation_chain_bf16.runtime.relaxed.opt-default.results	3c00 3c00 3c00 3c00 3c00 3c00 3eaf 3f81
case.macos.reassociation_chain_bf16.runtime.relaxed.opt-size.applied_options	math=relaxed,fpfun=precise,lang=3.1,opt=size
case.macos.reassociation_chain_bf16.runtime.relaxed.opt-size.archived_options	air.compile.denorms_disable air.compile.fast_math_disable air.compile.framebuffer_fetch_enable
case.macos.reassociation_chain_bf16.runtime.relaxed.opt-size.results	3c00 3c00 3c00 3c00 3c00 3c00 3eaf 3f81
case.macos.reassociation_chain_bf16.runtime.safe.opt-default.applied_options	math=safe,fpfun=precise,lang=3.1,opt=default
case.macos.reassociation_chain_bf16.runtime.safe.opt-default.archived_options	air.compile.denorms_disable air.compile.fast_math_disable air.compile.framebuffer_fetch_enable
case.macos.reassociation_chain_bf16.runtime.safe.opt-default.results	3c00 3c00 3c00 3c00 3c00 3c00 3eaf 3f80
case.macos.reassociation_chain_bf16.runtime.safe.opt-size.applied_options	math=safe,fpfun=precise,lang=3.1,opt=size
case.macos.reassociation_chain_bf16.runtime.safe.opt-size.archived_options	air.compile.denorms_disable air.compile.fast_math_disable air.compile.framebuffer_fetch_enable
case.macos.reassociation_chain_bf16.runtime.safe.opt-size.results	3c00 3c00 3c00 3c00 3c00 3c00 3eaf 3f80
case.macos.reassociation_chain_bf16.safe.O2.contract-off.compile_options	air.compile.denorms_disable air.compile.fast_math_disable air.compile.framebuffer_fetch_enable
case.macos.reassociation_chain_bf16.safe.O2.contract-off.float_operations	fadd fadd
case.macos.reassociation_chain_bf16.safe.O2.contract-off.results	3c00 3c00 3c00 3c00 3c00 3c00 3eaf 3f80
case.macos.reassociation_chain_f16.fast.O2.contract-off.compile_options	air.compile.denorms_disable air.compile.fast_math_enable air.compile.framebuffer_fetch_enable
case.macos.reassociation_chain_f16.fast.O2.contract-off.float_operations	fadd+reassoc+nnan+ninf+nsz+arcp+afn
case.macos.reassociation_chain_f16.fast.O2.contract-off.results	1400 1420 1440 1440 13c0 1400 3559 3c01
case.macos.reassociation_chain_f16.relaxed.O2.contract-off.compile_options	air.compile.denorms_disable air.compile.fast_math_disable air.compile.framebuffer_fetch_enable
case.macos.reassociation_chain_f16.relaxed.O2.contract-off.float_operations	fadd+reassoc+nsz+arcp+afn
case.macos.reassociation_chain_f16.relaxed.O2.contract-off.results	1400 1420 1440 1440 13c0 1400 3559 3c01
case.macos.reassociation_chain_f16.runtime.fast.opt-default.applied_options	math=fast,fpfun=precise,lang=3.1,opt=default
case.macos.reassociation_chain_f16.runtime.fast.opt-default.archived_options	air.compile.denorms_disable air.compile.fast_math_enable air.compile.framebuffer_fetch_enable
case.macos.reassociation_chain_f16.runtime.fast.opt-default.results	1400 1420 1440 1440 13c0 1400 3559 3c01
case.macos.reassociation_chain_f16.runtime.fast.opt-size.applied_options	math=fast,fpfun=precise,lang=3.1,opt=size
case.macos.reassociation_chain_f16.runtime.fast.opt-size.archived_options	air.compile.denorms_disable air.compile.fast_math_enable air.compile.framebuffer_fetch_enable
case.macos.reassociation_chain_f16.runtime.fast.opt-size.results	1400 1420 1440 1440 13c0 1400 3559 3c01
case.macos.reassociation_chain_f16.runtime.relaxed.opt-default.applied_options	math=relaxed,fpfun=precise,lang=3.1,opt=default
case.macos.reassociation_chain_f16.runtime.relaxed.opt-default.archived_options	air.compile.denorms_disable air.compile.fast_math_disable air.compile.framebuffer_fetch_enable
case.macos.reassociation_chain_f16.runtime.relaxed.opt-default.results	1400 1420 1440 1440 13c0 1400 3559 3c01
case.macos.reassociation_chain_f16.runtime.relaxed.opt-size.applied_options	math=relaxed,fpfun=precise,lang=3.1,opt=size
case.macos.reassociation_chain_f16.runtime.relaxed.opt-size.archived_options	air.compile.denorms_disable air.compile.fast_math_disable air.compile.framebuffer_fetch_enable
case.macos.reassociation_chain_f16.runtime.relaxed.opt-size.results	1400 1420 1440 1440 13c0 1400 3559 3c01
case.macos.reassociation_chain_f16.runtime.safe.opt-default.applied_options	math=safe,fpfun=precise,lang=3.1,opt=default
case.macos.reassociation_chain_f16.runtime.safe.opt-default.archived_options	air.compile.denorms_disable air.compile.fast_math_disable air.compile.framebuffer_fetch_enable
case.macos.reassociation_chain_f16.runtime.safe.opt-default.results	1400 1420 1440 1440 13c0 1400 3559 3c00
case.macos.reassociation_chain_f16.runtime.safe.opt-size.applied_options	math=safe,fpfun=precise,lang=3.1,opt=size
case.macos.reassociation_chain_f16.runtime.safe.opt-size.archived_options	air.compile.denorms_disable air.compile.fast_math_disable air.compile.framebuffer_fetch_enable
case.macos.reassociation_chain_f16.runtime.safe.opt-size.results	1400 1420 1440 1440 13c0 1400 3559 3c00
case.macos.reassociation_chain_f16.safe.O2.contract-off.compile_options	air.compile.denorms_disable air.compile.fast_math_disable air.compile.framebuffer_fetch_enable
case.macos.reassociation_chain_f16.safe.O2.contract-off.float_operations	fadd fadd
case.macos.reassociation_chain_f16.safe.O2.contract-off.results	1400 1420 1440 1440 13c0 1400 3559 3c00
case.macos.scale_one_bias_zero.fast.O0.contract-off.compile_options	air.compile.denorms_disable air.compile.fast_math_enable air.compile.framebuffer_fetch_enable
case.macos.scale_one_bias_zero.fast.O0.contract-off.float_operations	fmul+reassoc+nnan+ninf+nsz+arcp+afn fadd+reassoc+nnan+ninf+nsz+arcp+afn
case.macos.scale_one_bias_zero.fast.O0.contract-off.results	00000001 00400000 007fffff 00800000 80400000 80000000 3eb97ef9 3f800000
case.macos.scale_one_bias_zero.fast.O2.contract-off.compile_options	air.compile.denorms_disable air.compile.fast_math_enable air.compile.framebuffer_fetch_enable
case.macos.scale_one_bias_zero.fast.O2.contract-off.float_operations	
case.macos.scale_one_bias_zero.fast.O2.contract-off.results	00000001 00400000 007fffff 00800000 80400000 80000000 3eb97ef9 3f800000
case.macos.scale_one_bias_zero.fast.O2.contract-off.fpfun-fast.compile_options	air.compile.denorms_disable air.compile.fast_math_enable air.compile.framebuffer_fetch_enable
case.macos.scale_one_bias_zero.fast.O2.contract-off.fpfun-fast.float_operations	
case.macos.scale_one_bias_zero.fast.O2.contract-off.fpfun-fast.results	00000001 00400000 007fffff 00800000 80400000 80000000 3eb97ef9 3f800000
case.macos.scale_one_bias_zero.relaxed.O0.contract-off.compile_options	air.compile.denorms_disable air.compile.fast_math_disable air.compile.framebuffer_fetch_enable
case.macos.scale_one_bias_zero.relaxed.O0.contract-off.float_operations	fmul+reassoc+nsz+arcp+afn fadd+reassoc+nsz+arcp+afn
case.macos.scale_one_bias_zero.relaxed.O0.contract-off.results	00000001 00400000 007fffff 00800000 80400000 80000000 3eb97ef9 3f800000
case.macos.scale_one_bias_zero.relaxed.O2.contract-off.compile_options	air.compile.denorms_disable air.compile.fast_math_disable air.compile.framebuffer_fetch_enable
case.macos.scale_one_bias_zero.relaxed.O2.contract-off.float_operations	
case.macos.scale_one_bias_zero.relaxed.O2.contract-off.results	00000001 00400000 007fffff 00800000 80400000 80000000 3eb97ef9 3f800000
case.macos.scale_one_bias_zero.relaxed.O2.contract-off.fpfun-fast.compile_options	air.compile.denorms_disable air.compile.fast_math_disable air.compile.framebuffer_fetch_enable
case.macos.scale_one_bias_zero.relaxed.O2.contract-off.fpfun-fast.float_operations	
case.macos.scale_one_bias_zero.relaxed.O2.contract-off.fpfun-fast.results	00000001 00400000 007fffff 00800000 80400000 80000000 3eb97ef9 3f800000
case.macos.scale_one_bias_zero.runtime.fast.opt-default.applied_options	math=fast,fpfun=precise,lang=3.1,opt=default
case.macos.scale_one_bias_zero.runtime.fast.opt-default.archived_options	air.compile.denorms_disable air.compile.fast_math_enable air.compile.framebuffer_fetch_enable
case.macos.scale_one_bias_zero.runtime.fast.opt-default.results	00000001 00400000 007fffff 00800000 80400000 80000000 3eb97ef9 3f800000
case.macos.scale_one_bias_zero.runtime.fast.opt-default.fpfun-fast.applied_options	math=fast,fpfun=fast,lang=3.1,opt=default
case.macos.scale_one_bias_zero.runtime.fast.opt-default.fpfun-fast.archived_options	air.compile.denorms_disable air.compile.fast_math_enable air.compile.framebuffer_fetch_enable
case.macos.scale_one_bias_zero.runtime.fast.opt-default.fpfun-fast.results	00000001 00400000 007fffff 00800000 80400000 80000000 3eb97ef9 3f800000
case.macos.scale_one_bias_zero.runtime.fast.opt-size.applied_options	math=fast,fpfun=precise,lang=3.1,opt=size
case.macos.scale_one_bias_zero.runtime.fast.opt-size.archived_options	air.compile.denorms_disable air.compile.fast_math_enable air.compile.framebuffer_fetch_enable
case.macos.scale_one_bias_zero.runtime.fast.opt-size.results	00000001 00400000 007fffff 00800000 80400000 80000000 3eb97ef9 3f800000
case.macos.scale_one_bias_zero.runtime.fast.opt-size.fpfun-fast.applied_options	math=fast,fpfun=fast,lang=3.1,opt=size
case.macos.scale_one_bias_zero.runtime.fast.opt-size.fpfun-fast.archived_options	air.compile.denorms_disable air.compile.fast_math_enable air.compile.framebuffer_fetch_enable
case.macos.scale_one_bias_zero.runtime.fast.opt-size.fpfun-fast.results	00000001 00400000 007fffff 00800000 80400000 80000000 3eb97ef9 3f800000
case.macos.scale_one_bias_zero.runtime.relaxed.opt-default.applied_options	math=relaxed,fpfun=precise,lang=3.1,opt=default
case.macos.scale_one_bias_zero.runtime.relaxed.opt-default.archived_options	air.compile.denorms_disable air.compile.fast_math_disable air.compile.framebuffer_fetch_enable
case.macos.scale_one_bias_zero.runtime.relaxed.opt-default.results	00000001 00400000 007fffff 00800000 80400000 80000000 3eb97ef9 3f800000
case.macos.scale_one_bias_zero.runtime.relaxed.opt-default.fpfun-fast.applied_options	math=relaxed,fpfun=fast,lang=3.1,opt=default
case.macos.scale_one_bias_zero.runtime.relaxed.opt-default.fpfun-fast.archived_options	air.compile.denorms_disable air.compile.fast_math_disable air.compile.framebuffer_fetch_enable
case.macos.scale_one_bias_zero.runtime.relaxed.opt-default.fpfun-fast.results	00000001 00400000 007fffff 00800000 80400000 80000000 3eb97ef9 3f800000
case.macos.scale_one_bias_zero.runtime.relaxed.opt-size.applied_options	math=relaxed,fpfun=precise,lang=3.1,opt=size
case.macos.scale_one_bias_zero.runtime.relaxed.opt-size.archived_options	air.compile.denorms_disable air.compile.fast_math_disable air.compile.framebuffer_fetch_enable
case.macos.scale_one_bias_zero.runtime.relaxed.opt-size.results	00000001 00400000 007fffff 00800000 80400000 80000000 3eb97ef9 3f800000
case.macos.scale_one_bias_zero.runtime.relaxed.opt-size.fpfun-fast.applied_options	math=relaxed,fpfun=fast,lang=3.1,opt=size
case.macos.scale_one_bias_zero.runtime.relaxed.opt-size.fpfun-fast.archived_options	air.compile.denorms_disable air.compile.fast_math_disable air.compile.framebuffer_fetch_enable
case.macos.scale_one_bias_zero.runtime.relaxed.opt-size.fpfun-fast.results	00000001 00400000 007fffff 00800000 80400000 80000000 3eb97ef9 3f800000
case.macos.scale_one_bias_zero.runtime.safe.opt-default.applied_options	math=safe,fpfun=precise,lang=3.1,opt=default
case.macos.scale_one_bias_zero.runtime.safe.opt-default.archived_options	air.compile.denorms_disable air.compile.fast_math_disable air.compile.framebuffer_fetch_enable
case.macos.scale_one_bias_zero.runtime.safe.opt-default.results	00000000 00000000 00000000 00800000 00000000 00000000 3eb97ef9 3f800000
case.macos.scale_one_bias_zero.runtime.safe.opt-default.fpfun-fast.applied_options	math=safe,fpfun=fast,lang=3.1,opt=default
case.macos.scale_one_bias_zero.runtime.safe.opt-default.fpfun-fast.archived_options	air.compile.denorms_disable air.compile.fast_math_disable air.compile.framebuffer_fetch_enable
case.macos.scale_one_bias_zero.runtime.safe.opt-default.fpfun-fast.results	00000000 00000000 00000000 00800000 00000000 00000000 3eb97ef9 3f800000
case.macos.scale_one_bias_zero.runtime.safe.opt-size.applied_options	math=safe,fpfun=precise,lang=3.1,opt=size
case.macos.scale_one_bias_zero.runtime.safe.opt-size.archived_options	air.compile.denorms_disable air.compile.fast_math_disable air.compile.framebuffer_fetch_enable
case.macos.scale_one_bias_zero.runtime.safe.opt-size.results	00000000 00000000 00000000 00800000 00000000 00000000 3eb97ef9 3f800000
case.macos.scale_one_bias_zero.runtime.safe.opt-size.fpfun-fast.applied_options	math=safe,fpfun=fast,lang=3.1,opt=size
case.macos.scale_one_bias_zero.runtime.safe.opt-size.fpfun-fast.archived_options	air.compile.denorms_disable air.compile.fast_math_disable air.compile.framebuffer_fetch_enable
case.macos.scale_one_bias_zero.runtime.safe.opt-size.fpfun-fast.results	00000000 00000000 00000000 00800000 00000000 00000000 3eb97ef9 3f800000
case.macos.scale_one_bias_zero.safe.O0.contract-off.compile_options	air.compile.denorms_disable air.compile.fast_math_disable air.compile.framebuffer_fetch_enable
case.macos.scale_one_bias_zero.safe.O0.contract-off.float_operations	fmul fadd
case.macos.scale_one_bias_zero.safe.O0.contract-off.results	00000000 00000000 00000000 00800000 00000000 00000000 3eb97ef9 3f800000
case.macos.scale_one_bias_zero.safe.O1.contract-off.compile_options	air.compile.denorms_disable air.compile.fast_math_disable air.compile.framebuffer_fetch_enable
case.macos.scale_one_bias_zero.safe.O1.contract-off.float_operations	fadd
case.macos.scale_one_bias_zero.safe.O1.contract-off.results	00000000 00000000 00000000 00800000 00000000 00000000 3eb97ef9 3f800000
case.macos.scale_one_bias_zero.safe.O2.contract-off.compile_options	air.compile.denorms_disable air.compile.fast_math_disable air.compile.framebuffer_fetch_enable
case.macos.scale_one_bias_zero.safe.O2.contract-off.float_operations	fadd
case.macos.scale_one_bias_zero.safe.O2.contract-off.results	00000000 00000000 00000000 00800000 00000000 00000000 3eb97ef9 3f800000
case.macos.scale_one_bias_zero.safe.O2.contract-off.fpfun-fast.compile_options	air.compile.denorms_disable air.compile.fast_math_disable air.compile.framebuffer_fetch_enable
case.macos.scale_one_bias_zero.safe.O2.contract-off.fpfun-fast.float_operations	fadd
case.macos.scale_one_bias_zero.safe.O2.contract-off.fpfun-fast.results	00000000 00000000 00000000 00800000 00000000 00000000 3eb97ef9 3f800000
case.macos.scale_one_bias_zero.safe.O3.contract-off.compile_options	air.compile.denorms_disable air.compile.fast_math_disable air.compile.framebuffer_fetch_enable
case.macos.scale_one_bias_zero.safe.O3.contract-off.float_operations	fadd
case.macos.scale_one_bias_zero.safe.O3.contract-off.results	00000000 00000000 00000000 00800000 00000000 00000000 3eb97ef9 3f800000
case.macos.scale_one_bias_zero.safe.Os.contract-off.compile_options	air.compile.denorms_disable air.compile.fast_math_disable air.compile.framebuffer_fetch_enable
case.macos.scale_one_bias_zero.safe.Os.contract-off.float_operations	fadd
case.macos.scale_one_bias_zero.safe.Os.contract-off.results	00000000 00000000 00000000 00800000 00000000 00000000 3eb97ef9 3f800000
case.macos.scale_one_bias_zero_bf16.fast.O0.contract-off.compile_options	air.compile.denorms_disable air.compile.fast_math_enable air.compile.framebuffer_fetch_enable
case.macos.scale_one_bias_zero_bf16.fast.O0.contract-off.float_operations	fmul+reassoc+nnan+ninf+nsz+arcp+afn fadd+reassoc+nnan+ninf+nsz+arcp+afn
case.macos.scale_one_bias_zero_bf16.fast.O0.contract-off.results	0001 0040 007f 0080 8040 8000 3eab 3f80
case.macos.scale_one_bias_zero_bf16.fast.O2.contract-off.compile_options	air.compile.denorms_disable air.compile.fast_math_enable air.compile.framebuffer_fetch_enable
case.macos.scale_one_bias_zero_bf16.fast.O2.contract-off.float_operations	
case.macos.scale_one_bias_zero_bf16.fast.O2.contract-off.results	0000 0000 0000 0080 8000 8000 3eab 3f80
case.macos.scale_one_bias_zero_bf16.relaxed.O0.contract-off.compile_options	air.compile.denorms_disable air.compile.fast_math_disable air.compile.framebuffer_fetch_enable
case.macos.scale_one_bias_zero_bf16.relaxed.O0.contract-off.float_operations	fmul+reassoc+nsz+arcp+afn fadd+reassoc+nsz+arcp+afn
case.macos.scale_one_bias_zero_bf16.relaxed.O0.contract-off.results	0001 0040 007f 0080 8040 8000 3eab 3f80
case.macos.scale_one_bias_zero_bf16.relaxed.O2.contract-off.compile_options	air.compile.denorms_disable air.compile.fast_math_disable air.compile.framebuffer_fetch_enable
case.macos.scale_one_bias_zero_bf16.relaxed.O2.contract-off.float_operations	
case.macos.scale_one_bias_zero_bf16.relaxed.O2.contract-off.results	0000 0000 0000 0080 8000 8000 3eab 3f80
case.macos.scale_one_bias_zero_bf16.runtime.fast.opt-default.applied_options	math=fast,fpfun=precise,lang=3.1,opt=default
case.macos.scale_one_bias_zero_bf16.runtime.fast.opt-default.archived_options	air.compile.denorms_disable air.compile.fast_math_enable air.compile.framebuffer_fetch_enable
case.macos.scale_one_bias_zero_bf16.runtime.fast.opt-default.results	0000 0000 0000 0080 8000 8000 3eab 3f80
case.macos.scale_one_bias_zero_bf16.runtime.fast.opt-size.applied_options	math=fast,fpfun=precise,lang=3.1,opt=size
case.macos.scale_one_bias_zero_bf16.runtime.fast.opt-size.archived_options	air.compile.denorms_disable air.compile.fast_math_enable air.compile.framebuffer_fetch_enable
case.macos.scale_one_bias_zero_bf16.runtime.fast.opt-size.results	0000 0000 0000 0080 8000 8000 3eab 3f80
case.macos.scale_one_bias_zero_bf16.runtime.relaxed.opt-default.applied_options	math=relaxed,fpfun=precise,lang=3.1,opt=default
case.macos.scale_one_bias_zero_bf16.runtime.relaxed.opt-default.archived_options	air.compile.denorms_disable air.compile.fast_math_disable air.compile.framebuffer_fetch_enable
case.macos.scale_one_bias_zero_bf16.runtime.relaxed.opt-default.results	0000 0000 0000 0080 8000 8000 3eab 3f80
case.macos.scale_one_bias_zero_bf16.runtime.relaxed.opt-size.applied_options	math=relaxed,fpfun=precise,lang=3.1,opt=size
case.macos.scale_one_bias_zero_bf16.runtime.relaxed.opt-size.archived_options	air.compile.denorms_disable air.compile.fast_math_disable air.compile.framebuffer_fetch_enable
case.macos.scale_one_bias_zero_bf16.runtime.relaxed.opt-size.results	0000 0000 0000 0080 8000 8000 3eab 3f80
case.macos.scale_one_bias_zero_bf16.runtime.safe.opt-default.applied_options	math=safe,fpfun=precise,lang=3.1,opt=default
case.macos.scale_one_bias_zero_bf16.runtime.safe.opt-default.archived_options	air.compile.denorms_disable air.compile.fast_math_disable air.compile.framebuffer_fetch_enable
case.macos.scale_one_bias_zero_bf16.runtime.safe.opt-default.results	0000 0000 0000 0080 0000 0000 3eab 3f80
case.macos.scale_one_bias_zero_bf16.runtime.safe.opt-size.applied_options	math=safe,fpfun=precise,lang=3.1,opt=size
case.macos.scale_one_bias_zero_bf16.runtime.safe.opt-size.archived_options	air.compile.denorms_disable air.compile.fast_math_disable air.compile.framebuffer_fetch_enable
case.macos.scale_one_bias_zero_bf16.runtime.safe.opt-size.results	0000 0000 0000 0080 0000 0000 3eab 3f80
case.macos.scale_one_bias_zero_bf16.safe.O0.contract-off.compile_options	air.compile.denorms_disable air.compile.fast_math_disable air.compile.framebuffer_fetch_enable
case.macos.scale_one_bias_zero_bf16.safe.O0.contract-off.float_operations	fmul fadd
case.macos.scale_one_bias_zero_bf16.safe.O0.contract-off.results	0000 0000 0000 0080 0000 0000 3eab 3f80
case.macos.scale_one_bias_zero_bf16.safe.O2.contract-off.compile_options	air.compile.denorms_disable air.compile.fast_math_disable air.compile.framebuffer_fetch_enable
case.macos.scale_one_bias_zero_bf16.safe.O2.contract-off.float_operations	fadd
case.macos.scale_one_bias_zero_bf16.safe.O2.contract-off.results	0000 0000 0000 0080 0000 0000 3eab 3f80
case.macos.scale_one_bias_zero_f16.fast.O0.contract-off.compile_options	air.compile.denorms_disable air.compile.fast_math_enable air.compile.framebuffer_fetch_enable
case.macos.scale_one_bias_zero_f16.fast.O0.contract-off.float_operations	fmul+reassoc+nnan+ninf+nsz+arcp+afn fadd+reassoc+nnan+ninf+nsz+arcp+afn
case.macos.scale_one_bias_zero_f16.fast.O0.contract-off.results	0001 0200 03ff 0400 8200 8000 3555 3c00
case.macos.scale_one_bias_zero_f16.fast.O2.contract-off.compile_options	air.compile.denorms_disable air.compile.fast_math_enable air.compile.framebuffer_fetch_enable
case.macos.scale_one_bias_zero_f16.fast.O2.contract-off.float_operations	
case.macos.scale_one_bias_zero_f16.fast.O2.contract-off.results	0001 0200 03ff 0400 8200 8000 3555 3c00
case.macos.scale_one_bias_zero_f16.relaxed.O0.contract-off.compile_options	air.compile.denorms_disable air.compile.fast_math_disable air.compile.framebuffer_fetch_enable
case.macos.scale_one_bias_zero_f16.relaxed.O0.contract-off.float_operations	fmul+reassoc+nsz+arcp+afn fadd+reassoc+nsz+arcp+afn
case.macos.scale_one_bias_zero_f16.relaxed.O0.contract-off.results	0001 0200 03ff 0400 8200 8000 3555 3c00
case.macos.scale_one_bias_zero_f16.relaxed.O2.contract-off.compile_options	air.compile.denorms_disable air.compile.fast_math_disable air.compile.framebuffer_fetch_enable
case.macos.scale_one_bias_zero_f16.relaxed.O2.contract-off.float_operations	
case.macos.scale_one_bias_zero_f16.relaxed.O2.contract-off.results	0001 0200 03ff 0400 8200 8000 3555 3c00
case.macos.scale_one_bias_zero_f16.runtime.fast.opt-default.applied_options	math=fast,fpfun=precise,lang=3.1,opt=default
case.macos.scale_one_bias_zero_f16.runtime.fast.opt-default.archived_options	air.compile.denorms_disable air.compile.fast_math_enable air.compile.framebuffer_fetch_enable
case.macos.scale_one_bias_zero_f16.runtime.fast.opt-default.results	0001 0200 03ff 0400 8200 8000 3555 3c00
case.macos.scale_one_bias_zero_f16.runtime.fast.opt-size.applied_options	math=fast,fpfun=precise,lang=3.1,opt=size
case.macos.scale_one_bias_zero_f16.runtime.fast.opt-size.archived_options	air.compile.denorms_disable air.compile.fast_math_enable air.compile.framebuffer_fetch_enable
case.macos.scale_one_bias_zero_f16.runtime.fast.opt-size.results	0001 0200 03ff 0400 8200 8000 3555 3c00
case.macos.scale_one_bias_zero_f16.runtime.relaxed.opt-default.applied_options	math=relaxed,fpfun=precise,lang=3.1,opt=default
case.macos.scale_one_bias_zero_f16.runtime.relaxed.opt-default.archived_options	air.compile.denorms_disable air.compile.fast_math_disable air.compile.framebuffer_fetch_enable
case.macos.scale_one_bias_zero_f16.runtime.relaxed.opt-default.results	0001 0200 03ff 0400 8200 8000 3555 3c00
case.macos.scale_one_bias_zero_f16.runtime.relaxed.opt-size.applied_options	math=relaxed,fpfun=precise,lang=3.1,opt=size
case.macos.scale_one_bias_zero_f16.runtime.relaxed.opt-size.archived_options	air.compile.denorms_disable air.compile.fast_math_disable air.compile.framebuffer_fetch_enable
case.macos.scale_one_bias_zero_f16.runtime.relaxed.opt-size.results	0001 0200 03ff 0400 8200 8000 3555 3c00
case.macos.scale_one_bias_zero_f16.runtime.safe.opt-default.applied_options	math=safe,fpfun=precise,lang=3.1,opt=default
case.macos.scale_one_bias_zero_f16.runtime.safe.opt-default.archived_options	air.compile.denorms_disable air.compile.fast_math_disable air.compile.framebuffer_fetch_enable
case.macos.scale_one_bias_zero_f16.runtime.safe.opt-default.results	0001 0200 03ff 0400 8200 0000 3555 3c00
case.macos.scale_one_bias_zero_f16.runtime.safe.opt-size.applied_options	math=safe,fpfun=precise,lang=3.1,opt=size
case.macos.scale_one_bias_zero_f16.runtime.safe.opt-size.archived_options	air.compile.denorms_disable air.compile.fast_math_disable air.compile.framebuffer_fetch_enable
case.macos.scale_one_bias_zero_f16.runtime.safe.opt-size.results	0001 0200 03ff 0400 8200 0000 3555 3c00
case.macos.scale_one_bias_zero_f16.safe.O0.contract-off.compile_options	air.compile.denorms_disable air.compile.fast_math_disable air.compile.framebuffer_fetch_enable
case.macos.scale_one_bias_zero_f16.safe.O0.contract-off.float_operations	fmul fadd
case.macos.scale_one_bias_zero_f16.safe.O0.contract-off.results	0001 0200 03ff 0400 8200 0000 3555 3c00
case.macos.scale_one_bias_zero_f16.safe.O2.contract-off.compile_options	air.compile.denorms_disable air.compile.fast_math_disable air.compile.framebuffer_fetch_enable
case.macos.scale_one_bias_zero_f16.safe.O2.contract-off.float_operations	fadd
case.macos.scale_one_bias_zero_f16.safe.O2.contract-off.results	0001 0200 03ff 0400 8200 0000 3555 3c00
case.macos.scale_two_bias_one.fast.O2.contract-fast.compile_options	air.compile.denorms_disable air.compile.fast_math_enable air.compile.framebuffer_fetch_enable
case.macos.scale_two_bias_one.fast.O2.contract-fast.float_operations	fmul+fast fadd+fast
case.macos.scale_two_bias_one.fast.O2.contract-fast.results	3f800000 3f800000 3f800000 3f800000 3f800000 3f800000 3fdcbf7c 40400000
case.macos.scale_two_bias_one.fast.O2.contract-off.compile_options	air.compile.denorms_disable air.compile.fast_math_enable air.compile.framebuffer_fetch_enable
case.macos.scale_two_bias_one.fast.O2.contract-off.float_operations	fmul+reassoc+nnan+ninf+nsz+arcp+afn fadd+reassoc+nnan+ninf+nsz+arcp+afn
case.macos.scale_two_bias_one.fast.O2.contract-off.results	3f800000 3f800000 3f800000 3f800000 3f800000 3f800000 3fdcbf7c 40400000
case.macos.scale_two_bias_one.fast.O2.contract-on.compile_options	air.compile.denorms_disable air.compile.fast_math_enable air.compile.framebuffer_fetch_enable
case.macos.scale_two_bias_one.fast.O2.contract-on.float_operations	fmul+reassoc+nnan+ninf+nsz+arcp+afn fadd+reassoc+nnan+ninf+nsz+arcp+afn
case.macos.scale_two_bias_one.fast.O2.contract-on.results	3f800000 3f800000 3f800000 3f800000 3f800000 3f800000 3fdcbf7c 40400000
case.macos.scale_two_bias_one.relaxed.O2.contract-fast.compile_options	air.compile.denorms_disable air.compile.fast_math_disable air.compile.framebuffer_fetch_enable
case.macos.scale_two_bias_one.relaxed.O2.contract-fast.float_operations	fmul+reassoc+nsz+arcp+contract+afn fadd+reassoc+nsz+arcp+contract+afn
case.macos.scale_two_bias_one.relaxed.O2.contract-fast.results	3f800000 3f800000 3f800000 3f800000 3f800000 3f800000 3fdcbf7c 40400000
case.macos.scale_two_bias_one.relaxed.O2.contract-off.compile_options	air.compile.denorms_disable air.compile.fast_math_disable air.compile.framebuffer_fetch_enable
case.macos.scale_two_bias_one.relaxed.O2.contract-off.float_operations	fmul+reassoc+nsz+arcp+afn fadd+reassoc+nsz+arcp+afn
case.macos.scale_two_bias_one.relaxed.O2.contract-off.results	3f800000 3f800000 3f800000 3f800000 3f800000 3f800000 3fdcbf7c 40400000
case.macos.scale_two_bias_one.relaxed.O2.contract-on.compile_options	air.compile.denorms_disable air.compile.fast_math_disable air.compile.framebuffer_fetch_enable
case.macos.scale_two_bias_one.relaxed.O2.contract-on.float_operations	fmul+reassoc+nsz+arcp+afn fadd+reassoc+nsz+arcp+afn
case.macos.scale_two_bias_one.relaxed.O2.contract-on.results	3f800000 3f800000 3f800000 3f800000 3f800000 3f800000 3fdcbf7c 40400000
case.macos.scale_two_bias_one.runtime.fast.opt-default.applied_options	math=fast,fpfun=precise,lang=3.1,opt=default
case.macos.scale_two_bias_one.runtime.fast.opt-default.archived_options	air.compile.denorms_disable air.compile.fast_math_enable air.compile.framebuffer_fetch_enable
case.macos.scale_two_bias_one.runtime.fast.opt-default.results	3f800000 3f800000 3f800000 3f800000 3f800000 3f800000 3fdcbf7c 40400000
case.macos.scale_two_bias_one.runtime.fast.opt-size.applied_options	math=fast,fpfun=precise,lang=3.1,opt=size
case.macos.scale_two_bias_one.runtime.fast.opt-size.archived_options	air.compile.denorms_disable air.compile.fast_math_enable air.compile.framebuffer_fetch_enable
case.macos.scale_two_bias_one.runtime.fast.opt-size.results	3f800000 3f800000 3f800000 3f800000 3f800000 3f800000 3fdcbf7c 40400000
case.macos.scale_two_bias_one.runtime.relaxed.opt-default.applied_options	math=relaxed,fpfun=precise,lang=3.1,opt=default
case.macos.scale_two_bias_one.runtime.relaxed.opt-default.archived_options	air.compile.denorms_disable air.compile.fast_math_disable air.compile.framebuffer_fetch_enable
case.macos.scale_two_bias_one.runtime.relaxed.opt-default.results	3f800000 3f800000 3f800000 3f800000 3f800000 3f800000 3fdcbf7c 40400000
case.macos.scale_two_bias_one.runtime.relaxed.opt-size.applied_options	math=relaxed,fpfun=precise,lang=3.1,opt=size
case.macos.scale_two_bias_one.runtime.relaxed.opt-size.archived_options	air.compile.denorms_disable air.compile.fast_math_disable air.compile.framebuffer_fetch_enable
case.macos.scale_two_bias_one.runtime.relaxed.opt-size.results	3f800000 3f800000 3f800000 3f800000 3f800000 3f800000 3fdcbf7c 40400000
case.macos.scale_two_bias_one.runtime.safe.opt-default.applied_options	math=safe,fpfun=precise,lang=3.1,opt=default
case.macos.scale_two_bias_one.runtime.safe.opt-default.archived_options	air.compile.denorms_disable air.compile.fast_math_disable air.compile.framebuffer_fetch_enable
case.macos.scale_two_bias_one.runtime.safe.opt-default.results	3f800000 3f800000 3f800000 3f800000 3f800000 3f800000 3fdcbf7c 40400000
case.macos.scale_two_bias_one.runtime.safe.opt-size.applied_options	math=safe,fpfun=precise,lang=3.1,opt=size
case.macos.scale_two_bias_one.runtime.safe.opt-size.archived_options	air.compile.denorms_disable air.compile.fast_math_disable air.compile.framebuffer_fetch_enable
case.macos.scale_two_bias_one.runtime.safe.opt-size.results	3f800000 3f800000 3f800000 3f800000 3f800000 3f800000 3fdcbf7c 40400000
case.macos.scale_two_bias_one.safe.O2.contract-fast.compile_options	air.compile.denorms_disable air.compile.fast_math_disable air.compile.framebuffer_fetch_enable
case.macos.scale_two_bias_one.safe.O2.contract-fast.float_operations	fmul+contract fadd+contract
case.macos.scale_two_bias_one.safe.O2.contract-fast.results	3f800000 3f800000 3f800000 3f800000 3f800000 3f800000 3fdcbf7c 40400000
case.macos.scale_two_bias_one.safe.O2.contract-off.compile_options	air.compile.denorms_disable air.compile.fast_math_disable air.compile.framebuffer_fetch_enable
case.macos.scale_two_bias_one.safe.O2.contract-off.float_operations	fmul fadd
case.macos.scale_two_bias_one.safe.O2.contract-off.results	3f800000 3f800000 3f800000 3f800000 3f800000 3f800000 3fdcbf7c 40400000
case.macos.scale_two_bias_one.safe.O2.contract-on.compile_options	air.compile.denorms_disable air.compile.fast_math_disable air.compile.framebuffer_fetch_enable
case.macos.scale_two_bias_one.safe.O2.contract-on.float_operations	fmul fadd
case.macos.scale_two_bias_one.safe.O2.contract-on.results	3f800000 3f800000 3f800000 3f800000 3f800000 3f800000 3fdcbf7c 40400000
comparison.ios-simulator.add_smallest_normal.runtime.fast.opt-default	agree candidates=ios-simulator.add_smallest_normal.fast.O2.contract-off matched=ios-simulator.add_smallest_normal.fast.O2.contract-off
comparison.ios-simulator.add_smallest_normal.runtime.fast.opt-size	agree candidates=ios-simulator.add_smallest_normal.fast.O2.contract-off matched=ios-simulator.add_smallest_normal.fast.O2.contract-off
comparison.ios-simulator.add_smallest_normal.runtime.relaxed.opt-default	agree candidates=ios-simulator.add_smallest_normal.relaxed.O2.contract-off matched=ios-simulator.add_smallest_normal.relaxed.O2.contract-off
comparison.ios-simulator.add_smallest_normal.runtime.relaxed.opt-size	agree candidates=ios-simulator.add_smallest_normal.relaxed.O2.contract-off matched=ios-simulator.add_smallest_normal.relaxed.O2.contract-off
comparison.ios-simulator.add_smallest_normal.runtime.safe.opt-default	agree candidates=ios-simulator.add_smallest_normal.safe.O2.contract-off matched=ios-simulator.add_smallest_normal.safe.O2.contract-off
comparison.ios-simulator.add_smallest_normal.runtime.safe.opt-size	agree candidates=ios-simulator.add_smallest_normal.safe.O2.contract-off matched=ios-simulator.add_smallest_normal.safe.O2.contract-off
comparison.ios-simulator.add_smallest_normal_f16.runtime.fast.opt-default	agree candidates=ios-simulator.add_smallest_normal_f16.fast.O2.contract-off matched=ios-simulator.add_smallest_normal_f16.fast.O2.contract-off
comparison.ios-simulator.add_smallest_normal_f16.runtime.fast.opt-size	agree candidates=ios-simulator.add_smallest_normal_f16.fast.O2.contract-off matched=ios-simulator.add_smallest_normal_f16.fast.O2.contract-off
comparison.ios-simulator.add_smallest_normal_f16.runtime.relaxed.opt-default	agree candidates=ios-simulator.add_smallest_normal_f16.relaxed.O2.contract-off matched=ios-simulator.add_smallest_normal_f16.relaxed.O2.contract-off
comparison.ios-simulator.add_smallest_normal_f16.runtime.relaxed.opt-size	agree candidates=ios-simulator.add_smallest_normal_f16.relaxed.O2.contract-off matched=ios-simulator.add_smallest_normal_f16.relaxed.O2.contract-off
comparison.ios-simulator.add_smallest_normal_f16.runtime.safe.opt-default	agree candidates=ios-simulator.add_smallest_normal_f16.safe.O2.contract-off matched=ios-simulator.add_smallest_normal_f16.safe.O2.contract-off
comparison.ios-simulator.add_smallest_normal_f16.runtime.safe.opt-size	agree candidates=ios-simulator.add_smallest_normal_f16.safe.O2.contract-off matched=ios-simulator.add_smallest_normal_f16.safe.O2.contract-off
comparison.ios-simulator.contraction_pair.runtime.fast.opt-default	agree-on-some candidates=ios-simulator.contraction_pair.fast.O2.contract-fast,ios-simulator.contraction_pair.fast.O2.contract-off,ios-simulator.contraction_pair.fast.O2.contract-on matched=ios-simulator.contraction_pair.fast.O2.contract-fast
comparison.ios-simulator.contraction_pair.runtime.fast.opt-size	agree-on-some candidates=ios-simulator.contraction_pair.fast.O2.contract-fast,ios-simulator.contraction_pair.fast.O2.contract-off,ios-simulator.contraction_pair.fast.O2.contract-on matched=ios-simulator.contraction_pair.fast.O2.contract-fast
comparison.ios-simulator.contraction_pair.runtime.relaxed.opt-default	agree-on-some candidates=ios-simulator.contraction_pair.relaxed.O2.contract-fast,ios-simulator.contraction_pair.relaxed.O2.contract-off,ios-simulator.contraction_pair.relaxed.O2.contract-on matched=ios-simulator.contraction_pair.relaxed.O2.contract-fast
comparison.ios-simulator.contraction_pair.runtime.relaxed.opt-size	agree-on-some candidates=ios-simulator.contraction_pair.relaxed.O2.contract-fast,ios-simulator.contraction_pair.relaxed.O2.contract-off,ios-simulator.contraction_pair.relaxed.O2.contract-on matched=ios-simulator.contraction_pair.relaxed.O2.contract-fast
comparison.ios-simulator.contraction_pair.runtime.safe.opt-default	agree-on-some candidates=ios-simulator.contraction_pair.safe.O2.contract-fast,ios-simulator.contraction_pair.safe.O2.contract-off,ios-simulator.contraction_pair.safe.O2.contract-on matched=ios-simulator.contraction_pair.safe.O2.contract-off,ios-simulator.contraction_pair.safe.O2.contract-on
comparison.ios-simulator.contraction_pair.runtime.safe.opt-size	agree-on-some candidates=ios-simulator.contraction_pair.safe.O2.contract-fast,ios-simulator.contraction_pair.safe.O2.contract-off,ios-simulator.contraction_pair.safe.O2.contract-on matched=ios-simulator.contraction_pair.safe.O2.contract-off,ios-simulator.contraction_pair.safe.O2.contract-on
comparison.ios-simulator.contraction_pair_canonicalized.runtime.safe.opt-default	agree candidates=ios-simulator.contraction_pair_canonicalized.safe.O2.contract-fast,ios-simulator.contraction_pair_canonicalized.safe.O2.contract-off,ios-simulator.contraction_pair_canonicalized.safe.O2.contract-on matched=ios-simulator.contraction_pair_canonicalized.safe.O2.contract-fast,ios-simulator.contraction_pair_canonicalized.safe.O2.contract-off,ios-simulator.contraction_pair_canonicalized.safe.O2.contract-on
comparison.ios-simulator.contraction_pair_canonicalized.runtime.safe.opt-size	agree candidates=ios-simulator.contraction_pair_canonicalized.safe.O2.contract-fast,ios-simulator.contraction_pair_canonicalized.safe.O2.contract-off,ios-simulator.contraction_pair_canonicalized.safe.O2.contract-on matched=ios-simulator.contraction_pair_canonicalized.safe.O2.contract-fast,ios-simulator.contraction_pair_canonicalized.safe.O2.contract-off,ios-simulator.contraction_pair_canonicalized.safe.O2.contract-on
comparison.ios-simulator.contraction_pair_canonicalized_f16.runtime.fast.opt-default	agree candidates=ios-simulator.contraction_pair_canonicalized_f16.fast.O2.contract-fast,ios-simulator.contraction_pair_canonicalized_f16.fast.O2.contract-off,ios-simulator.contraction_pair_canonicalized_f16.fast.O2.contract-on matched=ios-simulator.contraction_pair_canonicalized_f16.fast.O2.contract-fast,ios-simulator.contraction_pair_canonicalized_f16.fast.O2.contract-off,ios-simulator.contraction_pair_canonicalized_f16.fast.O2.contract-on
comparison.ios-simulator.contraction_pair_canonicalized_f16.runtime.fast.opt-size	agree candidates=ios-simulator.contraction_pair_canonicalized_f16.fast.O2.contract-fast,ios-simulator.contraction_pair_canonicalized_f16.fast.O2.contract-off,ios-simulator.contraction_pair_canonicalized_f16.fast.O2.contract-on matched=ios-simulator.contraction_pair_canonicalized_f16.fast.O2.contract-fast,ios-simulator.contraction_pair_canonicalized_f16.fast.O2.contract-off,ios-simulator.contraction_pair_canonicalized_f16.fast.O2.contract-on
comparison.ios-simulator.contraction_pair_canonicalized_f16.runtime.relaxed.opt-default	agree candidates=ios-simulator.contraction_pair_canonicalized_f16.relaxed.O2.contract-fast,ios-simulator.contraction_pair_canonicalized_f16.relaxed.O2.contract-off,ios-simulator.contraction_pair_canonicalized_f16.relaxed.O2.contract-on matched=ios-simulator.contraction_pair_canonicalized_f16.relaxed.O2.contract-fast,ios-simulator.contraction_pair_canonicalized_f16.relaxed.O2.contract-off,ios-simulator.contraction_pair_canonicalized_f16.relaxed.O2.contract-on
comparison.ios-simulator.contraction_pair_canonicalized_f16.runtime.relaxed.opt-size	agree candidates=ios-simulator.contraction_pair_canonicalized_f16.relaxed.O2.contract-fast,ios-simulator.contraction_pair_canonicalized_f16.relaxed.O2.contract-off,ios-simulator.contraction_pair_canonicalized_f16.relaxed.O2.contract-on matched=ios-simulator.contraction_pair_canonicalized_f16.relaxed.O2.contract-fast,ios-simulator.contraction_pair_canonicalized_f16.relaxed.O2.contract-off,ios-simulator.contraction_pair_canonicalized_f16.relaxed.O2.contract-on
comparison.ios-simulator.contraction_pair_canonicalized_f16.runtime.safe.opt-default	agree candidates=ios-simulator.contraction_pair_canonicalized_f16.safe.O2.contract-fast,ios-simulator.contraction_pair_canonicalized_f16.safe.O2.contract-off,ios-simulator.contraction_pair_canonicalized_f16.safe.O2.contract-on matched=ios-simulator.contraction_pair_canonicalized_f16.safe.O2.contract-fast,ios-simulator.contraction_pair_canonicalized_f16.safe.O2.contract-off,ios-simulator.contraction_pair_canonicalized_f16.safe.O2.contract-on
comparison.ios-simulator.contraction_pair_canonicalized_f16.runtime.safe.opt-size	agree candidates=ios-simulator.contraction_pair_canonicalized_f16.safe.O2.contract-fast,ios-simulator.contraction_pair_canonicalized_f16.safe.O2.contract-off,ios-simulator.contraction_pair_canonicalized_f16.safe.O2.contract-on matched=ios-simulator.contraction_pair_canonicalized_f16.safe.O2.contract-fast,ios-simulator.contraction_pair_canonicalized_f16.safe.O2.contract-off,ios-simulator.contraction_pair_canonicalized_f16.safe.O2.contract-on
comparison.ios-simulator.contraction_pair_f16.runtime.fast.opt-default	agree-on-some candidates=ios-simulator.contraction_pair_f16.fast.O2.contract-fast,ios-simulator.contraction_pair_f16.fast.O2.contract-off,ios-simulator.contraction_pair_f16.fast.O2.contract-on matched=ios-simulator.contraction_pair_f16.fast.O2.contract-fast
comparison.ios-simulator.contraction_pair_f16.runtime.fast.opt-size	agree-on-some candidates=ios-simulator.contraction_pair_f16.fast.O2.contract-fast,ios-simulator.contraction_pair_f16.fast.O2.contract-off,ios-simulator.contraction_pair_f16.fast.O2.contract-on matched=ios-simulator.contraction_pair_f16.fast.O2.contract-fast
comparison.ios-simulator.contraction_pair_f16.runtime.relaxed.opt-default	agree-on-some candidates=ios-simulator.contraction_pair_f16.relaxed.O2.contract-fast,ios-simulator.contraction_pair_f16.relaxed.O2.contract-off,ios-simulator.contraction_pair_f16.relaxed.O2.contract-on matched=ios-simulator.contraction_pair_f16.relaxed.O2.contract-fast
comparison.ios-simulator.contraction_pair_f16.runtime.relaxed.opt-size	agree-on-some candidates=ios-simulator.contraction_pair_f16.relaxed.O2.contract-fast,ios-simulator.contraction_pair_f16.relaxed.O2.contract-off,ios-simulator.contraction_pair_f16.relaxed.O2.contract-on matched=ios-simulator.contraction_pair_f16.relaxed.O2.contract-fast
comparison.ios-simulator.contraction_pair_f16.runtime.safe.opt-default	agree-on-some candidates=ios-simulator.contraction_pair_f16.safe.O2.contract-fast,ios-simulator.contraction_pair_f16.safe.O2.contract-off,ios-simulator.contraction_pair_f16.safe.O2.contract-on matched=ios-simulator.contraction_pair_f16.safe.O2.contract-off,ios-simulator.contraction_pair_f16.safe.O2.contract-on
comparison.ios-simulator.contraction_pair_f16.runtime.safe.opt-size	agree-on-some candidates=ios-simulator.contraction_pair_f16.safe.O2.contract-fast,ios-simulator.contraction_pair_f16.safe.O2.contract-off,ios-simulator.contraction_pair_f16.safe.O2.contract-on matched=ios-simulator.contraction_pair_f16.safe.O2.contract-off,ios-simulator.contraction_pair_f16.safe.O2.contract-on
comparison.ios-simulator.divide_by_half.runtime.safe.opt-default	agree candidates=ios-simulator.divide_by_half.safe.O2.contract-off matched=ios-simulator.divide_by_half.safe.O2.contract-off
comparison.ios-simulator.divide_by_half.runtime.safe.opt-size	agree candidates=ios-simulator.divide_by_half.safe.O2.contract-off matched=ios-simulator.divide_by_half.safe.O2.contract-off
comparison.ios-simulator.divide_by_three.runtime.fast.opt-default	agree candidates=ios-simulator.divide_by_three.fast.O2.contract-off matched=ios-simulator.divide_by_three.fast.O2.contract-off
comparison.ios-simulator.divide_by_three.runtime.fast.opt-size	agree candidates=ios-simulator.divide_by_three.fast.O2.contract-off matched=ios-simulator.divide_by_three.fast.O2.contract-off
comparison.ios-simulator.divide_by_three.runtime.relaxed.opt-default	agree candidates=ios-simulator.divide_by_three.relaxed.O2.contract-off matched=ios-simulator.divide_by_three.relaxed.O2.contract-off
comparison.ios-simulator.divide_by_three.runtime.relaxed.opt-size	agree candidates=ios-simulator.divide_by_three.relaxed.O2.contract-off matched=ios-simulator.divide_by_three.relaxed.O2.contract-off
comparison.ios-simulator.divide_by_three.runtime.safe.opt-default	agree candidates=ios-simulator.divide_by_three.safe.O2.contract-off matched=ios-simulator.divide_by_three.safe.O2.contract-off
comparison.ios-simulator.divide_by_three.runtime.safe.opt-size	agree candidates=ios-simulator.divide_by_three.safe.O2.contract-off matched=ios-simulator.divide_by_three.safe.O2.contract-off
comparison.ios-simulator.divide_by_three_eighths.runtime.fast.opt-default	agree candidates=ios-simulator.divide_by_three_eighths.fast.O2.contract-off matched=ios-simulator.divide_by_three_eighths.fast.O2.contract-off
comparison.ios-simulator.divide_by_three_eighths.runtime.fast.opt-size	agree candidates=ios-simulator.divide_by_three_eighths.fast.O2.contract-off matched=ios-simulator.divide_by_three_eighths.fast.O2.contract-off
comparison.ios-simulator.divide_by_three_eighths.runtime.relaxed.opt-default	agree candidates=ios-simulator.divide_by_three_eighths.relaxed.O2.contract-off matched=ios-simulator.divide_by_three_eighths.relaxed.O2.contract-off
comparison.ios-simulator.divide_by_three_eighths.runtime.relaxed.opt-size	agree candidates=ios-simulator.divide_by_three_eighths.relaxed.O2.contract-off matched=ios-simulator.divide_by_three_eighths.relaxed.O2.contract-off
comparison.ios-simulator.divide_by_three_eighths.runtime.safe.opt-default	agree candidates=ios-simulator.divide_by_three_eighths.safe.O2.contract-off matched=ios-simulator.divide_by_three_eighths.safe.O2.contract-off
comparison.ios-simulator.divide_by_three_eighths.runtime.safe.opt-size	agree candidates=ios-simulator.divide_by_three_eighths.safe.O2.contract-off matched=ios-simulator.divide_by_three_eighths.safe.O2.contract-off
comparison.ios-simulator.divide_by_three_eighths_f16.runtime.fast.opt-default	agree candidates=ios-simulator.divide_by_three_eighths_f16.fast.O2.contract-off matched=ios-simulator.divide_by_three_eighths_f16.fast.O2.contract-off
comparison.ios-simulator.divide_by_three_eighths_f16.runtime.fast.opt-size	agree candidates=ios-simulator.divide_by_three_eighths_f16.fast.O2.contract-off matched=ios-simulator.divide_by_three_eighths_f16.fast.O2.contract-off
comparison.ios-simulator.divide_by_three_eighths_f16.runtime.relaxed.opt-default	agree candidates=ios-simulator.divide_by_three_eighths_f16.relaxed.O2.contract-off matched=ios-simulator.divide_by_three_eighths_f16.relaxed.O2.contract-off
comparison.ios-simulator.divide_by_three_eighths_f16.runtime.relaxed.opt-size	agree candidates=ios-simulator.divide_by_three_eighths_f16.relaxed.O2.contract-off matched=ios-simulator.divide_by_three_eighths_f16.relaxed.O2.contract-off
comparison.ios-simulator.divide_by_three_eighths_f16.runtime.safe.opt-default	agree candidates=ios-simulator.divide_by_three_eighths_f16.safe.O2.contract-off matched=ios-simulator.divide_by_three_eighths_f16.safe.O2.contract-off
comparison.ios-simulator.divide_by_three_eighths_f16.runtime.safe.opt-size	agree candidates=ios-simulator.divide_by_three_eighths_f16.safe.O2.contract-off matched=ios-simulator.divide_by_three_eighths_f16.safe.O2.contract-off
comparison.ios-simulator.divide_by_three_f16.runtime.fast.opt-default	agree candidates=ios-simulator.divide_by_three_f16.fast.O2.contract-off matched=ios-simulator.divide_by_three_f16.fast.O2.contract-off
comparison.ios-simulator.divide_by_three_f16.runtime.fast.opt-size	agree candidates=ios-simulator.divide_by_three_f16.fast.O2.contract-off matched=ios-simulator.divide_by_three_f16.fast.O2.contract-off
comparison.ios-simulator.divide_by_three_f16.runtime.relaxed.opt-default	agree candidates=ios-simulator.divide_by_three_f16.relaxed.O2.contract-off matched=ios-simulator.divide_by_three_f16.relaxed.O2.contract-off
comparison.ios-simulator.divide_by_three_f16.runtime.relaxed.opt-size	agree candidates=ios-simulator.divide_by_three_f16.relaxed.O2.contract-off matched=ios-simulator.divide_by_three_f16.relaxed.O2.contract-off
comparison.ios-simulator.divide_by_three_f16.runtime.safe.opt-default	agree candidates=ios-simulator.divide_by_three_f16.safe.O2.contract-off matched=ios-simulator.divide_by_three_f16.safe.O2.contract-off
comparison.ios-simulator.divide_by_three_f16.runtime.safe.opt-size	agree candidates=ios-simulator.divide_by_three_f16.safe.O2.contract-off matched=ios-simulator.divide_by_three_f16.safe.O2.contract-off
comparison.ios-simulator.divide_by_two.runtime.safe.opt-default	agree candidates=ios-simulator.divide_by_two.safe.O2.contract-off matched=ios-simulator.divide_by_two.safe.O2.contract-off
comparison.ios-simulator.divide_by_two.runtime.safe.opt-size	agree candidates=ios-simulator.divide_by_two.safe.O2.contract-off matched=ios-simulator.divide_by_two.safe.O2.contract-off
comparison.ios-simulator.fused_pair.runtime.safe.opt-default	agree candidates=ios-simulator.fused_pair.safe.O2.contract-fast,ios-simulator.fused_pair.safe.O2.contract-off,ios-simulator.fused_pair.safe.O2.contract-on matched=ios-simulator.fused_pair.safe.O2.contract-fast,ios-simulator.fused_pair.safe.O2.contract-off,ios-simulator.fused_pair.safe.O2.contract-on
comparison.ios-simulator.fused_pair.runtime.safe.opt-size	agree candidates=ios-simulator.fused_pair.safe.O2.contract-fast,ios-simulator.fused_pair.safe.O2.contract-off,ios-simulator.fused_pair.safe.O2.contract-on matched=ios-simulator.fused_pair.safe.O2.contract-fast,ios-simulator.fused_pair.safe.O2.contract-off,ios-simulator.fused_pair.safe.O2.contract-on
comparison.ios-simulator.fused_pair_f16.runtime.fast.opt-default	agree candidates=ios-simulator.fused_pair_f16.fast.O2.contract-off matched=ios-simulator.fused_pair_f16.fast.O2.contract-off
comparison.ios-simulator.fused_pair_f16.runtime.fast.opt-size	agree candidates=ios-simulator.fused_pair_f16.fast.O2.contract-off matched=ios-simulator.fused_pair_f16.fast.O2.contract-off
comparison.ios-simulator.fused_pair_f16.runtime.relaxed.opt-default	agree candidates=ios-simulator.fused_pair_f16.relaxed.O2.contract-off matched=ios-simulator.fused_pair_f16.relaxed.O2.contract-off
comparison.ios-simulator.fused_pair_f16.runtime.relaxed.opt-size	agree candidates=ios-simulator.fused_pair_f16.relaxed.O2.contract-off matched=ios-simulator.fused_pair_f16.relaxed.O2.contract-off
comparison.ios-simulator.fused_pair_f16.runtime.safe.opt-default	agree candidates=ios-simulator.fused_pair_f16.safe.O2.contract-fast,ios-simulator.fused_pair_f16.safe.O2.contract-off,ios-simulator.fused_pair_f16.safe.O2.contract-on matched=ios-simulator.fused_pair_f16.safe.O2.contract-fast,ios-simulator.fused_pair_f16.safe.O2.contract-off,ios-simulator.fused_pair_f16.safe.O2.contract-on
comparison.ios-simulator.fused_pair_f16.runtime.safe.opt-size	agree candidates=ios-simulator.fused_pair_f16.safe.O2.contract-fast,ios-simulator.fused_pair_f16.safe.O2.contract-off,ios-simulator.fused_pair_f16.safe.O2.contract-on matched=ios-simulator.fused_pair_f16.safe.O2.contract-fast,ios-simulator.fused_pair_f16.safe.O2.contract-off,ios-simulator.fused_pair_f16.safe.O2.contract-on
comparison.ios-simulator.materialize.runtime.fast.opt-default	agree candidates=ios-simulator.materialize.fast.O2.contract-off matched=ios-simulator.materialize.fast.O2.contract-off
comparison.ios-simulator.materialize.runtime.fast.opt-size	agree candidates=ios-simulator.materialize.fast.O2.contract-off matched=ios-simulator.materialize.fast.O2.contract-off
comparison.ios-simulator.materialize.runtime.relaxed.opt-default	agree candidates=ios-simulator.materialize.relaxed.O2.contract-off matched=ios-simulator.materialize.relaxed.O2.contract-off
comparison.ios-simulator.materialize.runtime.relaxed.opt-size	agree candidates=ios-simulator.materialize.relaxed.O2.contract-off matched=ios-simulator.materialize.relaxed.O2.contract-off
comparison.ios-simulator.materialize.runtime.safe.opt-default	agree candidates=ios-simulator.materialize.safe.O2.contract-off matched=ios-simulator.materialize.safe.O2.contract-off
comparison.ios-simulator.materialize.runtime.safe.opt-size	agree candidates=ios-simulator.materialize.safe.O2.contract-off matched=ios-simulator.materialize.safe.O2.contract-off
comparison.ios-simulator.materialize_f16.runtime.fast.opt-default	agree candidates=ios-simulator.materialize_f16.fast.O2.contract-off matched=ios-simulator.materialize_f16.fast.O2.contract-off
comparison.ios-simulator.materialize_f16.runtime.fast.opt-size	agree candidates=ios-simulator.materialize_f16.fast.O2.contract-off matched=ios-simulator.materialize_f16.fast.O2.contract-off
comparison.ios-simulator.materialize_f16.runtime.relaxed.opt-default	agree candidates=ios-simulator.materialize_f16.relaxed.O2.contract-off matched=ios-simulator.materialize_f16.relaxed.O2.contract-off
comparison.ios-simulator.materialize_f16.runtime.relaxed.opt-size	agree candidates=ios-simulator.materialize_f16.relaxed.O2.contract-off matched=ios-simulator.materialize_f16.relaxed.O2.contract-off
comparison.ios-simulator.materialize_f16.runtime.safe.opt-default	agree candidates=ios-simulator.materialize_f16.safe.O2.contract-off matched=ios-simulator.materialize_f16.safe.O2.contract-off
comparison.ios-simulator.materialize_f16.runtime.safe.opt-size	agree candidates=ios-simulator.materialize_f16.safe.O2.contract-off matched=ios-simulator.materialize_f16.safe.O2.contract-off
comparison.ios-simulator.multiply_half.runtime.fast.opt-default	agree candidates=ios-simulator.multiply_half.fast.O2.contract-off matched=ios-simulator.multiply_half.fast.O2.contract-off
comparison.ios-simulator.multiply_half.runtime.fast.opt-default.fpfun-fast	agree candidates=ios-simulator.multiply_half.fast.O2.contract-off.fpfun-fast matched=ios-simulator.multiply_half.fast.O2.contract-off.fpfun-fast
comparison.ios-simulator.multiply_half.runtime.fast.opt-size	agree candidates=ios-simulator.multiply_half.fast.O2.contract-off matched=ios-simulator.multiply_half.fast.O2.contract-off
comparison.ios-simulator.multiply_half.runtime.fast.opt-size.fpfun-fast	agree candidates=ios-simulator.multiply_half.fast.O2.contract-off.fpfun-fast matched=ios-simulator.multiply_half.fast.O2.contract-off.fpfun-fast
comparison.ios-simulator.multiply_half.runtime.relaxed.opt-default	agree candidates=ios-simulator.multiply_half.relaxed.O2.contract-off matched=ios-simulator.multiply_half.relaxed.O2.contract-off
comparison.ios-simulator.multiply_half.runtime.relaxed.opt-default.fpfun-fast	agree candidates=ios-simulator.multiply_half.relaxed.O2.contract-off.fpfun-fast matched=ios-simulator.multiply_half.relaxed.O2.contract-off.fpfun-fast
comparison.ios-simulator.multiply_half.runtime.relaxed.opt-size	agree candidates=ios-simulator.multiply_half.relaxed.O2.contract-off matched=ios-simulator.multiply_half.relaxed.O2.contract-off
comparison.ios-simulator.multiply_half.runtime.relaxed.opt-size.fpfun-fast	agree candidates=ios-simulator.multiply_half.relaxed.O2.contract-off.fpfun-fast matched=ios-simulator.multiply_half.relaxed.O2.contract-off.fpfun-fast
comparison.ios-simulator.multiply_half.runtime.safe.opt-default	agree candidates=ios-simulator.multiply_half.safe.O2.contract-off matched=ios-simulator.multiply_half.safe.O2.contract-off
comparison.ios-simulator.multiply_half.runtime.safe.opt-default.fpfun-fast	agree candidates=ios-simulator.multiply_half.safe.O2.contract-off.fpfun-fast matched=ios-simulator.multiply_half.safe.O2.contract-off.fpfun-fast
comparison.ios-simulator.multiply_half.runtime.safe.opt-size	agree candidates=ios-simulator.multiply_half.safe.O2.contract-off matched=ios-simulator.multiply_half.safe.O2.contract-off
comparison.ios-simulator.multiply_half.runtime.safe.opt-size.fpfun-fast	agree candidates=ios-simulator.multiply_half.safe.O2.contract-off.fpfun-fast matched=ios-simulator.multiply_half.safe.O2.contract-off.fpfun-fast
comparison.ios-simulator.multiply_half_f16.runtime.fast.opt-default	agree candidates=ios-simulator.multiply_half_f16.fast.O2.contract-off matched=ios-simulator.multiply_half_f16.fast.O2.contract-off
comparison.ios-simulator.multiply_half_f16.runtime.fast.opt-size	agree candidates=ios-simulator.multiply_half_f16.fast.O2.contract-off matched=ios-simulator.multiply_half_f16.fast.O2.contract-off
comparison.ios-simulator.multiply_half_f16.runtime.relaxed.opt-default	agree candidates=ios-simulator.multiply_half_f16.relaxed.O2.contract-off matched=ios-simulator.multiply_half_f16.relaxed.O2.contract-off
comparison.ios-simulator.multiply_half_f16.runtime.relaxed.opt-size	agree candidates=ios-simulator.multiply_half_f16.relaxed.O2.contract-off matched=ios-simulator.multiply_half_f16.relaxed.O2.contract-off
comparison.ios-simulator.multiply_half_f16.runtime.safe.opt-default	agree candidates=ios-simulator.multiply_half_f16.safe.O2.contract-off matched=ios-simulator.multiply_half_f16.safe.O2.contract-off
comparison.ios-simulator.multiply_half_f16.runtime.safe.opt-size	agree candidates=ios-simulator.multiply_half_f16.safe.O2.contract-off matched=ios-simulator.multiply_half_f16.safe.O2.contract-off
comparison.ios-simulator.multiply_one.runtime.fast.opt-default	agree candidates=ios-simulator.multiply_one.fast.O2.contract-off matched=ios-simulator.multiply_one.fast.O2.contract-off
comparison.ios-simulator.multiply_one.runtime.fast.opt-size	agree candidates=ios-simulator.multiply_one.fast.O2.contract-off matched=ios-simulator.multiply_one.fast.O2.contract-off
comparison.ios-simulator.multiply_one.runtime.relaxed.opt-default	agree candidates=ios-simulator.multiply_one.relaxed.O2.contract-off matched=ios-simulator.multiply_one.relaxed.O2.contract-off
comparison.ios-simulator.multiply_one.runtime.relaxed.opt-size	agree candidates=ios-simulator.multiply_one.relaxed.O2.contract-off matched=ios-simulator.multiply_one.relaxed.O2.contract-off
comparison.ios-simulator.multiply_one.runtime.safe.opt-default	agree candidates=ios-simulator.multiply_one.safe.O2.contract-off matched=ios-simulator.multiply_one.safe.O2.contract-off
comparison.ios-simulator.multiply_one.runtime.safe.opt-size	agree candidates=ios-simulator.multiply_one.safe.O2.contract-off matched=ios-simulator.multiply_one.safe.O2.contract-off
comparison.ios-simulator.multiply_one_f16.runtime.fast.opt-default	agree candidates=ios-simulator.multiply_one_f16.fast.O2.contract-off matched=ios-simulator.multiply_one_f16.fast.O2.contract-off
comparison.ios-simulator.multiply_one_f16.runtime.fast.opt-size	agree candidates=ios-simulator.multiply_one_f16.fast.O2.contract-off matched=ios-simulator.multiply_one_f16.fast.O2.contract-off
comparison.ios-simulator.multiply_one_f16.runtime.relaxed.opt-default	agree candidates=ios-simulator.multiply_one_f16.relaxed.O2.contract-off matched=ios-simulator.multiply_one_f16.relaxed.O2.contract-off
comparison.ios-simulator.multiply_one_f16.runtime.relaxed.opt-size	agree candidates=ios-simulator.multiply_one_f16.relaxed.O2.contract-off matched=ios-simulator.multiply_one_f16.relaxed.O2.contract-off
comparison.ios-simulator.multiply_one_f16.runtime.safe.opt-default	agree candidates=ios-simulator.multiply_one_f16.safe.O2.contract-off matched=ios-simulator.multiply_one_f16.safe.O2.contract-off
comparison.ios-simulator.multiply_one_f16.runtime.safe.opt-size	agree candidates=ios-simulator.multiply_one_f16.safe.O2.contract-off matched=ios-simulator.multiply_one_f16.safe.O2.contract-off
comparison.ios-simulator.multiply_two.runtime.fast.opt-default	agree candidates=ios-simulator.multiply_two.fast.O2.contract-off matched=ios-simulator.multiply_two.fast.O2.contract-off
comparison.ios-simulator.multiply_two.runtime.fast.opt-default.fpfun-fast	agree candidates=ios-simulator.multiply_two.fast.O2.contract-off.fpfun-fast matched=ios-simulator.multiply_two.fast.O2.contract-off.fpfun-fast
comparison.ios-simulator.multiply_two.runtime.fast.opt-size	agree candidates=ios-simulator.multiply_two.fast.O2.contract-off matched=ios-simulator.multiply_two.fast.O2.contract-off
comparison.ios-simulator.multiply_two.runtime.fast.opt-size.fpfun-fast	agree candidates=ios-simulator.multiply_two.fast.O2.contract-off.fpfun-fast matched=ios-simulator.multiply_two.fast.O2.contract-off.fpfun-fast
comparison.ios-simulator.multiply_two.runtime.relaxed.opt-default	agree candidates=ios-simulator.multiply_two.relaxed.O2.contract-off matched=ios-simulator.multiply_two.relaxed.O2.contract-off
comparison.ios-simulator.multiply_two.runtime.relaxed.opt-default.fpfun-fast	agree candidates=ios-simulator.multiply_two.relaxed.O2.contract-off.fpfun-fast matched=ios-simulator.multiply_two.relaxed.O2.contract-off.fpfun-fast
comparison.ios-simulator.multiply_two.runtime.relaxed.opt-size	agree candidates=ios-simulator.multiply_two.relaxed.O2.contract-off matched=ios-simulator.multiply_two.relaxed.O2.contract-off
comparison.ios-simulator.multiply_two.runtime.relaxed.opt-size.fpfun-fast	agree candidates=ios-simulator.multiply_two.relaxed.O2.contract-off.fpfun-fast matched=ios-simulator.multiply_two.relaxed.O2.contract-off.fpfun-fast
comparison.ios-simulator.multiply_two.runtime.safe.opt-default	agree candidates=ios-simulator.multiply_two.safe.O2.contract-off matched=ios-simulator.multiply_two.safe.O2.contract-off
comparison.ios-simulator.multiply_two.runtime.safe.opt-default.fpfun-fast	agree candidates=ios-simulator.multiply_two.safe.O2.contract-off.fpfun-fast matched=ios-simulator.multiply_two.safe.O2.contract-off.fpfun-fast
comparison.ios-simulator.multiply_two.runtime.safe.opt-size	agree candidates=ios-simulator.multiply_two.safe.O2.contract-off matched=ios-simulator.multiply_two.safe.O2.contract-off
comparison.ios-simulator.multiply_two.runtime.safe.opt-size.fpfun-fast	agree candidates=ios-simulator.multiply_two.safe.O2.contract-off.fpfun-fast matched=ios-simulator.multiply_two.safe.O2.contract-off.fpfun-fast
comparison.ios-simulator.multiply_two_f16.runtime.fast.opt-default	agree candidates=ios-simulator.multiply_two_f16.fast.O2.contract-off matched=ios-simulator.multiply_two_f16.fast.O2.contract-off
comparison.ios-simulator.multiply_two_f16.runtime.fast.opt-size	agree candidates=ios-simulator.multiply_two_f16.fast.O2.contract-off matched=ios-simulator.multiply_two_f16.fast.O2.contract-off
comparison.ios-simulator.multiply_two_f16.runtime.relaxed.opt-default	agree candidates=ios-simulator.multiply_two_f16.relaxed.O2.contract-off matched=ios-simulator.multiply_two_f16.relaxed.O2.contract-off
comparison.ios-simulator.multiply_two_f16.runtime.relaxed.opt-size	agree candidates=ios-simulator.multiply_two_f16.relaxed.O2.contract-off matched=ios-simulator.multiply_two_f16.relaxed.O2.contract-off
comparison.ios-simulator.multiply_two_f16.runtime.safe.opt-default	agree candidates=ios-simulator.multiply_two_f16.safe.O2.contract-off matched=ios-simulator.multiply_two_f16.safe.O2.contract-off
comparison.ios-simulator.multiply_two_f16.runtime.safe.opt-size	agree candidates=ios-simulator.multiply_two_f16.safe.O2.contract-off matched=ios-simulator.multiply_two_f16.safe.O2.contract-off
comparison.ios-simulator.permutation_chain.runtime.fast.opt-default	agree candidates=ios-simulator.permutation_chain.fast.O2.contract-off matched=ios-simulator.permutation_chain.fast.O2.contract-off
comparison.ios-simulator.permutation_chain.runtime.fast.opt-size	agree candidates=ios-simulator.permutation_chain.fast.O2.contract-off matched=ios-simulator.permutation_chain.fast.O2.contract-off
comparison.ios-simulator.permutation_chain.runtime.relaxed.opt-default	agree candidates=ios-simulator.permutation_chain.relaxed.O2.contract-off matched=ios-simulator.permutation_chain.relaxed.O2.contract-off
comparison.ios-simulator.permutation_chain.runtime.relaxed.opt-size	agree candidates=ios-simulator.permutation_chain.relaxed.O2.contract-off matched=ios-simulator.permutation_chain.relaxed.O2.contract-off
comparison.ios-simulator.permutation_chain.runtime.safe.opt-default	agree candidates=ios-simulator.permutation_chain.safe.O2.contract-off matched=ios-simulator.permutation_chain.safe.O2.contract-off
comparison.ios-simulator.permutation_chain.runtime.safe.opt-size	agree candidates=ios-simulator.permutation_chain.safe.O2.contract-off matched=ios-simulator.permutation_chain.safe.O2.contract-off
comparison.ios-simulator.permutation_chain_reordered.runtime.fast.opt-default	agree candidates=ios-simulator.permutation_chain_reordered.fast.O2.contract-off matched=ios-simulator.permutation_chain_reordered.fast.O2.contract-off
comparison.ios-simulator.permutation_chain_reordered.runtime.fast.opt-size	agree candidates=ios-simulator.permutation_chain_reordered.fast.O2.contract-off matched=ios-simulator.permutation_chain_reordered.fast.O2.contract-off
comparison.ios-simulator.permutation_chain_reordered.runtime.relaxed.opt-default	agree candidates=ios-simulator.permutation_chain_reordered.relaxed.O2.contract-off matched=ios-simulator.permutation_chain_reordered.relaxed.O2.contract-off
comparison.ios-simulator.permutation_chain_reordered.runtime.relaxed.opt-size	agree candidates=ios-simulator.permutation_chain_reordered.relaxed.O2.contract-off matched=ios-simulator.permutation_chain_reordered.relaxed.O2.contract-off
comparison.ios-simulator.permutation_chain_reordered.runtime.safe.opt-default	agree candidates=ios-simulator.permutation_chain_reordered.safe.O2.contract-off matched=ios-simulator.permutation_chain_reordered.safe.O2.contract-off
comparison.ios-simulator.permutation_chain_reordered.runtime.safe.opt-size	agree candidates=ios-simulator.permutation_chain_reordered.safe.O2.contract-off matched=ios-simulator.permutation_chain_reordered.safe.O2.contract-off
comparison.ios-simulator.reassociation_chain.runtime.fast.opt-default	agree candidates=ios-simulator.reassociation_chain.fast.O2.contract-off matched=ios-simulator.reassociation_chain.fast.O2.contract-off
comparison.ios-simulator.reassociation_chain.runtime.fast.opt-size	agree candidates=ios-simulator.reassociation_chain.fast.O2.contract-off matched=ios-simulator.reassociation_chain.fast.O2.contract-off
comparison.ios-simulator.reassociation_chain.runtime.relaxed.opt-default	agree candidates=ios-simulator.reassociation_chain.relaxed.O2.contract-off matched=ios-simulator.reassociation_chain.relaxed.O2.contract-off
comparison.ios-simulator.reassociation_chain.runtime.relaxed.opt-size	agree candidates=ios-simulator.reassociation_chain.relaxed.O2.contract-off matched=ios-simulator.reassociation_chain.relaxed.O2.contract-off
comparison.ios-simulator.reassociation_chain.runtime.safe.opt-default	agree candidates=ios-simulator.reassociation_chain.safe.O2.contract-off matched=ios-simulator.reassociation_chain.safe.O2.contract-off
comparison.ios-simulator.reassociation_chain.runtime.safe.opt-size	agree candidates=ios-simulator.reassociation_chain.safe.O2.contract-off matched=ios-simulator.reassociation_chain.safe.O2.contract-off
comparison.ios-simulator.reassociation_chain_f16.runtime.fast.opt-default	agree candidates=ios-simulator.reassociation_chain_f16.fast.O2.contract-off matched=ios-simulator.reassociation_chain_f16.fast.O2.contract-off
comparison.ios-simulator.reassociation_chain_f16.runtime.fast.opt-size	agree candidates=ios-simulator.reassociation_chain_f16.fast.O2.contract-off matched=ios-simulator.reassociation_chain_f16.fast.O2.contract-off
comparison.ios-simulator.reassociation_chain_f16.runtime.relaxed.opt-default	agree candidates=ios-simulator.reassociation_chain_f16.relaxed.O2.contract-off matched=ios-simulator.reassociation_chain_f16.relaxed.O2.contract-off
comparison.ios-simulator.reassociation_chain_f16.runtime.relaxed.opt-size	agree candidates=ios-simulator.reassociation_chain_f16.relaxed.O2.contract-off matched=ios-simulator.reassociation_chain_f16.relaxed.O2.contract-off
comparison.ios-simulator.reassociation_chain_f16.runtime.safe.opt-default	agree candidates=ios-simulator.reassociation_chain_f16.safe.O2.contract-off matched=ios-simulator.reassociation_chain_f16.safe.O2.contract-off
comparison.ios-simulator.reassociation_chain_f16.runtime.safe.opt-size	agree candidates=ios-simulator.reassociation_chain_f16.safe.O2.contract-off matched=ios-simulator.reassociation_chain_f16.safe.O2.contract-off
comparison.ios-simulator.scale_one_bias_zero.runtime.fast.opt-default	agree candidates=ios-simulator.scale_one_bias_zero.fast.O2.contract-off matched=ios-simulator.scale_one_bias_zero.fast.O2.contract-off
comparison.ios-simulator.scale_one_bias_zero.runtime.fast.opt-default.fpfun-fast	agree candidates=ios-simulator.scale_one_bias_zero.fast.O2.contract-off.fpfun-fast matched=ios-simulator.scale_one_bias_zero.fast.O2.contract-off.fpfun-fast
comparison.ios-simulator.scale_one_bias_zero.runtime.fast.opt-size	agree candidates=ios-simulator.scale_one_bias_zero.fast.O2.contract-off matched=ios-simulator.scale_one_bias_zero.fast.O2.contract-off
comparison.ios-simulator.scale_one_bias_zero.runtime.fast.opt-size.fpfun-fast	agree candidates=ios-simulator.scale_one_bias_zero.fast.O2.contract-off.fpfun-fast matched=ios-simulator.scale_one_bias_zero.fast.O2.contract-off.fpfun-fast
comparison.ios-simulator.scale_one_bias_zero.runtime.relaxed.opt-default	agree candidates=ios-simulator.scale_one_bias_zero.relaxed.O2.contract-off matched=ios-simulator.scale_one_bias_zero.relaxed.O2.contract-off
comparison.ios-simulator.scale_one_bias_zero.runtime.relaxed.opt-default.fpfun-fast	agree candidates=ios-simulator.scale_one_bias_zero.relaxed.O2.contract-off.fpfun-fast matched=ios-simulator.scale_one_bias_zero.relaxed.O2.contract-off.fpfun-fast
comparison.ios-simulator.scale_one_bias_zero.runtime.relaxed.opt-size	agree candidates=ios-simulator.scale_one_bias_zero.relaxed.O2.contract-off matched=ios-simulator.scale_one_bias_zero.relaxed.O2.contract-off
comparison.ios-simulator.scale_one_bias_zero.runtime.relaxed.opt-size.fpfun-fast	agree candidates=ios-simulator.scale_one_bias_zero.relaxed.O2.contract-off.fpfun-fast matched=ios-simulator.scale_one_bias_zero.relaxed.O2.contract-off.fpfun-fast
comparison.ios-simulator.scale_one_bias_zero.runtime.safe.opt-default	agree candidates=ios-simulator.scale_one_bias_zero.safe.O2.contract-off matched=ios-simulator.scale_one_bias_zero.safe.O2.contract-off
comparison.ios-simulator.scale_one_bias_zero.runtime.safe.opt-default.fpfun-fast	agree candidates=ios-simulator.scale_one_bias_zero.safe.O2.contract-off.fpfun-fast matched=ios-simulator.scale_one_bias_zero.safe.O2.contract-off.fpfun-fast
comparison.ios-simulator.scale_one_bias_zero.runtime.safe.opt-size	agree candidates=ios-simulator.scale_one_bias_zero.safe.O2.contract-off matched=ios-simulator.scale_one_bias_zero.safe.O2.contract-off
comparison.ios-simulator.scale_one_bias_zero.runtime.safe.opt-size.fpfun-fast	agree candidates=ios-simulator.scale_one_bias_zero.safe.O2.contract-off.fpfun-fast matched=ios-simulator.scale_one_bias_zero.safe.O2.contract-off.fpfun-fast
comparison.ios-simulator.scale_one_bias_zero_f16.runtime.fast.opt-default	agree candidates=ios-simulator.scale_one_bias_zero_f16.fast.O2.contract-off matched=ios-simulator.scale_one_bias_zero_f16.fast.O2.contract-off
comparison.ios-simulator.scale_one_bias_zero_f16.runtime.fast.opt-size	agree candidates=ios-simulator.scale_one_bias_zero_f16.fast.O2.contract-off matched=ios-simulator.scale_one_bias_zero_f16.fast.O2.contract-off
comparison.ios-simulator.scale_one_bias_zero_f16.runtime.relaxed.opt-default	agree candidates=ios-simulator.scale_one_bias_zero_f16.relaxed.O2.contract-off matched=ios-simulator.scale_one_bias_zero_f16.relaxed.O2.contract-off
comparison.ios-simulator.scale_one_bias_zero_f16.runtime.relaxed.opt-size	agree candidates=ios-simulator.scale_one_bias_zero_f16.relaxed.O2.contract-off matched=ios-simulator.scale_one_bias_zero_f16.relaxed.O2.contract-off
comparison.ios-simulator.scale_one_bias_zero_f16.runtime.safe.opt-default	agree candidates=ios-simulator.scale_one_bias_zero_f16.safe.O2.contract-off matched=ios-simulator.scale_one_bias_zero_f16.safe.O2.contract-off
comparison.ios-simulator.scale_one_bias_zero_f16.runtime.safe.opt-size	agree candidates=ios-simulator.scale_one_bias_zero_f16.safe.O2.contract-off matched=ios-simulator.scale_one_bias_zero_f16.safe.O2.contract-off
comparison.ios-simulator.scale_two_bias_one.runtime.fast.opt-default	agree candidates=ios-simulator.scale_two_bias_one.fast.O2.contract-fast,ios-simulator.scale_two_bias_one.fast.O2.contract-off,ios-simulator.scale_two_bias_one.fast.O2.contract-on matched=ios-simulator.scale_two_bias_one.fast.O2.contract-fast,ios-simulator.scale_two_bias_one.fast.O2.contract-off,ios-simulator.scale_two_bias_one.fast.O2.contract-on
comparison.ios-simulator.scale_two_bias_one.runtime.fast.opt-size	agree candidates=ios-simulator.scale_two_bias_one.fast.O2.contract-fast,ios-simulator.scale_two_bias_one.fast.O2.contract-off,ios-simulator.scale_two_bias_one.fast.O2.contract-on matched=ios-simulator.scale_two_bias_one.fast.O2.contract-fast,ios-simulator.scale_two_bias_one.fast.O2.contract-off,ios-simulator.scale_two_bias_one.fast.O2.contract-on
comparison.ios-simulator.scale_two_bias_one.runtime.relaxed.opt-default	agree candidates=ios-simulator.scale_two_bias_one.relaxed.O2.contract-fast,ios-simulator.scale_two_bias_one.relaxed.O2.contract-off,ios-simulator.scale_two_bias_one.relaxed.O2.contract-on matched=ios-simulator.scale_two_bias_one.relaxed.O2.contract-fast,ios-simulator.scale_two_bias_one.relaxed.O2.contract-off,ios-simulator.scale_two_bias_one.relaxed.O2.contract-on
comparison.ios-simulator.scale_two_bias_one.runtime.relaxed.opt-size	agree candidates=ios-simulator.scale_two_bias_one.relaxed.O2.contract-fast,ios-simulator.scale_two_bias_one.relaxed.O2.contract-off,ios-simulator.scale_two_bias_one.relaxed.O2.contract-on matched=ios-simulator.scale_two_bias_one.relaxed.O2.contract-fast,ios-simulator.scale_two_bias_one.relaxed.O2.contract-off,ios-simulator.scale_two_bias_one.relaxed.O2.contract-on
comparison.ios-simulator.scale_two_bias_one.runtime.safe.opt-default	agree candidates=ios-simulator.scale_two_bias_one.safe.O2.contract-fast,ios-simulator.scale_two_bias_one.safe.O2.contract-off,ios-simulator.scale_two_bias_one.safe.O2.contract-on matched=ios-simulator.scale_two_bias_one.safe.O2.contract-fast,ios-simulator.scale_two_bias_one.safe.O2.contract-off,ios-simulator.scale_two_bias_one.safe.O2.contract-on
comparison.ios-simulator.scale_two_bias_one.runtime.safe.opt-size	agree candidates=ios-simulator.scale_two_bias_one.safe.O2.contract-fast,ios-simulator.scale_two_bias_one.safe.O2.contract-off,ios-simulator.scale_two_bias_one.safe.O2.contract-on matched=ios-simulator.scale_two_bias_one.safe.O2.contract-fast,ios-simulator.scale_two_bias_one.safe.O2.contract-off,ios-simulator.scale_two_bias_one.safe.O2.contract-on
comparison.macos.add_smallest_normal.runtime.fast.opt-default	agree candidates=macos.add_smallest_normal.fast.O2.contract-off matched=macos.add_smallest_normal.fast.O2.contract-off
comparison.macos.add_smallest_normal.runtime.fast.opt-size	agree candidates=macos.add_smallest_normal.fast.O2.contract-off matched=macos.add_smallest_normal.fast.O2.contract-off
comparison.macos.add_smallest_normal.runtime.relaxed.opt-default	agree candidates=macos.add_smallest_normal.relaxed.O2.contract-off matched=macos.add_smallest_normal.relaxed.O2.contract-off
comparison.macos.add_smallest_normal.runtime.relaxed.opt-size	agree candidates=macos.add_smallest_normal.relaxed.O2.contract-off matched=macos.add_smallest_normal.relaxed.O2.contract-off
comparison.macos.add_smallest_normal.runtime.safe.opt-default	agree candidates=macos.add_smallest_normal.safe.O2.contract-off matched=macos.add_smallest_normal.safe.O2.contract-off
comparison.macos.add_smallest_normal.runtime.safe.opt-size	agree candidates=macos.add_smallest_normal.safe.O2.contract-off matched=macos.add_smallest_normal.safe.O2.contract-off
comparison.macos.add_smallest_normal_bf16.runtime.fast.opt-default	agree candidates=macos.add_smallest_normal_bf16.fast.O2.contract-off matched=macos.add_smallest_normal_bf16.fast.O2.contract-off
comparison.macos.add_smallest_normal_bf16.runtime.fast.opt-size	agree candidates=macos.add_smallest_normal_bf16.fast.O2.contract-off matched=macos.add_smallest_normal_bf16.fast.O2.contract-off
comparison.macos.add_smallest_normal_bf16.runtime.relaxed.opt-default	agree candidates=macos.add_smallest_normal_bf16.relaxed.O2.contract-off matched=macos.add_smallest_normal_bf16.relaxed.O2.contract-off
comparison.macos.add_smallest_normal_bf16.runtime.relaxed.opt-size	agree candidates=macos.add_smallest_normal_bf16.relaxed.O2.contract-off matched=macos.add_smallest_normal_bf16.relaxed.O2.contract-off
comparison.macos.add_smallest_normal_bf16.runtime.safe.opt-default	agree candidates=macos.add_smallest_normal_bf16.safe.O2.contract-off matched=macos.add_smallest_normal_bf16.safe.O2.contract-off
comparison.macos.add_smallest_normal_bf16.runtime.safe.opt-size	agree candidates=macos.add_smallest_normal_bf16.safe.O2.contract-off matched=macos.add_smallest_normal_bf16.safe.O2.contract-off
comparison.macos.add_smallest_normal_f16.runtime.fast.opt-default	agree candidates=macos.add_smallest_normal_f16.fast.O2.contract-off matched=macos.add_smallest_normal_f16.fast.O2.contract-off
comparison.macos.add_smallest_normal_f16.runtime.fast.opt-size	agree candidates=macos.add_smallest_normal_f16.fast.O2.contract-off matched=macos.add_smallest_normal_f16.fast.O2.contract-off
comparison.macos.add_smallest_normal_f16.runtime.relaxed.opt-default	agree candidates=macos.add_smallest_normal_f16.relaxed.O2.contract-off matched=macos.add_smallest_normal_f16.relaxed.O2.contract-off
comparison.macos.add_smallest_normal_f16.runtime.relaxed.opt-size	agree candidates=macos.add_smallest_normal_f16.relaxed.O2.contract-off matched=macos.add_smallest_normal_f16.relaxed.O2.contract-off
comparison.macos.add_smallest_normal_f16.runtime.safe.opt-default	agree candidates=macos.add_smallest_normal_f16.safe.O2.contract-off matched=macos.add_smallest_normal_f16.safe.O2.contract-off
comparison.macos.add_smallest_normal_f16.runtime.safe.opt-size	agree candidates=macos.add_smallest_normal_f16.safe.O2.contract-off matched=macos.add_smallest_normal_f16.safe.O2.contract-off
comparison.macos.contraction_pair.runtime.fast.opt-default	agree-on-some candidates=macos.contraction_pair.fast.O2.contract-fast,macos.contraction_pair.fast.O2.contract-off,macos.contraction_pair.fast.O2.contract-on matched=macos.contraction_pair.fast.O2.contract-fast
comparison.macos.contraction_pair.runtime.fast.opt-size	agree-on-some candidates=macos.contraction_pair.fast.O2.contract-fast,macos.contraction_pair.fast.O2.contract-off,macos.contraction_pair.fast.O2.contract-on matched=macos.contraction_pair.fast.O2.contract-fast
comparison.macos.contraction_pair.runtime.relaxed.opt-default	agree-on-some candidates=macos.contraction_pair.relaxed.O2.contract-fast,macos.contraction_pair.relaxed.O2.contract-off,macos.contraction_pair.relaxed.O2.contract-on matched=macos.contraction_pair.relaxed.O2.contract-fast
comparison.macos.contraction_pair.runtime.relaxed.opt-size	agree-on-some candidates=macos.contraction_pair.relaxed.O2.contract-fast,macos.contraction_pair.relaxed.O2.contract-off,macos.contraction_pair.relaxed.O2.contract-on matched=macos.contraction_pair.relaxed.O2.contract-fast
comparison.macos.contraction_pair.runtime.safe.opt-default	agree-on-some candidates=macos.contraction_pair.safe.O2.contract-fast,macos.contraction_pair.safe.O2.contract-off,macos.contraction_pair.safe.O2.contract-on matched=macos.contraction_pair.safe.O2.contract-off,macos.contraction_pair.safe.O2.contract-on
comparison.macos.contraction_pair.runtime.safe.opt-size	agree-on-some candidates=macos.contraction_pair.safe.O2.contract-fast,macos.contraction_pair.safe.O2.contract-off,macos.contraction_pair.safe.O2.contract-on matched=macos.contraction_pair.safe.O2.contract-off,macos.contraction_pair.safe.O2.contract-on
comparison.macos.contraction_pair_bf16.runtime.fast.opt-default	agree-on-some candidates=macos.contraction_pair_bf16.fast.O2.contract-fast,macos.contraction_pair_bf16.fast.O2.contract-off,macos.contraction_pair_bf16.fast.O2.contract-on matched=macos.contraction_pair_bf16.fast.O2.contract-fast
comparison.macos.contraction_pair_bf16.runtime.fast.opt-size	agree-on-some candidates=macos.contraction_pair_bf16.fast.O2.contract-fast,macos.contraction_pair_bf16.fast.O2.contract-off,macos.contraction_pair_bf16.fast.O2.contract-on matched=macos.contraction_pair_bf16.fast.O2.contract-fast
comparison.macos.contraction_pair_bf16.runtime.relaxed.opt-default	agree-on-some candidates=macos.contraction_pair_bf16.relaxed.O2.contract-fast,macos.contraction_pair_bf16.relaxed.O2.contract-off,macos.contraction_pair_bf16.relaxed.O2.contract-on matched=macos.contraction_pair_bf16.relaxed.O2.contract-fast
comparison.macos.contraction_pair_bf16.runtime.relaxed.opt-size	agree-on-some candidates=macos.contraction_pair_bf16.relaxed.O2.contract-fast,macos.contraction_pair_bf16.relaxed.O2.contract-off,macos.contraction_pair_bf16.relaxed.O2.contract-on matched=macos.contraction_pair_bf16.relaxed.O2.contract-fast
comparison.macos.contraction_pair_bf16.runtime.safe.opt-default	agree candidates=macos.contraction_pair_bf16.safe.O2.contract-fast,macos.contraction_pair_bf16.safe.O2.contract-off,macos.contraction_pair_bf16.safe.O2.contract-on matched=macos.contraction_pair_bf16.safe.O2.contract-fast,macos.contraction_pair_bf16.safe.O2.contract-off,macos.contraction_pair_bf16.safe.O2.contract-on
comparison.macos.contraction_pair_bf16.runtime.safe.opt-size	agree candidates=macos.contraction_pair_bf16.safe.O2.contract-fast,macos.contraction_pair_bf16.safe.O2.contract-off,macos.contraction_pair_bf16.safe.O2.contract-on matched=macos.contraction_pair_bf16.safe.O2.contract-fast,macos.contraction_pair_bf16.safe.O2.contract-off,macos.contraction_pair_bf16.safe.O2.contract-on
comparison.macos.contraction_pair_canonicalized.runtime.safe.opt-default	agree candidates=macos.contraction_pair_canonicalized.safe.O2.contract-fast,macos.contraction_pair_canonicalized.safe.O2.contract-off,macos.contraction_pair_canonicalized.safe.O2.contract-on matched=macos.contraction_pair_canonicalized.safe.O2.contract-fast,macos.contraction_pair_canonicalized.safe.O2.contract-off,macos.contraction_pair_canonicalized.safe.O2.contract-on
comparison.macos.contraction_pair_canonicalized.runtime.safe.opt-size	agree candidates=macos.contraction_pair_canonicalized.safe.O2.contract-fast,macos.contraction_pair_canonicalized.safe.O2.contract-off,macos.contraction_pair_canonicalized.safe.O2.contract-on matched=macos.contraction_pair_canonicalized.safe.O2.contract-fast,macos.contraction_pair_canonicalized.safe.O2.contract-off,macos.contraction_pair_canonicalized.safe.O2.contract-on
comparison.macos.contraction_pair_canonicalized_bf16.runtime.fast.opt-default	agree candidates=macos.contraction_pair_canonicalized_bf16.fast.O2.contract-fast,macos.contraction_pair_canonicalized_bf16.fast.O2.contract-off,macos.contraction_pair_canonicalized_bf16.fast.O2.contract-on matched=macos.contraction_pair_canonicalized_bf16.fast.O2.contract-fast,macos.contraction_pair_canonicalized_bf16.fast.O2.contract-off,macos.contraction_pair_canonicalized_bf16.fast.O2.contract-on
comparison.macos.contraction_pair_canonicalized_bf16.runtime.fast.opt-size	agree candidates=macos.contraction_pair_canonicalized_bf16.fast.O2.contract-fast,macos.contraction_pair_canonicalized_bf16.fast.O2.contract-off,macos.contraction_pair_canonicalized_bf16.fast.O2.contract-on matched=macos.contraction_pair_canonicalized_bf16.fast.O2.contract-fast,macos.contraction_pair_canonicalized_bf16.fast.O2.contract-off,macos.contraction_pair_canonicalized_bf16.fast.O2.contract-on
comparison.macos.contraction_pair_canonicalized_bf16.runtime.relaxed.opt-default	agree candidates=macos.contraction_pair_canonicalized_bf16.relaxed.O2.contract-fast,macos.contraction_pair_canonicalized_bf16.relaxed.O2.contract-off,macos.contraction_pair_canonicalized_bf16.relaxed.O2.contract-on matched=macos.contraction_pair_canonicalized_bf16.relaxed.O2.contract-fast,macos.contraction_pair_canonicalized_bf16.relaxed.O2.contract-off,macos.contraction_pair_canonicalized_bf16.relaxed.O2.contract-on
comparison.macos.contraction_pair_canonicalized_bf16.runtime.relaxed.opt-size	agree candidates=macos.contraction_pair_canonicalized_bf16.relaxed.O2.contract-fast,macos.contraction_pair_canonicalized_bf16.relaxed.O2.contract-off,macos.contraction_pair_canonicalized_bf16.relaxed.O2.contract-on matched=macos.contraction_pair_canonicalized_bf16.relaxed.O2.contract-fast,macos.contraction_pair_canonicalized_bf16.relaxed.O2.contract-off,macos.contraction_pair_canonicalized_bf16.relaxed.O2.contract-on
comparison.macos.contraction_pair_canonicalized_bf16.runtime.safe.opt-default	agree candidates=macos.contraction_pair_canonicalized_bf16.safe.O2.contract-fast,macos.contraction_pair_canonicalized_bf16.safe.O2.contract-off,macos.contraction_pair_canonicalized_bf16.safe.O2.contract-on matched=macos.contraction_pair_canonicalized_bf16.safe.O2.contract-fast,macos.contraction_pair_canonicalized_bf16.safe.O2.contract-off,macos.contraction_pair_canonicalized_bf16.safe.O2.contract-on
comparison.macos.contraction_pair_canonicalized_bf16.runtime.safe.opt-size	agree candidates=macos.contraction_pair_canonicalized_bf16.safe.O2.contract-fast,macos.contraction_pair_canonicalized_bf16.safe.O2.contract-off,macos.contraction_pair_canonicalized_bf16.safe.O2.contract-on matched=macos.contraction_pair_canonicalized_bf16.safe.O2.contract-fast,macos.contraction_pair_canonicalized_bf16.safe.O2.contract-off,macos.contraction_pair_canonicalized_bf16.safe.O2.contract-on
comparison.macos.contraction_pair_canonicalized_f16.runtime.fast.opt-default	agree candidates=macos.contraction_pair_canonicalized_f16.fast.O2.contract-fast,macos.contraction_pair_canonicalized_f16.fast.O2.contract-off,macos.contraction_pair_canonicalized_f16.fast.O2.contract-on matched=macos.contraction_pair_canonicalized_f16.fast.O2.contract-fast,macos.contraction_pair_canonicalized_f16.fast.O2.contract-off,macos.contraction_pair_canonicalized_f16.fast.O2.contract-on
comparison.macos.contraction_pair_canonicalized_f16.runtime.fast.opt-size	agree candidates=macos.contraction_pair_canonicalized_f16.fast.O2.contract-fast,macos.contraction_pair_canonicalized_f16.fast.O2.contract-off,macos.contraction_pair_canonicalized_f16.fast.O2.contract-on matched=macos.contraction_pair_canonicalized_f16.fast.O2.contract-fast,macos.contraction_pair_canonicalized_f16.fast.O2.contract-off,macos.contraction_pair_canonicalized_f16.fast.O2.contract-on
comparison.macos.contraction_pair_canonicalized_f16.runtime.relaxed.opt-default	agree candidates=macos.contraction_pair_canonicalized_f16.relaxed.O2.contract-fast,macos.contraction_pair_canonicalized_f16.relaxed.O2.contract-off,macos.contraction_pair_canonicalized_f16.relaxed.O2.contract-on matched=macos.contraction_pair_canonicalized_f16.relaxed.O2.contract-fast,macos.contraction_pair_canonicalized_f16.relaxed.O2.contract-off,macos.contraction_pair_canonicalized_f16.relaxed.O2.contract-on
comparison.macos.contraction_pair_canonicalized_f16.runtime.relaxed.opt-size	agree candidates=macos.contraction_pair_canonicalized_f16.relaxed.O2.contract-fast,macos.contraction_pair_canonicalized_f16.relaxed.O2.contract-off,macos.contraction_pair_canonicalized_f16.relaxed.O2.contract-on matched=macos.contraction_pair_canonicalized_f16.relaxed.O2.contract-fast,macos.contraction_pair_canonicalized_f16.relaxed.O2.contract-off,macos.contraction_pair_canonicalized_f16.relaxed.O2.contract-on
comparison.macos.contraction_pair_canonicalized_f16.runtime.safe.opt-default	agree candidates=macos.contraction_pair_canonicalized_f16.safe.O2.contract-fast,macos.contraction_pair_canonicalized_f16.safe.O2.contract-off,macos.contraction_pair_canonicalized_f16.safe.O2.contract-on matched=macos.contraction_pair_canonicalized_f16.safe.O2.contract-fast,macos.contraction_pair_canonicalized_f16.safe.O2.contract-off,macos.contraction_pair_canonicalized_f16.safe.O2.contract-on
comparison.macos.contraction_pair_canonicalized_f16.runtime.safe.opt-size	agree candidates=macos.contraction_pair_canonicalized_f16.safe.O2.contract-fast,macos.contraction_pair_canonicalized_f16.safe.O2.contract-off,macos.contraction_pair_canonicalized_f16.safe.O2.contract-on matched=macos.contraction_pair_canonicalized_f16.safe.O2.contract-fast,macos.contraction_pair_canonicalized_f16.safe.O2.contract-off,macos.contraction_pair_canonicalized_f16.safe.O2.contract-on
comparison.macos.contraction_pair_f16.runtime.fast.opt-default	agree-on-some candidates=macos.contraction_pair_f16.fast.O2.contract-fast,macos.contraction_pair_f16.fast.O2.contract-off,macos.contraction_pair_f16.fast.O2.contract-on matched=macos.contraction_pair_f16.fast.O2.contract-fast
comparison.macos.contraction_pair_f16.runtime.fast.opt-size	agree-on-some candidates=macos.contraction_pair_f16.fast.O2.contract-fast,macos.contraction_pair_f16.fast.O2.contract-off,macos.contraction_pair_f16.fast.O2.contract-on matched=macos.contraction_pair_f16.fast.O2.contract-fast
comparison.macos.contraction_pair_f16.runtime.relaxed.opt-default	agree-on-some candidates=macos.contraction_pair_f16.relaxed.O2.contract-fast,macos.contraction_pair_f16.relaxed.O2.contract-off,macos.contraction_pair_f16.relaxed.O2.contract-on matched=macos.contraction_pair_f16.relaxed.O2.contract-fast
comparison.macos.contraction_pair_f16.runtime.relaxed.opt-size	agree-on-some candidates=macos.contraction_pair_f16.relaxed.O2.contract-fast,macos.contraction_pair_f16.relaxed.O2.contract-off,macos.contraction_pair_f16.relaxed.O2.contract-on matched=macos.contraction_pair_f16.relaxed.O2.contract-fast
comparison.macos.contraction_pair_f16.runtime.safe.opt-default	agree-on-some candidates=macos.contraction_pair_f16.safe.O2.contract-fast,macos.contraction_pair_f16.safe.O2.contract-off,macos.contraction_pair_f16.safe.O2.contract-on matched=macos.contraction_pair_f16.safe.O2.contract-off,macos.contraction_pair_f16.safe.O2.contract-on
comparison.macos.contraction_pair_f16.runtime.safe.opt-size	agree-on-some candidates=macos.contraction_pair_f16.safe.O2.contract-fast,macos.contraction_pair_f16.safe.O2.contract-off,macos.contraction_pair_f16.safe.O2.contract-on matched=macos.contraction_pair_f16.safe.O2.contract-off,macos.contraction_pair_f16.safe.O2.contract-on
comparison.macos.divide_by_half.runtime.safe.opt-default	agree candidates=macos.divide_by_half.safe.O2.contract-off matched=macos.divide_by_half.safe.O2.contract-off
comparison.macos.divide_by_half.runtime.safe.opt-size	agree candidates=macos.divide_by_half.safe.O2.contract-off matched=macos.divide_by_half.safe.O2.contract-off
comparison.macos.divide_by_three.runtime.fast.opt-default	agree candidates=macos.divide_by_three.fast.O2.contract-off matched=macos.divide_by_three.fast.O2.contract-off
comparison.macos.divide_by_three.runtime.fast.opt-size	agree candidates=macos.divide_by_three.fast.O2.contract-off matched=macos.divide_by_three.fast.O2.contract-off
comparison.macos.divide_by_three.runtime.relaxed.opt-default	agree candidates=macos.divide_by_three.relaxed.O2.contract-off matched=macos.divide_by_three.relaxed.O2.contract-off
comparison.macos.divide_by_three.runtime.relaxed.opt-size	agree candidates=macos.divide_by_three.relaxed.O2.contract-off matched=macos.divide_by_three.relaxed.O2.contract-off
comparison.macos.divide_by_three.runtime.safe.opt-default	agree candidates=macos.divide_by_three.safe.O2.contract-off matched=macos.divide_by_three.safe.O2.contract-off
comparison.macos.divide_by_three.runtime.safe.opt-size	agree candidates=macos.divide_by_three.safe.O2.contract-off matched=macos.divide_by_three.safe.O2.contract-off
comparison.macos.divide_by_three_bf16.runtime.fast.opt-default	agree candidates=macos.divide_by_three_bf16.fast.O2.contract-off matched=macos.divide_by_three_bf16.fast.O2.contract-off
comparison.macos.divide_by_three_bf16.runtime.fast.opt-size	agree candidates=macos.divide_by_three_bf16.fast.O2.contract-off matched=macos.divide_by_three_bf16.fast.O2.contract-off
comparison.macos.divide_by_three_bf16.runtime.relaxed.opt-default	agree candidates=macos.divide_by_three_bf16.relaxed.O2.contract-off matched=macos.divide_by_three_bf16.relaxed.O2.contract-off
comparison.macos.divide_by_three_bf16.runtime.relaxed.opt-size	agree candidates=macos.divide_by_three_bf16.relaxed.O2.contract-off matched=macos.divide_by_three_bf16.relaxed.O2.contract-off
comparison.macos.divide_by_three_bf16.runtime.safe.opt-default	agree candidates=macos.divide_by_three_bf16.safe.O2.contract-off matched=macos.divide_by_three_bf16.safe.O2.contract-off
comparison.macos.divide_by_three_bf16.runtime.safe.opt-size	agree candidates=macos.divide_by_three_bf16.safe.O2.contract-off matched=macos.divide_by_three_bf16.safe.O2.contract-off
comparison.macos.divide_by_three_eighths.runtime.fast.opt-default	agree candidates=macos.divide_by_three_eighths.fast.O2.contract-off matched=macos.divide_by_three_eighths.fast.O2.contract-off
comparison.macos.divide_by_three_eighths.runtime.fast.opt-size	agree candidates=macos.divide_by_three_eighths.fast.O2.contract-off matched=macos.divide_by_three_eighths.fast.O2.contract-off
comparison.macos.divide_by_three_eighths.runtime.relaxed.opt-default	agree candidates=macos.divide_by_three_eighths.relaxed.O2.contract-off matched=macos.divide_by_three_eighths.relaxed.O2.contract-off
comparison.macos.divide_by_three_eighths.runtime.relaxed.opt-size	agree candidates=macos.divide_by_three_eighths.relaxed.O2.contract-off matched=macos.divide_by_three_eighths.relaxed.O2.contract-off
comparison.macos.divide_by_three_eighths.runtime.safe.opt-default	agree candidates=macos.divide_by_three_eighths.safe.O2.contract-off matched=macos.divide_by_three_eighths.safe.O2.contract-off
comparison.macos.divide_by_three_eighths.runtime.safe.opt-size	agree candidates=macos.divide_by_three_eighths.safe.O2.contract-off matched=macos.divide_by_three_eighths.safe.O2.contract-off
comparison.macos.divide_by_three_eighths_bf16.runtime.fast.opt-default	agree candidates=macos.divide_by_three_eighths_bf16.fast.O2.contract-off matched=macos.divide_by_three_eighths_bf16.fast.O2.contract-off
comparison.macos.divide_by_three_eighths_bf16.runtime.fast.opt-size	agree candidates=macos.divide_by_three_eighths_bf16.fast.O2.contract-off matched=macos.divide_by_three_eighths_bf16.fast.O2.contract-off
comparison.macos.divide_by_three_eighths_bf16.runtime.relaxed.opt-default	agree candidates=macos.divide_by_three_eighths_bf16.relaxed.O2.contract-off matched=macos.divide_by_three_eighths_bf16.relaxed.O2.contract-off
comparison.macos.divide_by_three_eighths_bf16.runtime.relaxed.opt-size	agree candidates=macos.divide_by_three_eighths_bf16.relaxed.O2.contract-off matched=macos.divide_by_three_eighths_bf16.relaxed.O2.contract-off
comparison.macos.divide_by_three_eighths_bf16.runtime.safe.opt-default	agree candidates=macos.divide_by_three_eighths_bf16.safe.O2.contract-off matched=macos.divide_by_three_eighths_bf16.safe.O2.contract-off
comparison.macos.divide_by_three_eighths_bf16.runtime.safe.opt-size	agree candidates=macos.divide_by_three_eighths_bf16.safe.O2.contract-off matched=macos.divide_by_three_eighths_bf16.safe.O2.contract-off
comparison.macos.divide_by_three_eighths_f16.runtime.fast.opt-default	agree candidates=macos.divide_by_three_eighths_f16.fast.O2.contract-off matched=macos.divide_by_three_eighths_f16.fast.O2.contract-off
comparison.macos.divide_by_three_eighths_f16.runtime.fast.opt-size	agree candidates=macos.divide_by_three_eighths_f16.fast.O2.contract-off matched=macos.divide_by_three_eighths_f16.fast.O2.contract-off
comparison.macos.divide_by_three_eighths_f16.runtime.relaxed.opt-default	agree candidates=macos.divide_by_three_eighths_f16.relaxed.O2.contract-off matched=macos.divide_by_three_eighths_f16.relaxed.O2.contract-off
comparison.macos.divide_by_three_eighths_f16.runtime.relaxed.opt-size	agree candidates=macos.divide_by_three_eighths_f16.relaxed.O2.contract-off matched=macos.divide_by_three_eighths_f16.relaxed.O2.contract-off
comparison.macos.divide_by_three_eighths_f16.runtime.safe.opt-default	agree candidates=macos.divide_by_three_eighths_f16.safe.O2.contract-off matched=macos.divide_by_three_eighths_f16.safe.O2.contract-off
comparison.macos.divide_by_three_eighths_f16.runtime.safe.opt-size	agree candidates=macos.divide_by_three_eighths_f16.safe.O2.contract-off matched=macos.divide_by_three_eighths_f16.safe.O2.contract-off
comparison.macos.divide_by_three_f16.runtime.fast.opt-default	agree candidates=macos.divide_by_three_f16.fast.O2.contract-off matched=macos.divide_by_three_f16.fast.O2.contract-off
comparison.macos.divide_by_three_f16.runtime.fast.opt-size	agree candidates=macos.divide_by_three_f16.fast.O2.contract-off matched=macos.divide_by_three_f16.fast.O2.contract-off
comparison.macos.divide_by_three_f16.runtime.relaxed.opt-default	agree candidates=macos.divide_by_three_f16.relaxed.O2.contract-off matched=macos.divide_by_three_f16.relaxed.O2.contract-off
comparison.macos.divide_by_three_f16.runtime.relaxed.opt-size	agree candidates=macos.divide_by_three_f16.relaxed.O2.contract-off matched=macos.divide_by_three_f16.relaxed.O2.contract-off
comparison.macos.divide_by_three_f16.runtime.safe.opt-default	agree candidates=macos.divide_by_three_f16.safe.O2.contract-off matched=macos.divide_by_three_f16.safe.O2.contract-off
comparison.macos.divide_by_three_f16.runtime.safe.opt-size	agree candidates=macos.divide_by_three_f16.safe.O2.contract-off matched=macos.divide_by_three_f16.safe.O2.contract-off
comparison.macos.divide_by_two.runtime.safe.opt-default	agree candidates=macos.divide_by_two.safe.O2.contract-off matched=macos.divide_by_two.safe.O2.contract-off
comparison.macos.divide_by_two.runtime.safe.opt-size	agree candidates=macos.divide_by_two.safe.O2.contract-off matched=macos.divide_by_two.safe.O2.contract-off
comparison.macos.fused_pair.runtime.safe.opt-default	agree candidates=macos.fused_pair.safe.O2.contract-fast,macos.fused_pair.safe.O2.contract-off,macos.fused_pair.safe.O2.contract-on matched=macos.fused_pair.safe.O2.contract-fast,macos.fused_pair.safe.O2.contract-off,macos.fused_pair.safe.O2.contract-on
comparison.macos.fused_pair.runtime.safe.opt-size	agree candidates=macos.fused_pair.safe.O2.contract-fast,macos.fused_pair.safe.O2.contract-off,macos.fused_pair.safe.O2.contract-on matched=macos.fused_pair.safe.O2.contract-fast,macos.fused_pair.safe.O2.contract-off,macos.fused_pair.safe.O2.contract-on
comparison.macos.fused_pair_f16.runtime.fast.opt-default	agree candidates=macos.fused_pair_f16.fast.O2.contract-off matched=macos.fused_pair_f16.fast.O2.contract-off
comparison.macos.fused_pair_f16.runtime.fast.opt-size	agree candidates=macos.fused_pair_f16.fast.O2.contract-off matched=macos.fused_pair_f16.fast.O2.contract-off
comparison.macos.fused_pair_f16.runtime.relaxed.opt-default	agree candidates=macos.fused_pair_f16.relaxed.O2.contract-off matched=macos.fused_pair_f16.relaxed.O2.contract-off
comparison.macos.fused_pair_f16.runtime.relaxed.opt-size	agree candidates=macos.fused_pair_f16.relaxed.O2.contract-off matched=macos.fused_pair_f16.relaxed.O2.contract-off
comparison.macos.fused_pair_f16.runtime.safe.opt-default	agree candidates=macos.fused_pair_f16.safe.O2.contract-fast,macos.fused_pair_f16.safe.O2.contract-off,macos.fused_pair_f16.safe.O2.contract-on matched=macos.fused_pair_f16.safe.O2.contract-fast,macos.fused_pair_f16.safe.O2.contract-off,macos.fused_pair_f16.safe.O2.contract-on
comparison.macos.fused_pair_f16.runtime.safe.opt-size	agree candidates=macos.fused_pair_f16.safe.O2.contract-fast,macos.fused_pair_f16.safe.O2.contract-off,macos.fused_pair_f16.safe.O2.contract-on matched=macos.fused_pair_f16.safe.O2.contract-fast,macos.fused_pair_f16.safe.O2.contract-off,macos.fused_pair_f16.safe.O2.contract-on
comparison.macos.materialize.runtime.fast.opt-default	agree candidates=macos.materialize.fast.O2.contract-off matched=macos.materialize.fast.O2.contract-off
comparison.macos.materialize.runtime.fast.opt-size	agree candidates=macos.materialize.fast.O2.contract-off matched=macos.materialize.fast.O2.contract-off
comparison.macos.materialize.runtime.relaxed.opt-default	agree candidates=macos.materialize.relaxed.O2.contract-off matched=macos.materialize.relaxed.O2.contract-off
comparison.macos.materialize.runtime.relaxed.opt-size	agree candidates=macos.materialize.relaxed.O2.contract-off matched=macos.materialize.relaxed.O2.contract-off
comparison.macos.materialize.runtime.safe.opt-default	agree candidates=macos.materialize.safe.O2.contract-off matched=macos.materialize.safe.O2.contract-off
comparison.macos.materialize.runtime.safe.opt-size	agree candidates=macos.materialize.safe.O2.contract-off matched=macos.materialize.safe.O2.contract-off
comparison.macos.materialize_bf16.runtime.fast.opt-default	agree candidates=macos.materialize_bf16.fast.O2.contract-off matched=macos.materialize_bf16.fast.O2.contract-off
comparison.macos.materialize_bf16.runtime.fast.opt-size	agree candidates=macos.materialize_bf16.fast.O2.contract-off matched=macos.materialize_bf16.fast.O2.contract-off
comparison.macos.materialize_bf16.runtime.relaxed.opt-default	agree candidates=macos.materialize_bf16.relaxed.O2.contract-off matched=macos.materialize_bf16.relaxed.O2.contract-off
comparison.macos.materialize_bf16.runtime.relaxed.opt-size	agree candidates=macos.materialize_bf16.relaxed.O2.contract-off matched=macos.materialize_bf16.relaxed.O2.contract-off
comparison.macos.materialize_bf16.runtime.safe.opt-default	agree candidates=macos.materialize_bf16.safe.O2.contract-off matched=macos.materialize_bf16.safe.O2.contract-off
comparison.macos.materialize_bf16.runtime.safe.opt-size	agree candidates=macos.materialize_bf16.safe.O2.contract-off matched=macos.materialize_bf16.safe.O2.contract-off
comparison.macos.materialize_f16.runtime.fast.opt-default	agree candidates=macos.materialize_f16.fast.O2.contract-off matched=macos.materialize_f16.fast.O2.contract-off
comparison.macos.materialize_f16.runtime.fast.opt-size	agree candidates=macos.materialize_f16.fast.O2.contract-off matched=macos.materialize_f16.fast.O2.contract-off
comparison.macos.materialize_f16.runtime.relaxed.opt-default	agree candidates=macos.materialize_f16.relaxed.O2.contract-off matched=macos.materialize_f16.relaxed.O2.contract-off
comparison.macos.materialize_f16.runtime.relaxed.opt-size	agree candidates=macos.materialize_f16.relaxed.O2.contract-off matched=macos.materialize_f16.relaxed.O2.contract-off
comparison.macos.materialize_f16.runtime.safe.opt-default	agree candidates=macos.materialize_f16.safe.O2.contract-off matched=macos.materialize_f16.safe.O2.contract-off
comparison.macos.materialize_f16.runtime.safe.opt-size	agree candidates=macos.materialize_f16.safe.O2.contract-off matched=macos.materialize_f16.safe.O2.contract-off
comparison.macos.multiply_half.runtime.fast.opt-default	agree candidates=macos.multiply_half.fast.O2.contract-off matched=macos.multiply_half.fast.O2.contract-off
comparison.macos.multiply_half.runtime.fast.opt-default.fpfun-fast	agree candidates=macos.multiply_half.fast.O2.contract-off.fpfun-fast matched=macos.multiply_half.fast.O2.contract-off.fpfun-fast
comparison.macos.multiply_half.runtime.fast.opt-size	agree candidates=macos.multiply_half.fast.O2.contract-off matched=macos.multiply_half.fast.O2.contract-off
comparison.macos.multiply_half.runtime.fast.opt-size.fpfun-fast	agree candidates=macos.multiply_half.fast.O2.contract-off.fpfun-fast matched=macos.multiply_half.fast.O2.contract-off.fpfun-fast
comparison.macos.multiply_half.runtime.relaxed.opt-default	agree candidates=macos.multiply_half.relaxed.O2.contract-off matched=macos.multiply_half.relaxed.O2.contract-off
comparison.macos.multiply_half.runtime.relaxed.opt-default.fpfun-fast	agree candidates=macos.multiply_half.relaxed.O2.contract-off.fpfun-fast matched=macos.multiply_half.relaxed.O2.contract-off.fpfun-fast
comparison.macos.multiply_half.runtime.relaxed.opt-size	agree candidates=macos.multiply_half.relaxed.O2.contract-off matched=macos.multiply_half.relaxed.O2.contract-off
comparison.macos.multiply_half.runtime.relaxed.opt-size.fpfun-fast	agree candidates=macos.multiply_half.relaxed.O2.contract-off.fpfun-fast matched=macos.multiply_half.relaxed.O2.contract-off.fpfun-fast
comparison.macos.multiply_half.runtime.safe.opt-default	agree candidates=macos.multiply_half.safe.O2.contract-off matched=macos.multiply_half.safe.O2.contract-off
comparison.macos.multiply_half.runtime.safe.opt-default.fpfun-fast	agree candidates=macos.multiply_half.safe.O2.contract-off.fpfun-fast matched=macos.multiply_half.safe.O2.contract-off.fpfun-fast
comparison.macos.multiply_half.runtime.safe.opt-size	agree candidates=macos.multiply_half.safe.O2.contract-off matched=macos.multiply_half.safe.O2.contract-off
comparison.macos.multiply_half.runtime.safe.opt-size.fpfun-fast	agree candidates=macos.multiply_half.safe.O2.contract-off.fpfun-fast matched=macos.multiply_half.safe.O2.contract-off.fpfun-fast
comparison.macos.multiply_half_bf16.runtime.fast.opt-default	agree candidates=macos.multiply_half_bf16.fast.O2.contract-off matched=macos.multiply_half_bf16.fast.O2.contract-off
comparison.macos.multiply_half_bf16.runtime.fast.opt-size	agree candidates=macos.multiply_half_bf16.fast.O2.contract-off matched=macos.multiply_half_bf16.fast.O2.contract-off
comparison.macos.multiply_half_bf16.runtime.relaxed.opt-default	agree candidates=macos.multiply_half_bf16.relaxed.O2.contract-off matched=macos.multiply_half_bf16.relaxed.O2.contract-off
comparison.macos.multiply_half_bf16.runtime.relaxed.opt-size	agree candidates=macos.multiply_half_bf16.relaxed.O2.contract-off matched=macos.multiply_half_bf16.relaxed.O2.contract-off
comparison.macos.multiply_half_bf16.runtime.safe.opt-default	agree candidates=macos.multiply_half_bf16.safe.O2.contract-off matched=macos.multiply_half_bf16.safe.O2.contract-off
comparison.macos.multiply_half_bf16.runtime.safe.opt-size	agree candidates=macos.multiply_half_bf16.safe.O2.contract-off matched=macos.multiply_half_bf16.safe.O2.contract-off
comparison.macos.multiply_half_f16.runtime.fast.opt-default	agree candidates=macos.multiply_half_f16.fast.O2.contract-off matched=macos.multiply_half_f16.fast.O2.contract-off
comparison.macos.multiply_half_f16.runtime.fast.opt-size	agree candidates=macos.multiply_half_f16.fast.O2.contract-off matched=macos.multiply_half_f16.fast.O2.contract-off
comparison.macos.multiply_half_f16.runtime.relaxed.opt-default	agree candidates=macos.multiply_half_f16.relaxed.O2.contract-off matched=macos.multiply_half_f16.relaxed.O2.contract-off
comparison.macos.multiply_half_f16.runtime.relaxed.opt-size	agree candidates=macos.multiply_half_f16.relaxed.O2.contract-off matched=macos.multiply_half_f16.relaxed.O2.contract-off
comparison.macos.multiply_half_f16.runtime.safe.opt-default	agree candidates=macos.multiply_half_f16.safe.O2.contract-off matched=macos.multiply_half_f16.safe.O2.contract-off
comparison.macos.multiply_half_f16.runtime.safe.opt-size	agree candidates=macos.multiply_half_f16.safe.O2.contract-off matched=macos.multiply_half_f16.safe.O2.contract-off
comparison.macos.multiply_one.runtime.fast.opt-default	agree candidates=macos.multiply_one.fast.O2.contract-off matched=macos.multiply_one.fast.O2.contract-off
comparison.macos.multiply_one.runtime.fast.opt-size	agree candidates=macos.multiply_one.fast.O2.contract-off matched=macos.multiply_one.fast.O2.contract-off
comparison.macos.multiply_one.runtime.relaxed.opt-default	agree candidates=macos.multiply_one.relaxed.O2.contract-off matched=macos.multiply_one.relaxed.O2.contract-off
comparison.macos.multiply_one.runtime.relaxed.opt-size	agree candidates=macos.multiply_one.relaxed.O2.contract-off matched=macos.multiply_one.relaxed.O2.contract-off
comparison.macos.multiply_one.runtime.safe.opt-default	agree candidates=macos.multiply_one.safe.O2.contract-off matched=macos.multiply_one.safe.O2.contract-off
comparison.macos.multiply_one.runtime.safe.opt-size	agree candidates=macos.multiply_one.safe.O2.contract-off matched=macos.multiply_one.safe.O2.contract-off
comparison.macos.multiply_one_bf16.runtime.fast.opt-default	agree candidates=macos.multiply_one_bf16.fast.O2.contract-off matched=macos.multiply_one_bf16.fast.O2.contract-off
comparison.macos.multiply_one_bf16.runtime.fast.opt-size	agree candidates=macos.multiply_one_bf16.fast.O2.contract-off matched=macos.multiply_one_bf16.fast.O2.contract-off
comparison.macos.multiply_one_bf16.runtime.relaxed.opt-default	agree candidates=macos.multiply_one_bf16.relaxed.O2.contract-off matched=macos.multiply_one_bf16.relaxed.O2.contract-off
comparison.macos.multiply_one_bf16.runtime.relaxed.opt-size	agree candidates=macos.multiply_one_bf16.relaxed.O2.contract-off matched=macos.multiply_one_bf16.relaxed.O2.contract-off
comparison.macos.multiply_one_bf16.runtime.safe.opt-default	agree candidates=macos.multiply_one_bf16.safe.O2.contract-off matched=macos.multiply_one_bf16.safe.O2.contract-off
comparison.macos.multiply_one_bf16.runtime.safe.opt-size	agree candidates=macos.multiply_one_bf16.safe.O2.contract-off matched=macos.multiply_one_bf16.safe.O2.contract-off
comparison.macos.multiply_one_f16.runtime.fast.opt-default	agree candidates=macos.multiply_one_f16.fast.O2.contract-off matched=macos.multiply_one_f16.fast.O2.contract-off
comparison.macos.multiply_one_f16.runtime.fast.opt-size	agree candidates=macos.multiply_one_f16.fast.O2.contract-off matched=macos.multiply_one_f16.fast.O2.contract-off
comparison.macos.multiply_one_f16.runtime.relaxed.opt-default	agree candidates=macos.multiply_one_f16.relaxed.O2.contract-off matched=macos.multiply_one_f16.relaxed.O2.contract-off
comparison.macos.multiply_one_f16.runtime.relaxed.opt-size	agree candidates=macos.multiply_one_f16.relaxed.O2.contract-off matched=macos.multiply_one_f16.relaxed.O2.contract-off
comparison.macos.multiply_one_f16.runtime.safe.opt-default	agree candidates=macos.multiply_one_f16.safe.O2.contract-off matched=macos.multiply_one_f16.safe.O2.contract-off
comparison.macos.multiply_one_f16.runtime.safe.opt-size	agree candidates=macos.multiply_one_f16.safe.O2.contract-off matched=macos.multiply_one_f16.safe.O2.contract-off
comparison.macos.multiply_two.runtime.fast.opt-default	agree candidates=macos.multiply_two.fast.O2.contract-off matched=macos.multiply_two.fast.O2.contract-off
comparison.macos.multiply_two.runtime.fast.opt-default.fpfun-fast	agree candidates=macos.multiply_two.fast.O2.contract-off.fpfun-fast matched=macos.multiply_two.fast.O2.contract-off.fpfun-fast
comparison.macos.multiply_two.runtime.fast.opt-size	agree candidates=macos.multiply_two.fast.O2.contract-off matched=macos.multiply_two.fast.O2.contract-off
comparison.macos.multiply_two.runtime.fast.opt-size.fpfun-fast	agree candidates=macos.multiply_two.fast.O2.contract-off.fpfun-fast matched=macos.multiply_two.fast.O2.contract-off.fpfun-fast
comparison.macos.multiply_two.runtime.relaxed.opt-default	agree candidates=macos.multiply_two.relaxed.O2.contract-off matched=macos.multiply_two.relaxed.O2.contract-off
comparison.macos.multiply_two.runtime.relaxed.opt-default.fpfun-fast	agree candidates=macos.multiply_two.relaxed.O2.contract-off.fpfun-fast matched=macos.multiply_two.relaxed.O2.contract-off.fpfun-fast
comparison.macos.multiply_two.runtime.relaxed.opt-size	agree candidates=macos.multiply_two.relaxed.O2.contract-off matched=macos.multiply_two.relaxed.O2.contract-off
comparison.macos.multiply_two.runtime.relaxed.opt-size.fpfun-fast	agree candidates=macos.multiply_two.relaxed.O2.contract-off.fpfun-fast matched=macos.multiply_two.relaxed.O2.contract-off.fpfun-fast
comparison.macos.multiply_two.runtime.safe.opt-default	agree candidates=macos.multiply_two.safe.O2.contract-off matched=macos.multiply_two.safe.O2.contract-off
comparison.macos.multiply_two.runtime.safe.opt-default.fpfun-fast	agree candidates=macos.multiply_two.safe.O2.contract-off.fpfun-fast matched=macos.multiply_two.safe.O2.contract-off.fpfun-fast
comparison.macos.multiply_two.runtime.safe.opt-size	agree candidates=macos.multiply_two.safe.O2.contract-off matched=macos.multiply_two.safe.O2.contract-off
comparison.macos.multiply_two.runtime.safe.opt-size.fpfun-fast	agree candidates=macos.multiply_two.safe.O2.contract-off.fpfun-fast matched=macos.multiply_two.safe.O2.contract-off.fpfun-fast
comparison.macos.multiply_two_bf16.runtime.fast.opt-default	agree candidates=macos.multiply_two_bf16.fast.O2.contract-off matched=macos.multiply_two_bf16.fast.O2.contract-off
comparison.macos.multiply_two_bf16.runtime.fast.opt-size	agree candidates=macos.multiply_two_bf16.fast.O2.contract-off matched=macos.multiply_two_bf16.fast.O2.contract-off
comparison.macos.multiply_two_bf16.runtime.relaxed.opt-default	agree candidates=macos.multiply_two_bf16.relaxed.O2.contract-off matched=macos.multiply_two_bf16.relaxed.O2.contract-off
comparison.macos.multiply_two_bf16.runtime.relaxed.opt-size	agree candidates=macos.multiply_two_bf16.relaxed.O2.contract-off matched=macos.multiply_two_bf16.relaxed.O2.contract-off
comparison.macos.multiply_two_bf16.runtime.safe.opt-default	agree candidates=macos.multiply_two_bf16.safe.O2.contract-off matched=macos.multiply_two_bf16.safe.O2.contract-off
comparison.macos.multiply_two_bf16.runtime.safe.opt-size	agree candidates=macos.multiply_two_bf16.safe.O2.contract-off matched=macos.multiply_two_bf16.safe.O2.contract-off
comparison.macos.multiply_two_f16.runtime.fast.opt-default	agree candidates=macos.multiply_two_f16.fast.O2.contract-off matched=macos.multiply_two_f16.fast.O2.contract-off
comparison.macos.multiply_two_f16.runtime.fast.opt-size	agree candidates=macos.multiply_two_f16.fast.O2.contract-off matched=macos.multiply_two_f16.fast.O2.contract-off
comparison.macos.multiply_two_f16.runtime.relaxed.opt-default	agree candidates=macos.multiply_two_f16.relaxed.O2.contract-off matched=macos.multiply_two_f16.relaxed.O2.contract-off
comparison.macos.multiply_two_f16.runtime.relaxed.opt-size	agree candidates=macos.multiply_two_f16.relaxed.O2.contract-off matched=macos.multiply_two_f16.relaxed.O2.contract-off
comparison.macos.multiply_two_f16.runtime.safe.opt-default	agree candidates=macos.multiply_two_f16.safe.O2.contract-off matched=macos.multiply_two_f16.safe.O2.contract-off
comparison.macos.multiply_two_f16.runtime.safe.opt-size	agree candidates=macos.multiply_two_f16.safe.O2.contract-off matched=macos.multiply_two_f16.safe.O2.contract-off
comparison.macos.permutation_chain.runtime.fast.opt-default	agree candidates=macos.permutation_chain.fast.O2.contract-off matched=macos.permutation_chain.fast.O2.contract-off
comparison.macos.permutation_chain.runtime.fast.opt-size	agree candidates=macos.permutation_chain.fast.O2.contract-off matched=macos.permutation_chain.fast.O2.contract-off
comparison.macos.permutation_chain.runtime.relaxed.opt-default	agree candidates=macos.permutation_chain.relaxed.O2.contract-off matched=macos.permutation_chain.relaxed.O2.contract-off
comparison.macos.permutation_chain.runtime.relaxed.opt-size	agree candidates=macos.permutation_chain.relaxed.O2.contract-off matched=macos.permutation_chain.relaxed.O2.contract-off
comparison.macos.permutation_chain.runtime.safe.opt-default	agree candidates=macos.permutation_chain.safe.O2.contract-off matched=macos.permutation_chain.safe.O2.contract-off
comparison.macos.permutation_chain.runtime.safe.opt-size	agree candidates=macos.permutation_chain.safe.O2.contract-off matched=macos.permutation_chain.safe.O2.contract-off
comparison.macos.permutation_chain_reordered.runtime.fast.opt-default	agree candidates=macos.permutation_chain_reordered.fast.O2.contract-off matched=macos.permutation_chain_reordered.fast.O2.contract-off
comparison.macos.permutation_chain_reordered.runtime.fast.opt-size	agree candidates=macos.permutation_chain_reordered.fast.O2.contract-off matched=macos.permutation_chain_reordered.fast.O2.contract-off
comparison.macos.permutation_chain_reordered.runtime.relaxed.opt-default	agree candidates=macos.permutation_chain_reordered.relaxed.O2.contract-off matched=macos.permutation_chain_reordered.relaxed.O2.contract-off
comparison.macos.permutation_chain_reordered.runtime.relaxed.opt-size	agree candidates=macos.permutation_chain_reordered.relaxed.O2.contract-off matched=macos.permutation_chain_reordered.relaxed.O2.contract-off
comparison.macos.permutation_chain_reordered.runtime.safe.opt-default	agree candidates=macos.permutation_chain_reordered.safe.O2.contract-off matched=macos.permutation_chain_reordered.safe.O2.contract-off
comparison.macos.permutation_chain_reordered.runtime.safe.opt-size	agree candidates=macos.permutation_chain_reordered.safe.O2.contract-off matched=macos.permutation_chain_reordered.safe.O2.contract-off
comparison.macos.reassociation_chain.runtime.fast.opt-default	agree candidates=macos.reassociation_chain.fast.O2.contract-off matched=macos.reassociation_chain.fast.O2.contract-off
comparison.macos.reassociation_chain.runtime.fast.opt-size	agree candidates=macos.reassociation_chain.fast.O2.contract-off matched=macos.reassociation_chain.fast.O2.contract-off
comparison.macos.reassociation_chain.runtime.relaxed.opt-default	agree candidates=macos.reassociation_chain.relaxed.O2.contract-off matched=macos.reassociation_chain.relaxed.O2.contract-off
comparison.macos.reassociation_chain.runtime.relaxed.opt-size	agree candidates=macos.reassociation_chain.relaxed.O2.contract-off matched=macos.reassociation_chain.relaxed.O2.contract-off
comparison.macos.reassociation_chain.runtime.safe.opt-default	agree candidates=macos.reassociation_chain.safe.O2.contract-off matched=macos.reassociation_chain.safe.O2.contract-off
comparison.macos.reassociation_chain.runtime.safe.opt-size	agree candidates=macos.reassociation_chain.safe.O2.contract-off matched=macos.reassociation_chain.safe.O2.contract-off
comparison.macos.reassociation_chain_bf16.runtime.fast.opt-default	agree candidates=macos.reassociation_chain_bf16.fast.O2.contract-off matched=macos.reassociation_chain_bf16.fast.O2.contract-off
comparison.macos.reassociation_chain_bf16.runtime.fast.opt-size	agree candidates=macos.reassociation_chain_bf16.fast.O2.contract-off matched=macos.reassociation_chain_bf16.fast.O2.contract-off
comparison.macos.reassociation_chain_bf16.runtime.relaxed.opt-default	agree candidates=macos.reassociation_chain_bf16.relaxed.O2.contract-off matched=macos.reassociation_chain_bf16.relaxed.O2.contract-off
comparison.macos.reassociation_chain_bf16.runtime.relaxed.opt-size	agree candidates=macos.reassociation_chain_bf16.relaxed.O2.contract-off matched=macos.reassociation_chain_bf16.relaxed.O2.contract-off
comparison.macos.reassociation_chain_bf16.runtime.safe.opt-default	agree candidates=macos.reassociation_chain_bf16.safe.O2.contract-off matched=macos.reassociation_chain_bf16.safe.O2.contract-off
comparison.macos.reassociation_chain_bf16.runtime.safe.opt-size	agree candidates=macos.reassociation_chain_bf16.safe.O2.contract-off matched=macos.reassociation_chain_bf16.safe.O2.contract-off
comparison.macos.reassociation_chain_f16.runtime.fast.opt-default	agree candidates=macos.reassociation_chain_f16.fast.O2.contract-off matched=macos.reassociation_chain_f16.fast.O2.contract-off
comparison.macos.reassociation_chain_f16.runtime.fast.opt-size	agree candidates=macos.reassociation_chain_f16.fast.O2.contract-off matched=macos.reassociation_chain_f16.fast.O2.contract-off
comparison.macos.reassociation_chain_f16.runtime.relaxed.opt-default	agree candidates=macos.reassociation_chain_f16.relaxed.O2.contract-off matched=macos.reassociation_chain_f16.relaxed.O2.contract-off
comparison.macos.reassociation_chain_f16.runtime.relaxed.opt-size	agree candidates=macos.reassociation_chain_f16.relaxed.O2.contract-off matched=macos.reassociation_chain_f16.relaxed.O2.contract-off
comparison.macos.reassociation_chain_f16.runtime.safe.opt-default	agree candidates=macos.reassociation_chain_f16.safe.O2.contract-off matched=macos.reassociation_chain_f16.safe.O2.contract-off
comparison.macos.reassociation_chain_f16.runtime.safe.opt-size	agree candidates=macos.reassociation_chain_f16.safe.O2.contract-off matched=macos.reassociation_chain_f16.safe.O2.contract-off
comparison.macos.scale_one_bias_zero.runtime.fast.opt-default	agree candidates=macos.scale_one_bias_zero.fast.O2.contract-off matched=macos.scale_one_bias_zero.fast.O2.contract-off
comparison.macos.scale_one_bias_zero.runtime.fast.opt-default.fpfun-fast	agree candidates=macos.scale_one_bias_zero.fast.O2.contract-off.fpfun-fast matched=macos.scale_one_bias_zero.fast.O2.contract-off.fpfun-fast
comparison.macos.scale_one_bias_zero.runtime.fast.opt-size	agree candidates=macos.scale_one_bias_zero.fast.O2.contract-off matched=macos.scale_one_bias_zero.fast.O2.contract-off
comparison.macos.scale_one_bias_zero.runtime.fast.opt-size.fpfun-fast	agree candidates=macos.scale_one_bias_zero.fast.O2.contract-off.fpfun-fast matched=macos.scale_one_bias_zero.fast.O2.contract-off.fpfun-fast
comparison.macos.scale_one_bias_zero.runtime.relaxed.opt-default	agree candidates=macos.scale_one_bias_zero.relaxed.O2.contract-off matched=macos.scale_one_bias_zero.relaxed.O2.contract-off
comparison.macos.scale_one_bias_zero.runtime.relaxed.opt-default.fpfun-fast	agree candidates=macos.scale_one_bias_zero.relaxed.O2.contract-off.fpfun-fast matched=macos.scale_one_bias_zero.relaxed.O2.contract-off.fpfun-fast
comparison.macos.scale_one_bias_zero.runtime.relaxed.opt-size	agree candidates=macos.scale_one_bias_zero.relaxed.O2.contract-off matched=macos.scale_one_bias_zero.relaxed.O2.contract-off
comparison.macos.scale_one_bias_zero.runtime.relaxed.opt-size.fpfun-fast	agree candidates=macos.scale_one_bias_zero.relaxed.O2.contract-off.fpfun-fast matched=macos.scale_one_bias_zero.relaxed.O2.contract-off.fpfun-fast
comparison.macos.scale_one_bias_zero.runtime.safe.opt-default	agree candidates=macos.scale_one_bias_zero.safe.O2.contract-off matched=macos.scale_one_bias_zero.safe.O2.contract-off
comparison.macos.scale_one_bias_zero.runtime.safe.opt-default.fpfun-fast	agree candidates=macos.scale_one_bias_zero.safe.O2.contract-off.fpfun-fast matched=macos.scale_one_bias_zero.safe.O2.contract-off.fpfun-fast
comparison.macos.scale_one_bias_zero.runtime.safe.opt-size	agree candidates=macos.scale_one_bias_zero.safe.O2.contract-off matched=macos.scale_one_bias_zero.safe.O2.contract-off
comparison.macos.scale_one_bias_zero.runtime.safe.opt-size.fpfun-fast	agree candidates=macos.scale_one_bias_zero.safe.O2.contract-off.fpfun-fast matched=macos.scale_one_bias_zero.safe.O2.contract-off.fpfun-fast
comparison.macos.scale_one_bias_zero_bf16.runtime.fast.opt-default	agree candidates=macos.scale_one_bias_zero_bf16.fast.O2.contract-off matched=macos.scale_one_bias_zero_bf16.fast.O2.contract-off
comparison.macos.scale_one_bias_zero_bf16.runtime.fast.opt-size	agree candidates=macos.scale_one_bias_zero_bf16.fast.O2.contract-off matched=macos.scale_one_bias_zero_bf16.fast.O2.contract-off
comparison.macos.scale_one_bias_zero_bf16.runtime.relaxed.opt-default	agree candidates=macos.scale_one_bias_zero_bf16.relaxed.O2.contract-off matched=macos.scale_one_bias_zero_bf16.relaxed.O2.contract-off
comparison.macos.scale_one_bias_zero_bf16.runtime.relaxed.opt-size	agree candidates=macos.scale_one_bias_zero_bf16.relaxed.O2.contract-off matched=macos.scale_one_bias_zero_bf16.relaxed.O2.contract-off
comparison.macos.scale_one_bias_zero_bf16.runtime.safe.opt-default	agree candidates=macos.scale_one_bias_zero_bf16.safe.O2.contract-off matched=macos.scale_one_bias_zero_bf16.safe.O2.contract-off
comparison.macos.scale_one_bias_zero_bf16.runtime.safe.opt-size	agree candidates=macos.scale_one_bias_zero_bf16.safe.O2.contract-off matched=macos.scale_one_bias_zero_bf16.safe.O2.contract-off
comparison.macos.scale_one_bias_zero_f16.runtime.fast.opt-default	agree candidates=macos.scale_one_bias_zero_f16.fast.O2.contract-off matched=macos.scale_one_bias_zero_f16.fast.O2.contract-off
comparison.macos.scale_one_bias_zero_f16.runtime.fast.opt-size	agree candidates=macos.scale_one_bias_zero_f16.fast.O2.contract-off matched=macos.scale_one_bias_zero_f16.fast.O2.contract-off
comparison.macos.scale_one_bias_zero_f16.runtime.relaxed.opt-default	agree candidates=macos.scale_one_bias_zero_f16.relaxed.O2.contract-off matched=macos.scale_one_bias_zero_f16.relaxed.O2.contract-off
comparison.macos.scale_one_bias_zero_f16.runtime.relaxed.opt-size	agree candidates=macos.scale_one_bias_zero_f16.relaxed.O2.contract-off matched=macos.scale_one_bias_zero_f16.relaxed.O2.contract-off
comparison.macos.scale_one_bias_zero_f16.runtime.safe.opt-default	agree candidates=macos.scale_one_bias_zero_f16.safe.O2.contract-off matched=macos.scale_one_bias_zero_f16.safe.O2.contract-off
comparison.macos.scale_one_bias_zero_f16.runtime.safe.opt-size	agree candidates=macos.scale_one_bias_zero_f16.safe.O2.contract-off matched=macos.scale_one_bias_zero_f16.safe.O2.contract-off
comparison.macos.scale_two_bias_one.runtime.fast.opt-default	agree candidates=macos.scale_two_bias_one.fast.O2.contract-fast,macos.scale_two_bias_one.fast.O2.contract-off,macos.scale_two_bias_one.fast.O2.contract-on matched=macos.scale_two_bias_one.fast.O2.contract-fast,macos.scale_two_bias_one.fast.O2.contract-off,macos.scale_two_bias_one.fast.O2.contract-on
comparison.macos.scale_two_bias_one.runtime.fast.opt-size	agree candidates=macos.scale_two_bias_one.fast.O2.contract-fast,macos.scale_two_bias_one.fast.O2.contract-off,macos.scale_two_bias_one.fast.O2.contract-on matched=macos.scale_two_bias_one.fast.O2.contract-fast,macos.scale_two_bias_one.fast.O2.contract-off,macos.scale_two_bias_one.fast.O2.contract-on
comparison.macos.scale_two_bias_one.runtime.relaxed.opt-default	agree candidates=macos.scale_two_bias_one.relaxed.O2.contract-fast,macos.scale_two_bias_one.relaxed.O2.contract-off,macos.scale_two_bias_one.relaxed.O2.contract-on matched=macos.scale_two_bias_one.relaxed.O2.contract-fast,macos.scale_two_bias_one.relaxed.O2.contract-off,macos.scale_two_bias_one.relaxed.O2.contract-on
comparison.macos.scale_two_bias_one.runtime.relaxed.opt-size	agree candidates=macos.scale_two_bias_one.relaxed.O2.contract-fast,macos.scale_two_bias_one.relaxed.O2.contract-off,macos.scale_two_bias_one.relaxed.O2.contract-on matched=macos.scale_two_bias_one.relaxed.O2.contract-fast,macos.scale_two_bias_one.relaxed.O2.contract-off,macos.scale_two_bias_one.relaxed.O2.contract-on
comparison.macos.scale_two_bias_one.runtime.safe.opt-default	agree candidates=macos.scale_two_bias_one.safe.O2.contract-fast,macos.scale_two_bias_one.safe.O2.contract-off,macos.scale_two_bias_one.safe.O2.contract-on matched=macos.scale_two_bias_one.safe.O2.contract-fast,macos.scale_two_bias_one.safe.O2.contract-off,macos.scale_two_bias_one.safe.O2.contract-on
comparison.macos.scale_two_bias_one.runtime.safe.opt-size	agree candidates=macos.scale_two_bias_one.safe.O2.contract-fast,macos.scale_two_bias_one.safe.O2.contract-off,macos.scale_two_bias_one.safe.O2.contract-on matched=macos.scale_two_bias_one.safe.O2.contract-fast,macos.scale_two_bias_one.safe.O2.contract-off,macos.scale_two_bias_one.safe.O2.contract-on
probe.status	complete
