# spike	reduction-tree-width-table
# mode	TreeWidthTable
# metric	wall-clock microseconds, commit to completed
# warmup	8
# repetitions	30
# batch	64
# contract	FLUSH_AND_REASSOCIATE_F32
# declaration	BoundMetalCompileDeclaration::first_macos_apple9
# device	Apple M4 Max
# device_apple9	true
# device_max_threads_per_threadgroup	1024
# device_max_threadgroup_memory	32768
# concurrent_build_processes_before	0
# executable_sha256_before	5d7d2d13daffbf05d002c2cf7438522bf303fd688f9c69b1017eebf5a427938e
# load_before	2.94 2.77 3.19
# oracle_tie	4x16	reference-checked
rows	contributors	elements	strategy	partitions	per_partition	production	widest_workgroup	threadgroup_bytes	encoders	reps	batch	submit_min_us	submit_p50_us	submit_p90_us	submit_stddev_us	batch_min_us	batch_p50_us	batch_p90_us	batch_stddev_us	amortized_min_us	amortized_p50_us	amortized_stddev_us	status
16	1080	17280	single-workgroup-tree	2	540	-	2	16	2	30	64	118.042	127.584	173.250	20.727	895.500	974.958	1054.125	55.353	12.3406	13.4504	1.2076	measured
16	1080	17280	single-workgroup-tree	3	360	-	3	16	2	30	64	142.500	153.167	198.500	34.176	2053.750	2226.875	2292.042	79.137	30.3373	32.9160	1.7986	measured
16	1080	17280	single-workgroup-tree	4	270	-	4	16	2	30	64	142.042	148.917	189.625	30.270	1779.209	1946.083	2044.167	92.884	25.9868	28.5264	1.9548	measured
16	1080	17280	single-workgroup-tree	5	216	-	5	32	2	30	64	119.458	125.833	167.375	17.344	692.000	776.542	877.625	67.966	9.0880	10.3287	1.3541	measured
16	1080	17280	single-workgroup-tree	6	180	-	6	32	2	30	64	131.458	138.416	163.541	14.658	1257.625	1483.708	1577.750	102.413	17.8757	21.3538	1.8583	measured
16	1080	17280	single-workgroup-tree	8	135	-	8	32	2	30	64	112.916	126.000	162.459	18.660	856.959	950.459	1092.958	77.475	11.8102	13.0867	1.5260	measured
16	1080	17280	single-workgroup-tree	9	120	-	9	48	2	30	64	115.417	122.917	168.667	30.915	422.833	485.833	528.042	48.858	4.8796	5.7606	1.2662	measured
16	1080	17280	single-workgroup-tree	10	108	-	10	48	2	30	64	127.542	133.917	178.959	24.194	895.750	994.667	1085.166	62.290	12.1938	13.6627	1.3728	measured
16	1080	17280	single-workgroup-tree	12	90	-	12	48	2	30	64	119.500	132.125	171.291	37.813	898.125	972.916	1059.750	72.287	12.3591	13.3459	1.7476	measured
16	1080	17280	single-workgroup-tree	15	72	-	15	64	2	30	64	113.542	124.333	156.792	18.005	691.333	751.875	846.333	50.475	9.1713	9.9610	1.0870	measured
16	1080	17280	single-workgroup-tree	18	60	-	18	80	2	30	64	109.834	123.833	164.167	18.265	651.917	722.792	798.541	57.207	8.6045	9.5073	1.1980	measured
16	1080	17280	single-workgroup-tree	20	54	-	20	80	2	30	64	111.625	124.042	167.167	18.449	658.583	740.250	803.917	54.185	8.6819	9.7811	1.1529	measured
16	1080	17280	single-workgroup-tree	24	45	-	24	96	2	30	64	115.625	122.417	168.625	31.072	365.166	429.541	458.041	37.397	3.9610	4.8750	1.0868	measured
16	1080	17280	single-workgroup-tree	27	40	-	27	112	2	30	64	116.000	125.250	173.291	39.274	380.458	419.916	477.750	44.834	4.1977	4.6772	1.3350	measured
16	1080	17280	single-workgroup-tree	30	36	-	30	128	2	30	64	115.417	125.917	166.292	19.510	461.583	508.750	548.459	24.317	5.4947	6.0767	0.6957	measured
16	1080	17280	single-workgroup-tree	36	30	-	36	144	2	30	64	114.208	123.292	168.583	18.043	517.500	558.333	608.375	42.726	6.4015	6.9054	0.9646	measured
16	1080	17280	single-workgroup-tree	40	27	-	40	160	2	30	64	115.709	123.125	168.000	18.060	374.791	417.375	466.250	39.334	4.1124	4.6706	0.9110	measured
16	1080	17280	single-workgroup-tree	45	24	-	45	192	2	30	64	115.250	122.708	167.584	17.801	360.250	395.250	444.291	29.466	3.8889	4.3261	0.7503	measured
16	1080	17280	single-workgroup-tree	54	20	-	54	224	2	30	64	116.083	123.500	153.334	18.634	501.792	539.250	590.083	37.263	6.1224	6.5992	0.8873	measured
16	1080	17280	single-workgroup-tree	60	18	-	60	240	2	30	64	115.833	124.584	169.333	39.320	519.375	555.292	634.917	55.577	6.4054	6.8366	1.5063	measured
16	1080	17280	single-workgroup-tree	72	15	-	72	288	2	30	64	116.708	123.750	167.625	33.688	558.541	596.625	699.375	50.853	7.0132	7.5060	1.3419	measured
16	1080	17280	single-workgroup-tree	90	12	-	90	368	2	30	64	115.000	123.375	167.125	20.021	616.958	697.167	800.000	56.020	7.9676	9.1078	1.2070	measured
16	1080	17280	single-workgroup-tree	108	10	-	108	432	2	30	64	111.083	122.667	171.458	28.684	678.041	742.834	840.250	52.574	8.9993	9.8439	1.2898	measured
16	1080	17280	single-workgroup-tree	120	9	-	120	480	2	30	64	116.334	123.250	161.750	18.940	393.792	446.958	501.792	32.726	4.4041	5.1382	0.8201	measured
16	1080	17280	single-workgroup-tree	135	8	-	135	544	2	30	64	116.291	124.166	169.625	20.219	555.792	624.750	684.167	44.021	6.9762	7.9458	1.0197	measured
16	1080	17280	single-workgroup-tree	180	6	-	180	720	2	30	64	115.791	131.250	175.375	21.073	919.333	1017.541	1107.333	62.791	12.7546	14.0681	1.3312	measured
16	1080	17280	single-workgroup-tree	216	5	-	216	864	2	30	64	115.209	124.584	170.416	30.296	525.125	593.583	648.500	46.302	6.5066	7.4444	1.2158	measured
16	1080	17280	single-workgroup-tree	270	4	production	270	1088	2	30	64	132.125	138.584	179.959	32.474	1206.792	1383.000	1454.083	76.920	17.0582	19.7526	1.7364	measured
16	1080	17280	single-workgroup-tree	360	3	-	360	1440	2	30	64	138.167	145.333	175.042	14.817	1529.917	1662.417	1746.916	98.230	22.0913	24.0807	1.7944	measured
16	1080	17280	single-workgroup-tree	540	2	-	540	2160	2	30	64	117.792	126.167	164.875	22.178	655.958	746.667	797.333	47.005	8.5423	9.8492	1.0981	measured
16	1215	19440	single-workgroup-tree	3	405	-	3	16	2	30	64	135.459	172.958	194.750	16.188	1203.375	1330.500	1421.167	82.311	16.9510	18.3737	1.5635	measured
16	1215	19440	single-workgroup-tree	5	243	-	5	32	2	30	64	127.208	160.583	186.917	48.753	532.167	562.625	603.500	34.617	6.4279	6.3816	1.3233	measured
16	1215	19440	single-workgroup-tree	9	135	-	9	48	2	30	64	125.541	168.583	190.500	17.053	916.750	997.084	1136.958	84.694	12.5589	13.1508	1.6150	measured
16	1215	19440	single-workgroup-tree	15	81	-	15	64	2	30	64	121.750	158.541	182.667	15.316	414.875	451.250	510.666	71.677	4.6528	4.6462	1.3808	measured
16	1215	19440	single-workgroup-tree	27	45	-	27	112	2	30	64	121.041	159.792	177.750	15.572	387.500	418.000	457.417	22.082	4.2295	4.0985	0.5977	measured
16	1215	19440	single-workgroup-tree	45	27	-	45	192	2	30	64	114.167	159.750	181.708	18.039	389.000	419.958	471.042	37.600	4.3624	4.1303	0.8832	measured
16	1215	19440	single-workgroup-tree	81	15	-	81	336	2	30	64	117.125	160.875	182.333	40.813	386.667	415.959	521.458	55.934	4.2784	4.0490	1.5357	measured
16	1215	19440	single-workgroup-tree	135	9	-	135	544	2	30	64	116.958	158.750	181.875	20.634	582.875	626.833	708.625	46.515	7.3955	7.4299	1.0659	measured
16	1215	19440	single-workgroup-tree	243	5	production	243	976	2	30	64	118.791	157.833	178.084	14.610	463.084	513.000	568.750	31.274	5.4650	5.6376	0.7283	measured
16	1215	19440	single-workgroup-tree	405	3	-	405	1632	2	30	64	118.250	154.708	174.916	15.465	778.834	802.625	904.208	50.658	10.4855	10.2844	1.0496	measured
16	1320	21120	single-workgroup-tree	2	660	-	2	16	2	30	64	165.916	177.958	221.958	34.924	3516.250	3669.666	3736.833	68.646	53.1799	55.4239	1.6440	measured
16	1320	21120	single-workgroup-tree	3	440	-	3	16	2	30	64	153.334	162.333	197.500	41.739	2471.541	2631.833	2693.458	73.643	36.7969	39.1984	1.8315	measured
16	1320	21120	single-workgroup-tree	4	330	-	4	16	2	30	64	121.917	128.875	160.250	31.746	851.959	920.209	1002.708	54.646	11.5880	12.5609	1.3713	measured
16	1320	21120	single-workgroup-tree	5	264	-	5	32	2	30	64	135.583	145.875	183.042	18.538	1662.209	1865.209	1905.333	75.852	24.2322	27.2910	1.4983	measured
16	1320	21120	single-workgroup-tree	6	220	-	6	32	2	30	64	123.084	139.958	172.417	19.185	949.791	1079.125	1159.917	67.236	13.1223	14.9074	1.3718	measured
16	1320	21120	single-workgroup-tree	8	165	-	8	32	2	30	64	117.500	130.750	151.334	13.303	728.834	819.458	870.625	49.029	9.7037	10.9319	0.9894	measured
16	1320	21120	single-workgroup-tree	10	132	-	10	48	2	30	64	125.500	135.541	175.375	37.693	1101.708	1297.125	1345.500	62.531	15.4954	18.4378	1.5908	measured
16	1320	21120	single-workgroup-tree	11	120	-	11	48	2	30	64	119.042	128.583	160.625	16.629	455.500	502.791	548.000	54.617	5.3406	5.9398	1.1309	measured
16	1320	21120	single-workgroup-tree	12	110	-	12	48	2	30	64	125.792	140.166	167.666	18.013	1044.000	1270.417	1368.875	88.711	14.5747	17.9405	1.6940	measured
16	1320	21120	single-workgroup-tree	15	88	-	15	64	2	30	64	118.084	127.125	171.292	19.963	539.250	606.208	705.584	51.672	6.6852	7.6045	1.1371	measured
16	1320	21120	single-workgroup-tree	20	66	-	20	80	2	30	64	111.625	125.916	176.291	32.673	414.625	458.083	532.542	37.800	4.8095	5.2725	1.1186	measured
16	1320	21120	single-workgroup-tree	22	60	-	22	96	2	30	64	114.083	125.000	168.417	20.769	680.792	754.292	901.667	82.561	8.9954	9.9888	1.6402	measured
16	1320	21120	single-workgroup-tree	24	55	-	24	96	2	30	64	115.333	126.875	171.584	32.468	394.833	467.542	533.666	53.581	4.4365	5.4074	1.3659	measured
16	1320	21120	single-workgroup-tree	30	44	-	30	128	2	30	64	115.292	126.333	168.750	36.252	664.375	728.708	782.792	44.437	8.7156	9.5615	1.2808	measured
16	1320	21120	single-workgroup-tree	33	40	-	33	144	2	30	64	113.500	125.459	163.666	20.613	401.250	468.292	503.958	33.898	4.5675	5.4418	0.8653	measured
16	1320	21120	single-workgroup-tree	40	33	-	40	160	2	30	64	111.542	126.250	163.292	19.256	395.791	431.959	485.417	46.044	4.5119	4.8525	1.0365	measured
16	1320	21120	single-workgroup-tree	44	30	-	44	176	2	30	64	113.083	128.416	168.541	19.847	639.125	701.916	787.625	48.235	8.3499	9.1032	1.0807	measured
16	1320	21120	single-workgroup-tree	55	24	-	55	224	2	30	64	113.875	124.333	174.542	22.545	380.125	451.750	490.750	39.221	4.2262	5.1971	0.9804	measured
16	1320	21120	single-workgroup-tree	60	22	-	60	240	2	30	64	114.791	126.458	171.250	30.593	538.125	574.750	613.208	34.509	6.7196	7.1157	1.0334	measured
16	1320	21120	single-workgroup-tree	66	20	-	66	272	2	30	64	115.042	126.250	167.958	19.680	389.584	427.917	501.083	35.888	4.3578	4.7884	0.8820	measured
16	1320	21120	single-workgroup-tree	88	15	-	88	352	2	30	64	114.959	125.583	168.000	20.488	456.417	500.333	544.125	45.465	5.4200	5.9484	1.0469	measured
16	1320	21120	single-workgroup-tree	110	12	-	110	448	2	30	64	112.125	126.250	169.541	21.422	693.416	757.833	809.042	47.727	9.2268	10.0251	1.0976	measured
16	1320	21120	single-workgroup-tree	120	11	-	120	480	2	30	64	115.042	124.667	172.042	37.937	413.417	479.833	499.084	38.855	4.7361	5.6376	1.2189	measured
16	1320	21120	single-workgroup-tree	132	10	-	132	528	2	30	64	116.208	125.000	168.708	21.978	762.500	817.625	866.458	37.711	10.2586	10.9940	0.9475	measured
16	1320	21120	single-workgroup-tree	165	8	-	165	672	2	30	64	113.708	125.208	165.834	31.311	520.750	582.500	628.334	63.040	6.4610	7.2586	1.4976	measured
16	1320	21120	single-workgroup-tree	220	6	-	220	880	2	30	64	116.084	125.583	167.625	32.094	622.209	686.125	747.417	44.577	8.0337	8.8975	1.2170	measured
16	1320	21120	single-workgroup-tree	264	5	production	264	1056	2	30	64	130.666	140.167	184.584	36.665	1208.833	1386.083	1437.583	71.883	17.1138	19.7764	1.7230	measured
16	1320	21120	single-workgroup-tree	330	4	-	330	1328	2	30	64	112.375	127.625	165.166	18.177	615.750	666.333	733.291	45.488	7.9901	8.5509	1.0105	measured
16	1320	21120	single-workgroup-tree	440	3	-	440	1760	2	30	64	140.458	147.417	190.500	28.537	1750.583	1936.541	2014.875	78.482	25.5575	28.3988	1.6987	measured
16	1320	21120	single-workgroup-tree	660	2	-	660	2640	2	30	64	151.000	161.917	205.291	42.383	2433.041	2607.500	2685.041	68.588	36.2229	38.8188	1.7614	measured
16	1512	24192	single-workgroup-tree	2	756	-	2	16	2	30	64	140.833	145.709	194.250	19.571	1539.917	1770.750	1821.750	86.299	22.2077	25.7943	1.6805	measured
16	1512	24192	single-workgroup-tree	3	504	-	3	16	2	30	64	159.041	162.833	207.458	18.015	2723.083	2928.250	2997.958	70.873	40.6991	43.8955	1.4109	measured
16	1512	24192	single-workgroup-tree	4	378	-	4	16	2	30	64	115.667	126.167	172.208	49.679	713.375	806.375	899.500	60.139	9.4874	10.7970	1.7432	measured
16	1512	24192	single-workgroup-tree	6	252	-	6	32	2	30	64	139.583	146.000	195.334	33.619	1670.500	1886.000	1964.291	85.902	24.3003	27.6190	1.8971	measured
16	1512	24192	single-workgroup-tree	7	216	-	7	32	2	30	64	117.459	126.417	169.542	31.351	706.125	808.500	858.209	52.186	9.3439	10.8267	1.3260	measured
16	1512	24192	single-workgroup-tree	8	189	-	8	32	2	30	64	109.917	122.250	176.750	22.992	792.375	895.375	939.709	53.913	10.8327	12.2718	1.2207	measured
16	1512	24192	single-workgroup-tree	9	168	-	9	48	2	30	64	130.750	137.000	183.959	20.167	1150.416	1347.458	1476.167	114.298	16.1852	19.2136	2.1344	measured
16	1512	24192	single-workgroup-tree	12	126	-	12	48	2	30	64	115.542	125.750	167.167	18.893	595.416	700.333	780.708	63.859	7.6170	9.1204	1.3135	measured
16	1512	24192	single-workgroup-tree	14	108	-	14	64	2	30	64	119.333	133.750	180.333	20.192	920.958	1077.500	1158.667	78.326	12.7242	14.9802	1.5638	measured
16	1512	24192	single-workgroup-tree	18	84	-	18	80	2	30	64	120.666	128.083	178.041	35.408	792.959	882.583	948.167	59.530	10.6713	11.9762	1.5070	measured
16	1512	24192	single-workgroup-tree	21	72	-	21	96	2	30	64	116.708	125.500	176.666	33.467	708.208	780.125	866.041	57.712	9.3889	10.3909	1.4473	measured
16	1512	24192	single-workgroup-tree	24	63	-	24	96	2	30	64	112.917	123.167	178.209	24.604	619.500	710.750	759.792	50.503	8.0410	9.3267	1.1922	measured
16	1512	24192	single-workgroup-tree	27	56	-	27	112	2	30	64	115.917	123.209	180.209	24.049	417.000	493.292	544.334	56.715	4.7791	5.8743	1.2820	measured
16	1512	24192	single-workgroup-tree	28	54	-	28	112	2	30	64	117.416	124.542	174.709	22.712	679.959	741.750	808.500	53.641	8.9293	9.7970	1.2120	measured
16	1512	24192	single-workgroup-tree	36	42	-	36	144	2	30	64	111.459	126.458	185.042	41.810	624.416	707.666	773.334	49.042	8.1422	9.2255	1.4421	measured
16	1512	24192	single-workgroup-tree	42	36	-	42	176	2	30	64	115.791	126.166	182.458	35.839	525.209	596.875	658.458	56.023	6.4987	7.4716	1.4581	measured
16	1512	24192	single-workgroup-tree	54	28	-	54	224	2	30	64	116.458	123.417	162.375	19.807	550.041	590.375	716.000	63.523	6.8823	7.4120	1.3227	measured
16	1512	24192	single-workgroup-tree	56	27	-	56	224	2	30	64	116.500	124.083	167.916	21.627	409.042	441.667	528.458	44.552	4.6435	5.0410	1.0505	measured
16	1512	24192	single-workgroup-tree	63	24	-	63	256	2	30	64	116.792	123.208	174.208	22.014	465.875	502.375	546.875	30.877	5.5410	6.0185	0.8395	measured
16	1512	24192	single-workgroup-tree	72	21	-	72	288	2	30	64	111.750	123.875	177.417	24.203	581.959	649.167	743.875	61.043	7.4636	8.3380	1.3531	measured
16	1512	24192	single-workgroup-tree	84	18	-	84	336	2	30	64	115.041	124.875	186.083	48.036	619.958	715.333	763.458	87.448	8.0146	9.3723	2.1505	measured
16	1512	24192	single-workgroup-tree	108	14	-	108	432	2	30	64	114.083	123.542	169.417	21.478	691.083	767.333	809.458	44.511	9.1587	10.2189	1.0474	measured
16	1512	24192	single-workgroup-tree	126	12	-	126	512	2	30	64	112.333	124.083	171.375	22.413	468.125	522.208	578.250	36.017	5.6475	6.3194	0.9275	measured
16	1512	24192	single-workgroup-tree	168	9	-	168	672	2	30	64	117.708	130.958	185.542	40.632	881.291	948.125	1039.959	62.965	12.1204	12.9709	1.6444	measured
16	1512	24192	single-workgroup-tree	189	8	-	189	768	2	30	64	116.791	125.958	178.125	35.695	542.166	605.125	674.625	48.736	6.7520	7.6058	1.3402	measured
16	1512	24192	single-workgroup-tree	216	7	-	216	864	2	30	64	116.875	124.083	174.875	22.815	540.125	582.625	689.958	59.442	6.7183	7.2784	1.3057	measured
16	1512	24192	single-workgroup-tree	252	6	production	252	1008	2	30	64	131.666	137.750	178.583	20.742	1133.708	1362.250	1380.959	81.517	15.9054	19.4365	1.6232	measured
16	1512	24192	single-workgroup-tree	378	4	-	378	1520	2	30	64	114.834	126.750	173.250	34.320	567.166	634.875	698.417	44.442	7.1799	8.0655	1.2502	measured
16	1512	24192	single-workgroup-tree	504	3	-	504	2016	2	30	64	142.250	153.292	203.250	26.334	1952.708	2117.250	2184.167	85.633	28.7374	31.1739	1.7773	measured
16	1512	24192	single-workgroup-tree	756	2	-	756	3024	2	30	64	130.583	137.083	182.042	20.362	1026.208	1309.791	1431.833	113.447	14.2163	18.6144	2.1240	measured
16	1638	26208	single-workgroup-tree	2	819	-	2	16	2	30	64	158.417	174.625	190.792	16.326	2656.458	2820.583	2884.834	77.920	39.6514	41.9993	1.4960	measured
16	1638	26208	single-workgroup-tree	3	546	-	3	16	2	30	64	134.291	152.375	168.500	14.815	1237.208	1401.375	1502.750	87.191	17.5066	19.8254	1.6191	measured
16	1638	26208	single-workgroup-tree	6	273	-	6	32	2	30	64	122.166	136.792	156.625	34.275	582.708	648.833	722.333	60.329	7.3102	8.1276	1.5017	measured
16	1638	26208	single-workgroup-tree	7	234	-	7	32	2	30	64	141.583	169.125	188.042	17.582	1762.875	1929.041	2021.083	86.013	25.7348	27.9352	1.6444	measured
16	1638	26208	single-workgroup-tree	9	182	-	9	48	2	30	64	141.667	157.417	188.417	16.393	1506.166	1666.167	1740.209	75.942	21.6587	23.9484	1.4656	measured
16	1638	26208	single-workgroup-tree	13	126	-	13	64	2	30	64	113.416	136.125	186.667	46.674	609.334	683.791	771.208	56.836	7.8717	8.6931	1.6430	measured
16	1638	26208	single-workgroup-tree	14	117	-	14	64	2	30	64	117.208	138.375	165.958	17.221	639.583	703.292	771.458	58.271	8.2917	8.9669	1.1983	measured
16	1638	26208	single-workgroup-tree	18	91	-	18	80	2	30	64	115.542	136.208	169.334	19.965	432.667	494.709	534.083	34.487	5.0337	5.6905	0.8643	measured
16	1638	26208	single-workgroup-tree	21	78	-	21	96	2	30	64	117.958	145.750	166.875	16.321	446.791	478.583	501.750	21.125	5.2196	5.2831	0.5944	measured
16	1638	26208	single-workgroup-tree	26	63	-	26	112	2	30	64	116.584	147.416	162.958	18.988	640.083	684.125	794.833	51.262	8.3095	8.5192	1.1151	measured
16	1638	26208	single-workgroup-tree	39	42	-	39	160	2	30	64	119.250	147.333	165.500	39.479	616.125	710.500	761.125	62.449	7.8869	8.9392	1.6179	measured
16	1638	26208	single-workgroup-tree	42	39	-	42	176	2	30	64	114.334	135.875	178.583	20.695	520.625	579.292	638.542	39.997	6.4491	7.0384	0.9634	measured
16	1638	26208	single-workgroup-tree	63	26	-	63	256	2	30	64	116.500	144.583	175.583	31.622	510.500	546.958	579.042	27.793	6.2540	6.3869	0.9431	measured
16	1638	26208	single-workgroup-tree	78	21	-	78	320	2	30	64	117.625	137.125	173.750	19.947	413.041	444.791	528.667	43.390	4.6891	4.8836	1.0053	measured
16	1638	26208	single-workgroup-tree	91	18	-	91	368	2	30	64	115.625	143.625	164.541	19.036	406.375	446.167	503.750	42.151	4.6151	4.8023	0.9712	measured
16	1638	26208	single-workgroup-tree	117	14	-	117	480	2	30	64	116.583	136.333	167.125	19.424	482.292	518.500	605.541	45.101	5.8049	6.0661	1.0242	measured
16	1638	26208	single-workgroup-tree	126	13	-	126	512	2	30	64	118.375	145.500	154.667	17.691	471.917	506.291	553.750	33.861	5.6118	5.7268	0.8183	measured
16	1638	26208	single-workgroup-tree	182	9	-	182	736	2	30	64	128.125	156.958	164.625	16.354	936.833	1032.916	1126.209	61.170	12.8366	13.9041	1.2305	measured
16	1638	26208	single-workgroup-tree	234	7	-	234	944	2	30	64	134.125	149.792	167.750	16.307	1115.541	1317.667	1465.958	118.756	15.5780	18.5377	2.1439	measured
16	1638	26208	single-workgroup-tree	273	6	production	273	1104	2	30	64	117.833	133.708	181.458	42.200	502.667	557.291	608.209	40.121	6.1085	6.7235	1.3067	measured
16	1638	26208	single-workgroup-tree	546	3	-	546	2192	2	30	64	118.375	148.167	183.417	41.775	842.291	896.583	993.542	61.807	11.4907	11.8796	1.6442	measured
16	1638	26208	single-workgroup-tree	819	2	-	819	3280	2	30	64	147.000	164.625	187.917	30.255	1815.458	1986.750	2049.625	71.783	26.4835	28.9226	1.6196	measured
16	1890	30240	single-workgroup-tree	2	945	-	2	16	2	30	64	130.458	143.041	185.459	22.307	1120.500	1340.834	1436.333	105.968	15.7150	19.0126	2.0361	measured
16	1890	30240	single-workgroup-tree	3	630	-	3	16	2	30	64	120.792	133.792	173.417	19.915	860.750	938.417	1007.333	46.966	11.7454	12.7718	1.0616	measured
16	1890	30240	single-workgroup-tree	5	378	-	5	32	2	30	64	117.375	128.625	170.333	19.467	735.375	834.541	901.916	61.917	9.8095	11.2050	1.2918	measured
16	1890	30240	single-workgroup-tree	6	315	-	6	32	2	30	64	135.791	145.375	173.792	19.383	1399.542	1612.166	1665.959	85.055	20.0595	23.2824	1.6578	measured
16	1890	30240	single-workgroup-tree	7	270	-	7	32	2	30	64	144.167	154.625	195.583	32.257	2018.708	2188.959	2267.250	76.837	29.7546	32.2910	1.7316	measured
16	1890	30240	single-workgroup-tree	9	210	-	9	48	2	30	64	120.166	127.167	163.083	18.693	531.375	593.583	712.167	75.031	6.5271	7.4034	1.4877	measured
16	1890	30240	single-workgroup-tree	10	189	-	10	48	2	30	64	116.709	125.083	162.625	21.960	804.208	905.750	965.750	61.726	10.9127	12.3915	1.3283	measured
16	1890	30240	single-workgroup-tree	14	135	-	14	64	2	30	64	126.667	136.542	174.375	45.390	944.125	1109.833	1185.458	73.874	12.9755	15.4491	1.8931	measured
16	1890	30240	single-workgroup-tree	15	126	-	15	64	2	30	64	120.583	131.875	167.833	22.114	612.834	729.875	771.042	56.334	7.8135	9.4921	1.2452	measured
16	1890	30240	single-workgroup-tree	18	105	-	18	80	2	30	64	115.917	126.791	175.333	35.267	468.791	525.250	574.000	34.721	5.6012	6.3247	1.1109	measured
16	1890	30240	single-workgroup-tree	21	90	-	21	96	2	30	64	127.583	136.292	176.416	21.853	934.917	1051.917	1113.375	68.929	12.8148	14.5337	1.4410	measured
16	1890	30240	single-workgroup-tree	27	70	-	27	112	2	30	64	118.209	125.250	172.291	22.786	420.750	495.917	541.084	54.245	4.8022	5.8836	1.2227	measured
16	1890	30240	single-workgroup-tree	30	63	-	30	128	2	30	64	108.959	125.500	167.250	32.292	712.458	783.167	857.209	50.549	9.5793	10.4392	1.3149	measured
16	1890	30240	single-workgroup-tree	35	54	-	35	144	2	30	64	116.583	123.750	160.833	18.192	702.166	779.084	848.792	50.899	9.2950	10.4021	1.0967	measured
16	1890	30240	single-workgroup-tree	42	45	-	42	176	2	30	64	113.250	125.792	163.334	18.213	521.459	599.167	705.917	61.552	6.4795	7.5139	1.2661	measured
16	1890	30240	single-workgroup-tree	45	42	-	45	192	2	30	64	115.916	128.000	172.542	42.876	623.834	727.250	810.833	79.014	8.0622	9.5119	1.9348	measured
16	1890	30240	single-workgroup-tree	54	35	-	54	224	2	30	64	114.375	128.917	164.250	18.486	554.375	640.958	722.166	61.491	6.9841	8.1276	1.2695	measured
16	1890	30240	single-workgroup-tree	63	30	-	63	256	2	30	64	109.291	126.125	163.875	32.430	627.042	738.750	792.416	57.308	8.2183	9.7242	1.4244	measured
16	1890	30240	single-workgroup-tree	70	27	-	70	288	2	30	64	116.583	125.625	157.417	16.316	417.125	492.333	537.125	39.693	4.7705	5.8208	0.8890	measured
16	1890	30240	single-workgroup-tree	90	21	-	90	368	2	30	64	111.458	125.000	159.542	23.018	647.250	710.208	800.375	52.130	8.5046	9.2890	1.1928	measured
16	1890	30240	single-workgroup-tree	105	18	-	105	432	2	30	64	115.000	125.458	162.083	35.131	426.542	498.583	551.083	52.097	4.9451	5.9226	1.3846	measured
16	1890	30240	single-workgroup-tree	126	15	-	126	512	2	30	64	105.042	126.333	165.542	35.545	473.917	516.750	562.083	48.715	5.8552	6.1971	1.3375	measured
16	1890	30240	single-workgroup-tree	135	14	-	135	544	2	30	64	112.875	129.417	166.667	33.978	605.542	696.708	745.125	46.237	7.8201	9.0046	1.2733	measured
16	1890	30240	single-workgroup-tree	189	10	-	189	768	2	30	64	115.875	129.416	162.792	19.775	560.583	660.250	718.917	62.311	7.0589	8.4259	1.3030	measured
16	1890	30240	single-workgroup-tree	210	9	-	210	848	2	30	64	116.542	128.292	171.000	31.910	462.625	514.708	586.458	43.103	5.4934	6.1336	1.1907	measured
16	1890	30240	single-workgroup-tree	270	7	production	270	1088	2	30	64	132.667	141.084	184.500	33.576	1203.625	1393.292	1473.250	90.860	16.9993	19.8763	1.9752	measured
16	1890	30240	single-workgroup-tree	315	6	-	315	1264	2	30	64	127.167	137.917	177.208	36.589	926.125	1081.541	1168.375	86.874	12.6819	14.9782	1.9597	measured
16	1890	30240	single-workgroup-tree	378	5	-	378	1520	2	30	64	110.042	126.416	161.834	37.545	578.833	664.125	770.000	66.714	7.4411	8.5351	1.6549	measured
16	1890	30240	single-workgroup-tree	630	3	-	630	2528	2	30	64	115.375	127.750	164.584	30.902	676.125	788.916	821.875	52.706	8.9008	10.4947	1.3271	measured
16	1890	30240	single-workgroup-tree	945	2	-	945	3792	2	30	64	118.250	127.000	167.291	21.611	862.000	918.375	982.250	42.157	11.8056	12.5615	1.0122	measured
16	1050	16800	single-workgroup-tree	2	525	-	2	16	2	30	64	133.750	141.209	182.875	18.173	1326.334	1484.667	1573.333	72.908	18.9299	21.3247	1.4457	measured
16	1050	16800	single-workgroup-tree	3	350	-	3	16	2	30	64	149.291	159.750	193.459	16.147	2155.250	2260.750	2328.875	55.077	31.8406	33.3492	1.1305	measured
16	1050	16800	single-workgroup-tree	5	210	-	5	32	2	30	64	119.000	128.834	169.875	34.427	490.792	550.875	598.375	53.460	5.9015	6.6991	1.3950	measured
16	1050	16800	single-workgroup-tree	6	175	-	6	32	2	30	64	118.042	125.542	167.834	33.529	591.959	641.083	755.333	60.506	7.5225	8.1832	1.4926	measured
16	1050	16800	single-workgroup-tree	7	150	-	7	32	2	30	64	130.208	143.041	179.750	32.356	1274.083	1429.334	1500.042	71.290	18.1567	20.4173	1.6452	measured
16	1050	16800	single-workgroup-tree	10	105	-	10	48	2	30	64	119.625	128.291	168.250	32.840	436.375	493.625	576.292	49.993	5.0278	5.7990	1.3148	measured
16	1050	16800	single-workgroup-tree	14	75	-	14	64	2	30	64	117.292	127.917	168.417	21.189	630.750	707.666	772.584	44.311	8.1501	9.2024	1.0397	measured
16	1050	16800	single-workgroup-tree	15	70	-	15	64	2	30	64	116.750	125.875	179.834	29.786	377.583	436.916	482.833	37.322	4.1402	4.9372	1.0652	measured
16	1050	16800	single-workgroup-tree	21	50	-	21	96	2	30	64	115.625	126.875	168.959	19.367	410.333	441.167	491.917	49.140	4.6779	4.9888	1.0874	measured
16	1050	16800	single-workgroup-tree	25	42	-	25	112	2	30	64	116.292	128.834	167.209	19.355	580.916	624.500	729.583	62.856	7.3750	7.8677	1.3049	measured
16	1050	16800	single-workgroup-tree	30	35	-	30	128	2	30	64	116.917	125.916	169.833	20.853	448.583	502.584	561.958	43.731	5.2645	5.9789	1.0251	measured
16	1050	16800	single-workgroup-tree	35	30	-	35	144	2	30	64	114.833	127.416	168.458	19.310	505.917	545.167	585.542	30.408	6.2077	6.6310	0.7892	measured
16	1050	16800	single-workgroup-tree	42	25	-	42	176	2	30	64	117.250	126.625	174.834	32.617	458.917	509.417	552.791	31.395	5.4233	6.0761	1.0161	measured
16	1050	16800	single-workgroup-tree	50	21	-	50	208	2	30	64	117.625	127.250	171.209	36.021	371.625	409.541	449.333	29.411	4.0317	4.4808	1.0386	measured
16	1050	16800	single-workgroup-tree	70	15	-	70	288	2	30	64	119.708	135.125	168.500	18.709	360.708	396.791	448.083	42.924	3.8254	4.1534	0.9783	measured
16	1050	16800	single-workgroup-tree	75	14	-	75	304	2	30	64	117.041	126.459	165.209	17.526	457.333	504.000	531.625	23.604	5.4015	5.9927	0.6529	measured
16	1050	16800	single-workgroup-tree	105	10	-	105	432	2	30	64	116.750	125.667	166.583	19.553	388.625	432.166	471.208	34.344	4.3155	4.8651	0.8555	measured
16	1050	16800	single-workgroup-tree	150	7	-	150	608	2	30	64	117.041	125.083	167.167	21.160	803.208	856.583	930.792	41.658	10.8915	11.6111	0.9971	measured
16	1050	16800	single-workgroup-tree	175	6	-	175	704	2	30	64	115.208	125.958	169.292	19.178	474.834	532.458	584.084	44.271	5.7083	6.4524	1.0071	measured
16	1050	16800	single-workgroup-tree	210	5	production	210	848	2	30	64	117.458	127.375	169.208	42.525	428.417	465.709	510.375	26.133	4.9359	5.3704	1.0898	measured
16	1050	16800	single-workgroup-tree	350	3	-	350	1408	2	30	64	137.000	145.875	182.000	17.241	1486.834	1598.625	1679.917	59.371	21.4259	23.0595	1.2161	measured
16	1050	16800	single-workgroup-tree	525	2	-	525	2112	2	30	64	120.542	133.333	185.458	47.739	896.000	987.625	1076.209	60.243	12.3089	13.5602	1.7140	measured
16	1155	18480	single-workgroup-tree	3	385	-	3	16	2	30	64	114.791	130.125	171.042	20.723	577.250	638.084	730.000	60.017	7.3406	8.0628	1.2816	measured
16	1155	18480	single-workgroup-tree	5	231	-	5	32	2	30	64	116.250	126.875	169.417	19.447	484.500	556.000	606.917	63.147	5.8452	6.8115	1.3110	measured
16	1155	18480	single-workgroup-tree	7	165	-	7	32	2	30	64	114.083	126.750	164.583	19.974	718.750	771.041	853.500	50.373	9.5979	10.2268	1.1166	measured
16	1155	18480	single-workgroup-tree	11	105	-	11	48	2	30	64	116.750	125.792	170.666	37.032	437.709	478.375	560.625	71.319	5.0946	5.5966	1.7199	measured
16	1155	18480	single-workgroup-tree	15	77	-	15	64	2	30	64	119.791	125.375	277.666	54.767	393.584	425.250	473.125	30.642	4.3459	4.7599	1.3557	measured
16	1155	18480	single-workgroup-tree	21	55	-	21	96	2	30	64	117.625	126.209	169.541	31.487	379.250	413.792	473.541	33.202	4.1528	4.5648	1.0268	measured
16	1155	18480	single-workgroup-tree	33	35	-	33	144	2	30	64	115.292	125.750	168.667	20.111	374.708	417.583	477.542	55.061	4.1177	4.6323	1.1932	measured
16	1155	18480	single-workgroup-tree	35	33	-	35	144	2	30	64	115.458	124.625	168.750	40.254	377.209	413.875	461.125	28.530	4.1548	4.5913	1.0918	measured
16	1155	18480	single-workgroup-tree	55	21	-	55	224	2	30	64	112.792	125.333	170.666	20.259	363.666	404.375	444.333	35.077	3.9821	4.4292	0.8784	measured
16	1155	18480	single-workgroup-tree	77	15	-	77	320	2	30	64	116.709	125.875	170.291	21.290	374.292	404.000	450.250	34.013	4.0886	4.4147	0.8778	measured
16	1155	18480	single-workgroup-tree	105	11	-	105	432	2	30	64	117.875	126.416	168.000	18.596	393.584	421.000	466.958	27.125	4.3763	4.6759	0.7257	measured
16	1155	18480	single-workgroup-tree	165	7	-	165	672	2	30	64	116.541	126.959	169.125	19.438	499.542	540.750	588.209	43.261	6.0794	6.5681	0.9952	measured
16	1155	18480	single-workgroup-tree	231	5	production	231	928	2	30	64	114.667	125.416	168.416	20.053	437.625	470.708	514.417	34.664	5.1263	5.4808	0.8685	measured
16	1155	18480	single-workgroup-tree	385	3	-	385	1552	2	30	64	117.417	127.125	169.792	21.114	505.541	542.250	590.334	38.651	6.1607	6.5893	0.9486	measured
16	1274	20384	single-workgroup-tree	2	637	-	2	16	2	30	64	121.250	157.500	174.875	22.229	946.833	1125.459	1227.625	87.300	13.1045	15.3644	1.7385	measured
16	1274	20384	single-workgroup-tree	7	182	-	7	32	2	30	64	130.709	166.500	196.792	48.918	1491.333	1675.208	1745.667	83.232	21.5972	23.9477	2.0976	measured
16	1274	20384	single-workgroup-tree	13	98	-	13	64	2	30	64	131.584	158.750	191.375	30.992	980.125	1132.708	1252.583	77.967	13.4689	15.4597	1.7295	measured
16	1274	20384	single-workgroup-tree	14	91	-	14	64	2	30	64	114.708	149.291	171.875	22.416	416.542	485.916	541.250	52.860	4.7910	5.3433	1.1948	measured
16	1274	20384	single-workgroup-tree	26	49	-	26	112	2	30	64	116.125	149.000	176.125	22.343	383.750	438.208	496.291	32.304	4.2480	4.5906	0.8674	measured
16	1274	20384	single-workgroup-tree	49	26	-	49	208	2	30	64	113.500	146.750	177.375	22.022	403.791	447.667	491.041	33.702	4.6078	4.7765	0.8845	measured
16	1274	20384	single-workgroup-tree	91	14	-	91	368	2	30	64	116.000	148.375	174.250	21.683	394.916	432.500	504.458	39.497	4.4272	4.5099	0.9711	measured
16	1274	20384	single-workgroup-tree	98	13	-	98	400	2	30	64	114.292	148.208	168.875	20.977	656.667	723.750	764.833	44.561	8.6091	9.1356	1.0403	measured
16	1274	20384	single-workgroup-tree	182	7	production	182	736	2	30	64	117.667	158.333	185.750	34.466	922.667	1057.667	1106.792	63.579	12.7778	14.2751	1.5563	measured
16	1274	20384	single-workgroup-tree	637	2	-	637	2560	2	30	64	117.250	149.750	182.083	22.699	700.875	801.834	867.958	48.520	9.2639	10.3505	1.1305	measured
16	1430	22880	single-workgroup-tree	2	715	-	2	16	2	30	64	124.083	161.667	183.958	33.117	839.416	931.334	1016.916	51.201	11.3545	12.2169	1.3384	measured
16	1430	22880	single-workgroup-tree	5	286	-	5	32	2	30	64	118.834	149.625	175.500	22.505	594.791	682.708	746.708	59.250	7.5549	8.4616	1.2977	measured
16	1430	22880	single-workgroup-tree	10	143	-	10	48	2	30	64	121.916	158.042	190.125	36.790	943.542	1042.917	1115.125	68.173	13.0417	14.0456	1.6661	measured
16	1430	22880	single-workgroup-tree	11	130	-	11	48	2	30	64	120.125	148.041	173.916	36.576	726.250	839.167	877.750	53.917	9.6210	10.9703	1.4364	measured
16	1430	22880	single-workgroup-tree	13	110	-	13	64	2	30	64	132.250	162.708	185.166	20.240	1056.292	1330.375	1403.000	75.831	14.6673	18.5344	1.5249	measured
16	1430	22880	single-workgroup-tree	22	65	-	22	96	2	30	64	122.167	149.708	175.875	42.448	440.416	489.583	535.292	32.469	5.0516	5.3948	1.1892	measured
16	1430	22880	single-workgroup-tree	26	55	-	26	112	2	30	64	115.625	151.166	179.208	22.819	415.584	452.667	506.834	33.220	4.7613	4.7857	0.8895	measured
16	1430	22880	single-workgroup-tree	55	26	-	55	224	2	30	64	120.500	148.583	177.750	21.984	416.542	460.416	516.834	34.177	4.6991	4.9497	0.8915	measured
16	1430	22880	single-workgroup-tree	65	22	-	65	272	2	30	64	119.750	147.708	177.833	22.779	385.542	429.833	479.125	45.524	4.2189	4.4782	1.0842	measured
16	1430	22880	single-workgroup-tree	110	13	-	110	448	2	30	64	118.209	149.625	181.416	23.118	699.208	785.417	840.750	41.397	9.2222	10.0919	1.0240	measured
16	1430	22880	single-workgroup-tree	130	11	-	130	528	2	30	64	121.041	148.500	185.542	35.598	528.791	586.125	631.542	50.523	6.4722	6.9464	1.3670	measured
16	1430	22880	single-workgroup-tree	143	10	-	143	576	2	30	64	117.500	152.292	187.750	32.957	606.250	698.625	748.875	46.580	7.7579	8.6720	1.2625	measured
16	1430	22880	single-workgroup-tree	286	5	production	286	1152	2	30	64	116.333	151.250	171.459	21.318	489.750	565.459	617.250	61.912	5.9273	6.5747	1.3211	measured
16	1430	22880	single-workgroup-tree	715	2	-	715	2864	2	30	64	119.667	150.792	179.542	26.617	690.458	783.708	829.208	41.405	9.0602	10.0463	1.0797	measured
16	1575	25200	single-workgroup-tree	3	525	-	3	16	2	30	64	138.958	170.000	203.208	31.190	1572.084	1668.500	1730.958	56.540	22.7480	23.7857	1.3925	measured
16	1575	25200	single-workgroup-tree	5	315	-	5	32	2	30	64	135.667	169.291	189.459	29.379	1507.042	1619.834	1680.541	52.280	21.7679	23.0245	1.2962	measured
16	1575	25200	single-workgroup-tree	7	225	-	7	32	2	30	64	122.625	150.000	179.875	32.534	580.084	619.666	734.250	51.712	7.2613	7.4550	1.3372	measured
16	1575	25200	single-workgroup-tree	9	175	-	9	48	2	30	64	116.333	149.750	173.500	19.944	674.791	747.625	827.542	57.880	8.8644	9.4901	1.2353	measured
16	1575	25200	single-workgroup-tree	15	105	-	15	64	2	30	64	115.792	148.667	178.875	20.978	480.541	528.416	587.000	50.627	5.7897	6.0278	1.1366	measured
16	1575	25200	single-workgroup-tree	21	75	-	21	96	2	30	64	117.125	152.584	179.834	20.377	676.041	742.584	785.792	48.880	8.8717	9.3651	1.0993	measured
16	1575	25200	single-workgroup-tree	25	63	-	25	112	2	30	64	115.417	152.375	179.042	31.319	629.125	738.917	792.709	46.362	8.1541	9.3102	1.2330	measured
16	1575	25200	single-workgroup-tree	35	45	-	35	144	2	30	64	118.500	149.333	177.708	20.889	400.750	479.166	558.250	53.797	4.4802	5.2354	1.1855	measured
16	1575	25200	single-workgroup-tree	45	35	-	45	192	2	30	64	116.750	151.375	174.084	21.363	407.375	444.667	507.625	38.347	4.6131	4.6554	0.9478	measured
16	1575	25200	single-workgroup-tree	63	25	-	63	256	2	30	64	118.125	150.875	176.875	41.081	474.416	513.000	601.375	46.016	5.6554	5.7480	1.3825	measured
16	1575	25200	single-workgroup-tree	75	21	-	75	304	2	30	64	118.791	152.708	171.416	35.601	499.791	535.417	575.417	28.053	6.0476	6.0747	1.0104	measured
16	1575	25200	single-workgroup-tree	105	15	-	105	432	2	30	64	115.375	151.209	174.875	21.197	418.750	458.583	522.000	34.445	4.8155	4.8790	0.8832	measured
16	1575	25200	single-workgroup-tree	175	9	-	175	704	2	30	64	116.542	153.375	172.708	19.342	497.708	541.625	617.542	60.761	6.0503	6.1627	1.2715	measured
16	1575	25200	single-workgroup-tree	225	7	production	225	912	2	30	64	115.209	150.708	175.709	21.837	477.208	509.500	569.500	49.742	5.7460	5.6951	1.1362	measured
16	1575	25200	single-workgroup-tree	315	5	-	315	1264	2	30	64	131.375	163.083	188.792	47.711	959.375	1050.666	1135.667	55.676	13.1429	14.0886	1.6411	measured
16	1575	25200	single-workgroup-tree	525	3	-	525	2112	2	30	64	129.250	161.167	182.458	26.096	980.208	1059.250	1122.333	74.816	13.5073	14.2553	1.6018	measured
16	1925	30800	single-workgroup-tree	5	385	-	5	32	2	30	64	155.667	161.667	171.000	31.667	627.917	708.334	802.834	65.336	7.4960	8.6773	1.5397	measured
16	1925	30800	single-workgroup-tree	7	275	-	7	32	2	30	64	171.500	180.833	188.667	29.459	1436.250	1574.750	1695.209	90.510	20.0754	22.1257	1.9043	measured
16	1925	30800	single-workgroup-tree	11	175	-	11	48	2	30	64	151.833	163.042	169.958	30.168	681.333	752.666	847.459	69.573	8.4048	9.3591	1.5832	measured
16	1925	30800	single-workgroup-tree	25	77	-	25	112	2	30	64	151.583	162.542	171.042	6.855	446.583	500.625	531.542	29.891	4.6825	5.3664	0.5833	measured
16	1925	30800	single-workgroup-tree	35	55	-	35	144	2	30	64	150.250	162.334	170.167	6.002	441.167	466.375	511.750	32.777	4.6177	4.8260	0.6155	measured
16	1925	30800	single-workgroup-tree	55	35	-	55	224	2	30	64	151.292	161.833	170.041	30.517	436.792	459.542	509.917	32.034	4.5317	4.7255	0.9929	measured
16	1925	30800	single-workgroup-tree	77	25	-	77	320	2	30	64	150.041	162.875	169.875	15.109	430.750	452.334	493.500	21.403	4.4557	4.5946	0.5795	measured
16	1925	30800	single-workgroup-tree	175	11	-	175	704	2	30	64	150.167	161.875	169.208	5.772	529.667	549.500	602.833	36.850	6.0238	6.1528	0.6765	measured
16	1925	30800	single-workgroup-tree	275	7	production	275	1104	2	30	64	156.000	169.625	180.916	14.684	869.000	905.542	967.709	41.832	11.3175	11.6812	0.8971	measured
16	1925	30800	single-workgroup-tree	385	5	-	385	1552	2	30	64	153.583	164.250	168.125	25.235	553.291	593.334	655.709	40.704	6.3446	6.8109	1.0466	measured
16	1024	16384	single-workgroup-tree	2	512	-	2	16	2	30	64	129.167	175.208	190.000	40.501	984.166	1106.667	1160.666	58.083	13.5714	14.7851	1.5648	measured
16	1024	16384	single-workgroup-tree	4	256	-	4	16	2	30	64	123.625	156.792	186.666	18.684	517.000	590.291	632.000	40.674	6.2440	6.8809	0.9422	measured
16	1024	16384	single-workgroup-tree	8	128	-	8	32	2	30	64	116.375	165.708	199.000	20.847	943.417	1028.417	1133.792	54.073	13.1277	13.6938	1.1892	measured
16	1024	16384	single-workgroup-tree	16	64	-	16	64	2	30	64	125.458	163.917	188.250	28.524	369.292	440.792	524.833	72.589	3.8704	4.3948	1.6050	measured
16	1024	16384	single-workgroup-tree	32	32	-	32	128	2	30	64	116.208	158.833	187.833	29.443	574.958	676.041	712.667	58.177	7.2817	8.2097	1.3908	measured
16	1024	16384	single-workgroup-tree	64	16	-	64	256	2	30	64	116.959	159.375	181.375	18.204	363.791	423.709	472.792	39.070	3.9180	4.1958	0.9091	measured
16	1024	16384	single-workgroup-tree	128	8	-	128	512	2	30	64	118.708	160.209	172.500	18.251	731.875	802.541	873.750	53.799	9.7328	10.1957	1.1436	measured
16	1024	16384	single-workgroup-tree	256	4	production	256	1024	2	30	64	120.834	161.750	188.250	44.856	457.167	524.958	560.916	30.281	5.3386	5.7652	1.1926	measured
16	1024	16384	single-workgroup-tree	512	2	-	512	2048	2	30	64	119.333	162.792	182.333	20.199	701.584	784.334	900.375	64.965	9.2421	9.8657	1.3518	measured
16	1729	27664	single-workgroup-tree	7	247	-	7	32	2	30	64	120.375	159.542	195.625	35.985	801.209	869.667	942.791	53.028	10.8069	11.2718	1.4129	measured
16	1729	27664	single-workgroup-tree	13	133	-	13	64	2	30	64	125.583	156.708	190.417	21.409	472.750	544.375	573.542	47.412	5.5106	6.1534	1.0924	measured
16	1729	27664	single-workgroup-tree	19	91	-	19	80	2	30	64	118.917	156.292	190.541	21.084	451.458	480.000	523.292	26.820	5.2784	5.1382	0.7604	measured
16	1729	27664	single-workgroup-tree	91	19	-	91	368	2	30	64	123.000	160.667	188.208	20.362	432.708	448.292	500.458	39.409	4.9160	4.5655	0.9487	measured
16	1729	27664	single-workgroup-tree	133	13	-	133	544	2	30	64	117.833	157.042	191.625	44.347	446.625	472.667	511.916	29.508	5.2189	5.0099	1.1723	measured
16	1729	27664	single-workgroup-tree	247	7	production	247	992	2	30	64	120.292	157.959	189.000	22.030	579.458	631.500	715.333	65.388	7.2883	7.5165	1.3876	measured
384	1080	414720	single-workgroup-tree	2	540	-	2	16	2	30	64	153.958	174.167	205.834	21.740	2024.458	2202.375	2269.209	68.738	29.6905	32.1938	1.4362	measured
384	1080	414720	single-workgroup-tree	3	360	-	3	16	2	30	64	164.042	193.958	226.000	50.952	3160.125	3391.375	3462.875	79.279	47.5569	50.7527	2.0672	measured
384	1080	414720	single-workgroup-tree	4	270	-	4	16	2	30	64	162.708	185.625	221.875	29.898	2863.250	3082.166	3139.917	81.113	42.8657	45.9768	1.7621	measured
384	1080	414720	single-workgroup-tree	5	216	-	5	32	2	30	64	147.459	171.500	208.167	24.386	1827.834	1975.250	2013.875	60.273	26.6726	28.6310	1.3438	measured
384	1080	414720	single-workgroup-tree	6	180	-	6	32	2	30	64	157.833	181.208	199.750	17.873	2404.708	2586.542	2662.750	75.780	35.6647	38.1799	1.4865	measured
384	1080	414720	single-workgroup-tree	8	135	-	8	32	2	30	64	148.083	176.542	193.333	17.859	1974.000	2139.000	2223.000	69.303	28.9828	31.1501	1.3835	measured
384	1080	414720	single-workgroup-tree	9	120	-	9	48	2	30	64	142.583	167.292	202.375	41.286	1548.625	1721.500	1778.125	71.108	22.3181	24.6700	1.7840	measured
384	1080	414720	single-workgroup-tree	10	108	-	10	48	2	30	64	150.500	176.500	214.125	35.004	2020.792	2196.167	2276.958	81.071	29.6872	32.0582	1.8425	measured
384	1080	414720	single-workgroup-tree	12	90	-	12	48	2	30	64	151.334	179.792	216.500	38.085	1986.708	2143.209	2250.292	95.937	29.1329	31.1653	2.1273	measured
384	1080	414720	single-workgroup-tree	15	72	-	15	64	2	30	64	151.042	173.375	203.000	16.505	1797.834	1934.542	2001.084	68.699	26.1396	27.9550	1.3524	measured
384	1080	414720	single-workgroup-tree	18	60	-	18	80	2	30	64	147.750	169.958	198.167	32.032	1770.875	1892.458	1972.333	72.833	25.7639	27.3413	1.6645	measured
384	1080	414720	single-workgroup-tree	20	54	-	20	80	2	30	64	150.500	172.125	187.458	16.646	1785.708	1932.209	2009.125	79.403	25.9557	27.9378	1.5246	measured
384	1080	414720	single-workgroup-tree	24	45	-	24	96	2	30	64	144.667	168.167	183.041	15.817	1516.833	1669.167	1739.500	81.179	21.7804	23.8254	1.5396	measured
384	1080	414720	single-workgroup-tree	27	40	-	27	112	2	30	64	145.542	166.375	182.583	14.630	1500.167	1664.291	1710.666	66.864	21.5020	23.7764	1.2936	measured
384	1080	414720	single-workgroup-tree	30	36	-	30	128	2	30	64	141.667	168.458	199.625	18.202	1608.000	1751.125	1823.333	75.916	23.2751	25.1217	1.4939	measured
384	1080	414720	single-workgroup-tree	36	30	-	36	144	2	30	64	141.875	175.292	202.834	42.329	1653.625	1802.875	1873.458	79.653	23.9960	25.8347	1.9362	measured
384	1080	414720	single-workgroup-tree	40	27	-	40	160	2	30	64	142.792	172.000	196.000	35.748	1511.125	1694.708	1758.458	89.964	21.7196	24.1700	1.9954	measured
384	1080	414720	single-workgroup-tree	45	24	-	45	192	2	30	64	140.583	172.375	192.750	18.728	1506.250	1670.833	1749.500	83.703	21.6773	23.7850	1.6259	measured
384	1080	414720	single-workgroup-tree	54	20	-	54	224	2	30	64	146.666	171.417	200.250	18.194	1655.750	1806.250	1857.459	84.671	23.9537	25.9497	1.6328	measured
384	1080	414720	single-workgroup-tree	60	18	-	60	240	2	30	64	144.292	172.333	207.167	34.123	1660.417	1831.709	1887.375	65.741	24.0655	26.3393	1.5851	measured
384	1080	414720	single-workgroup-tree	72	15	-	72	288	2	30	64	144.958	174.666	207.875	26.948	1724.000	1855.583	1945.041	91.351	25.0642	26.6812	1.8778	measured
384	1080	414720	single-workgroup-tree	90	12	-	90	368	2	30	64	145.459	173.792	198.292	18.989	1752.916	1891.833	1984.250	77.042	25.5152	27.2705	1.5243	measured
384	1080	414720	single-workgroup-tree	108	10	-	108	432	2	30	64	144.791	175.750	198.875	22.119	1829.667	1975.750	2017.584	72.688	26.7441	28.5714	1.5049	measured
384	1080	414720	single-workgroup-tree	120	9	-	120	480	2	30	64	139.458	170.708	191.375	30.840	1537.875	1711.500	1765.042	66.515	22.1971	24.4570	1.5453	measured
384	1080	414720	single-workgroup-tree	135	8	-	135	544	2	30	64	146.083	171.792	194.000	52.769	1723.334	1875.042	1977.166	91.132	25.0357	27.0357	2.2842	measured
384	1080	414720	single-workgroup-tree	180	6	-	180	720	2	30	64	151.708	178.375	204.792	22.039	2049.666	2225.875	2286.042	70.489	30.1263	32.5000	1.4687	measured
384	1080	414720	single-workgroup-tree	216	5	-	216	864	2	30	64	143.333	171.625	193.666	35.592	1695.208	1846.458	1911.000	63.875	24.6329	26.5847	1.5788	measured
384	1080	414720	single-workgroup-tree	270	4	production	270	1088	2	30	64	156.458	178.416	212.208	19.443	2326.292	2540.834	2602.125	91.567	34.4418	37.4987	1.7621	measured
384	1080	414720	single-workgroup-tree	360	3	-	360	1440	2	30	64	161.541	186.042	200.916	15.141	2639.333	2861.458	2930.875	95.316	39.3300	42.4669	1.7533	measured
384	1080	414720	single-workgroup-tree	540	2	-	540	2160	2	30	64	148.375	169.125	201.833	17.724	1914.875	2084.791	2145.333	80.502	28.0397	30.4074	1.5591	measured
384	1215	466560	single-workgroup-tree	3	405	-	3	16	2	30	64	185.167	204.417	219.125	29.629	2440.250	2632.125	2685.042	75.662	35.7950	38.5350	1.6713	measured
384	1215	466560	single-workgroup-tree	5	243	-	5	32	2	30	64	174.208	195.542	212.125	12.264	1806.833	1923.166	2001.917	71.601	25.9147	27.4226	1.3312	measured
384	1215	466560	single-workgroup-tree	9	135	-	9	48	2	30	64	177.084	200.708	215.625	12.704	2179.792	2293.709	2381.084	68.885	31.7890	33.2222	1.2951	measured
384	1215	466560	single-workgroup-tree	15	81	-	15	64	2	30	64	171.458	190.750	205.041	12.064	1662.708	1804.750	1881.083	85.696	23.6706	25.6190	1.5517	measured
384	1215	466560	single-workgroup-tree	27	45	-	27	112	2	30	64	172.708	197.792	218.792	52.319	1634.500	1793.042	1915.083	87.940	23.2030	25.3214	2.2263	measured
384	1215	466560	single-workgroup-tree	45	27	-	45	192	2	30	64	175.334	194.666	204.334	9.994	1685.125	1797.625	1878.417	61.872	23.9649	25.4438	1.1407	measured
384	1215	466560	single-workgroup-tree	81	15	-	81	336	2	30	64	173.750	197.542	208.750	28.715	1669.459	1808.250	1855.417	55.312	23.7414	25.5668	1.3338	measured
384	1215	466560	single-workgroup-tree	135	9	-	135	544	2	30	64	174.833	198.542	205.875	10.029	1875.417	1984.125	2049.708	70.075	26.9934	28.3426	1.2715	measured
384	1215	466560	single-workgroup-tree	243	5	production	243	976	2	30	64	174.833	195.791	215.042	34.563	1774.292	1895.458	1947.666	54.429	25.3882	26.9788	1.4126	measured
384	1215	466560	single-workgroup-tree	405	3	-	405	1632	2	30	64	185.458	200.458	212.708	34.887	2078.208	2237.917	2286.209	74.421	30.0437	32.3406	1.7350	measured
384	1320	506880	single-workgroup-tree	2	660	-	2	16	2	30	64	219.125	242.000	259.292	13.977	4881.833	5068.250	5111.666	64.071	74.0112	76.6071	1.2388	measured
384	1320	506880	single-workgroup-tree	3	440	-	3	16	2	30	64	204.083	228.916	243.542	27.323	3799.666	4011.208	4052.000	71.622	57.0727	60.0364	1.5706	measured
384	1320	506880	single-workgroup-tree	4	330	-	4	16	2	30	64	176.875	203.417	220.875	34.493	2204.625	2345.541	2395.917	64.372	32.1865	34.0020	1.5693	measured
384	1320	506880	single-workgroup-tree	5	264	-	5	32	2	30	64	191.250	211.459	228.042	12.337	2964.792	3157.334	3217.792	97.753	44.0245	46.7599	1.7475	measured
384	1320	506880	single-workgroup-tree	6	220	-	6	32	2	30	64	176.458	204.083	222.250	21.190	2275.500	2409.042	2457.583	66.155	33.3181	34.9993	1.3864	measured
384	1320	506880	single-workgroup-tree	8	165	-	8	32	2	30	64	172.583	193.750	207.375	27.660	2069.875	2206.083	2258.542	61.704	30.1157	31.9418	1.4185	measured
384	1320	506880	single-workgroup-tree	10	132	-	10	48	2	30	64	178.833	201.917	214.666	12.034	2402.750	2595.167	2659.083	97.295	35.3003	37.9881	1.7354	measured
384	1320	506880	single-workgroup-tree	11	120	-	11	48	2	30	64	168.750	190.958	210.834	46.709	1781.250	1947.125	1983.666	66.024	25.5952	27.8757	1.7894	measured
384	1320	506880	single-workgroup-tree	12	110	-	12	48	2	30	64	181.917	205.500	218.417	11.827	2360.958	2569.709	2641.541	88.658	34.5880	37.5271	1.5950	measured
384	1320	506880	single-workgroup-tree	15	88	-	15	64	2	30	64	174.666	198.084	217.125	14.556	1899.750	2025.167	2091.250	59.368	27.3823	29.0013	1.1734	measured
384	1320	506880	single-workgroup-tree	20	66	-	20	80	2	30	64	174.000	196.166	218.458	34.582	1779.375	1904.541	1997.292	74.281	25.4821	27.1171	1.7280	measured
384	1320	506880	single-workgroup-tree	22	60	-	22	96	2	30	64	175.250	201.708	212.542	42.919	2027.666	2191.125	2249.958	67.123	29.4034	31.5780	1.7467	measured
384	1320	506880	single-workgroup-tree	24	55	-	24	96	2	30	64	172.250	193.084	210.166	14.074	1763.209	1914.542	1984.958	74.316	25.2533	27.3247	1.4030	measured
384	1320	506880	single-workgroup-tree	30	44	-	30	128	2	30	64	176.167	197.584	215.625	12.565	2030.334	2182.125	2234.958	61.077	29.4312	31.5007	1.1689	measured
384	1320	506880	single-workgroup-tree	33	40	-	33	144	2	30	64	174.917	189.417	210.625	33.081	1779.750	1905.458	1995.208	72.944	25.4735	27.2387	1.6829	measured
384	1320	506880	single-workgroup-tree	40	33	-	40	160	2	30	64	171.708	195.208	220.791	35.730	1776.459	1937.000	1996.667	62.152	25.4722	27.6475	1.5537	measured
384	1320	506880	single-workgroup-tree	44	30	-	44	176	2	30	64	175.416	201.292	215.750	13.929	2045.667	2158.250	2213.709	62.847	29.6865	31.0628	1.2187	measured
384	1320	506880	single-workgroup-tree	55	24	-	55	224	2	30	64	176.000	199.292	209.459	38.919	1759.084	1903.000	1943.875	52.021	25.1283	27.0430	1.4435	measured
384	1320	506880	single-workgroup-tree	60	22	-	60	240	2	30	64	176.333	194.958	221.875	30.568	1915.750	2075.792	2119.416	63.220	27.6098	29.8545	1.4887	measured
384	1320	506880	single-workgroup-tree	66	20	-	66	272	2	30	64	173.125	198.041	213.875	38.449	1784.041	1914.958	2012.875	76.234	25.5701	27.2527	1.8204	measured
384	1320	506880	single-workgroup-tree	88	15	-	88	352	2	30	64	175.125	191.791	218.167	22.155	1837.333	1993.625	2050.459	66.597	26.3843	28.6005	1.4087	measured
384	1320	506880	single-workgroup-tree	110	12	-	110	448	2	30	64	175.833	203.375	215.584	13.533	2074.625	2205.250	2248.208	70.743	30.1396	31.7758	1.3377	measured
384	1320	506880	single-workgroup-tree	120	11	-	120	480	2	30	64	177.209	201.666	214.000	12.844	1803.000	1942.375	2034.041	73.404	25.8062	27.6303	1.3690	measured
384	1320	506880	single-workgroup-tree	132	10	-	132	528	2	30	64	179.042	201.750	218.000	29.716	2134.959	2298.500	2336.375	51.714	31.0463	33.2817	1.2925	measured
384	1320	506880	single-workgroup-tree	165	8	-	165	672	2	30	64	173.916	199.500	215.000	13.612	1917.083	2054.958	2134.250	59.455	27.6693	29.4517	1.1598	measured
384	1320	506880	single-workgroup-tree	220	6	-	220	880	2	30	64	178.541	203.167	213.291	33.389	2024.000	2185.833	2234.167	61.721	29.2930	31.4709	1.5097	measured
384	1320	506880	single-workgroup-tree	264	5	production	264	1056	2	30	64	161.834	209.250	223.583	40.017	2618.250	2787.542	2868.167	67.758	38.9907	40.9253	1.7107	measured
384	1320	506880	single-workgroup-tree	330	4	-	330	1328	2	30	64	170.333	195.833	222.584	40.734	2024.917	2169.833	2244.708	66.439	29.4378	31.3333	1.7011	measured
384	1320	506880	single-workgroup-tree	440	3	-	440	1760	2	30	64	194.208	217.959	230.958	12.817	3140.708	3365.417	3410.542	62.900	46.7698	49.9597	1.2019	measured
384	1320	506880	single-workgroup-tree	660	2	-	660	2640	2	30	64	206.500	230.042	248.250	26.009	3878.291	4122.792	4164.792	60.710	58.2824	61.7897	1.3765	measured
384	1512	580608	single-workgroup-tree	2	756	-	2	16	2	30	64	166.875	186.333	230.292	26.135	3183.208	3376.333	3433.000	78.568	47.8783	50.6349	1.6619	measured
384	1512	580608	single-workgroup-tree	3	504	-	3	16	2	30	64	186.125	204.875	237.709	21.014	4307.625	4494.708	4553.334	82.070	65.4206	68.0926	1.6363	measured
384	1512	580608	single-workgroup-tree	4	378	-	4	16	2	30	64	155.875	175.500	205.834	19.311	2262.625	2428.334	2476.208	63.361	33.4405	35.7593	1.3122	measured
384	1512	580608	single-workgroup-tree	6	252	-	6	32	2	30	64	167.500	190.959	227.083	34.304	3213.167	3393.542	3463.500	79.504	48.3439	50.8347	1.8065	measured
384	1512	580608	single-workgroup-tree	7	216	-	7	32	2	30	64	152.875	171.708	207.459	24.644	2230.542	2411.958	2462.208	62.080	32.9788	35.5595	1.3766	measured
384	1512	580608	single-workgroup-tree	8	189	-	8	32	2	30	64	148.666	180.417	218.666	27.263	2297.833	2458.209	2506.042	56.498	34.1138	36.1554	1.3295	measured
384	1512	580608	single-workgroup-tree	9	168	-	9	48	2	30	64	161.667	182.834	221.958	36.922	2705.917	2917.958	2975.166	82.084	40.3849	43.4147	1.8890	measured
384	1512	580608	single-workgroup-tree	12	126	-	12	48	2	30	64	140.083	165.667	202.209	22.006	2130.875	2288.708	2351.292	83.771	31.5999	33.6991	1.6790	measured
384	1512	580608	single-workgroup-tree	14	108	-	14	64	2	30	64	159.375	168.958	209.709	33.630	2446.708	2618.292	2663.208	66.502	36.3069	38.8783	1.5894	measured
384	1512	580608	single-workgroup-tree	18	84	-	18	80	2	30	64	154.917	168.625	205.416	20.977	2318.875	2513.458	2553.542	80.217	34.3485	37.2196	1.6063	measured
384	1512	580608	single-workgroup-tree	21	72	-	21	96	2	30	64	154.875	169.500	205.708	21.577	2234.166	2409.333	2451.125	74.141	33.0046	35.5529	1.5193	measured
384	1512	580608	single-workgroup-tree	24	63	-	24	96	2	30	64	150.792	175.792	213.792	36.013	2141.167	2299.750	2368.416	77.571	31.5933	33.7136	1.8029	measured
384	1512	580608	single-workgroup-tree	27	56	-	27	112	2	30	64	144.500	160.500	215.333	50.860	1942.667	2123.917	2193.791	74.284	28.5423	31.1653	1.9864	measured
384	1512	580608	single-workgroup-tree	28	54	-	28	112	2	30	64	152.334	176.583	213.792	22.392	2204.625	2388.959	2460.167	77.162	32.5760	35.1171	1.5802	measured
384	1512	580608	single-workgroup-tree	36	42	-	36	144	2	30	64	154.458	174.833	211.291	21.443	2187.666	2330.209	2375.417	69.736	32.2731	34.2123	1.4473	measured
384	1512	580608	single-workgroup-tree	42	36	-	42	176	2	30	64	149.750	163.459	211.625	21.721	2061.375	2253.333	2299.708	83.713	30.3433	33.1726	1.6736	measured
384	1512	580608	single-workgroup-tree	54	28	-	54	224	2	30	64	148.000	175.584	202.292	20.106	2092.042	2275.042	2354.166	77.131	30.8578	33.3247	1.5435	measured
384	1512	580608	single-workgroup-tree	56	27	-	56	224	2	30	64	145.375	171.209	217.583	53.758	1989.917	2154.042	2211.416	81.175	29.2784	31.4735	2.1418	measured
384	1512	580608	single-workgroup-tree	63	24	-	63	256	2	30	64	152.084	168.625	200.583	34.530	2027.875	2204.416	2272.000	81.717	29.7745	32.3141	1.8452	measured
384	1512	580608	single-workgroup-tree	72	21	-	72	288	2	30	64	151.167	173.833	202.125	31.489	2146.458	2306.500	2371.791	84.672	31.6713	33.8519	1.8438	measured
384	1512	580608	single-workgroup-tree	84	18	-	84	336	2	30	64	150.542	172.333	209.583	32.978	2195.334	2351.375	2397.792	69.367	32.4570	34.5880	1.6245	measured
384	1512	580608	single-workgroup-tree	108	14	-	108	432	2	30	64	144.333	168.209	208.584	23.137	2270.250	2418.583	2502.875	73.346	33.7447	35.7202	1.5315	measured
384	1512	580608	single-workgroup-tree	126	12	-	126	512	2	30	64	147.666	161.959	193.750	20.832	2055.958	2203.917	2246.042	55.694	30.2903	32.4120	1.2147	measured
384	1512	580608	single-workgroup-tree	168	9	-	168	672	2	30	64	147.042	167.125	202.459	20.730	2436.708	2606.833	2673.084	65.969	36.3439	38.7255	1.3762	measured
384	1512	580608	single-workgroup-tree	189	8	-	189	768	2	30	64	152.834	170.667	198.334	20.600	2152.333	2296.916	2357.333	56.960	31.7381	33.7500	1.2311	measured
384	1512	580608	single-workgroup-tree	216	7	-	216	864	2	30	64	141.500	164.666	206.375	21.097	2138.834	2297.917	2354.041	60.298	31.7037	33.8611	1.2920	measured
384	1512	580608	single-workgroup-tree	252	6	production	252	1008	2	30	64	160.375	186.625	212.042	30.180	2724.208	2934.292	2989.875	87.108	40.6958	43.6138	1.8617	measured
384	1512	580608	single-workgroup-tree	378	4	-	378	1520	2	30	64	143.042	176.084	199.000	20.587	2184.625	2355.042	2423.750	75.560	32.4061	34.5866	1.5261	measured
384	1512	580608	single-workgroup-tree	504	3	-	504	2016	2	30	64	165.667	197.625	236.167	49.316	3564.834	3770.209	3819.417	84.986	53.9550	56.7077	2.1318	measured
384	1512	580608	single-workgroup-tree	756	2	-	756	3024	2	30	64	161.125	175.333	214.833	37.508	2767.542	2986.833	3035.959	82.946	41.3717	44.6270	1.9120	measured
384	1638	628992	single-workgroup-tree	2	819	-	2	16	2	30	64	220.167	243.584	277.541	33.787	4392.084	4575.958	4631.042	56.273	66.2209	68.7678	1.4295	measured
384	1638	628992	single-workgroup-tree	3	546	-	3	16	2	30	64	188.042	216.167	227.708	12.669	2946.542	3148.875	3219.042	88.347	43.7857	46.5509	1.6034	measured
384	1638	628992	single-workgroup-tree	6	273	-	6	32	2	30	64	185.125	207.250	220.750	11.865	2253.958	2404.125	2461.584	63.758	32.8386	34.8710	1.2004	measured
384	1638	628992	single-workgroup-tree	7	234	-	7	32	2	30	64	197.500	225.000	239.792	28.600	3417.667	3594.291	3673.083	78.610	51.1138	53.4808	1.7018	measured
384	1638	628992	single-workgroup-tree	9	182	-	9	48	2	30	64	193.000	215.875	233.375	12.622	3136.459	3333.000	3412.583	86.745	46.7216	49.4782	1.5772	measured
384	1638	628992	single-workgroup-tree	13	126	-	13	64	2	30	64	178.708	206.958	217.708	23.426	2254.833	2415.791	2472.584	66.573	32.9544	35.0608	1.4285	measured
384	1638	628992	single-workgroup-tree	14	117	-	14	64	2	30	64	178.417	204.000	219.583	32.671	2302.083	2439.709	2503.083	85.527	33.7090	35.4874	1.8762	measured
384	1638	628992	single-workgroup-tree	18	91	-	18	80	2	30	64	175.834	205.042	217.292	23.745	2087.875	2248.083	2295.500	75.758	30.3499	32.4292	1.5794	measured
384	1638	628992	single-workgroup-tree	21	78	-	21	96	2	30	64	175.500	207.042	224.000	30.345	2123.334	2264.666	2319.459	68.045	30.9180	32.6607	1.5617	measured
384	1638	628992	single-workgroup-tree	26	63	-	26	112	2	30	64	180.750	204.375	224.250	28.013	2307.042	2444.583	2544.042	82.753	33.7507	35.5589	1.7582	measured
384	1638	628992	single-workgroup-tree	39	42	-	39	160	2	30	64	182.916	198.667	220.750	14.189	2301.209	2449.792	2496.417	62.271	33.6237	35.7321	1.2137	measured
384	1638	628992	single-workgroup-tree	42	39	-	42	176	2	30	64	178.750	199.959	227.667	30.444	2220.542	2377.042	2431.750	75.900	32.4094	34.5569	1.6880	measured
384	1638	628992	single-workgroup-tree	63	26	-	63	256	2	30	64	182.000	204.083	221.167	25.448	2201.917	2364.750	2413.583	81.045	32.0622	34.2963	1.6904	measured
384	1638	628992	single-workgroup-tree	78	21	-	78	320	2	30	64	180.334	203.875	213.167	10.890	2130.667	2278.000	2354.333	71.921	30.9577	32.9226	1.3145	measured
384	1638	628992	single-workgroup-tree	91	18	-	91	368	2	30	64	179.416	202.792	215.958	27.095	2122.250	2274.333	2334.250	53.813	30.8386	32.8816	1.2843	measured
384	1638	628992	single-workgroup-tree	117	14	-	117	480	2	30	64	182.958	201.958	219.250	11.007	2202.875	2347.541	2410.541	63.904	32.0622	34.0569	1.1891	measured
384	1638	628992	single-workgroup-tree	126	13	-	126	512	2	30	64	181.958	204.666	218.042	29.326	2207.500	2349.625	2400.625	57.937	32.1515	34.0470	1.3851	measured
384	1638	628992	single-workgroup-tree	182	9	-	182	736	2	30	64	189.541	212.250	228.125	11.317	2663.750	2828.375	2886.625	77.077	39.2732	41.5258	1.4031	measured
384	1638	628992	single-workgroup-tree	234	7	-	234	944	2	30	64	186.792	214.417	235.375	32.982	2793.208	3005.458	3076.750	98.522	41.3717	44.3022	2.0874	measured
384	1638	628992	single-workgroup-tree	273	6	production	273	1104	2	30	64	177.708	206.458	221.667	13.176	2255.292	2410.208	2507.125	77.100	32.9775	34.9802	1.4329	measured
384	1638	628992	single-workgroup-tree	546	3	-	546	2192	2	30	64	188.375	209.917	226.709	24.678	2672.750	2852.333	2912.959	90.100	39.4345	41.9431	1.8219	measured
384	1638	628992	single-workgroup-tree	819	2	-	819	3280	2	30	64	203.834	227.375	241.709	12.769	3694.250	3901.125	3947.875	75.390	55.4034	58.3135	1.3993	measured
384	1890	725760	single-workgroup-tree	2	945	-	2	16	2	30	64	167.416	182.958	220.000	24.482	3125.792	3336.333	3393.208	100.385	46.9583	50.0536	1.9820	measured
384	1890	725760	single-workgroup-tree	3	630	-	3	16	2	30	64	164.708	174.500	220.292	36.455	2815.584	2976.708	3037.250	69.231	42.0774	44.4795	1.6775	measured
384	1890	725760	single-workgroup-tree	5	378	-	5	32	2	30	64	160.583	171.875	222.125	32.375	2653.166	2793.959	2823.792	53.662	39.5648	41.6204	1.3657	measured
384	1890	725760	single-workgroup-tree	6	315	-	6	32	2	30	64	172.333	193.458	239.583	33.732	3293.875	3536.125	3582.833	92.404	49.5483	53.0582	2.0022	measured
384	1890	725760	single-workgroup-tree	7	270	-	7	32	2	30	64	176.667	191.458	232.209	19.691	3930.125	4129.250	4191.334	92.754	59.5787	62.5046	1.7849	measured
384	1890	725760	single-workgroup-tree	9	210	-	9	48	2	30	64	158.250	178.167	225.875	34.719	2457.500	2593.333	2657.333	65.289	36.4960	38.3360	1.5874	measured
384	1890	725760	single-workgroup-tree	10	189	-	10	48	2	30	64	164.250	181.083	209.417	18.573	2721.500	2864.667	2929.958	81.541	40.5913	42.5966	1.5891	measured
384	1890	725760	single-workgroup-tree	14	135	-	14	64	2	30	64	154.375	176.834	217.875	20.364	2851.875	3009.042	3070.375	72.934	42.8175	44.9557	1.4809	measured
384	1890	725760	single-workgroup-tree	15	126	-	15	64	2	30	64	155.125	170.542	210.375	20.512	2512.041	2664.250	2734.500	90.114	37.4114	39.5827	1.7560	measured
384	1890	725760	single-workgroup-tree	18	105	-	18	80	2	30	64	157.292	182.667	208.250	42.244	2379.500	2526.125	2582.917	75.473	35.2731	37.1977	1.8685	measured
384	1890	725760	single-workgroup-tree	21	90	-	21	96	2	30	64	163.583	177.542	215.084	20.841	2837.250	2986.833	3060.625	74.484	42.4392	44.5919	1.5131	measured
384	1890	725760	single-workgroup-tree	27	70	-	27	112	2	30	64	155.375	177.833	210.167	19.799	2386.708	2533.584	2589.333	78.636	35.4180	37.3929	1.5625	measured
384	1890	725760	single-workgroup-tree	30	63	-	30	128	2	30	64	160.875	184.500	226.333	46.517	2619.875	2775.792	2828.833	80.712	39.0317	41.1316	2.0195	measured
384	1890	725760	single-workgroup-tree	35	54	-	35	144	2	30	64	158.875	187.584	220.250	34.381	2645.250	2791.042	2864.083	68.569	39.4663	41.3247	1.6341	measured
384	1890	725760	single-workgroup-tree	42	45	-	42	176	2	30	64	157.208	176.500	211.791	18.610	2495.875	2643.750	2739.041	70.295	37.1217	39.1627	1.4112	measured
384	1890	725760	single-workgroup-tree	45	42	-	45	192	2	30	64	157.458	184.958	224.917	38.151	2567.000	2715.875	2768.000	59.198	38.2467	40.1733	1.5452	measured
384	1890	725760	single-workgroup-tree	54	35	-	54	224	2	30	64	159.708	181.000	208.791	18.841	2526.000	2684.459	2735.958	60.432	37.5602	39.7374	1.2583	measured
384	1890	725760	single-workgroup-tree	63	30	-	63	256	2	30	64	160.791	180.167	213.291	30.645	2587.958	2756.625	2867.708	74.996	38.5265	40.8962	1.6768	measured
384	1890	725760	single-workgroup-tree	70	27	-	70	288	2	30	64	156.208	179.542	207.375	20.309	2428.459	2530.000	2613.042	58.496	36.0675	37.3089	1.2509	measured
384	1890	725760	single-workgroup-tree	90	21	-	90	368	2	30	64	158.542	183.791	218.292	21.185	2637.542	2754.083	2826.333	74.828	39.3492	40.7983	1.5240	measured
384	1890	725760	single-workgroup-tree	105	18	-	105	432	2	30	64	158.625	178.416	207.292	18.852	2422.417	2554.291	2603.250	50.939	35.9332	37.7123	1.1078	measured
384	1890	725760	single-workgroup-tree	126	15	-	126	512	2	30	64	150.959	177.084	212.084	23.728	2447.791	2594.750	2682.708	71.210	36.4577	38.3757	1.5070	measured
384	1890	725760	single-workgroup-tree	135	14	-	135	544	2	30	64	156.459	177.083	222.875	44.120	2576.250	2745.459	2794.166	61.931	38.4094	40.7679	1.6834	measured
384	1890	725760	single-workgroup-tree	189	10	-	189	768	2	30	64	161.209	180.167	221.375	33.489	2540.083	2700.042	2771.708	70.671	37.7599	39.9980	1.6533	measured
384	1890	725760	single-workgroup-tree	210	9	-	210	848	2	30	64	155.375	176.250	217.875	20.882	2444.542	2609.291	2669.167	79.654	36.3360	38.6197	1.5958	measured
384	1890	725760	single-workgroup-tree	270	7	production	270	1088	2	30	64	165.792	189.208	234.000	30.196	3179.416	3397.458	3441.625	88.334	47.8353	50.9246	1.8814	measured
384	1890	725760	single-workgroup-tree	315	6	-	315	1264	2	30	64	156.667	176.541	228.917	30.459	2921.666	3120.875	3202.250	95.589	43.8889	46.7355	2.0008	measured
384	1890	725760	single-workgroup-tree	378	5	-	378	1520	2	30	64	161.083	171.542	215.333	21.643	2595.583	2750.583	2808.542	68.609	38.6429	40.9372	1.4326	measured
384	1890	725760	single-workgroup-tree	630	3	-	630	2528	2	30	64	162.167	177.833	216.083	20.788	2781.292	2930.458	3010.625	69.856	41.5734	43.6925	1.4388	measured
384	1890	725760	single-workgroup-tree	945	2	-	945	3792	2	30	64	169.458	187.208	228.208	30.765	3078.750	3289.542	3362.250	90.869	46.1792	49.2434	1.9307	measured
384	1050	403200	single-workgroup-tree	2	525	-	2	16	2	30	64	146.250	189.542	221.416	46.101	2399.417	2605.125	2683.541	116.501	35.7646	38.3426	2.5810	measured
384	1050	403200	single-workgroup-tree	3	350	-	3	16	2	30	64	166.833	199.167	227.583	36.157	3165.042	3392.125	3468.875	114.859	47.5906	50.6819	2.3971	measured
384	1050	403200	single-workgroup-tree	5	210	-	5	32	2	30	64	144.250	170.500	202.917	34.836	1560.666	1708.875	1824.875	91.008	22.4828	24.4187	1.9975	measured
384	1050	403200	single-workgroup-tree	6	175	-	6	32	2	30	64	145.875	172.916	204.333	43.468	1660.750	1836.125	1887.791	81.532	24.0456	26.4001	1.9841	measured
384	1050	403200	single-workgroup-tree	7	150	-	7	32	2	30	64	149.250	186.541	206.750	20.393	2313.709	2471.042	2631.125	120.888	34.3565	36.2619	2.2425	measured
384	1050	403200	single-workgroup-tree	10	105	-	10	48	2	30	64	144.375	171.917	197.541	19.700	1499.417	1640.625	1763.625	96.003	21.5086	23.3128	1.8366	measured
384	1050	403200	single-workgroup-tree	14	75	-	14	64	2	30	64	144.791	177.292	199.875	23.578	1685.791	1866.417	1959.250	96.463	24.4603	26.8115	1.9054	measured
384	1050	403200	single-workgroup-tree	15	70	-	15	64	2	30	64	137.958	178.292	198.833	21.747	1440.000	1617.875	1692.334	98.250	20.6673	22.8505	1.9047	measured
384	1050	403200	single-workgroup-tree	21	50	-	21	96	2	30	64	132.750	174.334	193.500	20.620	1479.667	1632.959	1712.833	87.151	21.3796	23.1528	1.7106	measured
384	1050	403200	single-workgroup-tree	25	42	-	25	112	2	30	64	142.833	179.333	197.000	32.089	1642.625	1802.500	1871.083	85.587	23.8062	25.7646	1.8679	measured
384	1050	403200	single-workgroup-tree	30	35	-	30	128	2	30	64	139.750	170.459	199.709	34.413	1528.084	1676.875	1773.792	85.689	22.0370	23.9114	1.9064	measured
384	1050	403200	single-workgroup-tree	35	30	-	35	144	2	30	64	142.959	172.917	211.167	57.430	1576.125	1751.292	1838.959	91.160	22.7487	25.0536	2.3586	measured
384	1050	403200	single-workgroup-tree	42	25	-	42	176	2	30	64	142.541	169.625	194.791	20.767	1540.583	1693.875	1791.292	94.280	22.1911	24.1944	1.8261	measured
384	1050	403200	single-workgroup-tree	50	21	-	50	208	2	30	64	139.000	169.584	202.000	40.480	1449.166	1611.208	1698.292	95.300	20.7963	22.8829	2.1552	measured
384	1050	403200	single-workgroup-tree	70	15	-	70	288	2	30	64	143.333	169.541	197.791	23.539	1454.583	1625.583	1698.542	91.102	20.8135	23.1118	1.8197	measured
384	1050	403200	single-workgroup-tree	75	14	-	75	304	2	30	64	133.916	166.792	200.833	22.784	1544.958	1705.458	1811.000	97.670	22.3975	24.4233	1.9120	measured
384	1050	403200	single-workgroup-tree	105	10	-	105	432	2	30	64	139.333	168.917	192.791	21.607	1472.708	1642.875	1737.292	88.945	21.1647	23.3962	1.7548	measured
384	1050	403200	single-workgroup-tree	150	7	-	150	608	2	30	64	145.917	183.625	202.541	21.803	1884.625	2056.334	2121.083	84.650	27.5985	29.7255	1.6897	measured
384	1050	403200	single-workgroup-tree	175	6	-	175	704	2	30	64	133.083	177.833	198.041	22.905	1561.541	1707.583	1821.125	92.402	22.6739	24.2817	1.8303	measured
384	1050	403200	single-workgroup-tree	210	5	production	210	848	2	30	64	139.875	173.417	200.084	21.235	1532.208	1687.084	1809.458	91.433	22.1005	24.0265	1.7884	measured
384	1050	403200	single-workgroup-tree	350	3	-	350	1408	2	30	64	157.875	188.000	215.125	21.602	2541.708	2751.584	2807.750	109.005	37.8386	40.6918	2.0731	measured
384	1050	403200	single-workgroup-tree	525	2	-	525	2112	2	30	64	153.625	183.333	207.666	32.924	2041.541	2255.750	2380.416	127.989	29.9669	32.8955	2.5542	measured
384	1155	443520	single-workgroup-tree	3	385	-	3	16	2	30	64	145.542	168.041	196.125	22.657	1813.541	1965.750	2024.000	65.450	26.4762	28.5351	1.3985	measured
384	1155	443520	single-workgroup-tree	5	231	-	5	32	2	30	64	143.000	173.625	192.208	18.981	1709.291	1863.000	1910.834	65.829	24.8618	26.8155	1.3462	measured
384	1155	443520	single-workgroup-tree	7	165	-	7	32	2	30	64	150.833	175.750	198.791	21.517	1903.417	2055.292	2115.875	75.012	27.8188	29.8340	1.5322	measured
384	1155	443520	single-workgroup-tree	11	105	-	11	48	2	30	64	144.250	170.542	194.917	21.432	1624.292	1781.667	1855.959	69.653	23.4927	25.5734	1.4458	measured
384	1155	443520	single-workgroup-tree	15	77	-	15	64	2	30	64	142.292	167.792	211.042	41.833	1579.333	1755.750	1810.042	78.208	22.8102	25.2057	1.9054	measured
384	1155	443520	single-workgroup-tree	21	55	-	21	96	2	30	64	144.292	171.584	204.583	41.305	1567.750	1743.542	1838.958	95.881	22.5946	24.9517	2.1776	measured
384	1155	443520	single-workgroup-tree	33	35	-	33	144	2	30	64	146.291	170.667	197.041	20.577	1573.500	1757.542	1827.250	74.962	22.6541	25.1885	1.5165	measured
384	1155	443520	single-workgroup-tree	35	33	-	35	144	2	30	64	147.625	170.542	204.333	31.891	1581.083	1766.791	1823.042	86.241	22.7533	25.3373	1.8751	measured
384	1155	443520	single-workgroup-tree	55	21	-	55	224	2	30	64	145.250	171.250	200.833	22.023	1573.875	1746.041	1828.500	82.258	22.6766	24.9967	1.6553	measured
384	1155	443520	single-workgroup-tree	77	15	-	77	320	2	30	64	142.375	172.458	206.333	48.503	1592.209	1739.333	1836.792	84.047	23.0132	24.8710	2.1040	measured
384	1155	443520	single-workgroup-tree	105	11	-	105	432	2	30	64	140.583	159.708	201.333	20.825	1604.167	1765.416	1859.041	91.348	23.2315	25.4874	1.7805	measured
384	1155	443520	single-workgroup-tree	165	7	-	165	672	2	30	64	141.458	157.667	195.584	20.620	1721.833	1884.833	1958.417	97.001	25.0853	27.4153	1.8670	measured
384	1155	443520	single-workgroup-tree	231	5	production	231	928	2	30	64	144.625	166.417	193.750	35.933	1688.750	1825.959	1913.583	75.147	24.5099	26.3419	1.7632	measured
384	1155	443520	single-workgroup-tree	385	3	-	385	1552	2	30	64	147.042	171.750	197.708	19.989	1788.334	1953.000	2022.458	78.811	26.0523	28.2738	1.5682	measured
384	1274	489216	single-workgroup-tree	2	637	-	2	16	2	30	64	181.709	205.000	234.750	23.056	2309.125	2500.583	2577.250	90.376	33.7685	36.4378	1.8005	measured
384	1274	489216	single-workgroup-tree	7	182	-	7	32	2	30	64	190.084	208.542	224.250	30.668	2723.375	2955.666	3019.625	95.866	40.2110	43.6051	2.0085	measured
384	1274	489216	single-workgroup-tree	13	98	-	13	64	2	30	64	188.333	202.125	217.500	34.097	2238.667	2426.792	2533.417	90.156	32.5450	35.3122	1.9723	measured
384	1274	489216	single-workgroup-tree	14	91	-	14	64	2	30	64	179.959	196.458	215.667	29.522	1804.250	1895.459	1939.625	33.279	25.7824	26.9683	0.9968	measured
384	1274	489216	single-workgroup-tree	26	49	-	26	112	2	30	64	178.084	192.209	210.209	10.922	1727.375	1876.166	1948.208	55.125	24.5919	26.7295	1.0484	measured
384	1274	489216	single-workgroup-tree	49	26	-	49	208	2	30	64	172.417	194.292	211.042	11.423	1762.208	1918.500	2014.292	67.539	25.2348	27.3684	1.2534	measured
384	1274	489216	single-workgroup-tree	91	14	-	91	368	2	30	64	181.291	193.125	214.709	41.395	1746.250	1896.292	1951.083	52.708	24.8406	27.0344	1.4937	measured
384	1274	489216	single-workgroup-tree	98	13	-	98	400	2	30	64	176.041	197.250	209.625	32.526	1990.750	2134.333	2218.666	70.205	28.8049	30.7473	1.6307	measured
384	1274	489216	single-workgroup-tree	182	7	production	182	736	2	30	64	180.292	203.125	214.541	10.175	2265.167	2418.500	2506.500	70.666	33.0933	35.1647	1.2832	measured
384	1274	489216	single-workgroup-tree	637	2	-	637	2560	2	30	64	177.375	199.708	217.750	11.432	2212.667	2367.125	2419.792	60.278	32.3062	34.4034	1.1383	measured
384	1430	549120	single-workgroup-tree	2	715	-	2	16	2	30	64	155.750	189.417	214.250	28.319	2331.375	2521.667	2580.375	73.685	34.5337	37.0198	1.6191	measured
384	1430	549120	single-workgroup-tree	5	286	-	5	32	2	30	64	148.625	192.375	213.541	24.515	2049.750	2199.833	2265.375	72.418	30.1766	31.8644	1.5386	measured
384	1430	549120	single-workgroup-tree	10	143	-	10	48	2	30	64	154.917	193.416	212.958	35.987	2339.459	2498.917	2554.250	83.915	34.6753	36.5953	1.9032	measured
384	1430	549120	single-workgroup-tree	11	130	-	11	48	2	30	64	150.208	187.458	210.958	20.848	2177.500	2338.250	2393.458	67.613	32.1792	34.1396	1.4041	measured
384	1430	549120	single-workgroup-tree	13	110	-	13	64	2	30	64	148.958	189.625	212.917	21.569	2470.459	2685.375	2741.041	80.411	36.8492	39.6151	1.6187	measured
384	1430	549120	single-workgroup-tree	22	65	-	22	96	2	30	64	146.166	185.792	214.292	35.622	1859.834	2037.292	2072.916	59.132	27.2011	29.3889	1.5040	measured
384	1430	549120	single-workgroup-tree	26	55	-	26	112	2	30	64	146.208	183.333	203.917	49.538	1855.417	2037.125	2091.083	60.988	27.1303	29.4253	1.7544	measured
384	1430	549120	single-workgroup-tree	55	26	-	55	224	2	30	64	147.875	180.625	217.917	37.866	1869.833	2083.500	2132.625	75.772	27.3327	30.2044	1.8038	measured
384	1430	549120	single-workgroup-tree	65	22	-	65	272	2	30	64	139.916	185.042	207.666	64.631	1869.917	2047.875	2115.875	70.886	27.4603	29.5688	2.1511	measured
384	1430	549120	single-workgroup-tree	110	13	-	110	448	2	30	64	141.042	188.542	206.292	23.335	2218.791	2350.667	2405.083	65.355	32.9801	34.3194	1.4078	measured
384	1430	549120	single-workgroup-tree	130	11	-	130	528	2	30	64	139.250	186.541	210.125	34.101	2024.083	2181.292	2243.000	70.366	29.9180	31.6627	1.6582	measured
384	1430	549120	single-workgroup-tree	143	10	-	143	576	2	30	64	140.167	189.750	212.416	21.996	2096.250	2260.375	2322.708	73.858	31.0489	32.8671	1.5215	measured
384	1430	549120	single-workgroup-tree	286	5	production	286	1152	2	30	64	141.917	183.917	203.250	20.403	2011.000	2178.791	2221.625	68.100	29.6680	31.6647	1.4048	measured
384	1430	549120	single-workgroup-tree	715	2	-	715	2864	2	30	64	154.000	193.000	207.834	18.956	2329.750	2496.416	2600.250	79.704	34.5357	36.5622	1.5660	measured
384	1575	604800	single-workgroup-tree	3	525	-	3	16	2	30	64	196.042	214.416	265.416	51.503	3051.375	3215.125	3301.500	91.916	45.3227	47.6303	2.2765	measured
384	1575	604800	single-workgroup-tree	5	315	-	5	32	2	30	64	195.875	210.875	228.833	10.971	3012.875	3158.166	3236.041	86.210	44.7143	46.7824	1.5426	measured
384	1575	604800	single-workgroup-tree	7	225	-	7	32	2	30	64	184.042	196.250	214.125	11.714	2177.916	2262.666	2364.750	69.202	31.6488	32.8003	1.2844	measured
384	1575	604800	single-workgroup-tree	9	175	-	9	48	2	30	64	179.375	198.417	215.250	21.931	2241.375	2374.208	2428.417	68.687	32.7302	34.5364	1.4384	measured
384	1575	604800	single-workgroup-tree	15	105	-	15	64	2	30	64	173.375	196.000	214.042	29.660	2057.959	2188.334	2274.083	74.367	29.9140	31.6243	1.6512	measured
384	1575	604800	single-workgroup-tree	21	75	-	21	96	2	30	64	179.958	200.875	223.792	34.056	2261.250	2403.666	2476.292	66.439	33.0364	34.9649	1.5952	measured
384	1575	604800	single-workgroup-tree	25	63	-	25	112	2	30	64	187.250	198.833	217.542	27.601	2219.541	2350.125	2416.250	71.207	32.2586	34.1475	1.5684	measured
384	1575	604800	single-workgroup-tree	35	45	-	35	144	2	30	64	185.125	200.292	216.916	10.993	2062.125	2180.458	2273.417	73.839	29.7937	31.4312	1.3465	measured
384	1575	604800	single-workgroup-tree	45	35	-	45	192	2	30	64	181.042	200.500	216.958	36.210	2043.333	2189.833	2248.084	65.024	29.5602	31.5767	1.6069	measured
384	1575	604800	single-workgroup-tree	63	25	-	63	256	2	30	64	185.583	203.750	221.000	29.630	2117.792	2252.125	2330.375	72.682	30.6700	32.5139	1.6240	measured
384	1575	604800	single-workgroup-tree	75	21	-	75	304	2	30	64	182.083	203.125	216.334	24.952	2149.417	2266.833	2341.375	67.318	31.2275	32.7573	1.4646	measured
384	1575	604800	single-workgroup-tree	105	15	-	105	432	2	30	64	178.625	200.167	213.042	32.252	2068.334	2199.834	2284.291	76.240	29.9954	31.7407	1.7221	measured
384	1575	604800	single-workgroup-tree	175	9	-	175	704	2	30	64	176.750	199.375	216.500	11.551	2166.875	2289.291	2382.000	72.160	31.5893	33.1733	1.3288	measured
384	1575	604800	single-workgroup-tree	225	7	production	225	912	2	30	64	182.250	199.125	214.125	11.645	2150.708	2265.667	2330.792	69.073	31.2454	32.8023	1.2812	measured
384	1575	604800	single-workgroup-tree	315	5	-	315	1264	2	30	64	192.042	207.750	220.459	27.107	2590.375	2754.958	2814.750	80.975	38.0688	40.4319	1.7156	measured
384	1575	604800	single-workgroup-tree	525	3	-	525	2112	2	30	64	188.833	207.333	220.500	10.963	2619.459	2805.541	2868.042	97.982	38.5814	41.2414	1.7293	measured
384	1925	739200	single-workgroup-tree	5	385	-	5	32	2	30	64	188.250	206.042	227.959	13.316	2640.083	2767.083	2815.875	59.360	38.9180	40.6514	1.1536	measured
384	1925	739200	single-workgroup-tree	7	275	-	7	32	2	30	64	198.250	217.375	237.167	39.609	3388.083	3550.500	3607.250	71.666	50.6323	52.9067	1.7663	measured
384	1925	739200	single-workgroup-tree	11	175	-	11	48	2	30	64	185.125	205.458	213.542	9.856	2592.292	2727.584	2786.625	66.424	38.2090	40.0337	1.2108	measured
384	1925	739200	single-workgroup-tree	25	77	-	25	112	2	30	64	182.000	202.125	218.583	29.107	2379.709	2546.292	2601.750	77.712	34.8843	37.2090	1.6955	measured
384	1925	739200	single-workgroup-tree	35	55	-	35	144	2	30	64	184.292	203.500	222.542	13.282	2445.208	2554.875	2632.833	54.508	35.8876	37.3234	1.0760	measured
384	1925	739200	single-workgroup-tree	55	35	-	55	224	2	30	64	180.250	203.125	219.917	15.892	2421.541	2540.917	2609.417	60.294	35.5760	37.1078	1.2093	measured
384	1925	739200	single-workgroup-tree	77	25	-	77	320	2	30	64	180.250	200.792	225.000	26.351	2407.375	2554.584	2630.833	70.406	35.3512	37.3618	1.5358	measured
384	1925	739200	single-workgroup-tree	175	11	-	175	704	2	30	64	185.000	201.916	211.833	29.171	2556.375	2669.584	2728.125	56.933	37.6409	39.1693	1.3667	measured
384	1925	739200	single-workgroup-tree	275	7	production	275	1104	2	30	64	189.584	208.584	219.459	11.022	2922.458	3021.375	3086.541	46.404	43.3790	44.6475	0.9115	measured
384	1925	739200	single-workgroup-tree	385	5	-	385	1552	2	30	64	185.583	204.417	212.458	28.256	2618.584	2730.708	2788.667	62.126	38.6191	40.0999	1.4346	measured
384	1024	393216	single-workgroup-tree	2	512	-	2	16	2	30	64	177.583	201.167	222.166	13.756	2048.166	2239.334	2342.333	96.887	29.6918	32.3519	1.7562	measured
384	1024	393216	single-workgroup-tree	4	256	-	4	16	2	30	64	179.500	195.209	213.500	40.652	1620.542	1749.584	1827.083	77.564	22.8737	24.6726	1.8764	measured
384	1024	393216	single-workgroup-tree	8	128	-	8	32	2	30	64	184.000	199.375	219.667	13.155	1977.125	2130.292	2181.459	65.519	28.4623	30.6495	1.2488	measured
384	1024	393216	single-workgroup-tree	16	64	-	16	64	2	30	64	172.792	196.125	212.750	23.642	1422.750	1588.917	1674.958	78.462	19.8406	22.1078	1.6207	measured
384	1024	393216	single-workgroup-tree	32	32	-	32	128	2	30	64	179.292	197.583	208.083	10.877	1660.417	1793.875	1876.625	68.363	23.5099	25.3380	1.2578	measured
384	1024	393216	single-workgroup-tree	64	16	-	64	256	2	30	64	179.791	193.500	208.375	11.071	1449.500	1601.250	1668.000	72.487	20.1541	22.3452	1.3263	measured
384	1024	393216	single-workgroup-tree	128	8	-	128	512	2	30	64	174.334	197.625	211.459	45.416	1830.208	1971.458	2040.542	67.167	26.2837	28.1561	1.7870	measured
384	1024	393216	single-workgroup-tree	256	4	production	256	1024	2	30	64	172.958	191.042	208.417	19.604	1592.417	1719.417	1817.125	79.972	22.5311	24.2599	1.5806	measured
384	1024	393216	single-workgroup-tree	512	2	-	512	2048	2	30	64	173.375	200.875	223.541	18.979	1888.917	2050.292	2102.625	80.968	27.2308	29.3558	1.5865	measured
384	1729	663936	single-workgroup-tree	7	247	-	7	32	2	30	64	183.750	196.208	228.333	14.881	2548.500	2689.500	2737.791	53.298	37.5357	39.5761	1.0822	measured
384	1729	663936	single-workgroup-tree	13	133	-	13	64	2	30	64	179.375	191.125	222.208	15.635	2246.750	2373.583	2428.750	62.221	32.8155	34.6422	1.2358	measured
384	1729	663936	single-workgroup-tree	19	91	-	19	80	2	30	64	181.375	193.959	229.875	48.292	2209.583	2357.541	2429.708	68.605	32.1938	34.3426	1.8555	measured
384	1729	663936	single-workgroup-tree	91	19	-	91	368	2	30	64	181.167	190.666	227.625	18.328	2210.166	2382.250	2431.875	58.236	32.2063	34.7870	1.2153	measured
384	1729	663936	single-workgroup-tree	133	13	-	133	544	2	30	64	156.834	190.333	211.500	15.998	2257.958	2412.792	2472.292	66.121	33.3512	35.2771	1.3035	measured
384	1729	663936	single-workgroup-tree	247	7	production	247	992	2	30	64	181.042	192.500	227.333	32.937	2404.917	2542.709	2604.917	69.135	35.2996	37.3049	1.6202	measured
1536	1080	1658880	single-workgroup-tree	2	540	-	2	16	2	30	64	249.541	270.334	279.417	34.211	6441.458	6640.791	6685.041	77.280	98.2844	101.1184	1.7697	measured
1536	1080	1658880	single-workgroup-tree	3	360	-	3	16	2	30	64	291.666	305.958	318.334	32.498	8896.208	9056.209	9107.666	69.631	136.5800	138.8929	1.6211	measured
1536	1080	1658880	single-workgroup-tree	4	270	-	4	16	2	30	64	275.833	290.833	304.958	10.504	8020.541	8184.292	8263.833	67.004	122.9319	125.2930	1.2303	measured
1536	1080	1658880	single-workgroup-tree	5	216	-	5	32	2	30	64	243.250	254.042	264.458	15.432	5752.584	5896.708	5962.000	52.402	87.4497	89.5661	1.0767	measured
1536	1080	1658880	single-workgroup-tree	6	180	-	6	32	2	30	64	257.250	275.417	285.042	22.294	6932.167	7096.375	7152.708	69.268	105.9511	108.2692	1.4534	measured
1536	1080	1658880	single-workgroup-tree	8	135	-	8	32	2	30	64	239.042	256.791	267.541	28.772	5781.625	5941.750	6001.500	76.311	87.9775	90.2374	1.6680	measured
1536	1080	1658880	single-workgroup-tree	9	120	-	9	48	2	30	64	231.333	246.917	259.750	11.511	5136.750	5271.500	5312.417	58.089	77.8638	79.7553	1.1048	measured
1536	1080	1658880	single-workgroup-tree	10	108	-	10	48	2	30	64	245.250	263.792	279.209	32.484	6099.292	6278.209	6346.125	86.764	92.9213	95.4669	1.8928	measured
1536	1080	1658880	single-workgroup-tree	12	90	-	12	48	2	30	64	237.417	260.500	268.083	29.951	5920.042	6100.791	6152.250	76.398	90.2004	92.7030	1.6881	measured
1536	1080	1658880	single-workgroup-tree	15	72	-	15	64	2	30	64	239.208	254.459	263.000	33.625	5550.750	5744.250	5770.792	73.875	84.3102	87.1395	1.7064	measured
1536	1080	1658880	single-workgroup-tree	18	60	-	18	80	2	30	64	239.709	252.875	262.542	6.738	5522.417	5684.583	5747.458	83.074	83.8525	86.2176	1.4256	measured
1536	1080	1658880	single-workgroup-tree	20	54	-	20	80	2	30	64	233.625	251.833	261.750	28.984	5457.334	5648.167	5696.791	82.785	82.9160	85.6561	1.7741	measured
1536	1080	1658880	single-workgroup-tree	24	45	-	24	96	2	30	64	227.208	244.125	256.542	28.567	4924.250	5044.792	5101.833	51.789	74.5562	76.2011	1.2755	measured
1536	1080	1658880	single-workgroup-tree	27	40	-	27	112	2	30	64	225.375	243.458	254.291	9.196	4918.500	5040.000	5104.292	67.598	74.4940	76.1356	1.2189	measured
1536	1080	1658880	single-workgroup-tree	30	36	-	30	128	2	30	64	225.500	245.500	260.250	41.378	5088.000	5214.167	5280.833	58.233	77.1825	78.8677	1.5811	measured
1536	1080	1658880	single-workgroup-tree	36	30	-	36	144	2	30	64	234.125	250.709	260.167	31.235	5459.250	5632.125	5705.208	77.340	82.9385	85.4193	1.7234	measured
1536	1080	1658880	single-workgroup-tree	40	27	-	40	160	2	30	64	225.750	245.375	257.916	15.345	4977.667	5096.750	5153.667	49.134	75.4273	77.0060	1.0235	measured
1536	1080	1658880	single-workgroup-tree	45	24	-	45	192	2	30	64	233.750	244.250	256.958	26.398	5002.042	5141.125	5189.792	65.951	75.6872	77.7282	1.4659	measured
1536	1080	1658880	single-workgroup-tree	54	20	-	54	224	2	30	64	229.000	249.125	261.750	42.423	5260.125	5409.292	5500.666	73.737	79.8591	81.9074	1.8438	measured
1536	1080	1658880	single-workgroup-tree	60	18	-	60	240	2	30	64	233.500	250.916	257.750	8.094	5300.125	5442.916	5490.542	62.424	80.4226	82.4127	1.1193	measured
1536	1080	1658880	single-workgroup-tree	72	15	-	72	288	2	30	64	234.208	249.292	260.125	24.063	5425.250	5558.791	5585.959	58.579	82.3975	84.2778	1.3118	measured
1536	1080	1658880	single-workgroup-tree	90	12	-	90	368	2	30	64	235.792	251.834	259.209	22.600	5499.541	5689.875	5722.583	73.175	83.5516	86.3181	1.5202	measured
1536	1080	1658880	single-workgroup-tree	108	10	-	108	432	2	30	64	242.750	256.917	261.667	7.242	5652.250	5841.917	5901.042	71.782	85.8651	88.6508	1.2544	measured
1536	1080	1658880	single-workgroup-tree	120	9	-	120	480	2	30	64	228.292	247.291	256.750	19.876	5066.083	5210.708	5249.458	49.433	76.7903	78.7844	1.1002	measured
1536	1080	1658880	single-workgroup-tree	135	8	-	135	544	2	30	64	236.125	251.875	258.750	9.304	5447.125	5619.625	5680.417	81.307	82.7143	85.2024	1.4383	measured
1536	1080	1658880	single-workgroup-tree	180	6	-	180	720	2	30	64	245.083	262.292	285.250	33.529	6219.625	6377.625	6427.917	81.986	94.8340	97.0688	1.8336	measured
1536	1080	1658880	single-workgroup-tree	216	5	-	216	864	2	30	64	233.709	254.291	258.875	8.989	5447.666	5612.542	5661.791	72.773	82.7612	85.0516	1.2978	measured
1536	1080	1658880	single-workgroup-tree	270	4	production	270	1088	2	30	64	256.375	275.042	293.500	31.554	6883.333	7090.125	7131.666	80.879	105.1898	108.1759	1.7846	measured
1536	1080	1658880	single-workgroup-tree	360	3	-	360	1440	2	30	64	269.250	289.083	304.875	28.570	7644.917	7831.041	7888.500	77.398	117.0741	119.7136	1.6820	measured
1536	1080	1658880	single-workgroup-tree	540	2	-	540	2160	2	30	64	246.667	264.834	271.583	9.676	6208.792	6361.250	6415.792	79.588	94.6369	96.7685	1.4169	measured
1536	1215	1866240	single-workgroup-tree	3	405	-	3	16	2	30	64	253.708	266.209	291.333	29.923	7232.208	7430.167	7472.750	70.424	110.7698	113.7136	1.5928	measured
1536	1215	1866240	single-workgroup-tree	5	243	-	5	32	2	30	64	238.458	252.000	273.417	20.987	6295.083	6479.291	6505.125	64.700	96.1369	98.8459	1.3601	measured
1536	1215	1866240	single-workgroup-tree	9	135	-	9	48	2	30	64	237.625	252.083	267.500	26.458	6290.250	6473.666	6516.459	80.828	96.0734	98.7553	1.7030	measured
1536	1215	1866240	single-workgroup-tree	15	81	-	15	64	2	30	64	225.791	241.000	261.041	29.522	5569.834	5650.083	5684.750	36.588	84.8261	85.8585	1.0494	measured
1536	1215	1866240	single-workgroup-tree	27	45	-	27	112	2	30	64	227.750	241.792	263.000	22.623	5502.875	5628.333	5664.958	45.651	83.7321	85.5007	1.0837	measured
1536	1215	1866240	single-workgroup-tree	45	27	-	45	192	2	30	64	228.958	241.125	249.417	27.591	5528.041	5665.583	5744.458	67.346	84.1124	86.1025	1.5069	measured
1536	1215	1866240	single-workgroup-tree	81	15	-	81	336	2	30	64	230.959	242.333	257.250	18.632	5576.709	5704.542	5748.041	54.063	84.8532	86.7017	1.1539	measured
1536	1215	1866240	single-workgroup-tree	135	9	-	135	544	2	30	64	235.417	249.750	266.125	21.968	5996.375	6195.916	6217.042	58.632	91.4438	94.3836	1.2794	measured
1536	1215	1866240	single-workgroup-tree	243	5	production	243	976	2	30	64	221.459	246.792	259.583	10.109	5885.000	6031.334	6078.000	55.206	89.8975	91.8181	1.0367	measured
1536	1215	1866240	single-workgroup-tree	405	3	-	405	1632	2	30	64	246.917	258.917	277.916	25.594	6755.625	6917.083	6963.958	83.599	103.3128	105.6852	1.7332	measured
1536	1320	2027520	single-workgroup-tree	2	660	-	2	16	2	30	64	352.959	374.667	408.791	29.059	13356.208	13519.000	13580.500	71.818	206.4008	208.6402	1.6012	measured
1536	1320	2027520	single-workgroup-tree	3	440	-	3	16	2	30	64	317.292	331.834	355.125	16.723	10819.250	10992.708	11069.625	90.457	166.6977	169.2202	1.7013	measured
1536	1320	2027520	single-workgroup-tree	4	330	-	4	16	2	30	64	258.792	277.750	297.792	20.434	7005.125	7178.750	7235.916	88.147	107.0847	109.5397	1.7235	measured
1536	1320	2027520	single-workgroup-tree	5	264	-	5	32	2	30	64	285.041	302.166	323.208	14.207	8788.542	8950.625	8997.625	84.198	134.9762	137.2771	1.5620	measured
1536	1320	2027520	single-workgroup-tree	6	220	-	6	32	2	30	64	253.375	275.208	295.625	13.628	6982.125	7172.500	7228.375	88.866	106.8056	109.4808	1.6269	measured
1536	1320	2027520	single-workgroup-tree	8	165	-	8	32	2	30	64	242.375	270.750	288.541	15.543	6488.292	6639.250	6719.667	80.367	99.1415	101.0873	1.5224	measured
1536	1320	2027520	single-workgroup-tree	10	132	-	10	48	2	30	64	259.709	282.042	298.000	13.398	7379.958	7543.459	7609.167	74.494	113.0198	115.2606	1.3951	measured
1536	1320	2027520	single-workgroup-tree	11	120	-	11	48	2	30	64	243.000	265.875	280.083	14.508	6087.541	6183.791	6233.709	48.714	92.7705	93.9352	1.0035	measured
1536	1320	2027520	single-workgroup-tree	12	110	-	12	48	2	30	64	259.250	280.417	300.167	13.808	7187.750	7363.208	7407.667	57.805	109.9762	112.4253	1.1367	measured
1536	1320	2027520	single-workgroup-tree	15	88	-	15	64	2	30	64	242.709	266.375	290.917	16.988	6188.125	6278.084	6332.458	51.479	94.3717	95.4240	1.0868	measured
1536	1320	2027520	single-workgroup-tree	20	66	-	20	80	2	30	64	243.500	259.542	285.042	15.004	6000.375	6122.292	6171.042	65.941	91.3790	93.0595	1.2848	measured
1536	1320	2027520	single-workgroup-tree	22	60	-	22	96	2	30	64	246.250	270.250	288.667	14.809	6507.208	6652.084	6693.916	63.636	99.3803	101.2990	1.2451	measured
1536	1320	2027520	single-workgroup-tree	24	55	-	24	96	2	30	64	239.917	266.208	279.875	12.350	5997.666	6110.333	6139.583	52.709	91.3928	92.7639	1.0327	measured
1536	1320	2027520	single-workgroup-tree	30	44	-	30	128	2	30	64	249.958	270.875	288.708	13.708	6465.959	6637.250	6692.917	83.590	98.6667	101.0536	1.5444	measured
1536	1320	2027520	single-workgroup-tree	33	40	-	33	144	2	30	64	237.166	266.750	287.833	16.663	6028.708	6147.666	6192.875	58.687	91.9292	93.3479	1.1960	measured
1536	1320	2027520	single-workgroup-tree	40	33	-	40	160	2	30	64	235.875	265.917	287.375	14.761	6056.375	6169.667	6249.041	59.182	92.3889	93.7103	1.1737	measured
1536	1320	2027520	single-workgroup-tree	44	30	-	44	176	2	30	64	245.500	275.583	299.125	16.216	6678.292	6874.334	6907.708	69.356	102.1078	104.7421	1.3583	measured
1536	1320	2027520	single-workgroup-tree	55	24	-	55	224	2	30	64	235.084	267.000	290.000	16.842	6053.625	6193.417	6237.459	66.152	92.3578	94.0701	1.3174	measured
1536	1320	2027520	single-workgroup-tree	60	22	-	60	240	2	30	64	245.375	269.792	287.417	14.598	6341.958	6511.125	6535.250	56.865	96.7712	99.0688	1.1343	measured
1536	1320	2027520	single-workgroup-tree	66	20	-	66	272	2	30	64	242.834	267.292	289.625	16.618	6061.500	6204.459	6265.292	49.340	92.3598	94.2407	1.0469	measured
1536	1320	2027520	single-workgroup-tree	88	15	-	88	352	2	30	64	239.125	267.250	288.958	29.338	6212.750	6368.459	6417.458	69.437	94.8194	96.8446	1.5679	measured
1536	1320	2027520	single-workgroup-tree	110	12	-	110	448	2	30	64	245.667	274.667	398.709	53.221	6651.875	6797.041	6883.666	77.205	101.6858	103.5297	2.0702	measured
1536	1320	2027520	single-workgroup-tree	120	11	-	120	480	2	30	64	238.000	266.875	290.333	40.894	6101.917	6240.875	6269.667	63.702	93.0780	94.8254	1.6603	measured
1536	1320	2027520	single-workgroup-tree	132	10	-	132	528	2	30	64	248.708	275.542	291.125	23.928	6937.500	7047.167	7080.208	53.545	106.1713	107.4861	1.2297	measured
1536	1320	2027520	single-workgroup-tree	165	8	-	165	672	2	30	64	239.166	264.333	297.666	42.716	6437.667	6511.375	6545.666	32.208	98.3889	99.1594	1.1893	measured
1536	1320	2027520	single-workgroup-tree	220	6	-	220	880	2	30	64	244.250	271.750	298.958	37.957	6638.834	6803.875	6838.666	51.250	101.5013	103.6845	1.4160	measured
1536	1320	2027520	single-workgroup-tree	264	5	production	264	1056	2	30	64	268.666	290.000	421.250	53.698	7905.375	8087.875	8128.125	53.081	121.2176	123.7758	1.6949	measured
1536	1320	2027520	single-workgroup-tree	330	4	-	330	1328	2	30	64	251.292	269.416	280.459	27.372	6700.583	6859.917	6906.958	50.481	102.3697	104.6111	1.2358	measured
1536	1320	2027520	single-workgroup-tree	440	3	-	440	1760	2	30	64	289.542	308.458	325.542	35.831	9318.000	9482.750	9523.792	57.333	143.3089	145.6237	1.4788	measured
1536	1320	2027520	single-workgroup-tree	660	2	-	660	2640	2	30	64	319.833	333.584	357.333	12.508	10970.000	11119.417	11157.042	57.150	169.0503	171.2037	1.1057	measured
1536	1512	2322432	single-workgroup-tree	2	756	-	2	16	2	30	64	310.084	323.542	349.583	14.505	10104.958	10285.041	10345.458	65.987	155.4742	158.1190	1.2776	measured
1536	1512	2322432	single-workgroup-tree	3	504	-	3	16	2	30	64	341.167	364.583	381.959	27.622	12430.917	12610.958	12644.250	70.256	191.9008	194.3869	1.5536	measured
1536	1512	2322432	single-workgroup-tree	4	378	-	4	16	2	30	64	275.042	297.708	313.875	22.253	8059.375	8252.250	8284.458	51.824	123.5608	126.2626	1.1758	measured
1536	1512	2322432	single-workgroup-tree	6	252	-	6	32	2	30	64	303.208	323.583	343.500	30.585	9842.209	9978.834	10049.375	68.095	151.4127	153.2580	1.5663	measured
1536	1512	2322432	single-workgroup-tree	7	216	-	7	32	2	30	64	263.708	284.250	300.750	12.175	7489.875	7685.292	7726.916	66.848	114.7011	117.4769	1.2543	measured
1536	1512	2322432	single-workgroup-tree	8	189	-	8	32	2	30	64	261.625	284.167	302.875	30.506	7338.708	7530.667	7601.458	88.869	112.3347	115.0238	1.8948	measured
1536	1512	2322432	single-workgroup-tree	9	168	-	9	48	2	30	64	279.042	300.375	324.458	13.853	8516.417	8710.959	8740.542	71.382	130.7520	133.5013	1.3529	measured
1536	1512	2322432	single-workgroup-tree	12	126	-	12	48	2	30	64	260.792	281.916	297.417	13.311	7109.208	7299.083	7346.583	89.509	108.7050	111.3836	1.6321	measured
1536	1512	2322432	single-workgroup-tree	14	108	-	14	64	2	30	64	271.875	292.875	311.500	27.153	7856.000	8038.084	8088.084	78.040	120.3829	122.9398	1.6697	measured
1536	1512	2322432	single-workgroup-tree	18	84	-	18	80	2	30	64	268.625	288.083	311.750	23.117	7580.541	7763.583	7807.417	76.667	116.0622	118.6587	1.5839	measured
1536	1512	2322432	single-workgroup-tree	21	72	-	21	96	2	30	64	259.208	285.750	301.542	12.908	7351.625	7515.667	7566.541	78.010	112.5780	114.7606	1.4432	measured
1536	1512	2322432	single-workgroup-tree	24	63	-	24	96	2	30	64	259.125	281.125	299.042	33.094	7139.375	7300.000	7331.708	60.483	109.2103	111.4107	1.4853	measured
1536	1512	2322432	single-workgroup-tree	27	56	-	27	112	2	30	64	250.667	277.291	290.375	11.330	7021.500	7155.917	7204.083	52.717	107.4735	109.1845	1.0166	measured
1536	1512	2322432	single-workgroup-tree	28	54	-	28	112	2	30	64	261.584	283.166	296.500	10.221	7249.333	7441.583	7481.000	61.331	110.9167	113.6257	1.1357	measured
1536	1512	2322432	single-workgroup-tree	36	42	-	36	144	2	30	64	267.000	286.750	307.375	24.464	7511.125	7709.167	7759.084	70.060	114.9861	117.8161	1.5004	measured
1536	1512	2322432	single-workgroup-tree	42	36	-	42	176	2	30	64	260.000	286.708	351.667	39.938	7222.792	7389.084	7418.500	49.596	110.5205	112.7361	1.4212	measured
1536	1512	2322432	single-workgroup-tree	54	28	-	54	224	2	30	64	263.042	283.833	298.667	28.716	7228.917	7405.875	7459.500	72.550	110.5694	113.0483	1.6074	measured
1536	1512	2322432	single-workgroup-tree	56	27	-	56	224	2	30	64	257.417	279.166	302.167	22.215	7046.709	7185.375	7225.208	53.004	107.7665	109.6224	1.1939	measured
1536	1512	2322432	single-workgroup-tree	63	24	-	63	256	2	30	64	260.833	279.583	300.417	12.808	7093.250	7261.333	7319.084	71.990	108.4511	110.8214	1.3460	measured
1536	1512	2322432	single-workgroup-tree	72	21	-	72	288	2	30	64	266.500	282.375	315.792	36.607	7366.375	7546.959	7601.708	81.719	112.6964	115.3109	1.8782	measured
1536	1512	2322432	single-workgroup-tree	84	18	-	84	336	2	30	64	263.917	278.416	296.916	27.841	7430.958	7601.208	7654.334	62.573	113.7626	116.2348	1.4351	measured
1536	1512	2322432	single-workgroup-tree	108	14	-	108	432	2	30	64	263.250	283.208	298.084	24.837	7579.334	7757.500	7807.167	81.656	116.1283	118.6396	1.6904	measured
1536	1512	2322432	single-workgroup-tree	126	12	-	126	512	2	30	64	263.541	275.833	299.917	35.437	7168.750	7324.916	7365.000	70.278	109.6065	111.8902	1.6780	measured
1536	1512	2322432	single-workgroup-tree	168	9	-	168	672	2	30	64	275.333	294.750	315.083	39.549	8016.916	8198.166	8250.458	93.858	122.8823	125.4510	2.1176	measured
1536	1512	2322432	single-workgroup-tree	189	8	-	189	768	2	30	64	265.708	279.375	296.500	27.834	7306.375	7479.292	7522.667	80.750	111.7566	114.2844	1.7235	measured
1536	1512	2322432	single-workgroup-tree	216	7	-	216	864	2	30	64	264.083	277.417	294.000	10.367	7276.458	7422.667	7473.833	63.718	111.3075	113.4167	1.1760	measured
1536	1512	2322432	single-workgroup-tree	252	6	production	252	1008	2	30	64	281.166	299.000	318.708	12.993	8541.458	8717.333	8767.916	73.461	131.1157	133.6243	1.3723	measured
1536	1512	2322432	single-workgroup-tree	378	4	-	378	1520	2	30	64	264.875	283.167	304.750	20.835	7458.959	7627.334	7664.125	63.536	114.1918	116.5741	1.3392	measured
1536	1512	2322432	single-workgroup-tree	504	3	-	504	2016	2	30	64	312.834	331.708	353.500	20.519	10645.542	10826.083	10859.916	61.161	164.0112	166.5774	1.2965	measured
1536	1512	2322432	single-workgroup-tree	756	2	-	756	3024	2	30	64	292.042	312.209	336.416	36.454	9069.459	9248.959	9292.125	65.923	139.3241	141.8532	1.6250	measured
1536	1638	2515968	single-workgroup-tree	2	819	-	2	16	2	30	64	337.000	369.000	389.500	31.372	12847.250	13021.042	13047.417	57.614	198.5754	200.8261	1.4125	measured
1536	1638	2515968	single-workgroup-tree	3	546	-	3	16	2	30	64	286.083	317.208	335.167	14.741	9612.292	9783.042	9814.083	72.433	148.0351	150.2513	1.3837	measured
1536	1638	2515968	single-workgroup-tree	6	273	-	6	32	2	30	64	265.917	292.916	301.667	25.278	8035.500	8252.750	8297.125	77.653	123.3267	126.3466	1.6338	measured
1536	1638	2515968	single-workgroup-tree	7	234	-	7	32	2	30	64	298.208	326.792	344.291	13.544	10251.250	10431.959	10478.083	61.840	157.9848	160.3995	1.1966	measured
1536	1638	2515968	single-workgroup-tree	9	182	-	9	48	2	30	64	285.333	314.542	337.583	28.406	9454.167	9644.334	9683.333	48.422	145.5370	148.0919	1.2195	measured
1536	1638	2515968	single-workgroup-tree	13	126	-	13	64	2	30	64	258.958	288.209	306.958	41.961	7809.166	7950.000	7985.500	53.135	119.8446	121.6157	1.5095	measured
1536	1638	2515968	single-workgroup-tree	14	117	-	14	64	2	30	64	243.166	289.167	311.542	33.836	7822.542	7982.125	8039.333	67.972	120.3076	122.1104	1.6160	measured
1536	1638	2515968	single-workgroup-tree	18	91	-	18	80	2	30	64	258.166	281.917	308.875	18.754	7702.250	7884.833	7935.166	73.472	118.1601	120.6812	1.4639	measured
1536	1638	2515968	single-workgroup-tree	21	78	-	21	96	2	30	64	259.291	283.584	305.292	23.146	7713.834	7889.625	7944.834	74.360	118.3261	120.7308	1.5477	measured
1536	1638	2515968	single-workgroup-tree	26	63	-	26	112	2	30	64	265.792	283.916	299.542	13.064	7893.709	8075.875	8141.125	91.256	121.0780	123.6819	1.6559	measured
1536	1638	2515968	single-workgroup-tree	39	42	-	39	160	2	30	64	270.959	292.000	314.500	22.079	8059.083	8255.958	8302.209	67.205	123.6210	126.4120	1.4172	measured
1536	1638	2515968	single-workgroup-tree	42	39	-	42	176	2	30	64	264.916	289.000	314.416	19.047	7783.333	7979.500	8046.084	69.822	119.3400	122.0714	1.4106	measured
1536	1638	2515968	single-workgroup-tree	63	26	-	63	256	2	30	64	260.792	288.458	311.458	37.639	7863.375	8072.875	8120.542	81.235	120.6759	123.5622	1.8869	measured
1536	1638	2515968	single-workgroup-tree	78	21	-	78	320	2	30	64	264.875	291.167	314.500	33.656	7700.166	7877.792	7938.166	78.573	118.0205	120.4226	1.7814	measured
1536	1638	2515968	single-workgroup-tree	91	18	-	91	368	2	30	64	252.792	285.125	311.208	27.933	7717.583	7884.125	7939.833	75.245	118.4887	120.6190	1.6377	measured
1536	1638	2515968	single-workgroup-tree	117	14	-	117	480	2	30	64	259.667	290.750	312.625	21.802	7831.916	8034.833	8073.917	74.606	120.1944	122.9220	1.5303	measured
1536	1638	2515968	single-workgroup-tree	126	13	-	126	512	2	30	64	261.541	285.709	308.333	15.012	7814.458	8010.208	8050.708	68.304	119.8876	122.6111	1.3225	measured
1536	1638	2515968	single-workgroup-tree	182	9	-	182	736	2	30	64	273.500	301.417	321.708	24.809	8727.083	8912.083	8977.625	85.270	134.1839	136.6772	1.7473	measured
1536	1638	2515968	single-workgroup-tree	234	7	-	234	944	2	30	64	279.041	302.375	314.833	13.976	9056.750	9212.583	9264.250	50.888	139.3287	141.4319	1.0296	measured
1536	1638	2515968	single-workgroup-tree	273	6	production	273	1104	2	30	64	263.458	283.875	310.666	27.706	7906.708	8058.167	8114.250	67.516	121.3214	123.4015	1.5115	measured
1536	1638	2515968	single-workgroup-tree	546	3	-	546	2192	2	30	64	279.959	304.917	324.250	32.011	8885.167	9065.541	9103.083	49.530	136.5906	139.0575	1.2943	measured
1536	1638	2515968	single-workgroup-tree	819	2	-	819	3280	2	30	64	326.833	351.042	371.208	38.548	11730.875	11893.042	11930.333	57.534	181.0165	183.2063	1.5251	measured
1536	1890	2903040	single-workgroup-tree	2	945	-	2	16	2	30	64	301.834	329.250	355.459	29.324	10643.792	10826.709	10903.333	76.791	164.1581	166.6263	1.6844	measured
1536	1890	2903040	single-workgroup-tree	3	630	-	3	16	2	30	64	300.042	322.709	339.750	14.156	10153.000	10303.791	10341.042	57.543	156.3962	158.4299	1.1381	measured
1536	1890	2903040	single-workgroup-tree	5	378	-	5	32	2	30	64	292.250	315.334	337.375	35.357	9528.125	9737.583	9785.625	73.133	146.6012	149.5595	1.7221	measured
1536	1890	2903040	single-workgroup-tree	6	315	-	6	32	2	30	64	304.792	313.958	342.084	14.716	10408.666	10552.084	10588.667	48.950	160.3790	162.5099	1.0106	measured
1536	1890	2903040	single-workgroup-tree	7	270	-	7	32	2	30	64	324.875	338.250	361.292	43.021	11745.584	11908.500	11947.125	66.707	181.2811	183.6548	1.7417	measured
1536	1890	2903040	single-workgroup-tree	9	210	-	9	48	2	30	64	282.625	295.250	328.208	29.750	9080.708	9240.333	9294.375	69.721	139.6521	141.9854	1.5789	measured
1536	1890	2903040	single-workgroup-tree	10	189	-	10	48	2	30	64	280.166	298.708	333.542	21.782	9165.083	9366.958	9390.333	74.596	141.0304	143.9405	1.5298	measured
1536	1890	2903040	single-workgroup-tree	14	135	-	14	64	2	30	64	285.291	308.459	332.792	60.091	9225.084	9432.875	9472.834	86.802	141.9015	144.8320	2.3316	measured
1536	1890	2903040	single-workgroup-tree	15	126	-	15	64	2	30	64	283.500	307.333	330.375	18.196	9191.667	9374.958	9418.959	68.665	141.3995	143.9306	1.3787	measured
1536	1890	2903040	single-workgroup-tree	18	105	-	18	80	2	30	64	283.083	300.958	320.750	13.837	9045.208	9249.291	9357.958	96.646	139.0813	142.0370	1.7537	measured
1536	1890	2903040	single-workgroup-tree	21	90	-	21	96	2	30	64	287.333	308.000	335.167	31.670	9305.167	9506.084	9540.459	70.991	143.1402	146.0013	1.6296	measured
1536	1890	2903040	single-workgroup-tree	27	70	-	27	112	2	30	64	283.416	304.208	328.792	23.677	8993.791	9185.250	9223.292	65.598	138.2599	140.9689	1.4171	measured
1536	1890	2903040	single-workgroup-tree	30	63	-	30	128	2	30	64	290.917	314.375	332.500	15.222	9550.750	9710.417	9774.333	75.458	146.9815	149.1435	1.4394	measured
1536	1890	2903040	single-workgroup-tree	35	54	-	35	144	2	30	64	274.833	311.833	330.042	19.733	9344.375	9535.375	9585.333	72.650	143.9610	146.4054	1.4664	measured
1536	1890	2903040	single-workgroup-tree	42	45	-	42	176	2	30	64	283.833	307.250	336.750	36.362	9116.000	9296.958	9336.917	69.920	140.1931	142.6938	1.6870	measured
1536	1890	2903040	single-workgroup-tree	45	42	-	45	192	2	30	64	284.125	309.542	332.166	29.676	9326.833	9525.208	9582.125	75.667	143.5350	146.2804	1.6721	measured
1536	1890	2903040	single-workgroup-tree	54	35	-	54	224	2	30	64	286.916	308.750	326.834	15.223	9170.125	9349.208	9387.667	71.070	141.0033	143.4993	1.3697	measured
1536	1890	2903040	single-workgroup-tree	63	30	-	63	256	2	30	64	292.750	313.250	341.875	27.085	9680.709	9886.333	9954.000	87.631	149.0152	151.9537	1.8209	measured
1536	1890	2903040	single-workgroup-tree	70	27	-	70	288	2	30	64	280.084	297.458	328.708	37.274	8982.625	9184.542	9236.667	74.416	138.1356	141.0648	1.7729	measured
1536	1890	2903040	single-workgroup-tree	90	21	-	90	368	2	30	64	287.000	304.875	326.209	14.574	9398.209	9570.166	9629.208	72.013	144.6224	147.0681	1.3744	measured
1536	1890	2903040	single-workgroup-tree	105	18	-	105	432	2	30	64	283.459	309.167	338.333	19.950	8981.333	9179.917	9231.208	88.854	138.0615	140.8056	1.7270	measured
1536	1890	2903040	single-workgroup-tree	126	15	-	126	512	2	30	64	279.791	307.334	327.750	33.624	9075.792	9286.792	9345.958	89.044	139.6191	142.5311	1.9471	measured
1536	1890	2903040	single-workgroup-tree	135	14	-	135	544	2	30	64	286.542	309.625	336.084	28.532	9332.042	9520.583	9587.750	74.566	143.5794	146.2057	1.6365	measured
1536	1890	2903040	single-workgroup-tree	189	10	-	189	768	2	30	64	284.958	312.625	329.875	42.118	9233.834	9416.791	9480.375	92.483	142.0457	144.5106	2.1365	measured
1536	1890	2903040	single-workgroup-tree	210	9	-	210	848	2	30	64	281.875	310.542	334.750	18.229	9095.000	9256.542	9296.625	68.563	139.8909	142.0000	1.3776	measured
1536	1890	2903040	single-workgroup-tree	270	7	production	270	1088	2	30	64	305.542	333.250	348.208	31.194	10554.459	10731.541	10788.458	65.764	162.6812	165.0522	1.5390	measured
1536	1890	2903040	single-workgroup-tree	315	6	-	315	1264	2	30	64	294.458	315.333	341.833	25.134	9890.416	10058.500	10124.000	72.966	152.3168	154.6534	1.5571	measured
1536	1890	2903040	single-workgroup-tree	378	5	-	378	1520	2	30	64	285.250	309.834	333.875	31.551	9277.166	9455.250	9495.333	74.630	142.7288	145.1653	1.6854	measured
1536	1890	2903040	single-workgroup-tree	630	3	-	630	2528	2	30	64	290.125	312.042	329.875	14.008	9634.958	9814.167	9848.417	61.969	148.3307	150.8274	1.2060	measured
1536	1890	2903040	single-workgroup-tree	945	2	-	945	3792	2	30	64	303.791	325.166	354.042	27.901	10495.041	10701.875	10738.750	72.509	161.7659	164.7097	1.5938	measured
1536	1050	1612800	single-workgroup-tree	2	525	-	2	16	2	30	64	259.334	280.625	311.834	35.625	6978.625	7154.750	7199.833	73.906	106.6554	109.1131	1.7386	measured
1536	1050	1612800	single-workgroup-tree	3	350	-	3	16	2	30	64	270.750	305.542	333.167	50.866	8761.375	8890.792	8952.250	75.766	134.7718	136.2738	2.0100	measured
1536	1050	1612800	single-workgroup-tree	5	210	-	5	32	2	30	64	226.584	255.583	272.708	16.500	5484.542	5641.000	5673.959	55.251	83.4597	85.4828	1.1389	measured
1536	1050	1612800	single-workgroup-tree	6	175	-	6	32	2	30	64	231.208	251.917	283.875	44.832	5374.542	5535.834	5582.750	72.740	81.6402	83.8717	1.8662	measured
1536	1050	1612800	single-workgroup-tree	7	150	-	7	32	2	30	64	255.417	274.625	302.750	40.630	6594.292	6766.625	6802.625	64.104	100.6171	103.0476	1.6624	measured
1536	1050	1612800	single-workgroup-tree	10	105	-	10	48	2	30	64	224.875	242.834	278.791	33.342	4936.375	5076.875	5132.416	55.612	74.7857	76.7308	1.4120	measured
1536	1050	1612800	single-workgroup-tree	14	75	-	14	64	2	30	64	232.500	251.834	277.250	15.152	5181.584	5371.417	5445.417	85.997	78.5569	81.2632	1.6055	measured
1536	1050	1612800	single-workgroup-tree	15	70	-	15	64	2	30	64	226.000	247.375	279.333	36.197	4819.166	4957.750	5016.667	70.354	72.9074	74.7679	1.6913	measured
1536	1050	1612800	single-workgroup-tree	21	50	-	21	96	2	30	64	223.292	248.291	270.916	16.304	4836.458	4979.375	5021.417	54.559	73.2249	75.0966	1.1248	measured
1536	1050	1612800	single-workgroup-tree	25	42	-	25	112	2	30	64	230.458	255.791	275.458	38.983	5193.500	5365.250	5420.791	71.695	78.7784	81.1025	1.7568	measured
1536	1050	1612800	single-workgroup-tree	30	35	-	30	128	2	30	64	227.708	250.500	277.208	49.505	4950.208	5110.917	5135.209	51.398	74.9603	77.1495	1.6016	measured
1536	1050	1612800	single-workgroup-tree	35	30	-	35	144	2	30	64	234.250	255.333	284.209	43.204	5318.541	5492.750	5547.208	75.766	80.7030	83.1336	1.8884	measured
1536	1050	1612800	single-workgroup-tree	42	25	-	42	176	2	30	64	225.209	246.917	278.333	17.550	5049.417	5198.625	5247.250	58.890	76.5747	78.5985	1.2133	measured
1536	1050	1612800	single-workgroup-tree	50	21	-	50	208	2	30	64	221.500	244.167	275.000	17.640	4878.666	4998.042	5047.000	47.793	73.9233	75.4583	1.0386	measured
1536	1050	1612800	single-workgroup-tree	70	15	-	70	288	2	30	64	223.708	248.917	271.958	30.579	4889.250	5030.500	5066.375	49.875	74.0562	75.8981	1.2770	measured
1536	1050	1612800	single-workgroup-tree	75	14	-	75	304	2	30	64	224.875	247.334	276.042	17.685	5045.667	5207.417	5247.000	64.371	76.5205	78.7315	1.3025	measured
1536	1050	1612800	single-workgroup-tree	105	10	-	105	432	2	30	64	225.541	249.875	270.958	30.179	4937.542	5080.750	5119.792	58.714	74.7937	76.6806	1.4110	measured
1536	1050	1612800	single-workgroup-tree	150	7	-	150	608	2	30	64	233.291	264.250	289.250	29.915	5884.333	6059.667	6097.959	57.537	89.6991	91.9907	1.3881	measured
1536	1050	1612800	single-workgroup-tree	175	6	-	175	704	2	30	64	229.958	253.208	279.917	35.269	5211.750	5365.250	5427.667	42.851	79.0761	81.1435	1.2400	measured
1536	1050	1612800	single-workgroup-tree	210	5	production	210	848	2	30	64	229.583	245.500	278.416	21.043	5141.875	5286.333	5353.583	56.321	77.9729	80.0132	1.2280	measured
1536	1050	1612800	single-workgroup-tree	350	3	-	350	1408	2	30	64	265.000	287.250	314.292	28.759	7407.333	7601.375	7655.542	87.462	113.3704	116.0972	1.8448	measured
1536	1050	1612800	single-workgroup-tree	525	2	-	525	2112	2	30	64	253.375	270.125	289.000	33.286	6548.708	6724.458	6756.458	78.877	99.9259	102.4497	1.7804	measured
1536	1155	1774080	single-workgroup-tree	3	385	-	3	16	2	30	64	248.875	270.167	291.583	14.089	6300.875	6467.375	6514.584	68.985	96.0635	98.3684	1.3186	measured
1536	1155	1774080	single-workgroup-tree	5	231	-	5	32	2	30	64	241.458	265.083	281.458	27.558	5973.209	6143.875	6203.583	80.024	90.9802	93.3142	1.7077	measured
1536	1155	1774080	single-workgroup-tree	7	165	-	7	32	2	30	64	246.500	260.709	284.375	13.410	5840.250	6019.500	6073.875	84.104	88.7897	91.4094	1.5478	measured
1536	1155	1774080	single-workgroup-tree	11	105	-	11	48	2	30	64	237.583	256.625	280.291	37.823	5346.084	5492.125	5533.958	63.079	81.0873	83.1032	1.6016	measured
1536	1155	1774080	single-workgroup-tree	15	77	-	15	64	2	30	64	232.417	252.042	285.000	30.656	5237.791	5390.166	5430.250	62.813	79.4504	81.5575	1.4836	measured
1536	1155	1774080	single-workgroup-tree	21	55	-	21	96	2	30	64	233.042	255.125	277.458	15.068	5274.000	5410.208	5450.750	46.248	80.0152	81.8267	0.9733	measured
1536	1155	1774080	single-workgroup-tree	33	35	-	33	144	2	30	64	231.833	254.875	281.666	23.650	5285.959	5410.291	5449.375	37.626	80.2242	81.8320	0.9726	measured
1536	1155	1774080	single-workgroup-tree	35	33	-	35	144	2	30	64	234.500	256.875	278.375	13.876	5288.750	5436.917	5470.000	62.645	80.2262	82.2229	1.2146	measured
1536	1155	1774080	single-workgroup-tree	55	21	-	55	224	2	30	64	234.375	255.792	281.417	25.741	5262.625	5425.000	5524.042	78.669	79.8135	82.0509	1.6573	measured
1536	1155	1774080	single-workgroup-tree	77	15	-	77	320	2	30	64	231.875	255.167	284.625	37.213	5309.417	5446.333	5493.917	50.665	80.5959	82.3995	1.3949	measured
1536	1155	1774080	single-workgroup-tree	105	11	-	105	432	2	30	64	231.416	253.875	286.000	35.701	5358.833	5493.834	5545.833	53.839	81.3876	83.1740	1.4213	measured
1536	1155	1774080	single-workgroup-tree	165	7	-	165	672	2	30	64	236.666	258.083	286.166	18.845	5642.625	5838.458	5884.625	85.341	85.8089	88.5774	1.6537	measured
1536	1155	1774080	single-workgroup-tree	231	5	production	231	928	2	30	64	242.750	261.333	283.709	38.166	5622.500	5780.541	5822.917	58.820	85.3929	87.6065	1.5395	measured
1536	1155	1774080	single-workgroup-tree	385	3	-	385	1552	2	30	64	241.291	264.958	283.000	32.631	5945.833	6132.958	6189.584	75.855	90.5483	93.1429	1.7220	measured
1536	1274	1956864	single-workgroup-tree	2	637	-	2	16	2	30	64	266.542	287.083	289.917	20.812	7494.541	7669.542	7700.500	61.274	114.7301	117.1819	1.3029	measured
1536	1274	1956864	single-workgroup-tree	7	182	-	7	32	2	30	64	286.625	293.834	300.875	23.524	7993.500	8184.084	8227.750	83.038	122.3313	125.2421	1.6915	measured
1536	1274	1956864	single-workgroup-tree	13	98	-	13	64	2	30	64	258.917	277.000	281.792	5.208	6842.625	7031.166	7068.208	79.797	104.5033	107.2090	1.3493	measured
1536	1274	1956864	single-workgroup-tree	14	91	-	14	64	2	30	64	243.625	260.958	264.334	20.015	5777.791	5922.500	5968.333	63.184	87.8439	89.8657	1.3206	measured
1536	1274	1956864	single-workgroup-tree	26	49	-	26	112	2	30	64	241.833	260.750	265.792	34.402	5778.709	5910.042	5944.333	58.767	87.8869	89.6713	1.4789	measured
1536	1274	1956864	single-workgroup-tree	49	26	-	49	208	2	30	64	240.750	262.083	265.042	21.573	5873.417	6020.750	6063.292	60.885	89.4074	91.4074	1.3089	measured
1536	1274	1956864	single-workgroup-tree	91	14	-	91	368	2	30	64	238.292	261.333	263.583	6.687	5845.042	5994.958	6044.500	62.285	88.9960	91.0099	1.0948	measured
1536	1274	1956864	single-workgroup-tree	98	13	-	98	400	2	30	64	247.917	269.292	271.708	18.432	6376.291	6587.209	6643.375	84.468	97.2758	100.2844	1.6333	measured
1536	1274	1956864	single-workgroup-tree	182	7	production	182	736	2	30	64	262.666	279.417	284.916	26.904	7039.708	7208.875	7257.375	72.705	107.5721	109.9914	1.5811	measured
1536	1274	1956864	single-workgroup-tree	637	2	-	637	2560	2	30	64	263.625	283.208	285.209	6.627	7261.708	7434.750	7482.250	70.969	111.0807	113.5165	1.2317	measured
1536	1430	2196480	single-workgroup-tree	2	715	-	2	16	2	30	64	274.292	308.542	328.000	15.475	7984.250	8152.875	8204.417	62.610	122.3803	124.5132	1.2394	measured
1536	1430	2196480	single-workgroup-tree	5	286	-	5	32	2	30	64	265.750	298.334	314.084	22.385	7291.167	7484.083	7530.917	70.339	111.5146	114.0595	1.4718	measured
1536	1430	2196480	single-workgroup-tree	10	143	-	10	48	2	30	64	261.250	287.125	311.792	39.959	7144.458	7363.500	7401.917	70.799	109.2573	112.3234	1.7581	measured
1536	1430	2196480	single-workgroup-tree	11	130	-	11	48	2	30	64	251.083	281.292	308.333	48.114	6815.917	7029.875	7090.291	75.133	104.2037	107.1204	1.9563	measured
1536	1430	2196480	single-workgroup-tree	13	110	-	13	64	2	30	64	274.792	291.042	313.500	12.520	7599.042	7791.875	7831.459	70.350	116.2579	119.0608	1.3154	measured
1536	1430	2196480	single-workgroup-tree	22	65	-	22	96	2	30	64	250.333	277.333	306.625	45.836	6573.792	6700.167	6737.292	56.321	100.3724	101.9497	1.6215	measured
1536	1430	2196480	single-workgroup-tree	26	55	-	26	112	2	30	64	254.375	275.875	293.792	39.226	6554.291	6674.333	6761.834	74.725	99.9987	101.5628	1.8087	measured
1536	1430	2196480	single-workgroup-tree	55	26	-	55	224	2	30	64	261.500	277.958	303.625	36.909	6666.458	6803.416	6862.667	84.078	101.6660	103.5787	1.9204	measured
1536	1430	2196480	single-workgroup-tree	65	22	-	65	272	2	30	64	253.208	277.458	294.000	33.410	6606.042	6743.250	6785.250	68.787	100.8386	102.6316	1.6222	measured
1536	1430	2196480	single-workgroup-tree	110	13	-	110	448	2	30	64	277.500	285.792	311.209	23.917	7184.458	7345.833	7411.500	74.578	109.6343	112.0641	1.5634	measured
1536	1430	2196480	single-workgroup-tree	130	11	-	130	528	2	30	64	261.041	280.250	299.917	11.324	6842.917	7024.791	7062.042	71.738	104.4742	107.0562	1.3184	measured
1536	1430	2196480	single-workgroup-tree	143	10	-	143	576	2	30	64	264.750	289.000	305.959	11.950	6994.583	7176.084	7227.375	82.173	106.8227	109.3188	1.4940	measured
1536	1430	2196480	single-workgroup-tree	286	5	production	286	1152	2	30	64	259.417	288.708	297.667	25.088	6836.667	6990.917	7064.125	75.991	104.4008	106.3843	1.6044	measured
1536	1430	2196480	single-workgroup-tree	715	2	-	715	2864	2	30	64	273.917	311.250	322.292	20.003	7868.208	8052.791	8100.209	80.906	120.5443	122.8816	1.6017	measured
1536	1575	2419200	single-workgroup-tree	3	525	-	3	16	2	30	64	298.500	320.083	336.042	33.094	9453.250	9621.500	9672.375	61.863	145.3135	147.6415	1.5073	measured
1536	1575	2419200	single-workgroup-tree	5	315	-	5	32	2	30	64	298.958	317.000	342.708	38.225	9200.875	9365.417	9400.708	61.205	141.3003	143.6257	1.5783	measured
1536	1575	2419200	single-workgroup-tree	7	225	-	7	32	2	30	64	270.917	291.708	311.209	11.270	7606.084	7797.291	7856.958	80.902	116.4312	119.1362	1.4630	measured
1536	1575	2419200	single-workgroup-tree	9	175	-	9	48	2	30	64	265.417	290.709	307.209	11.213	7516.875	7697.750	7758.000	71.971	115.1025	117.5721	1.3204	measured
1536	1575	2419200	single-workgroup-tree	15	105	-	15	64	2	30	64	262.250	285.750	308.625	31.633	7368.458	7544.291	7598.625	69.787	112.7970	115.2149	1.6098	measured
1536	1575	2419200	single-workgroup-tree	21	75	-	21	96	2	30	64	267.291	289.000	307.250	26.415	7532.000	7739.250	7782.292	82.341	115.3128	118.2579	1.7263	measured
1536	1575	2419200	single-workgroup-tree	25	63	-	25	112	2	30	64	267.959	287.458	304.125	36.945	7531.625	7704.875	7745.334	65.366	115.2963	117.7368	1.6240	measured
1536	1575	2419200	single-workgroup-tree	35	45	-	35	144	2	30	64	267.750	288.209	309.166	29.808	7335.083	7518.125	7560.583	78.844	112.1799	114.7606	1.7246	measured
1536	1575	2419200	single-workgroup-tree	45	35	-	45	192	2	30	64	271.125	287.417	307.000	12.411	7338.333	7522.042	7563.625	63.485	112.1779	114.8353	1.2047	measured
1536	1575	2419200	single-workgroup-tree	63	25	-	63	256	2	30	64	271.541	289.084	307.958	32.581	7451.917	7651.041	7716.291	82.983	113.9742	116.8565	1.8344	measured
1536	1575	2419200	single-workgroup-tree	75	21	-	75	304	2	30	64	272.959	289.000	316.250	16.331	7515.583	7699.584	7742.459	77.883	114.9623	117.6283	1.4955	measured
1536	1575	2419200	single-workgroup-tree	105	15	-	105	432	2	30	64	268.083	289.041	308.417	11.725	7475.500	7600.916	7647.708	61.916	114.4034	116.0615	1.1689	measured
1536	1575	2419200	single-workgroup-tree	175	9	-	175	704	2	30	64	272.750	291.042	314.291	34.435	7537.125	7731.292	7774.459	73.343	115.3075	118.0992	1.7108	measured
1536	1575	2419200	single-workgroup-tree	225	7	production	225	912	2	30	64	262.041	288.833	302.958	11.786	7506.917	7684.875	7742.458	80.755	114.9980	117.3975	1.4689	measured
1536	1575	2419200	single-workgroup-tree	315	5	-	315	1264	2	30	64	274.917	301.417	313.792	22.864	8396.791	8576.083	8652.625	84.379	128.9186	131.3439	1.7023	measured
1536	1575	2419200	single-workgroup-tree	525	3	-	525	2112	2	30	64	284.541	307.625	323.833	23.763	8644.292	8838.208	8893.792	78.543	132.6945	135.4061	1.6239	measured
1536	1925	2956800	single-workgroup-tree	5	385	-	5	32	2	30	64	294.792	319.208	339.666	15.220	9750.709	9919.459	9979.417	73.297	150.0939	152.3849	1.4050	measured
1536	1925	2956800	single-workgroup-tree	7	275	-	7	32	2	30	64	299.542	322.000	342.542	29.223	10082.084	10265.875	10303.917	85.117	155.2784	157.8393	1.8149	measured
1536	1925	2956800	single-workgroup-tree	11	175	-	11	48	2	30	64	286.792	309.584	327.167	33.140	9332.959	9484.834	9545.666	80.887	143.5900	145.6389	1.8100	measured
1536	1925	2956800	single-workgroup-tree	25	77	-	25	112	2	30	64	280.958	307.167	319.167	12.751	9157.959	9347.708	9413.625	86.193	140.9048	143.5007	1.5705	measured
1536	1925	2956800	single-workgroup-tree	35	55	-	35	144	2	30	64	287.167	311.375	419.708	48.761	9123.416	9289.500	9350.584	75.367	140.2579	142.5099	1.9703	measured
1536	1925	2956800	single-workgroup-tree	55	35	-	55	224	2	30	64	283.792	309.667	326.375	14.291	9132.958	9308.542	9368.291	82.951	140.4630	142.8393	1.5435	measured
1536	1925	2956800	single-workgroup-tree	77	25	-	77	320	2	30	64	287.250	307.500	320.542	12.233	9112.667	9324.000	9383.916	80.904	140.0860	143.1190	1.4784	measured
1536	1925	2956800	single-workgroup-tree	175	11	-	175	704	2	30	64	285.417	310.958	323.334	39.441	9293.667	9469.208	9529.584	83.068	142.9881	145.3690	1.9446	measured
1536	1925	2956800	single-workgroup-tree	275	7	production	275	1104	2	30	64	296.666	320.458	332.167	14.488	9884.625	10066.083	10197.458	98.567	152.1898	154.6925	1.7945	measured
1536	1925	2956800	single-workgroup-tree	385	5	-	385	1552	2	30	64	286.792	313.084	333.792	24.894	9400.500	9568.292	9624.458	116.438	144.6620	146.9081	2.2434	measured
1536	1024	1572864	single-workgroup-tree	2	512	-	2	16	2	30	64	248.750	273.000	290.333	14.767	6459.875	6616.916	6685.209	68.964	98.5893	100.6971	1.3291	measured
1536	1024	1572864	single-workgroup-tree	4	256	-	4	16	2	30	64	230.458	255.208	282.083	30.918	5413.125	5590.333	5645.458	70.558	82.2646	84.6845	1.6107	measured
1536	1024	1572864	single-workgroup-tree	8	128	-	8	32	2	30	64	241.208	263.959	295.417	45.702	5939.709	6121.584	6174.125	67.367	90.4524	92.9782	1.7947	measured
1536	1024	1572864	single-workgroup-tree	16	64	-	16	64	2	30	64	220.416	244.500	273.500	42.547	4667.750	4822.500	4883.917	65.085	70.5926	72.6667	1.7084	measured
1536	1024	1572864	single-workgroup-tree	32	32	-	32	128	2	30	64	224.666	242.750	257.500	14.135	5111.208	5283.541	5344.500	64.566	77.5642	80.0126	1.2492	measured
1536	1024	1572864	single-workgroup-tree	64	16	-	64	256	2	30	64	221.541	239.041	267.292	26.927	4767.875	4898.417	4939.000	139.633	72.1640	73.9583	2.6438	measured
1536	1024	1572864	single-workgroup-tree	128	8	-	128	512	2	30	64	233.250	256.000	282.416	16.740	5550.958	5758.416	5798.792	69.169	84.4081	87.3399	1.3636	measured
1536	1024	1572864	single-workgroup-tree	256	4	production	256	1024	2	30	64	226.791	253.667	279.916	16.736	5130.708	5322.167	5366.333	57.949	77.8400	80.4524	1.1855	measured
1536	1024	1572864	single-workgroup-tree	512	2	-	512	2048	2	30	64	242.125	266.375	281.959	15.371	6089.709	6265.875	6307.833	60.661	92.8188	95.2302	1.2069	measured
1536	1729	2655744	single-workgroup-tree	7	247	-	7	32	2	30	64	280.125	303.750	322.458	23.599	8534.209	8716.333	8744.583	63.797	131.0172	133.5331	1.3872	measured
1536	1729	2655744	single-workgroup-tree	13	133	-	13	64	2	30	64	282.417	299.625	313.875	30.432	8192.000	8352.750	8401.750	90.365	125.5489	127.8274	1.9174	measured
1536	1729	2655744	single-workgroup-tree	19	91	-	19	80	2	30	64	277.791	298.167	314.167	48.113	8153.167	8357.708	8399.750	65.962	125.0060	127.9292	1.8107	measured
1536	1729	2655744	single-workgroup-tree	91	19	-	91	368	2	30	64	283.250	298.125	313.958	32.104	8155.208	8324.875	8377.375	70.612	124.9517	127.4087	1.6304	measured
1536	1729	2655744	single-workgroup-tree	133	13	-	133	544	2	30	64	284.458	298.875	316.084	21.210	8210.125	8366.666	8399.375	51.615	125.8042	128.0602	1.1559	measured
1536	1729	2655744	single-workgroup-tree	247	7	production	247	992	2	30	64	290.750	303.167	322.625	9.454	8432.667	8589.250	8643.792	67.951	129.2368	131.5251	1.2287	measured
6144	1080	6635520	single-workgroup-tree	2	540	-	2	16	2	30	64	513.208	542.209	579.958	33.083	23871.417	23992.375	24039.875	56.426	370.7652	372.2249	1.4208	measured
6144	1080	6635520	single-workgroup-tree	3	360	-	3	16	2	30	64	651.875	705.291	779.166	44.342	32548.417	32705.166	32763.000	62.989	506.2943	507.9345	1.7037	measured
6144	1080	6635520	single-workgroup-tree	4	270	-	4	16	2	30	64	605.541	672.375	724.708	42.051	28911.042	29048.167	29092.333	71.271	449.2937	450.4094	1.7988	measured
6144	1080	6635520	single-workgroup-tree	5	216	-	5	32	2	30	64	475.375	511.250	554.208	37.934	21237.875	21399.792	21467.417	76.257	329.5635	331.5642	1.8126	measured
6144	1080	6635520	single-workgroup-tree	6	180	-	6	32	2	30	64	533.625	562.834	614.209	59.901	24995.833	25189.167	25243.750	75.162	388.2890	390.8942	2.1439	measured
6144	1080	6635520	single-workgroup-tree	8	135	-	8	32	2	30	64	474.458	505.083	530.125	21.493	21193.583	21367.875	21417.875	65.904	328.8750	331.1554	1.3872	measured
6144	1080	6635520	single-workgroup-tree	9	120	-	9	48	2	30	64	458.416	482.791	516.125	149.053	20191.000	20440.542	20522.125	77.246	313.2156	316.7897	3.5920	measured
6144	1080	6635520	single-workgroup-tree	10	108	-	10	48	2	30	64	485.125	506.541	538.875	52.813	22040.166	22230.834	22274.791	59.821	342.1435	344.8300	1.7878	measured
6144	1080	6635520	single-workgroup-tree	12	90	-	12	48	2	30	64	481.667	501.667	527.458	32.664	21590.750	21755.625	21816.583	69.618	335.0648	337.3644	1.6235	measured
6144	1080	6635520	single-workgroup-tree	15	72	-	15	64	2	30	64	470.875	492.292	528.958	39.296	21029.750	21121.708	21236.458	82.132	326.3313	327.4510	1.9274	measured
6144	1080	6635520	single-workgroup-tree	18	60	-	18	80	2	30	64	466.875	491.875	519.625	38.876	21087.125	21145.959	21225.791	70.696	327.3056	327.8426	1.7392	measured
6144	1080	6635520	single-workgroup-tree	20	54	-	20	80	2	30	64	472.333	492.084	537.166	49.465	21064.584	21214.959	21270.917	53.648	326.8611	328.9345	1.6367	measured
6144	1080	6635520	single-workgroup-tree	24	45	-	24	96	2	30	64	458.125	482.292	541.500	53.881	20258.667	20428.375	20482.375	60.770	314.2943	316.6045	1.8199	measured
6144	1080	6635520	single-workgroup-tree	27	40	-	27	112	2	30	64	453.125	478.209	516.417	61.259	20291.084	20455.500	20568.458	85.400	314.8882	317.0999	2.3279	measured
6144	1080	6635520	single-workgroup-tree	30	36	-	30	128	2	30	64	461.708	486.250	519.584	21.681	20649.583	20749.083	20786.042	50.362	320.4425	321.6323	1.1435	measured
6144	1080	6635520	single-workgroup-tree	36	30	-	36	144	2	30	64	470.000	494.584	526.500	45.593	21042.833	21209.542	21282.500	70.812	326.5529	328.8089	1.8477	measured
6144	1080	6635520	single-workgroup-tree	40	27	-	40	160	2	30	64	457.125	482.166	503.875	22.990	20185.583	20400.333	20468.333	84.474	313.1501	316.1614	1.7058	measured
6144	1080	6635520	single-workgroup-tree	45	24	-	45	192	2	30	64	452.292	479.959	508.375	22.599	20104.416	20324.417	20381.875	78.910	311.9385	314.9914	1.6113	measured
6144	1080	6635520	single-workgroup-tree	54	20	-	54	224	2	30	64	455.958	487.834	513.500	23.842	20511.917	20694.250	20778.250	80.701	318.3486	320.7368	1.6594	measured
6144	1080	6635520	single-workgroup-tree	60	18	-	60	240	2	30	64	464.292	488.417	519.791	32.943	20674.375	20836.667	20899.417	68.946	320.7950	322.9881	1.6173	measured
6144	1080	6635520	single-workgroup-tree	72	15	-	72	288	2	30	64	471.042	490.708	508.667	23.283	20906.042	21067.959	21118.333	72.449	324.3651	326.6230	1.5196	measured
6144	1080	6635520	single-workgroup-tree	90	12	-	90	368	2	30	64	471.709	498.250	540.083	57.683	21197.459	21349.125	21417.583	75.251	328.9802	330.9663	2.1101	measured
6144	1080	6635520	single-workgroup-tree	108	10	-	108	432	2	30	64	480.958	507.291	565.875	54.624	21632.375	21802.958	21861.167	67.928	335.7368	338.0265	1.9453	measured
6144	1080	6635520	single-workgroup-tree	120	9	-	120	480	2	30	64	458.166	485.042	508.291	18.998	20219.958	20338.667	20418.333	64.671	313.6792	315.1369	1.3281	measured
6144	1080	6635520	single-workgroup-tree	135	8	-	135	544	2	30	64	467.792	495.583	552.667	51.768	20887.208	21011.208	21065.500	54.963	324.1177	325.6448	1.6941	measured
6144	1080	6635520	single-workgroup-tree	180	6	-	180	720	2	30	64	503.584	527.583	574.416	50.226	23136.125	23280.125	23373.500	66.916	359.2467	361.1515	1.8594	measured
6144	1080	6635520	single-workgroup-tree	216	5	-	216	864	2	30	64	463.292	490.708	533.708	26.458	20616.417	20765.834	20837.375	70.950	319.8909	321.8274	1.5462	measured
6144	1080	6635520	single-workgroup-tree	270	4	production	270	1088	2	30	64	542.083	568.000	584.916	46.941	25277.625	25461.291	25502.750	65.008	392.6277	395.1316	1.7770	measured
6144	1080	6635520	single-workgroup-tree	360	3	-	360	1440	2	30	64	583.500	656.041	698.375	37.735	27987.250	28189.042	28223.583	63.001	434.9802	437.0318	1.5990	measured
6144	1080	6635520	single-workgroup-tree	540	2	-	540	2160	2	30	64	512.125	551.500	577.542	43.228	22899.334	23014.792	23066.500	64.036	355.3525	356.5602	1.7026	measured
6144	1215	7464960	single-workgroup-tree	3	405	-	3	16	2	30	64	550.583	619.291	668.750	55.070	26247.042	26378.750	26479.125	78.932	407.8803	408.8803	2.1270	measured
6144	1215	7464960	single-workgroup-tree	5	243	-	5	32	2	30	64	517.458	561.333	595.125	32.256	24007.542	24260.875	24390.334	130.183	372.8585	376.1832	2.5784	measured
6144	1215	7464960	single-workgroup-tree	9	135	-	9	48	2	30	64	505.000	546.167	587.875	36.617	24308.042	24760.625	24890.917	227.427	377.8261	384.3565	4.1912	measured
6144	1215	7464960	single-workgroup-tree	15	81	-	15	64	2	30	64	506.500	536.000	566.833	22.849	23551.875	24016.958	24174.917	239.752	365.7996	372.7136	4.1683	measured
6144	1215	7464960	single-workgroup-tree	27	45	-	27	112	2	30	64	513.958	534.542	566.167	33.481	23602.167	23885.583	24172.750	217.501	366.4795	370.6514	3.9838	measured
6144	1215	7464960	single-workgroup-tree	45	27	-	45	192	2	30	64	513.625	537.334	632.667	50.373	23511.666	23764.667	24077.084	219.002	365.0483	368.6878	4.2758	measured
6144	1215	7464960	single-workgroup-tree	81	15	-	81	336	2	30	64	503.333	531.000	559.125	38.913	23348.042	23505.042	23850.292	201.411	362.6144	364.6673	3.8147	measured
6144	1215	7464960	single-workgroup-tree	135	9	-	135	544	2	30	64	518.459	539.542	562.958	14.620	23793.667	24078.209	24281.959	153.336	369.4477	373.6296	2.6660	measured
6144	1215	7464960	single-workgroup-tree	243	5	production	243	976	2	30	64	509.208	534.208	554.333	22.227	23368.375	23752.292	23888.084	168.195	362.8439	368.5410	3.0226	measured
6144	1215	7464960	single-workgroup-tree	405	3	-	405	1632	2	30	64	532.625	562.500	651.792	37.574	24980.875	25101.333	25160.959	56.466	388.0675	389.5053	1.4927	measured
6144	1320	8110080	single-workgroup-tree	2	660	-	2	16	2	30	64	925.333	973.958	1030.875	44.745	49086.458	49231.291	49301.792	58.801	764.4623	765.9894	1.6436	measured
6144	1320	8110080	single-workgroup-tree	3	440	-	3	16	2	30	64	794.291	846.958	888.000	37.142	39710.542	39843.875	39895.333	53.570	617.7183	618.9987	1.4399	measured
6144	1320	8110080	single-workgroup-tree	4	330	-	4	16	2	30	64	590.125	627.625	677.542	33.085	26972.042	27157.208	27289.458	105.853	418.7606	421.1045	2.2054	measured
6144	1320	8110080	single-workgroup-tree	5	264	-	5	32	2	30	64	677.292	714.208	773.542	51.647	32218.959	32330.417	32395.125	54.283	500.6614	501.8446	1.6814	measured
6144	1320	8110080	single-workgroup-tree	6	220	-	6	32	2	30	64	572.000	631.417	695.584	42.399	27010.541	27222.292	27347.458	113.685	419.6594	422.0774	2.4775	measured
6144	1320	8110080	single-workgroup-tree	8	165	-	8	32	2	30	64	569.333	635.583	688.375	37.620	26911.166	27148.208	27279.875	121.656	418.1243	420.8353	2.5282	measured
6144	1320	8110080	single-workgroup-tree	10	132	-	10	48	2	30	64	581.250	626.041	688.459	43.383	27460.542	27660.417	27741.375	94.397	426.6554	429.1171	2.1870	measured
6144	1320	8110080	single-workgroup-tree	11	120	-	11	48	2	30	64	572.084	614.917	669.625	36.712	26425.500	26666.375	26762.000	117.982	410.3717	413.5152	2.4555	measured
6144	1320	8110080	single-workgroup-tree	12	110	-	12	48	2	30	64	578.375	628.333	712.917	45.684	27380.250	27592.500	27748.500	118.901	425.4266	428.0027	2.6124	measured
6144	1320	8110080	single-workgroup-tree	15	88	-	15	64	2	30	64	555.833	618.500	698.333	55.816	26568.709	26787.375	26899.625	112.441	412.9028	415.3790	2.6707	measured
6144	1320	8110080	single-workgroup-tree	20	66	-	20	80	2	30	64	558.167	608.208	670.166	37.557	26435.208	26695.333	26784.875	113.350	410.7467	414.0813	2.3953	measured
6144	1320	8110080	single-workgroup-tree	22	60	-	22	96	2	30	64	567.750	624.458	684.750	47.116	27029.042	27242.458	27397.375	124.288	420.0205	422.5079	2.7207	measured
6144	1320	8110080	single-workgroup-tree	24	55	-	24	96	2	30	64	559.458	609.583	670.291	54.331	26371.750	26693.917	26844.083	127.982	409.7189	414.0370	2.8938	measured
6144	1320	8110080	single-workgroup-tree	30	44	-	30	128	2	30	64	578.000	649.833	695.375	52.341	27489.084	27733.667	27798.042	95.382	427.1601	429.9021	2.3448	measured
6144	1320	8110080	single-workgroup-tree	33	40	-	33	144	2	30	64	557.875	628.875	668.417	36.895	26371.625	26622.875	26791.208	143.762	409.7421	412.6032	2.8676	measured
6144	1320	8110080	single-workgroup-tree	40	33	-	40	160	2	30	64	552.250	634.209	675.667	44.393	26445.875	26653.167	26778.333	130.274	411.0099	412.9993	2.7725	measured
6144	1320	8110080	single-workgroup-tree	44	30	-	44	176	2	30	64	585.500	629.125	700.125	40.851	27817.750	28044.208	28142.000	96.070	432.2579	435.1600	2.1733	measured
6144	1320	8110080	single-workgroup-tree	55	24	-	55	224	2	30	64	557.084	607.750	658.500	33.754	26081.500	26239.459	26384.166	102.509	405.1495	406.8525	2.1629	measured
6144	1320	8110080	single-workgroup-tree	60	22	-	60	240	2	30	64	557.334	604.417	671.625	42.740	26381.917	26597.750	26696.375	117.648	409.9140	412.5926	2.5458	measured
6144	1320	8110080	single-workgroup-tree	66	20	-	66	272	2	30	64	552.083	592.792	665.000	39.638	26075.667	26187.834	26333.250	96.747	405.1363	406.2705	2.1648	measured
6144	1320	8110080	single-workgroup-tree	88	15	-	88	352	2	30	64	555.875	602.542	661.375	41.748	26121.875	26359.708	26479.667	122.140	405.8095	408.8439	2.6014	measured
6144	1320	8110080	single-workgroup-tree	110	12	-	110	448	2	30	64	567.125	630.042	695.500	41.484	26932.958	27131.083	27262.792	91.444	418.5053	420.6514	2.1100	measured
6144	1320	8110080	single-workgroup-tree	120	11	-	120	480	2	30	64	555.125	604.084	663.458	38.531	26060.125	26254.125	26369.541	101.565	404.8413	407.1435	2.2237	measured
6144	1320	8110080	single-workgroup-tree	132	10	-	132	528	2	30	64	579.250	632.708	689.750	39.442	27220.083	27377.084	27517.000	99.532	422.8704	424.5139	2.2059	measured
6144	1320	8110080	single-workgroup-tree	165	8	-	165	672	2	30	64	558.167	603.625	661.750	33.102	26118.542	26435.917	26529.500	123.872	405.7202	410.0364	2.4916	measured
6144	1320	8110080	single-workgroup-tree	220	6	-	220	880	2	30	64	579.416	638.583	678.959	34.318	26599.833	26756.083	26844.084	77.252	413.0225	414.5635	1.7710	measured
6144	1320	8110080	single-workgroup-tree	264	5	production	264	1056	2	30	64	632.334	694.167	726.834	34.793	29765.500	29899.125	29956.125	69.024	462.4312	463.5708	1.6479	measured
6144	1320	8110080	single-workgroup-tree	330	4	-	330	1328	2	30	64	574.625	607.667	676.500	35.735	26334.750	26527.459	26608.708	91.361	408.8909	411.4253	2.0174	measured
6144	1320	8110080	single-workgroup-tree	440	3	-	440	1760	2	30	64	685.458	748.000	802.208	40.859	34133.375	34299.000	34368.750	69.903	530.9193	532.5556	1.7581	measured
6144	1320	8110080	single-workgroup-tree	660	2	-	660	2640	2	30	64	798.792	853.209	913.833	47.072	40636.375	40786.375	40845.708	63.168	632.3426	633.8598	1.7498	measured
6144	1512	9289728	single-workgroup-tree	2	756	-	2	16	2	30	64	734.666	798.041	842.041	40.085	37363.416	37506.709	37574.458	49.816	581.4087	582.6773	1.4270	measured
6144	1512	9289728	single-workgroup-tree	3	504	-	3	16	2	30	64	857.292	908.416	951.250	29.858	45295.917	45464.666	45507.209	56.161	705.3750	707.2421	1.3654	measured
6144	1512	9289728	single-workgroup-tree	4	378	-	4	16	2	30	64	669.792	728.334	758.125	30.745	31666.250	31809.542	31880.708	62.402	492.0073	493.3525	1.4785	measured
6144	1512	9289728	single-workgroup-tree	6	252	-	6	32	2	30	64	706.708	760.375	791.167	31.934	34887.083	35044.708	35104.208	58.741	542.5456	544.1958	1.4393	measured
6144	1512	9289728	single-workgroup-tree	7	216	-	7	32	2	30	64	660.125	707.750	761.042	34.963	31392.208	31614.584	31707.458	87.808	487.8108	490.5847	1.9487	measured
6144	1512	9289728	single-workgroup-tree	8	189	-	8	32	2	30	64	650.625	720.458	761.917	50.245	31475.625	31725.625	31805.125	81.703	489.2857	492.1455	2.0944	measured
6144	1512	9289728	single-workgroup-tree	9	168	-	9	48	2	30	64	682.250	715.042	774.708	59.879	32436.333	32682.042	32741.958	94.622	504.0331	507.4127	2.4524	measured
6144	1512	9289728	single-workgroup-tree	12	126	-	12	48	2	30	64	645.208	677.875	737.708	35.497	31153.333	31321.167	31376.208	76.105	484.2560	486.4015	1.7715	measured
6144	1512	9289728	single-workgroup-tree	14	108	-	14	64	2	30	64	636.375	724.125	755.709	36.986	31694.667	31982.625	32103.500	113.121	492.9888	496.1667	2.3826	measured
6144	1512	9289728	single-workgroup-tree	18	84	-	18	80	2	30	64	642.792	707.500	754.291	39.973	31549.500	31765.834	31899.083	106.925	490.5827	492.9894	2.3317	measured
6144	1512	9289728	single-workgroup-tree	21	72	-	21	96	2	30	64	649.666	702.500	745.834	37.483	31154.084	31399.917	31476.959	79.160	484.1971	487.2606	1.8515	measured
6144	1512	9289728	single-workgroup-tree	24	63	-	24	96	2	30	64	635.084	723.666	750.167	45.111	31298.958	31578.209	31685.542	113.606	486.7282	489.7547	2.5193	measured
6144	1512	9289728	single-workgroup-tree	27	56	-	27	112	2	30	64	640.250	705.667	739.791	32.486	30635.083	30905.750	31012.458	91.843	476.1085	479.3664	1.9735	measured
6144	1512	9289728	single-workgroup-tree	28	54	-	28	112	2	30	64	653.959	702.541	778.875	56.296	31815.250	31965.541	32052.500	74.449	494.6237	496.2381	2.0753	measured
6144	1512	9289728	single-workgroup-tree	36	42	-	36	144	2	30	64	647.250	704.542	753.667	36.954	31209.833	31346.667	31471.542	160.205	485.1204	486.3829	3.1295	measured
6144	1512	9289728	single-workgroup-tree	42	36	-	42	176	2	30	64	652.875	699.209	741.708	45.397	30769.667	30974.792	31085.875	83.037	478.0443	480.5648	2.0386	measured
6144	1512	9289728	single-workgroup-tree	54	28	-	54	224	2	30	64	652.500	692.084	736.792	29.689	30796.083	30916.750	31025.875	69.847	478.4696	479.7566	1.5799	measured
6144	1512	9289728	single-workgroup-tree	56	27	-	56	224	2	30	64	632.125	695.792	750.500	41.852	30422.167	30567.625	30659.334	77.287	472.8578	474.1561	1.8911	measured
6144	1512	9289728	single-workgroup-tree	63	24	-	63	256	2	30	64	631.500	694.375	732.458	64.261	30360.792	30477.083	30563.500	64.690	471.8935	472.7414	2.0468	measured
6144	1512	9289728	single-workgroup-tree	72	21	-	72	288	2	30	64	631.833	698.417	776.000	68.500	30516.500	30676.917	30795.917	75.597	474.3598	475.8492	2.2873	measured
6144	1512	9289728	single-workgroup-tree	84	18	-	84	336	2	30	64	638.625	696.792	742.333	62.097	30647.375	30791.875	30859.292	64.290	476.3294	477.6997	2.0062	measured
6144	1512	9289728	single-workgroup-tree	108	14	-	108	432	2	30	64	641.541	685.542	738.250	31.311	30906.916	31060.583	31152.292	73.667	480.4028	482.1435	1.6663	measured
6144	1512	9289728	single-workgroup-tree	126	12	-	126	512	2	30	64	617.333	689.917	730.208	41.925	30204.250	30365.416	30466.583	79.893	469.6336	471.0397	1.9336	measured
6144	1512	9289728	single-workgroup-tree	168	9	-	168	672	2	30	64	652.834	711.959	775.167	41.885	31867.916	31986.916	32109.834	80.467	495.4775	496.4279	1.9421	measured
6144	1512	9289728	single-workgroup-tree	189	8	-	189	768	2	30	64	621.458	716.875	751.625	49.845	30421.459	30537.208	30640.958	68.054	473.0159	473.3386	1.8714	measured
6144	1512	9289728	single-workgroup-tree	216	7	-	216	864	2	30	64	627.792	690.417	733.458	33.983	30254.458	30444.833	30556.917	91.587	470.2645	472.2923	1.9932	measured
6144	1512	9289728	single-workgroup-tree	252	6	production	252	1008	2	30	64	686.625	735.875	778.958	32.099	33329.583	33440.500	33534.167	69.343	518.1422	519.1210	1.6102	measured
6144	1512	9289728	single-workgroup-tree	378	4	-	378	1520	2	30	64	636.292	724.375	754.792	41.117	30439.708	30552.334	30631.875	65.948	473.0701	473.4597	1.6994	measured
6144	1512	9289728	single-workgroup-tree	504	3	-	504	2016	2	30	64	774.459	826.250	877.875	36.474	39130.208	39303.750	39365.416	69.755	608.8214	610.7540	1.6862	measured
6144	1512	9289728	single-workgroup-tree	756	2	-	756	3024	2	30	64	678.916	735.917	790.542	37.980	33518.459	33703.584	33753.833	67.942	521.2626	523.2963	1.6813	measured
6144	1638	10063872	single-workgroup-tree	2	819	-	2	16	2	30	64	889.708	928.333	972.750	34.270	45824.833	45945.500	46030.750	62.359	713.2560	714.5582	1.5338	measured
6144	1638	10063872	single-workgroup-tree	3	546	-	3	16	2	30	64	723.125	786.792	823.208	37.500	35927.375	36023.083	36103.041	49.716	558.7976	559.3062	1.3844	measured
6144	1638	10063872	single-workgroup-tree	6	273	-	6	32	2	30	64	684.000	767.792	796.958	37.158	33430.667	33631.125	33761.917	106.129	519.7884	521.6402	2.2744	measured
6144	1638	10063872	single-workgroup-tree	7	234	-	7	32	2	30	64	727.542	789.000	852.791	46.936	36514.708	36649.000	36750.625	71.471	568.0503	569.2063	1.8795	measured
6144	1638	10063872	single-workgroup-tree	9	182	-	9	48	2	30	64	718.417	766.917	835.833	37.662	35405.333	35553.041	35653.084	75.837	550.5860	552.1607	1.8016	measured
6144	1638	10063872	single-workgroup-tree	13	126	-	13	64	2	30	64	690.959	735.416	801.667	39.684	33746.042	33909.208	34063.792	106.323	524.6839	526.5681	2.3176	measured
6144	1638	10063872	single-workgroup-tree	14	117	-	14	64	2	30	64	691.000	757.250	806.459	34.259	33855.167	34000.292	34120.833	92.951	526.4153	527.6673	2.0192	measured
6144	1638	10063872	single-workgroup-tree	18	91	-	18	80	2	30	64	691.958	724.833	781.333	34.212	33208.000	33457.792	33549.209	89.973	516.1277	519.5708	1.9712	measured
6144	1638	10063872	single-workgroup-tree	21	78	-	21	96	2	30	64	686.292	730.583	771.208	45.234	33308.750	33553.334	33656.667	122.107	517.8168	520.9960	2.6562	measured
6144	1638	10063872	single-workgroup-tree	26	63	-	26	112	2	30	64	701.041	760.125	801.000	47.962	34087.958	34202.125	34279.917	87.321	529.9511	530.8254	2.1474	measured
6144	1638	10063872	single-workgroup-tree	39	42	-	39	160	2	30	64	702.542	742.666	784.084	29.122	33784.833	33902.500	34018.709	83.848	525.1157	526.3466	1.7932	measured
6144	1638	10063872	single-workgroup-tree	42	39	-	42	176	2	30	64	683.041	732.708	765.500	28.129	33283.708	33434.667	33534.834	87.384	517.4709	519.0787	1.8335	measured
6144	1638	10063872	single-workgroup-tree	63	26	-	63	256	2	30	64	663.167	736.167	778.292	37.288	33158.292	33278.375	33352.167	64.942	515.7956	516.5430	1.6227	measured
6144	1638	10063872	single-workgroup-tree	78	21	-	78	320	2	30	64	676.667	732.625	765.292	35.199	32542.833	32647.833	32804.500	98.816	505.8122	506.5906	2.1272	measured
6144	1638	10063872	single-workgroup-tree	91	18	-	91	368	2	30	64	673.708	726.500	789.208	36.904	32502.625	32655.167	32740.792	125.141	505.2209	506.8042	2.5721	measured
6144	1638	10063872	single-workgroup-tree	117	14	-	117	480	2	30	64	680.584	721.375	763.333	30.272	32670.667	32751.125	32879.583	71.239	507.7791	508.4087	1.6113	measured
6144	1638	10063872	single-workgroup-tree	126	13	-	126	512	2	30	64	679.708	726.250	767.875	36.115	32600.458	32794.708	32890.292	98.987	506.6786	509.0231	2.1445	measured
6144	1638	10063872	single-workgroup-tree	182	9	-	182	736	2	30	64	709.083	752.583	800.958	35.809	34479.625	34618.000	34732.625	85.109	536.0403	537.5463	1.9193	measured
6144	1638	10063872	single-workgroup-tree	234	7	-	234	944	2	30	64	711.125	752.292	825.292	37.039	35245.458	35407.583	35483.333	77.164	548.1640	550.0840	1.8128	measured
6144	1638	10063872	single-workgroup-tree	273	6	production	273	1104	2	30	64	670.041	726.833	769.958	36.978	32579.209	32775.500	32854.750	83.440	506.4947	508.7090	1.9114	measured
6144	1638	10063872	single-workgroup-tree	546	3	-	546	2192	2	30	64	703.584	748.250	809.542	53.082	33997.833	34183.500	34238.625	60.832	528.4801	530.7183	1.8082	measured
6144	1638	10063872	single-workgroup-tree	819	2	-	819	3280	2	30	64	827.208	894.042	938.791	48.831	42539.500	42658.291	42729.666	54.210	662.0999	662.9246	1.6356	measured
6144	1890	11612160	single-workgroup-tree	2	945	-	2	16	2	30	64	815.750	853.500	871.000	21.354	41099.916	41427.750	41599.666	162.301	639.4312	644.0357	2.9152	measured
6144	1890	11612160	single-workgroup-tree	3	630	-	3	16	2	30	64	791.333	833.250	877.125	38.642	39938.958	40086.709	40319.458	159.787	621.3909	623.0708	3.1497	measured
6144	1890	11612160	single-workgroup-tree	5	378	-	5	32	2	30	64	794.959	820.542	867.250	37.187	39177.333	39387.667	39508.333	110.164	609.2440	612.1766	2.3389	measured
6144	1890	11612160	single-workgroup-tree	6	315	-	6	32	2	30	64	798.375	839.708	871.750	24.464	40342.917	40555.291	40705.917	158.081	627.6911	630.4061	2.8975	measured
6144	1890	11612160	single-workgroup-tree	7	270	-	7	32	2	30	64	812.750	878.500	922.875	45.364	42384.292	42535.375	43014.750	242.334	659.8657	661.2202	4.5666	measured
6144	1890	11612160	single-workgroup-tree	9	210	-	9	48	2	30	64	767.583	811.833	850.083	30.127	38659.250	38879.958	38942.292	79.211	601.4550	604.2560	1.7355	measured
6144	1890	11612160	single-workgroup-tree	10	189	-	10	48	2	30	64	788.334	819.750	862.417	27.215	39597.625	39730.917	39846.959	156.983	616.0205	617.6376	2.9238	measured
6144	1890	11612160	single-workgroup-tree	14	135	-	14	64	2	30	64	765.292	838.791	879.167	34.451	39897.542	40136.042	40381.833	208.821	621.1468	623.7659	3.8614	measured
6144	1890	11612160	single-workgroup-tree	15	126	-	15	64	2	30	64	782.417	820.667	865.833	32.006	39108.334	39359.500	39435.208	134.514	608.3479	611.7275	2.6432	measured
6144	1890	11612160	single-workgroup-tree	18	105	-	18	80	2	30	64	772.750	815.750	860.166	27.336	38801.500	38979.250	39140.458	158.574	603.6310	605.7698	2.9509	measured
6144	1890	11612160	single-workgroup-tree	21	90	-	21	96	2	30	64	793.875	820.042	859.125	23.839	39921.208	40165.250	40295.084	137.415	621.0688	624.5271	2.5596	measured
6144	1890	11612160	single-workgroup-tree	27	70	-	27	112	2	30	64	767.708	810.875	852.750	30.219	38592.834	38745.917	38861.041	91.392	600.3988	602.1435	1.9303	measured
6144	1890	11612160	single-workgroup-tree	30	63	-	30	128	2	30	64	791.125	826.041	875.208	37.216	39963.167	40154.875	40302.792	136.444	621.7784	624.2672	2.7565	measured
6144	1890	11612160	single-workgroup-tree	35	54	-	35	144	2	30	64	760.209	820.375	861.875	28.282	39210.625	39394.583	39538.833	94.928	610.3241	612.2890	1.9557	measured
6144	1890	11612160	single-workgroup-tree	42	45	-	42	176	2	30	64	747.792	813.375	853.833	31.146	38659.583	38846.667	38936.083	89.809	601.7745	603.7030	1.9199	measured
6144	1890	11612160	single-workgroup-tree	45	42	-	45	192	2	30	64	781.583	836.750	874.959	34.880	39356.584	39523.292	39614.083	86.702	612.3016	614.0721	1.9299	measured
6144	1890	11612160	single-workgroup-tree	54	35	-	54	224	2	30	64	764.250	815.875	861.875	45.065	38724.792	38917.291	39010.291	84.268	602.5483	604.7844	2.0529	measured
6144	1890	11612160	single-workgroup-tree	63	30	-	63	256	2	30	64	770.750	837.334	869.959	35.031	39708.083	39891.041	40036.625	96.522	618.0529	619.9001	2.0881	measured
6144	1890	11612160	single-workgroup-tree	70	27	-	70	288	2	30	64	758.458	817.375	856.792	44.088	38202.500	38329.917	38465.834	87.035	594.3499	595.4372	2.0813	measured
6144	1890	11612160	single-workgroup-tree	90	21	-	90	368	2	30	64	756.375	794.667	826.375	33.345	38309.375	38482.208	38622.791	263.268	596.0794	598.2149	4.7081	measured
6144	1890	11612160	single-workgroup-tree	105	18	-	105	432	2	30	64	744.166	797.875	832.792	23.448	37666.125	37849.250	37939.333	108.859	586.0628	588.1171	2.1001	measured
6144	1890	11612160	single-workgroup-tree	126	15	-	126	512	2	30	64	754.583	805.291	844.667	32.413	37711.583	37963.375	38085.500	120.856	586.6190	589.8109	2.4328	measured
6144	1890	11612160	single-workgroup-tree	135	14	-	135	544	2	30	64	758.125	797.333	836.833	32.748	38088.458	38205.417	38294.000	113.002	592.5450	593.7791	2.3135	measured
6144	1890	11612160	single-workgroup-tree	189	10	-	189	768	2	30	64	761.000	808.792	849.250	35.954	37948.334	38155.500	38365.583	158.339	590.2751	592.8049	3.0840	measured
6144	1890	11612160	single-workgroup-tree	210	9	-	210	848	2	30	64	740.375	811.125	846.500	43.328	37728.792	37852.875	37957.000	146.661	587.1177	587.9643	3.0157	measured
6144	1890	11612160	single-workgroup-tree	270	7	production	270	1088	2	30	64	803.792	845.125	896.250	49.243	40662.958	40938.125	41264.708	206.500	632.6852	636.3968	4.0594	measured
6144	1890	11612160	single-workgroup-tree	315	6	-	315	1264	2	30	64	758.333	810.292	866.042	37.657	39116.292	39288.042	39501.042	167.249	608.8565	610.7579	3.2525	measured
6144	1890	11612160	single-workgroup-tree	378	5	-	378	1520	2	30	64	759.375	788.250	843.084	29.739	37818.291	38052.500	38158.958	137.838	588.2368	591.4960	2.6600	measured
6144	1890	11612160	single-workgroup-tree	630	3	-	630	2528	2	30	64	758.458	822.042	852.958	36.165	38466.625	38615.375	38751.917	113.849	598.5423	599.8942	2.3812	measured
6144	1890	11612160	single-workgroup-tree	945	2	-	945	3792	2	30	64	805.375	841.792	879.917	24.406	40146.291	40323.458	40574.333	183.366	624.4590	626.6931	3.2980	measured
6144	1050	6451200	single-workgroup-tree	2	525	-	2	16	2	30	64	539.000	571.250	659.917	52.373	25255.083	25403.208	25451.500	63.894	392.3188	394.1581	1.8455	measured
6144	1050	6451200	single-workgroup-tree	3	350	-	3	16	2	30	64	639.916	702.958	753.542	39.231	31756.958	31923.708	31982.375	53.027	493.9213	495.5675	1.4644	measured
6144	1050	6451200	single-workgroup-tree	5	210	-	5	32	2	30	64	462.958	507.375	571.834	45.718	20450.042	20573.917	20635.416	57.711	317.2553	318.5165	1.6417	measured
6144	1050	6451200	single-workgroup-tree	6	175	-	6	32	2	30	64	461.250	485.208	515.250	49.517	20092.042	20274.209	20378.333	84.329	311.5999	314.1111	2.1245	measured
6144	1050	6451200	single-workgroup-tree	7	150	-	7	32	2	30	64	509.292	537.625	571.541	39.830	23384.375	23550.542	23596.750	63.024	363.0966	365.2844	1.6326	measured
6144	1050	6451200	single-workgroup-tree	10	105	-	10	48	2	30	64	447.791	479.750	521.750	34.731	19715.750	19925.625	20106.875	117.963	305.8406	308.6647	2.4237	measured
6144	1050	6451200	single-workgroup-tree	14	75	-	14	64	2	30	64	452.209	485.416	524.292	23.214	20206.959	20432.333	20579.334	94.473	313.5675	316.6177	1.8680	measured
6144	1050	6451200	single-workgroup-tree	15	70	-	15	64	2	30	64	449.792	476.792	506.917	23.087	19577.833	19827.458	19968.750	118.185	303.6197	307.1534	2.2424	measured
6144	1050	6451200	single-workgroup-tree	21	50	-	21	96	2	30	64	452.500	484.125	508.542	41.314	19805.542	20015.125	20136.416	88.609	307.1911	310.0159	2.0623	measured
6144	1050	6451200	single-workgroup-tree	25	42	-	25	112	2	30	64	462.292	490.208	519.834	36.602	20624.667	20759.333	20888.792	83.180	320.0377	321.7321	1.9013	measured
6144	1050	6451200	single-workgroup-tree	30	35	-	30	128	2	30	64	452.875	474.250	505.458	21.262	19855.125	20020.792	20153.333	90.065	307.9722	310.2626	1.7671	measured
6144	1050	6451200	single-workgroup-tree	35	30	-	35	144	2	30	64	459.375	488.125	512.750	18.528	20425.333	20615.500	20700.042	65.988	316.9200	319.4821	1.3415	measured
6144	1050	6451200	single-workgroup-tree	42	25	-	42	176	2	30	64	452.416	485.042	506.292	22.087	19910.875	20002.166	20127.500	79.043	308.8644	309.7956	1.6052	measured
6144	1050	6451200	single-workgroup-tree	50	21	-	50	208	2	30	64	448.708	478.167	504.166	20.666	19603.667	19766.083	19869.250	73.653	304.0470	306.1574	1.4971	measured
6144	1050	6451200	single-workgroup-tree	70	15	-	70	288	2	30	64	447.667	474.500	585.625	52.712	19630.625	19750.708	19818.459	57.804	304.4914	305.9716	1.7542	measured
6144	1050	6451200	single-workgroup-tree	75	14	-	75	304	2	30	64	449.208	477.875	512.292	54.246	19941.416	20015.875	20096.208	53.737	309.4001	310.1270	1.7140	measured
6144	1050	6451200	single-workgroup-tree	105	10	-	105	432	2	30	64	446.291	476.250	512.917	53.757	19698.334	19800.208	19885.583	61.339	305.5880	306.7295	1.8269	measured
6144	1050	6451200	single-workgroup-tree	150	7	-	150	608	2	30	64	488.125	513.333	553.625	23.599	21993.667	22140.500	22248.833	74.410	341.3578	343.2884	1.5557	measured
6144	1050	6451200	single-workgroup-tree	175	6	-	175	704	2	30	64	452.750	488.459	524.917	27.064	19913.500	20071.583	20143.917	70.773	308.9008	310.8432	1.5530	measured
6144	1050	6451200	single-workgroup-tree	210	5	production	210	848	2	30	64	449.542	484.333	519.625	25.026	19792.625	19936.875	20022.958	78.808	307.0331	308.7705	1.6482	measured
6144	1050	6451200	single-workgroup-tree	350	3	-	350	1408	2	30	64	567.708	640.125	684.250	50.086	27104.500	27278.958	27342.084	71.152	421.2189	422.8386	1.9244	measured
6144	1050	6451200	single-workgroup-tree	525	2	-	525	2112	2	30	64	515.250	551.500	575.750	27.138	23946.542	24050.458	24112.375	50.224	371.9253	372.9993	1.2280	measured
6144	1155	7096320	single-workgroup-tree	3	385	-	3	16	2	30	64	512.541	541.792	575.417	44.723	23476.375	23630.791	23655.750	50.407	364.5053	366.4920	1.5100	measured
6144	1155	7096320	single-workgroup-tree	5	231	-	5	32	2	30	64	503.042	525.417	547.333	31.048	22629.792	22824.041	22878.792	70.721	351.2183	353.9464	1.6154	measured
6144	1155	7096320	single-workgroup-tree	7	165	-	7	32	2	30	64	493.209	529.667	583.291	47.638	22706.042	22813.500	22954.834	87.367	352.5847	353.7116	2.1429	measured
6144	1155	7096320	single-workgroup-tree	11	105	-	11	48	2	30	64	489.708	518.500	555.167	36.334	22273.083	22422.166	22505.958	75.513	345.7679	347.6772	1.7753	measured
6144	1155	7096320	single-workgroup-tree	15	77	-	15	64	2	30	64	486.041	518.250	561.834	27.420	22194.375	22384.542	22467.500	80.969	344.5767	347.0840	1.7205	measured
6144	1155	7096320	single-workgroup-tree	21	55	-	21	96	2	30	64	489.750	517.875	544.042	37.538	22191.208	22392.792	22454.459	73.396	344.4676	347.2209	1.7609	measured
6144	1155	7096320	single-workgroup-tree	33	35	-	33	144	2	30	64	489.916	513.792	542.541	17.426	22149.083	22380.833	22498.208	88.263	343.7963	347.0959	1.6776	measured
6144	1155	7096320	single-workgroup-tree	35	33	-	35	144	2	30	64	488.625	516.083	571.666	54.550	22106.875	22383.334	22458.667	80.484	343.1468	347.0992	2.1434	measured
6144	1155	7096320	single-workgroup-tree	55	21	-	55	224	2	30	64	487.541	516.792	549.666	38.371	21917.625	22131.333	22199.666	80.067	340.1601	343.0880	1.8800	measured
6144	1155	7096320	single-workgroup-tree	77	15	-	77	320	2	30	64	485.750	512.917	548.458	42.816	21932.875	22158.583	22200.833	84.601	340.4306	343.5820	2.0225	measured
6144	1155	7096320	single-workgroup-tree	105	11	-	105	432	2	30	64	487.666	514.917	561.250	24.487	21933.250	22155.875	22266.750	77.967	340.4061	343.5073	1.6263	measured
6144	1155	7096320	single-workgroup-tree	165	7	-	165	672	2	30	64	493.917	520.458	551.250	45.044	22237.959	22459.417	22513.333	76.548	345.1435	348.2374	1.9300	measured
6144	1155	7096320	single-workgroup-tree	231	5	production	231	928	2	30	64	492.000	519.667	564.083	21.658	22004.417	22261.500	22333.125	77.490	341.4669	345.1085	1.5738	measured
6144	1155	7096320	single-workgroup-tree	385	3	-	385	1552	2	30	64	498.459	523.958	560.291	50.445	22474.250	22661.625	22748.667	75.667	348.8221	351.3915	2.0018	measured
6144	1274	7827456	single-workgroup-tree	2	637	-	2	16	2	30	64	597.125	664.833	697.584	43.074	27818.875	27949.875	28001.125	51.174	432.0913	433.0959	1.4960	measured
6144	1274	7827456	single-workgroup-tree	7	182	-	7	32	2	30	64	602.292	668.875	708.625	33.798	28557.583	28737.709	28802.667	71.505	443.7348	445.5370	1.6715	measured
6144	1274	7827456	single-workgroup-tree	13	98	-	13	64	2	30	64	557.750	600.542	694.583	48.843	25872.541	26094.417	26264.958	131.454	401.8221	404.6647	2.8619	measured
6144	1274	7827456	single-workgroup-tree	14	91	-	14	64	2	30	64	535.209	570.084	603.500	37.452	24908.208	25230.000	25301.791	104.363	386.8730	391.4272	2.2510	measured
6144	1274	7827456	single-workgroup-tree	26	49	-	26	112	2	30	64	536.917	566.583	647.125	50.504	24929.333	25274.000	25403.625	127.855	387.1812	392.1812	2.8311	measured
6144	1274	7827456	single-workgroup-tree	49	26	-	49	208	2	30	64	534.042	562.250	638.917	37.706	24910.459	25186.625	25279.000	101.215	386.9273	390.8631	2.2051	measured
6144	1274	7827456	single-workgroup-tree	91	14	-	91	368	2	30	64	533.292	559.291	607.666	40.254	24650.708	24925.334	24986.000	95.335	382.8161	386.7626	2.1522	measured
6144	1274	7827456	single-workgroup-tree	98	13	-	98	400	2	30	64	541.625	575.792	659.292	45.177	25680.083	25795.417	25920.875	83.941	399.0231	400.3115	2.0495	measured
6144	1274	7827456	single-workgroup-tree	182	7	production	182	736	2	30	64	574.208	652.750	697.250	56.562	27000.250	27111.041	27212.584	77.656	419.4610	419.9729	2.1304	measured
6144	1274	7827456	single-workgroup-tree	637	2	-	637	2560	2	30	64	572.875	651.375	680.208	35.474	26973.834	27135.042	27204.334	74.732	419.0628	420.3757	1.7493	measured
6144	1430	8785920	single-workgroup-tree	2	715	-	2	16	2	30	64	642.084	686.458	751.750	43.629	30590.709	30752.917	31143.583	198.997	475.3750	477.2454	3.8512	measured
6144	1430	8785920	single-workgroup-tree	5	286	-	5	32	2	30	64	599.333	688.584	712.791	32.280	29317.792	29450.542	29543.208	79.840	455.8486	456.5390	1.7797	measured
6144	1430	8785920	single-workgroup-tree	10	143	-	10	48	2	30	64	615.584	665.458	721.125	47.255	29802.334	30006.542	30081.250	92.101	463.2817	465.7315	2.2120	measured
6144	1430	8785920	single-workgroup-tree	11	130	-	11	48	2	30	64	615.250	672.875	723.208	58.286	29499.667	29717.792	29834.667	91.949	458.4828	461.0304	2.3847	measured
6144	1430	8785920	single-workgroup-tree	13	110	-	13	64	2	30	64	626.125	689.792	725.583	31.459	30087.583	30299.167	30372.375	101.501	467.6422	469.9901	2.1105	measured
6144	1430	8785920	single-workgroup-tree	22	65	-	22	96	2	30	64	615.000	682.500	706.667	31.874	28805.375	29041.875	29167.000	114.718	447.4663	450.1488	2.3269	measured
6144	1430	8785920	single-workgroup-tree	26	55	-	26	112	2	30	64	621.042	670.584	707.708	46.860	28922.875	29019.375	29111.333	65.658	449.2354	449.9808	1.7860	measured
6144	1430	8785920	single-workgroup-tree	55	26	-	55	224	2	30	64	608.917	660.375	699.875	27.497	28719.834	28802.709	28870.791	48.900	446.2050	446.7037	1.2127	measured
6144	1430	8785920	single-workgroup-tree	65	22	-	65	272	2	30	64	611.458	667.959	700.750	37.036	28362.125	28469.333	28584.041	76.081	440.4868	441.2917	1.7955	measured
6144	1430	8785920	single-workgroup-tree	110	13	-	110	448	2	30	64	613.750	689.875	725.208	42.201	29311.375	29619.250	29878.541	165.395	455.5179	459.1964	3.2952	measured
6144	1430	8785920	single-workgroup-tree	130	11	-	130	528	2	30	64	612.334	670.959	703.667	37.288	28615.667	28768.583	28849.625	79.604	444.4973	445.9940	1.8554	measured
6144	1430	8785920	single-workgroup-tree	143	10	-	143	576	2	30	64	614.708	647.583	709.500	42.682	28765.417	29006.625	29152.042	105.620	446.8367	450.1435	2.3540	measured
6144	1430	8785920	single-workgroup-tree	286	5	production	286	1152	2	30	64	596.208	654.333	698.041	30.382	28517.167	28665.167	28712.916	77.914	443.1898	444.6164	1.7190	measured
6144	1430	8785920	single-workgroup-tree	715	2	-	715	2864	2	30	64	614.500	670.917	720.667	33.651	29781.666	29968.459	30512.041	278.484	462.9709	465.0403	4.9545	measured
6144	1575	9676800	single-workgroup-tree	3	525	-	3	16	2	30	64	713.416	755.084	835.000	54.211	34566.000	35043.958	35377.000	277.825	537.3426	544.2678	5.2704	measured
6144	1575	9676800	single-workgroup-tree	5	315	-	5	32	2	30	64	687.584	747.458	788.958	28.950	33945.000	34521.666	34748.084	247.443	527.8955	536.0985	4.3872	measured
6144	1575	9676800	single-workgroup-tree	7	225	-	7	32	2	30	64	663.334	719.458	788.792	46.497	32343.833	32525.958	32724.833	136.815	502.8651	504.8651	2.9097	measured
6144	1575	9676800	single-workgroup-tree	9	175	-	9	48	2	30	64	679.166	720.000	764.625	36.221	32477.416	32694.916	32845.458	114.119	504.7341	507.5383	2.3864	measured
6144	1575	9676800	single-workgroup-tree	15	105	-	15	64	2	30	64	666.375	719.125	755.208	30.803	32047.750	32179.375	32299.500	92.868	498.1171	499.3690	1.9630	measured
6144	1575	9676800	single-workgroup-tree	21	75	-	21	96	2	30	64	666.042	715.708	770.375	39.619	32749.416	32854.958	33022.042	94.896	509.2599	510.1468	2.1352	measured
6144	1575	9676800	single-workgroup-tree	25	63	-	25	112	2	30	64	673.709	724.542	760.709	32.479	32656.417	32871.708	33002.375	110.695	507.6620	510.2725	2.2726	measured
6144	1575	9676800	single-workgroup-tree	35	45	-	35	144	2	30	64	662.500	716.458	758.208	36.346	31802.792	31948.500	32017.084	92.135	494.2903	495.7467	2.0394	measured
6144	1575	9676800	single-workgroup-tree	45	35	-	45	192	2	30	64	646.833	707.875	753.500	30.072	31793.375	31975.167	32065.208	82.078	494.3896	496.3062	1.7802	measured
6144	1575	9676800	single-workgroup-tree	63	25	-	63	256	2	30	64	663.375	726.208	777.167	37.030	31383.708	31646.875	31757.542	93.933	487.6243	490.8042	2.0788	measured
6144	1575	9676800	single-workgroup-tree	75	21	-	75	304	2	30	64	648.792	692.625	746.500	31.241	31427.209	31655.542	31735.916	96.389	488.5463	491.4749	2.0259	measured
6144	1575	9676800	single-workgroup-tree	105	15	-	105	432	2	30	64	645.833	702.125	745.958	40.976	31300.333	31422.958	31511.583	80.400	486.5794	487.6323	1.9266	measured
6144	1575	9676800	single-workgroup-tree	175	9	-	175	704	2	30	64	651.959	733.417	780.541	43.099	31338.750	31606.958	31710.833	88.565	487.0919	490.0562	2.0899	measured
6144	1575	9676800	single-workgroup-tree	225	7	production	225	912	2	30	64	657.000	702.333	748.083	40.952	31375.584	31510.750	31614.458	73.114	487.5966	489.0225	1.8106	measured
6144	1575	9676800	single-workgroup-tree	315	5	-	315	1264	2	30	64	680.208	744.708	773.833	31.337	33185.417	33755.541	33839.042	220.917	515.9557	523.9815	4.0040	measured
6144	1575	9676800	single-workgroup-tree	525	3	-	525	2112	2	30	64	701.375	756.791	808.000	50.905	33109.625	33567.333	33828.708	242.122	514.4167	520.8023	4.6512	measured
6144	1925	11827200	single-workgroup-tree	5	385	-	5	32	2	30	64	768.000	840.750	888.625	36.909	39552.792	39897.041	40122.375	190.833	615.6316	619.9411	3.6150	measured
6144	1925	11827200	single-workgroup-tree	7	275	-	7	32	2	30	64	801.834	865.792	917.166	41.772	40747.792	41148.917	41252.375	149.087	634.0628	639.4147	3.0295	measured
6144	1925	11827200	single-workgroup-tree	11	175	-	11	48	2	30	64	792.208	836.375	889.041	44.997	39576.708	39776.500	39907.375	97.070	615.6270	618.0972	2.2550	measured
6144	1925	11827200	single-workgroup-tree	25	77	-	25	112	2	30	64	770.042	841.209	949.083	56.593	38897.334	39048.625	39202.750	89.625	605.1951	606.4669	2.3209	measured
6144	1925	11827200	single-workgroup-tree	35	55	-	35	144	2	30	64	768.792	825.541	899.000	52.730	38827.542	38926.334	39087.417	93.137	604.1071	604.7745	2.3153	measured
6144	1925	11827200	single-workgroup-tree	55	35	-	55	224	2	30	64	793.250	825.541	884.375	34.472	38690.875	38882.000	38960.417	71.702	601.5496	604.0708	1.6853	measured
6144	1925	11827200	single-workgroup-tree	77	25	-	77	320	2	30	64	767.125	826.500	862.834	32.025	38048.333	38156.083	38254.125	66.294	591.7652	592.5331	1.5606	measured
6144	1925	11827200	single-workgroup-tree	175	11	-	175	704	2	30	64	754.834	818.875	885.042	42.693	38129.792	38280.750	38357.208	65.134	593.2533	594.6329	1.7116	measured
6144	1925	11827200	single-workgroup-tree	275	7	production	275	1104	2	30	64	782.625	836.792	876.541	27.362	39498.209	39877.041	40062.916	191.374	614.5331	619.6865	3.4720	measured
6144	1925	11827200	single-workgroup-tree	385	5	-	385	1552	2	30	64	743.875	815.792	854.583	29.630	38148.209	38390.916	38495.584	104.240	593.7196	596.4305	2.1249	measured
6144	1024	6291456	single-workgroup-tree	2	512	-	2	16	2	30	64	518.584	550.542	582.542	20.178	23955.167	24103.458	24281.500	164.983	372.0093	373.8558	2.9391	measured
6144	1024	6291456	single-workgroup-tree	4	256	-	4	16	2	30	64	470.875	497.000	529.625	22.096	20737.833	20879.000	21092.250	134.394	321.6977	323.5238	2.4840	measured
6144	1024	6291456	single-workgroup-tree	8	128	-	8	32	2	30	64	491.167	520.375	613.375	60.262	21990.541	22142.625	22420.125	145.632	341.2599	343.2103	3.2682	measured
6144	1024	6291456	single-workgroup-tree	16	64	-	16	64	2	30	64	438.209	468.750	519.333	45.343	18852.583	19060.167	19098.542	70.888	292.2917	295.1019	1.8449	measured
6144	1024	6291456	single-workgroup-tree	32	32	-	32	128	2	30	64	459.042	486.959	520.583	48.518	20198.334	20372.667	20472.416	86.335	313.3221	315.6462	2.1405	measured
6144	1024	6291456	single-workgroup-tree	64	16	-	64	256	2	30	64	439.083	468.292	513.625	44.481	18963.084	19108.166	19165.542	57.911	294.0318	295.8710	1.6253	measured
6144	1024	6291456	single-workgroup-tree	128	8	-	128	512	2	30	64	466.625	505.000	532.125	26.482	21014.125	21171.625	21332.667	114.889	326.1508	328.0417	2.2440	measured
6144	1024	6291456	single-workgroup-tree	256	4	production	256	1024	2	30	64	439.500	470.166	527.583	30.892	19270.541	19424.417	19558.875	99.888	298.9054	300.8611	2.0759	measured
6144	1024	6291456	single-workgroup-tree	512	2	-	512	2048	2	30	64	490.917	526.541	543.792	16.019	22272.666	22528.417	22723.458	146.365	345.7420	349.2361	2.5775	measured
6144	1729	10622976	single-workgroup-tree	7	247	-	7	32	2	30	64	724.459	764.500	839.333	51.867	35718.125	36108.833	36239.958	141.301	555.4550	561.0212	3.0661	measured
6144	1729	10622976	single-workgroup-tree	13	133	-	13	64	2	30	64	704.166	768.666	808.083	81.987	34805.375	34949.125	35067.542	83.774	541.2890	542.5470	2.6311	measured
6144	1729	10622976	single-workgroup-tree	19	91	-	19	80	2	30	64	689.709	751.000	810.250	40.108	34985.084	35137.750	35217.709	64.812	544.3710	545.8214	1.6654	measured
6144	1729	10622976	single-workgroup-tree	91	19	-	91	368	2	30	64	676.417	743.250	802.625	36.207	34182.625	34277.750	34421.083	85.622	531.8446	532.2937	1.9338	measured
6144	1729	10622976	single-workgroup-tree	133	13	-	133	544	2	30	64	692.209	731.459	791.084	34.308	34101.667	34294.125	34352.084	67.444	530.3089	532.7407	1.6151	measured
6144	1729	10622976	single-workgroup-tree	247	7	production	247	992	2	30	64	704.667	741.042	789.542	33.857	34533.792	34678.875	34781.708	83.781	536.9702	538.6958	1.8673	measured
12288	1080	13271040	single-workgroup-tree	2	540	-	2	16	2	30	64	922.667	983.458	1040.459	45.063	48576.833	49284.500	49521.042	282.716	756.4153	766.6832	5.2028	measured
12288	1080	13271040	single-workgroup-tree	3	360	-	3	16	2	30	64	1210.583	1294.000	1346.500	44.154	66410.750	68730.917	69535.792	857.420	1034.9233	1070.4273	14.3107	measured
12288	1080	13271040	single-workgroup-tree	4	270	-	4	16	2	30	64	1088.750	1168.583	1214.959	37.406	58712.792	60371.542	61375.708	741.875	914.6673	939.7295	12.3695	measured
12288	1080	13271040	single-workgroup-tree	5	216	-	5	32	2	30	64	863.125	906.417	963.791	43.181	44253.500	44568.083	44768.750	151.928	688.7361	693.0423	3.0970	measured
12288	1080	13271040	single-workgroup-tree	6	180	-	6	32	2	30	64	966.500	1032.292	1099.083	54.238	51318.667	52047.292	52809.666	443.219	799.2407	809.7619	7.8962	measured
12288	1080	13271040	single-workgroup-tree	8	135	-	8	32	2	30	64	856.791	919.666	966.417	34.915	44453.584	44555.292	44629.542	64.041	692.0126	692.6290	1.5707	measured
12288	1080	13271040	single-workgroup-tree	9	120	-	9	48	2	30	64	841.375	881.167	937.083	31.756	43213.792	43311.667	43439.791	89.122	672.5780	673.5000	1.9187	measured
12288	1080	13271040	single-workgroup-tree	10	108	-	10	48	2	30	64	875.417	949.750	979.208	39.224	45744.000	46223.375	46556.125	220.124	712.1997	718.6290	4.1166	measured
12288	1080	13271040	single-workgroup-tree	12	90	-	12	48	2	30	64	865.041	917.375	993.333	38.597	45105.166	45360.959	45516.500	139.837	702.2242	705.4537	2.8323	measured
12288	1080	13271040	single-workgroup-tree	15	72	-	15	64	2	30	64	849.583	907.125	978.166	44.304	44100.083	44273.792	44388.958	85.956	686.5159	688.3598	2.0676	measured
12288	1080	13271040	single-workgroup-tree	18	60	-	18	80	2	30	64	853.834	895.958	952.666	41.751	44209.583	44327.583	44455.667	91.283	688.1865	689.3909	2.1116	measured
12288	1080	13271040	single-workgroup-tree	20	54	-	20	80	2	30	64	859.500	912.959	963.125	36.002	44289.500	44452.000	44555.458	82.145	689.3651	691.0959	1.8753	measured
12288	1080	13271040	single-workgroup-tree	24	45	-	24	96	2	30	64	831.667	890.917	933.459	37.676	43015.709	43114.125	43190.459	60.021	669.5880	670.2097	1.5507	measured
12288	1080	13271040	single-workgroup-tree	27	40	-	27	112	2	30	64	834.125	884.459	921.709	50.005	43017.625	43137.834	43209.333	65.922	669.5794	670.6885	1.8401	measured
12288	1080	13271040	single-workgroup-tree	30	36	-	30	128	2	30	64	840.541	897.000	939.833	34.535	43353.541	43418.125	43560.125	74.634	674.8095	674.9385	1.7329	measured
12288	1080	13271040	single-workgroup-tree	36	30	-	36	144	2	30	64	831.084	902.459	965.250	46.349	43827.292	44013.500	44118.209	109.957	682.4795	684.3022	2.4810	measured
12288	1080	13271040	single-workgroup-tree	40	27	-	40	160	2	30	64	825.625	880.083	923.750	39.691	42632.333	42759.333	42869.125	78.533	663.5985	664.7500	1.8766	measured
12288	1080	13271040	single-workgroup-tree	45	24	-	45	192	2	30	64	816.958	882.458	938.333	40.109	42134.083	42214.042	42322.583	85.761	655.8274	656.0569	1.9979	measured
12288	1080	13271040	single-workgroup-tree	54	20	-	54	224	2	30	64	820.292	899.250	924.916	36.837	42604.458	42724.958	42824.959	75.548	663.2407	663.9001	1.7839	measured
12288	1080	13271040	single-workgroup-tree	60	18	-	60	240	2	30	64	823.750	886.792	958.792	51.782	42824.625	42989.834	43117.750	88.274	666.6806	668.3023	2.2231	measured
12288	1080	13271040	single-workgroup-tree	72	15	-	72	288	2	30	64	831.792	887.333	935.125	31.774	43150.750	43313.000	43442.833	86.598	671.7295	673.4233	1.8789	measured
12288	1080	13271040	single-workgroup-tree	90	12	-	90	368	2	30	64	840.000	882.375	936.917	42.952	43799.667	44046.334	44120.334	89.575	681.8995	685.1422	2.1036	measured
12288	1080	13271040	single-workgroup-tree	108	10	-	108	432	2	30	64	866.250	908.500	968.708	43.699	44445.375	44736.584	44807.250	101.277	691.7321	695.6839	2.3012	measured
12288	1080	13271040	single-workgroup-tree	120	9	-	120	480	2	30	64	819.541	861.042	908.500	42.235	41918.917	42034.375	42155.042	83.041	652.3710	653.5450	1.9885	measured
12288	1080	13271040	single-workgroup-tree	135	8	-	135	544	2	30	64	839.416	886.667	938.292	40.050	43149.166	43289.417	43471.584	116.541	671.5833	673.0595	2.4856	measured
12288	1080	13271040	single-workgroup-tree	180	6	-	180	720	2	30	64	910.542	955.167	1012.375	69.360	47169.750	47904.292	48176.875	270.075	734.2731	745.2242	5.3879	measured
12288	1080	13271040	single-workgroup-tree	216	5	-	216	864	2	30	64	836.750	875.666	927.292	41.406	42542.667	42816.583	42936.083	93.013	661.9987	665.7288	2.1336	measured
12288	1080	13271040	single-workgroup-tree	270	4	production	270	1088	2	30	64	985.958	1044.042	1083.584	31.789	51413.375	52546.125	52926.292	440.883	800.4352	817.4934	7.5027	measured
12288	1080	13271040	single-workgroup-tree	360	3	-	360	1440	2	30	64	1074.791	1137.792	1181.209	35.573	57267.875	58735.625	59208.542	599.006	891.9537	914.2513	10.0727	measured
12288	1080	13271040	single-workgroup-tree	540	2	-	540	2160	2	30	64	900.083	945.791	1019.542	46.261	46625.541	47290.333	47688.042	267.551	725.8009	735.6277	4.9811	measured
12288	1215	14929920	single-workgroup-tree	3	405	-	3	16	2	30	64	977.584	1035.416	1092.792	45.533	52783.708	53600.042	53911.875	321.243	822.3194	834.3591	5.8218	measured
12288	1215	14929920	single-workgroup-tree	5	243	-	5	32	2	30	64	940.083	982.625	1026.958	27.276	49107.750	49422.250	49577.292	134.589	764.5661	768.8829	2.5693	measured
12288	1215	14929920	single-workgroup-tree	9	135	-	9	48	2	30	64	947.500	988.458	1032.209	56.904	49468.250	49732.500	49858.917	114.223	770.1706	773.7150	2.7163	measured
12288	1215	14929920	single-workgroup-tree	15	81	-	15	64	2	30	64	917.500	969.042	1015.791	35.734	47964.291	48206.750	48334.500	106.389	746.7745	749.8049	2.2559	measured
12288	1215	14929920	single-workgroup-tree	27	45	-	27	112	2	30	64	937.625	979.083	1029.167	66.984	47978.250	48151.709	48289.459	102.612	746.6766	748.7718	2.6920	measured
12288	1215	14929920	single-workgroup-tree	45	27	-	45	192	2	30	64	920.084	964.791	1004.959	55.866	47508.542	47749.875	47909.542	135.633	739.4993	742.6204	3.0397	measured
12288	1215	14929920	single-workgroup-tree	81	15	-	81	336	2	30	64	902.208	948.375	1025.166	49.630	46765.042	46946.292	47061.625	84.276	727.9815	730.1257	2.1255	measured
12288	1215	14929920	single-workgroup-tree	135	9	-	135	544	2	30	64	920.125	967.417	1010.000	29.523	47852.041	48087.125	48259.959	117.547	744.9510	747.9319	2.3344	measured
12288	1215	14929920	single-workgroup-tree	243	5	production	243	976	2	30	64	907.000	949.416	1001.875	38.070	47058.375	47216.250	47346.500	84.812	732.5615	734.3942	1.9505	measured
12288	1215	14929920	single-workgroup-tree	405	3	-	405	1632	2	30	64	974.708	1012.250	1075.292	34.110	50834.083	51648.375	52005.583	314.308	791.4187	803.7480	5.5304	measured
12288	1320	16220160	single-workgroup-tree	2	660	-	2	16	2	30	64	1736.875	1846.667	1893.500	48.157	99355.458	101785.167	103926.583	1465.190	1549.5013	1586.3254	24.0214	measured
12288	1320	16220160	single-workgroup-tree	3	440	-	3	16	2	30	64	1451.959	1512.333	1550.875	48.123	80098.917	81780.417	83116.166	996.422	1248.3644	1274.0966	16.5801	measured
12288	1320	16220160	single-workgroup-tree	4	330	-	4	16	2	30	64	1033.208	1078.417	1134.416	36.020	54068.042	54253.958	54372.750	100.873	841.8228	844.0562	2.1729	measured
12288	1320	16220160	single-workgroup-tree	5	264	-	5	32	2	30	64	1202.708	1276.334	1307.542	32.207	65224.084	66328.625	67299.250	663.135	1016.2123	1032.5760	11.0372	measured
12288	1320	16220160	single-workgroup-tree	6	220	-	6	32	2	30	64	1017.625	1057.167	1100.708	39.225	53650.958	53823.500	53964.500	118.022	835.4497	837.5608	2.4960	measured
12288	1320	16220160	single-workgroup-tree	8	165	-	8	32	2	30	64	1012.917	1064.041	1128.083	44.947	53456.917	53673.833	53842.209	126.396	832.4444	835.0761	2.7197	measured
12288	1320	16220160	single-workgroup-tree	10	132	-	10	48	2	30	64	1050.583	1095.209	1138.459	31.252	55018.916	55583.083	55809.208	243.556	856.6402	864.8869	4.3620	measured
12288	1320	16220160	single-workgroup-tree	11	120	-	11	48	2	30	64	998.500	1046.750	1086.958	49.939	52575.500	52731.667	52853.375	96.287	818.6825	820.3955	2.3211	measured
12288	1320	16220160	single-workgroup-tree	12	110	-	12	48	2	30	64	1024.834	1076.875	1144.959	43.258	54476.875	54668.167	54791.417	121.587	848.4451	850.6554	2.6166	measured
12288	1320	16220160	single-workgroup-tree	15	88	-	15	64	2	30	64	1000.125	1055.625	1108.625	175.536	53016.333	53249.542	53399.167	96.050	825.6541	828.4749	4.3109	measured
12288	1320	16220160	single-workgroup-tree	20	66	-	20	80	2	30	64	996.041	1046.833	1079.792	26.452	52551.542	52695.042	52855.833	148.283	818.3413	819.8128	2.7736	measured
12288	1320	16220160	single-workgroup-tree	22	60	-	22	96	2	30	64	1013.250	1064.417	1102.459	24.310	53754.500	53903.875	54072.875	99.179	837.1627	838.7216	1.9601	measured
12288	1320	16220160	single-workgroup-tree	24	55	-	24	96	2	30	64	1010.167	1048.084	1098.167	37.148	52368.542	52550.000	52723.291	112.382	815.2123	817.4907	2.3735	measured
12288	1320	16220160	single-workgroup-tree	30	44	-	30	128	2	30	64	1040.083	1078.750	1112.208	24.952	54582.042	54784.166	54900.625	100.623	849.8724	852.4669	1.9933	measured
12288	1320	16220160	single-workgroup-tree	33	40	-	33	144	2	30	64	986.791	1034.667	1075.250	25.715	52281.000	52471.875	52563.958	90.915	814.1938	816.4636	1.8513	measured
12288	1320	16220160	single-workgroup-tree	40	33	-	40	160	2	30	64	981.625	1032.750	1074.791	30.158	52328.542	52444.209	52613.000	110.093	815.0304	816.0549	2.2262	measured
12288	1320	16220160	single-workgroup-tree	44	30	-	44	176	2	30	64	1034.709	1083.791	1127.500	28.314	54894.334	55196.958	55507.625	188.723	854.9147	858.9392	3.4450	measured
12288	1320	16220160	single-workgroup-tree	55	24	-	55	224	2	30	64	978.167	1020.084	1048.333	22.445	51186.916	51355.209	51551.125	153.392	796.9643	798.9702	2.7911	measured
12288	1320	16220160	single-workgroup-tree	60	22	-	60	240	2	30	64	975.459	1034.042	1087.958	43.658	51758.000	51931.583	52015.250	72.540	806.0721	807.8975	1.8444	measured
12288	1320	16220160	single-workgroup-tree	66	20	-	66	272	2	30	64	964.667	1014.125	1052.709	25.721	50987.750	51117.166	51276.292	93.952	794.0172	795.2864	1.8996	measured
12288	1320	16220160	single-workgroup-tree	88	15	-	88	352	2	30	64	973.500	1021.833	1061.416	28.413	51195.708	51372.000	51460.583	95.186	797.1779	799.2090	1.9619	measured
12288	1320	16220160	single-workgroup-tree	110	12	-	110	448	2	30	64	1005.417	1051.500	1086.500	26.634	52985.458	53234.292	53450.167	143.127	825.0800	828.2983	2.6946	measured
12288	1320	16220160	single-workgroup-tree	120	11	-	120	480	2	30	64	956.833	1009.833	1056.458	39.030	50972.541	51118.125	51266.375	133.043	793.9001	795.3697	2.7313	measured
12288	1320	16220160	single-workgroup-tree	132	10	-	132	528	2	30	64	992.042	1052.625	1108.333	40.769	53533.000	53743.459	53975.625	170.387	833.9835	836.3624	3.3517	measured
12288	1320	16220160	single-workgroup-tree	165	8	-	165	672	2	30	64	977.416	1021.459	1048.000	28.882	51403.584	51553.333	51681.667	86.968	800.4154	802.0932	1.8389	measured
12288	1320	16220160	single-workgroup-tree	220	6	-	220	880	2	30	64	999.625	1044.541	1083.167	24.618	52334.625	52513.666	52672.583	109.937	814.8413	816.9702	2.1358	measured
12288	1320	16220160	single-workgroup-tree	264	5	production	264	1056	2	30	64	1121.584	1175.167	1215.000	35.374	59607.333	59979.917	60805.292	513.242	928.3452	933.4087	8.7082	measured
12288	1320	16220160	single-workgroup-tree	330	4	-	330	1328	2	30	64	982.666	1031.083	1080.125	34.177	51871.875	52064.583	52201.083	124.815	807.7652	810.0556	2.5237	measured
12288	1320	16220160	single-workgroup-tree	440	3	-	440	1760	2	30	64	1264.583	1327.458	1394.000	38.044	68901.333	69961.625	71278.666	778.857	1073.5992	1089.4312	12.9667	measured
12288	1320	16220160	single-workgroup-tree	660	2	-	660	2640	2	30	64	1476.125	1556.500	1610.000	41.466	82228.083	83875.750	85325.125	992.196	1281.7771	1306.6548	16.4073	measured
12288	1512	18579456	single-workgroup-tree	2	756	-	2	16	2	30	64	1336.708	1395.916	1436.833	33.707	74776.917	75422.291	76126.583	604.369	1165.7176	1175.0218	10.1282	measured
12288	1512	18579456	single-workgroup-tree	3	504	-	3	16	2	30	64	1595.459	1663.000	1718.208	49.377	90845.000	92387.042	93932.333	1032.635	1416.6594	1440.0642	17.1748	measured
12288	1512	18579456	single-workgroup-tree	4	378	-	4	16	2	30	64	1131.125	1195.750	1241.875	62.423	62364.041	62633.584	62918.959	201.560	971.9510	975.2037	4.1902	measured
12288	1512	18579456	single-workgroup-tree	6	252	-	6	32	2	30	64	1273.792	1331.917	1385.208	43.252	69968.959	70673.833	71406.333	434.177	1090.3995	1100.6653	7.5782	measured
12288	1512	18579456	single-workgroup-tree	7	216	-	7	32	2	30	64	1101.375	1174.667	1238.125	64.428	60966.792	61417.375	61775.250	244.787	950.2447	956.2335	4.9082	measured
12288	1512	18579456	single-workgroup-tree	8	189	-	8	32	2	30	64	1109.792	1168.375	1243.375	57.253	61285.958	61618.250	61912.875	236.139	955.1772	959.5218	4.6570	measured
12288	1512	18579456	single-workgroup-tree	9	168	-	9	48	2	30	64	1144.792	1209.708	1263.167	37.746	63547.000	63970.625	64499.542	276.155	990.5112	996.2050	4.9826	measured
12288	1512	18579456	single-workgroup-tree	12	126	-	12	48	2	30	64	1120.958	1165.833	1199.167	36.645	60994.417	61385.667	61611.000	273.092	950.3724	955.8704	4.9165	measured
12288	1512	18579456	single-workgroup-tree	14	108	-	14	64	2	30	64	1115.916	1168.708	1213.625	34.660	61716.125	62090.667	62410.500	304.813	961.9081	967.0152	5.3885	measured
12288	1512	18579456	single-workgroup-tree	18	84	-	18	80	2	30	64	1132.875	1170.000	1199.791	23.439	61670.000	62025.667	62248.416	252.519	960.9067	965.9630	4.3803	measured
12288	1512	18579456	single-workgroup-tree	21	72	-	21	96	2	30	64	1128.292	1166.125	1205.709	43.822	61010.166	61573.333	61747.625	249.593	950.5059	958.8446	4.6574	measured
12288	1512	18579456	single-workgroup-tree	24	63	-	24	96	2	30	64	1119.500	1181.333	1224.500	33.229	61818.583	62195.542	62306.708	273.674	963.4775	968.4795	4.8715	measured
12288	1512	18579456	single-workgroup-tree	27	56	-	27	112	2	30	64	1087.583	1156.292	1181.333	42.543	60132.916	60574.000	60761.083	246.278	937.2275	943.1382	4.5845	measured
12288	1512	18579456	single-workgroup-tree	28	54	-	28	112	2	30	64	1126.959	1186.959	1264.666	48.290	62516.667	63003.125	63179.208	272.674	974.4398	981.2090	5.0947	measured
12288	1512	18579456	single-workgroup-tree	36	42	-	36	144	2	30	64	1102.875	1162.542	1189.042	26.362	60866.583	61182.334	61318.375	206.601	948.6303	952.6951	3.6978	measured
12288	1512	18579456	single-workgroup-tree	42	36	-	42	176	2	30	64	1085.917	1146.250	1173.000	28.767	60195.958	60561.792	60698.542	195.170	938.2546	943.1038	3.5546	measured
12288	1512	18579456	single-workgroup-tree	54	28	-	54	224	2	30	64	1093.417	1155.708	1191.542	42.436	60034.000	60359.500	60551.125	165.342	935.5648	939.7427	3.2981	measured
12288	1512	18579456	single-workgroup-tree	56	27	-	56	224	2	30	64	1095.916	1138.708	1190.791	54.615	59399.708	59725.250	59968.458	191.752	925.4570	929.9451	3.9106	measured
12288	1512	18579456	single-workgroup-tree	63	24	-	63	256	2	30	64	1059.583	1134.084	1175.916	43.672	58807.500	59200.333	59395.958	177.436	916.6336	921.6865	3.5097	measured
12288	1512	18579456	single-workgroup-tree	72	21	-	72	288	2	30	64	1082.125	1130.208	1192.750	41.812	59135.625	59417.209	59558.625	128.170	921.4841	925.1905	2.6981	measured
12288	1512	18579456	single-workgroup-tree	84	18	-	84	336	2	30	64	1085.875	1133.500	1163.625	32.651	59393.917	59598.833	59747.583	113.799	925.5245	928.0212	2.3246	measured
12288	1512	18579456	single-workgroup-tree	108	14	-	108	432	2	30	64	1097.208	1151.334	1270.250	67.934	60014.917	60252.750	60358.958	121.475	935.2017	938.1177	3.0065	measured
12288	1512	18579456	single-workgroup-tree	126	12	-	126	512	2	30	64	1078.375	1129.083	1175.083	32.894	58499.625	58771.834	58958.125	148.801	911.4484	914.9643	2.8841	measured
12288	1512	18579456	single-workgroup-tree	168	9	-	168	672	2	30	64	1128.250	1179.250	1216.541	29.293	61775.292	62025.834	62241.625	152.457	962.6515	965.8188	2.8849	measured
12288	1512	18579456	single-workgroup-tree	189	8	-	189	768	2	30	64	1076.625	1136.875	1185.875	43.409	58839.042	59160.375	59312.333	125.802	916.8638	921.0079	2.6859	measured
12288	1512	18579456	single-workgroup-tree	216	7	-	216	864	2	30	64	1075.500	1119.792	1173.750	59.951	58565.542	58866.250	59048.500	163.855	912.5403	916.6104	3.5525	measured
12288	1512	18579456	single-workgroup-tree	252	6	production	252	1008	2	30	64	1185.208	1226.667	1258.792	48.247	64714.333	65072.042	65634.208	292.201	1008.3988	1013.4187	5.4039	measured
12288	1512	18579456	single-workgroup-tree	378	4	-	378	1520	2	30	64	1082.709	1140.666	1258.083	69.401	58981.916	59154.375	59300.541	98.580	919.0350	920.8525	2.6664	measured
12288	1512	18579456	single-workgroup-tree	504	3	-	504	2016	2	30	64	1427.875	1457.417	1510.208	37.262	78669.416	79271.834	80349.459	771.604	1226.0562	1235.1495	12.8391	measured
12288	1512	18579456	single-workgroup-tree	756	2	-	756	3024	2	30	64	1222.917	1278.583	1316.375	30.496	67613.666	68040.625	68884.125	455.799	1053.8214	1059.7150	7.7190	measured
12288	1638	20127744	single-workgroup-tree	2	819	-	2	16	2	30	64	1587.000	1626.750	1677.708	33.010	91050.166	92170.500	92963.917	700.353	1420.0503	1437.2024	11.6407	measured
12288	1638	20127744	single-workgroup-tree	3	546	-	3	16	2	30	64	1275.417	1320.333	1353.208	42.056	71462.125	71858.917	72465.500	348.612	1114.0747	1119.6601	6.2011	measured
12288	1638	20127744	single-workgroup-tree	6	273	-	6	32	2	30	64	1187.000	1244.667	1285.500	31.791	65736.417	65900.625	66108.875	143.707	1024.5939	1026.2850	2.7857	measured
12288	1638	20127744	single-workgroup-tree	7	234	-	7	32	2	30	64	1307.083	1352.708	1420.167	42.415	72501.250	73104.792	73421.708	311.900	1130.0661	1138.9220	5.6241	measured
12288	1638	20127744	single-workgroup-tree	9	182	-	9	48	2	30	64	1238.541	1283.917	1323.458	37.919	69024.834	69396.208	69703.333	216.072	1075.9729	1081.1475	4.0316	measured
12288	1638	20127744	single-workgroup-tree	13	126	-	13	64	2	30	64	1198.833	1254.666	1294.750	43.224	66279.834	66481.833	66634.208	137.517	1033.0318	1035.3519	2.8689	measured
12288	1638	20127744	single-workgroup-tree	14	117	-	14	64	2	30	64	1212.292	1261.292	1303.667	33.318	66539.625	66699.708	66879.333	123.099	1036.9418	1038.7050	2.4828	measured
12288	1638	20127744	single-workgroup-tree	18	91	-	18	80	2	30	64	1189.917	1242.917	1272.875	36.590	65311.584	65585.167	65852.750	149.696	1017.8042	1021.3056	2.9569	measured
12288	1638	20127744	single-workgroup-tree	21	78	-	21	96	2	30	64	1180.792	1241.167	1291.333	34.111	65594.292	65757.000	65999.125	140.173	1022.4365	1024.0608	2.7664	measured
12288	1638	20127744	single-workgroup-tree	26	63	-	26	112	2	30	64	1226.750	1269.042	1320.917	39.174	67225.875	67531.375	67681.208	154.994	1047.6052	1051.7831	3.0820	measured
12288	1638	20127744	single-workgroup-tree	39	42	-	39	160	2	30	64	1195.375	1248.500	1314.375	38.612	66019.334	66300.750	66510.542	162.424	1028.9517	1032.5754	3.1911	measured
12288	1638	20127744	single-workgroup-tree	42	39	-	42	176	2	30	64	1173.750	1232.709	1284.792	44.497	65104.500	65363.625	65548.792	135.204	1014.7738	1017.9510	2.8524	measured
12288	1638	20127744	single-workgroup-tree	63	26	-	63	256	2	30	64	1178.291	1222.917	1256.708	29.092	64720.333	64913.083	65149.583	196.165	1008.6038	1010.9550	3.5755	measured
12288	1638	20127744	single-workgroup-tree	78	21	-	78	320	2	30	64	1158.166	1203.750	1245.750	31.313	63190.583	63403.250	63679.667	138.489	984.6415	987.2937	2.6953	measured
12288	1638	20127744	single-workgroup-tree	91	18	-	91	368	2	30	64	1154.041	1202.125	1254.459	47.172	63283.916	63513.875	63641.792	119.659	986.1885	989.0754	2.6481	measured
12288	1638	20127744	single-workgroup-tree	117	14	-	117	480	2	30	64	1151.958	1199.750	1233.708	32.438	63373.917	63638.959	63722.583	108.780	987.6501	991.0986	2.2416	measured
12288	1638	20127744	single-workgroup-tree	126	13	-	126	512	2	30	64	1153.167	1202.000	1240.709	33.747	63284.083	63565.542	63726.667	132.584	986.2050	989.8975	2.6402	measured
12288	1638	20127744	single-workgroup-tree	182	9	-	182	736	2	30	64	1219.666	1263.666	1305.875	37.878	66762.875	67020.833	67314.416	182.508	1040.3684	1043.7646	3.4982	measured
12288	1638	20127744	single-workgroup-tree	234	7	-	234	944	2	30	64	1229.791	1280.083	1311.625	28.358	68512.833	68743.542	69033.208	161.119	1067.9848	1070.8486	3.0076	measured
12288	1638	20127744	single-workgroup-tree	273	6	production	273	1104	2	30	64	1159.125	1189.709	1226.292	37.140	63419.375	63582.583	63707.708	150.913	988.2579	990.3631	2.9850	measured
12288	1638	20127744	single-workgroup-tree	546	3	-	546	2192	2	30	64	1227.750	1243.583	1282.417	26.529	66591.583	66957.708	67388.709	273.145	1037.5212	1043.0813	4.7567	measured
12288	1638	20127744	single-workgroup-tree	819	2	-	819	3280	2	30	64	1480.333	1528.208	1573.792	55.716	84670.375	85553.083	86408.625	553.351	1320.4769	1333.7282	9.6677	measured
12288	1890	23224320	single-workgroup-tree	2	945	-	2	16	2	30	64	1413.667	1468.583	1497.334	29.054	79909.250	80449.750	80969.584	357.633	1245.9616	1253.6693	6.1379	measured
12288	1890	23224320	single-workgroup-tree	3	630	-	3	16	2	30	64	1367.083	1421.208	1470.750	28.074	77696.250	77883.708	78129.292	163.422	1211.5741	1213.6905	3.0396	measured
12288	1890	23224320	single-workgroup-tree	5	378	-	5	32	2	30	64	1361.875	1420.000	1446.125	23.946	76604.041	76723.417	76811.000	72.143	1194.3201	1195.2923	1.5252	measured
12288	1890	23224320	single-workgroup-tree	6	315	-	6	32	2	30	64	1375.458	1426.750	1457.000	23.984	77565.250	77821.875	78022.083	164.662	1209.3618	1212.6210	2.9944	measured
12288	1890	23224320	single-workgroup-tree	7	270	-	7	32	2	30	64	1468.542	1515.625	1544.208	34.139	83413.584	83992.583	84455.041	475.922	1300.7150	1309.1581	8.0962	measured
12288	1890	23224320	single-workgroup-tree	9	210	-	9	48	2	30	64	1352.125	1388.000	1434.250	29.898	75643.000	75891.792	76097.625	140.420	1179.2202	1182.5999	2.7035	measured
12288	1890	23224320	single-workgroup-tree	10	189	-	10	48	2	30	64	1355.459	1415.000	1439.292	31.078	76772.708	76956.000	77080.208	96.956	1197.0992	1199.0635	2.0323	measured
12288	1890	23224320	single-workgroup-tree	14	135	-	14	64	2	30	64	1369.708	1422.791	1443.167	23.813	77334.333	77532.458	77702.792	141.350	1205.7877	1208.0900	2.6216	measured
12288	1890	23224320	single-workgroup-tree	15	126	-	15	64	2	30	64	1361.333	1419.416	1452.209	63.878	76715.625	76903.583	77168.959	146.830	1196.0999	1198.1614	3.3446	measured
12288	1890	23224320	single-workgroup-tree	18	105	-	18	80	2	30	64	1349.250	1404.500	1446.125	47.665	76023.209	76270.500	76418.041	144.776	1185.3009	1188.3492	3.0546	measured
12288	1890	23224320	single-workgroup-tree	21	90	-	21	96	2	30	64	1391.375	1433.583	1483.666	55.916	77942.417	78145.417	78356.125	145.999	1215.0959	1217.6482	3.2050	measured
12288	1890	23224320	single-workgroup-tree	27	70	-	27	112	2	30	64	1356.791	1390.833	1429.209	42.715	75244.250	75438.958	75655.084	134.931	1172.8168	1175.3671	2.8198	measured
12288	1890	23224320	single-workgroup-tree	30	63	-	30	128	2	30	64	1391.791	1442.958	1461.334	25.227	78434.333	78628.792	78859.417	199.564	1222.8975	1225.1720	3.5681	measured
12288	1890	23224320	single-workgroup-tree	35	54	-	35	144	2	30	64	1359.084	1407.042	1433.167	35.009	76398.000	76710.250	76819.000	120.321	1191.0939	1195.2890	2.4656	measured
12288	1890	23224320	single-workgroup-tree	42	45	-	42	176	2	30	64	1365.541	1399.958	1432.208	23.242	75191.250	75487.750	75641.792	135.679	1171.8367	1175.9967	2.5226	measured
12288	1890	23224320	single-workgroup-tree	45	42	-	45	192	2	30	64	1374.917	1414.583	1436.959	23.445	76759.417	77015.917	77147.416	130.976	1196.5794	1200.0212	2.4511	measured
12288	1890	23224320	single-workgroup-tree	54	35	-	54	224	2	30	64	1347.250	1394.333	1423.791	26.669	75356.542	75534.209	75716.708	165.770	1174.7507	1176.8234	3.0546	measured
12288	1890	23224320	single-workgroup-tree	63	30	-	63	256	2	30	64	1371.542	1423.500	1452.083	23.293	77334.750	77532.292	77733.125	138.236	1205.7652	1208.0761	2.5640	measured
12288	1890	23224320	single-workgroup-tree	70	27	-	70	288	2	30	64	1330.167	1377.250	1405.417	24.257	74386.083	74565.958	74813.417	145.410	1159.6177	1161.7255	2.6931	measured
12288	1890	23224320	single-workgroup-tree	90	21	-	90	368	2	30	64	1317.292	1369.917	1419.708	30.550	73937.208	74137.250	74355.083	128.399	1152.6971	1155.0370	2.5230	measured
12288	1890	23224320	single-workgroup-tree	105	18	-	105	432	2	30	64	1308.959	1355.709	1391.708	25.912	73014.167	73213.667	73390.000	125.386	1138.1779	1140.6025	2.4016	measured
12288	1890	23224320	single-workgroup-tree	126	15	-	126	512	2	30	64	1314.541	1363.459	1401.834	36.211	73144.000	73265.500	73499.792	146.264	1140.1501	1141.3022	2.8964	measured
12288	1890	23224320	single-workgroup-tree	135	14	-	135	544	2	30	64	1323.792	1368.334	1396.917	33.996	73511.625	73664.958	73836.667	117.836	1145.8386	1147.5655	2.4100	measured
12288	1890	23224320	single-workgroup-tree	189	10	-	189	768	2	30	64	1307.334	1360.750	1402.500	37.935	73365.417	73532.333	73776.375	127.103	1143.7791	1145.5807	2.6197	measured
12288	1890	23224320	single-workgroup-tree	210	9	-	210	848	2	30	64	1301.500	1364.000	1398.500	34.635	72958.042	73164.375	73387.750	147.680	1137.4054	1139.6885	2.8939	measured
12288	1890	23224320	single-workgroup-tree	270	7	production	270	1088	2	30	64	1406.041	1451.167	1484.458	28.859	78768.500	79325.334	79524.500	164.181	1227.9755	1236.0979	3.0641	measured
12288	1890	23224320	single-workgroup-tree	315	6	-	315	1264	2	30	64	1357.417	1399.958	1439.417	39.083	75418.125	75616.542	75769.083	117.699	1175.5668	1178.0410	2.4886	measured
12288	1890	23224320	single-workgroup-tree	378	5	-	378	1520	2	30	64	1301.833	1362.708	1402.000	43.879	73171.666	73421.875	73512.875	158.382	1140.7910	1143.7963	3.2105	measured
12288	1890	23224320	single-workgroup-tree	630	3	-	630	2528	2	30	64	1301.000	1370.250	1424.125	44.114	74126.083	74284.375	74379.416	98.895	1155.9537	1157.3671	2.2700	measured
12288	1890	23224320	single-workgroup-tree	945	2	-	945	3792	2	30	64	1411.417	1448.958	1484.083	27.123	79413.834	79853.584	80403.125	338.225	1238.1336	1244.5179	5.7992	measured
12288	1050	12902400	single-workgroup-tree	2	525	-	2	16	2	30	64	948.333	999.958	1039.584	39.026	49478.833	49666.458	49906.291	161.599	770.3254	772.4841	3.1845	measured
12288	1050	12902400	single-workgroup-tree	3	350	-	3	16	2	30	64	1140.833	1183.750	1230.750	24.491	62026.666	62354.583	62787.375	286.740	966.4418	970.9656	4.9402	measured
12288	1050	12902400	single-workgroup-tree	5	210	-	5	32	2	30	64	831.625	881.042	922.500	38.092	42305.083	42455.375	42583.167	88.596	658.3089	659.9100	2.0109	measured
12288	1050	12902400	single-workgroup-tree	6	175	-	6	32	2	30	64	820.833	881.500	914.166	27.689	42238.625	42531.875	42650.125	126.310	657.4253	661.1171	2.4444	measured
12288	1050	12902400	single-workgroup-tree	7	150	-	7	32	2	30	64	895.958	945.000	990.083	45.432	46608.916	46798.958	47000.833	166.408	725.6025	727.8406	3.3625	measured
12288	1050	12902400	single-workgroup-tree	10	105	-	10	48	2	30	64	803.625	872.458	925.708	41.040	41785.375	42043.334	42217.792	151.930	650.5040	653.5060	3.0630	measured
12288	1050	12902400	single-workgroup-tree	14	75	-	14	64	2	30	64	828.584	888.917	922.167	48.345	42415.625	42709.250	42896.833	130.765	660.1118	663.8148	2.8430	measured
12288	1050	12902400	single-workgroup-tree	15	70	-	15	64	2	30	64	812.583	875.500	921.125	32.369	41553.416	41723.208	41972.500	127.400	646.6799	648.3763	2.5360	measured
12288	1050	12902400	single-workgroup-tree	21	50	-	21	96	2	30	64	824.375	870.500	915.084	52.240	41794.166	42036.583	42131.458	119.921	650.3141	653.4299	2.7327	measured
12288	1050	12902400	single-workgroup-tree	25	42	-	25	112	2	30	64	828.875	888.625	946.708	40.304	42920.750	43155.709	43302.000	126.250	668.1250	670.9061	2.6437	measured
12288	1050	12902400	single-workgroup-tree	30	35	-	30	128	2	30	64	819.792	884.375	926.708	41.845	41770.666	42004.875	42096.166	98.664	650.0139	652.7063	2.2303	measured
12288	1050	12902400	single-workgroup-tree	35	30	-	35	144	2	30	64	830.541	866.834	936.416	37.808	41951.542	42195.084	42365.500	116.726	652.7143	656.0040	2.4529	measured
12288	1050	12902400	single-workgroup-tree	42	25	-	42	176	2	30	64	804.709	870.916	898.500	32.010	40920.000	41157.250	41234.625	93.758	636.7507	639.4656	1.9963	measured
12288	1050	12902400	single-workgroup-tree	50	21	-	50	208	2	30	64	800.250	867.125	903.958	60.041	40560.083	40879.042	40989.750	124.896	631.1085	635.1098	2.9355	measured
12288	1050	12902400	single-workgroup-tree	70	15	-	70	288	2	30	64	796.167	855.959	899.166	38.865	40581.709	40746.708	40872.833	95.937	631.5165	633.1865	2.1397	measured
12288	1050	12902400	single-workgroup-tree	75	14	-	75	304	2	30	64	793.083	869.375	908.709	34.843	40880.250	41039.833	41181.542	101.688	636.3042	637.6263	2.1672	measured
12288	1050	12902400	single-workgroup-tree	105	10	-	105	432	2	30	64	804.167	852.958	896.833	36.584	40607.000	40817.333	40957.834	118.784	631.7910	634.3552	2.4662	measured
12288	1050	12902400	single-workgroup-tree	150	7	-	150	608	2	30	64	851.459	906.209	948.333	38.643	44112.500	44234.958	44404.417	107.971	686.6832	687.7579	2.3272	measured
12288	1050	12902400	single-workgroup-tree	175	6	-	175	704	2	30	64	792.166	848.833	900.625	37.537	40826.416	41060.458	41221.417	125.975	635.4643	638.2798	2.5954	measured
12288	1050	12902400	single-workgroup-tree	210	5	production	210	848	2	30	64	800.916	869.625	893.583	30.760	40776.000	40966.583	41029.000	80.887	634.5251	636.4597	1.7722	measured
12288	1050	12902400	single-workgroup-tree	350	3	-	350	1408	2	30	64	1013.958	1056.917	1108.750	32.655	53543.208	53713.417	54016.959	219.961	833.7976	835.8175	4.0098	measured
12288	1050	12902400	single-workgroup-tree	525	2	-	525	2112	2	30	64	918.458	956.084	997.208	34.017	47260.709	47459.083	47719.208	164.090	735.5913	738.1428	3.1445	measured
12288	1155	14192640	single-workgroup-tree	3	385	-	3	16	2	30	64	890.334	930.917	981.375	34.787	47370.625	47566.208	47714.291	126.808	737.7824	740.2427	2.5650	measured
12288	1155	14192640	single-workgroup-tree	5	231	-	5	32	2	30	64	882.333	907.625	960.417	33.419	46259.334	46443.583	46548.459	91.121	720.2699	722.7930	1.9768	measured
12288	1155	14192640	single-workgroup-tree	7	165	-	7	32	2	30	64	889.250	915.125	964.250	30.841	46576.333	46820.917	46957.750	133.384	725.1918	728.6634	2.6067	measured
12288	1155	14192640	single-workgroup-tree	11	105	-	11	48	2	30	64	868.250	907.791	958.000	36.557	45989.750	46183.750	46324.833	126.012	716.2143	718.6660	2.5805	measured
12288	1155	14192640	single-workgroup-tree	15	77	-	15	64	2	30	64	874.833	909.500	948.666	28.172	45694.333	45888.625	46027.292	101.331	711.4206	713.9544	2.0556	measured
12288	1155	14192640	single-workgroup-tree	21	55	-	21	96	2	30	64	864.959	895.417	967.667	46.652	45714.708	45923.833	46108.083	181.447	711.9008	714.7368	3.6206	measured
12288	1155	14192640	single-workgroup-tree	33	35	-	33	144	2	30	64	872.834	908.667	967.458	33.190	45524.875	45769.334	45937.500	138.692	708.7626	712.0741	2.7283	measured
12288	1155	14192640	single-workgroup-tree	35	33	-	35	144	2	30	64	879.375	901.916	948.500	34.981	45630.125	45762.375	45918.750	108.933	710.3294	712.0708	2.2843	measured
12288	1155	14192640	single-workgroup-tree	55	21	-	55	224	2	30	64	839.166	888.208	973.542	47.964	44600.625	44793.167	44941.583	131.464	694.6263	696.9041	2.8481	measured
12288	1155	14192640	single-workgroup-tree	77	15	-	77	320	2	30	64	858.583	883.709	939.959	32.196	44453.083	44729.875	44952.708	147.661	691.9762	695.9709	2.8549	measured
12288	1155	14192640	single-workgroup-tree	105	11	-	105	432	2	30	64	857.750	878.958	936.042	34.119	44557.708	44720.958	44844.500	105.677	693.6501	695.9048	2.2190	measured
12288	1155	14192640	single-workgroup-tree	165	7	-	165	672	2	30	64	865.083	887.958	963.375	39.346	44983.667	45181.000	45319.458	110.792	700.2950	703.0642	2.3832	measured
12288	1155	14192640	single-workgroup-tree	231	5	production	231	928	2	30	64	850.583	879.333	947.250	55.626	44765.584	44918.000	45102.750	120.339	697.0635	699.0265	2.7931	measured
12288	1155	14192640	single-workgroup-tree	385	3	-	385	1552	2	30	64	867.500	897.709	947.834	42.379	45399.000	45581.041	45657.500	83.163	706.8492	709.2592	1.9927	measured
12288	1274	15654912	single-workgroup-tree	2	637	-	2	16	2	30	64	1058.500	1093.500	1130.833	35.541	55606.417	55818.125	56020.541	173.991	865.8400	868.6448	3.3259	measured
12288	1274	15654912	single-workgroup-tree	7	182	-	7	32	2	30	64	1072.542	1107.333	1153.458	28.241	56419.250	56612.250	56985.125	202.293	878.5192	881.0304	3.6593	measured
12288	1274	15654912	single-workgroup-tree	13	98	-	13	64	2	30	64	1003.708	1041.917	1084.125	28.877	52212.000	52361.875	52465.375	85.404	812.8300	814.6025	1.8140	measured
12288	1274	15654912	single-workgroup-tree	14	91	-	14	64	2	30	64	981.583	1012.000	1047.834	24.980	50597.917	50797.167	50950.750	109.857	787.5609	790.2407	2.1403	measured
12288	1274	15654912	single-workgroup-tree	26	49	-	26	112	2	30	64	981.125	1010.333	1042.167	44.583	50502.916	50670.791	50814.875	116.911	786.0602	788.2612	2.5634	measured
12288	1274	15654912	single-workgroup-tree	49	26	-	49	208	2	30	64	963.959	1006.000	1040.208	27.648	50008.542	50255.083	50326.791	81.425	778.4854	781.7315	1.7313	measured
12288	1274	15654912	single-workgroup-tree	91	14	-	91	368	2	30	64	930.542	985.000	1024.042	29.596	49188.542	49351.083	49469.292	103.846	766.0000	767.7156	2.1181	measured
12288	1274	15654912	single-workgroup-tree	98	13	-	98	400	2	30	64	954.708	1007.958	1050.750	31.915	50559.083	50780.208	50910.500	106.827	787.3710	790.0357	2.2022	measured
12288	1274	15654912	single-workgroup-tree	182	7	production	182	736	2	30	64	1015.708	1051.583	1097.334	27.128	53289.542	53470.709	53665.917	123.260	829.7434	832.0496	2.3871	measured
12288	1274	15654912	single-workgroup-tree	637	2	-	637	2560	2	30	64	1023.709	1063.041	1107.667	36.506	53981.417	54164.167	54463.959	186.430	840.5985	842.8750	3.5387	measured
12288	1430	17571840	single-workgroup-tree	2	715	-	2	16	2	30	64	1107.500	1161.416	1203.667	31.725	60006.584	60361.416	60661.208	217.311	934.9061	939.6825	3.9530	measured
12288	1430	17571840	single-workgroup-tree	5	286	-	5	32	2	30	64	1067.666	1117.583	1156.375	30.012	57391.250	57598.417	57761.875	110.242	894.0251	896.5212	2.2262	measured
12288	1430	17571840	single-workgroup-tree	10	143	-	10	48	2	30	64	1079.208	1130.209	1198.208	47.832	58223.125	58416.084	58571.791	162.079	907.0463	909.2996	3.3319	measured
12288	1430	17571840	single-workgroup-tree	11	130	-	11	48	2	30	64	1075.250	1115.500	1187.542	49.402	57846.167	58005.416	58176.583	118.036	901.1257	903.0145	2.6578	measured
12288	1430	17571840	single-workgroup-tree	13	110	-	13	64	2	30	64	1090.125	1128.625	1184.000	47.150	58691.250	58913.416	59087.750	129.131	914.3036	917.2189	2.7981	measured
12288	1430	17571840	single-workgroup-tree	22	65	-	22	96	2	30	64	1057.125	1106.083	1156.167	32.359	56918.959	57012.375	57228.250	122.808	886.6958	887.4015	2.4630	measured
12288	1430	17571840	single-workgroup-tree	26	55	-	26	112	2	30	64	1061.667	1102.083	1145.625	29.276	56772.542	56940.958	57110.209	105.722	884.2996	886.3313	2.1428	measured
12288	1430	17571840	single-workgroup-tree	55	26	-	55	224	2	30	64	1041.292	1086.834	1128.125	25.353	56157.666	56310.708	56524.542	116.911	874.8631	876.5694	2.2582	measured
12288	1430	17571840	single-workgroup-tree	65	22	-	65	272	2	30	64	1031.708	1078.458	1120.791	34.454	55247.833	55309.875	55445.458	98.477	860.5734	860.8161	2.1100	measured
12288	1430	17571840	single-workgroup-tree	110	13	-	110	448	2	30	64	1055.625	1087.875	1131.250	32.796	56751.500	56963.542	57125.791	120.636	884.0615	886.9153	2.4354	measured
12288	1430	17571840	single-workgroup-tree	130	11	-	130	528	2	30	64	1033.458	1080.041	1109.875	28.353	55430.292	55627.667	55757.458	133.485	863.4418	865.8353	2.5689	measured
12288	1430	17571840	single-workgroup-tree	143	10	-	143	576	2	30	64	1043.792	1090.834	1126.209	32.574	55951.417	56108.875	56301.375	136.612	871.5496	873.3022	2.6855	measured
12288	1430	17571840	single-workgroup-tree	286	5	production	286	1152	2	30	64	1021.458	1078.375	1134.167	32.687	55330.917	55459.542	55621.541	99.656	862.0549	863.1931	2.1007	measured
12288	1430	17571840	single-workgroup-tree	715	2	-	715	2864	2	30	64	1091.875	1133.375	1175.541	30.030	59225.791	59492.666	59877.167	241.031	922.7606	926.3380	4.3026	measured
12288	1575	19353600	single-workgroup-tree	3	525	-	3	16	2	30	64	1242.583	1273.583	1310.625	36.828	67073.417	67484.292	67742.500	204.176	1044.9339	1050.9636	3.8255	measured
12288	1575	19353600	single-workgroup-tree	5	315	-	5	32	2	30	64	1203.708	1252.583	1310.500	33.421	65975.125	66323.542	66540.208	177.095	1028.1177	1032.8724	3.3415	measured
12288	1575	19353600	single-workgroup-tree	7	225	-	7	32	2	30	64	1164.250	1222.459	1250.916	49.246	63549.042	63716.083	63871.292	113.600	990.2348	991.9623	2.5849	measured
12288	1575	19353600	single-workgroup-tree	9	175	-	9	48	2	30	64	1147.000	1217.084	1260.167	33.695	63939.959	64056.167	64212.875	88.675	996.7136	997.4458	1.9424	measured
12288	1575	19353600	single-workgroup-tree	15	105	-	15	64	2	30	64	1151.291	1202.625	1240.250	26.451	63276.583	63484.542	63674.167	116.058	986.1157	988.6019	2.2620	measured
12288	1575	19353600	single-workgroup-tree	21	75	-	21	96	2	30	64	1168.166	1236.416	1309.250	48.665	64619.209	64782.250	64911.792	91.787	1007.1594	1008.6640	2.2294	measured
12288	1575	19353600	single-workgroup-tree	25	63	-	25	112	2	30	64	1179.917	1236.667	1267.208	32.183	64700.959	65009.375	65168.583	127.059	1008.2705	1012.2652	2.5277	measured
12288	1575	19353600	single-workgroup-tree	35	45	-	35	144	2	30	64	1137.792	1193.708	1227.667	44.627	62615.792	62757.208	62916.834	127.370	975.8413	977.1984	2.7301	measured
12288	1575	19353600	single-workgroup-tree	45	35	-	45	192	2	30	64	1145.916	1197.583	1233.667	25.674	62642.042	62733.208	62857.500	86.579	976.1290	976.7560	1.7818	measured
12288	1575	19353600	single-workgroup-tree	63	25	-	63	256	2	30	64	1137.542	1179.375	1202.750	27.429	61308.500	61507.875	61700.417	124.813	955.0946	957.5952	2.4165	measured
12288	1575	19353600	single-workgroup-tree	75	21	-	75	304	2	30	64	1128.375	1173.333	1219.875	38.152	61217.500	61387.708	61612.917	159.176	953.7956	955.7837	3.1322	measured
12288	1575	19353600	single-workgroup-tree	105	15	-	105	432	2	30	64	1117.125	1165.333	1207.125	29.389	60900.959	61066.250	61210.334	123.622	948.9497	950.8082	2.4287	measured
12288	1575	19353600	single-workgroup-tree	175	9	-	175	704	2	30	64	1117.417	1179.416	1232.208	39.313	61090.250	61234.250	61409.542	136.833	951.9497	953.2513	2.7960	measured
12288	1575	19353600	single-workgroup-tree	225	7	production	225	912	2	30	64	1115.375	1175.166	1214.708	32.113	60966.625	61170.291	61315.458	141.198	950.0198	952.3036	2.7510	measured
12288	1575	19353600	single-workgroup-tree	315	5	-	315	1264	2	30	64	1163.333	1218.250	1260.041	29.986	63979.292	64146.084	64344.417	169.601	997.0787	998.8545	3.1681	measured
12288	1575	19353600	single-workgroup-tree	525	3	-	525	2112	2	30	64	1172.208	1233.375	1264.792	24.661	64653.125	65081.500	65325.375	255.189	1007.6336	1013.4623	4.4421	measured
12288	1925	23654400	single-workgroup-tree	5	385	-	5	32	2	30	64	1390.083	1419.000	1447.875	18.954	76838.334	77010.125	77128.875	129.557	1197.5913	1199.8591	2.3573	measured
12288	1925	23654400	single-workgroup-tree	7	275	-	7	32	2	30	64	1420.500	1453.417	1470.375	20.927	78813.542	79022.250	79160.959	115.101	1228.4610	1231.2513	2.1592	measured
12288	1925	23654400	single-workgroup-tree	11	175	-	11	48	2	30	64	1409.375	1441.417	1477.875	45.696	77977.917	78146.334	78271.208	126.259	1215.3737	1217.5384	2.7294	measured
12288	1925	23654400	single-workgroup-tree	25	77	-	25	112	2	30	64	1389.959	1419.583	1443.416	21.013	76624.250	76790.709	76973.166	142.103	1194.1951	1196.3671	2.5891	measured
12288	1925	23654400	single-workgroup-tree	35	55	-	35	144	2	30	64	1377.250	1419.500	1471.958	53.163	76275.834	76468.084	76650.459	120.126	1188.8664	1191.2474	2.7506	measured
12288	1925	23654400	single-workgroup-tree	55	35	-	55	224	2	30	64	1369.208	1407.291	1433.000	19.295	76168.208	76398.417	76575.833	181.296	1187.2857	1190.3353	3.1840	measured
12288	1925	23654400	single-workgroup-tree	77	25	-	77	320	2	30	64	1315.917	1372.833	1398.708	21.498	74235.625	74481.833	74605.209	133.032	1157.4557	1160.4603	2.4529	measured
12288	1925	23654400	single-workgroup-tree	175	11	-	175	704	2	30	64	1340.542	1379.500	1399.292	23.974	74251.708	74427.958	74539.375	100.634	1157.3201	1159.4993	1.9779	measured
12288	1925	23654400	single-workgroup-tree	275	7	production	275	1104	2	30	64	1362.958	1402.666	1428.916	19.214	76108.458	76294.875	76584.708	163.043	1186.4365	1188.7652	2.8930	measured
12288	1925	23654400	single-workgroup-tree	385	5	-	385	1552	2	30	64	1346.125	1383.125	1415.208	45.992	74231.666	74451.041	74599.916	193.781	1156.9133	1159.8082	3.8059	measured
12288	1024	12582912	single-workgroup-tree	2	512	-	2	16	2	30	64	885.375	942.292	987.333	37.179	46641.500	46850.334	47127.833	175.613	726.2877	728.6991	3.3777	measured
12288	1024	12582912	single-workgroup-tree	4	256	-	4	16	2	30	64	827.333	874.833	929.000	38.283	42565.334	42748.875	42884.375	94.617	662.5080	664.6673	2.1095	measured
12288	1024	12582912	single-workgroup-tree	8	128	-	8	32	2	30	64	841.041	892.083	944.292	46.073	43881.750	44019.542	44164.750	93.763	683.1859	684.5628	2.2196	measured
12288	1024	12582912	single-workgroup-tree	16	64	-	16	64	2	30	64	812.167	851.583	913.209	34.333	41448.167	41562.792	41628.083	65.545	645.0159	646.2097	1.5854	measured
12288	1024	12582912	single-workgroup-tree	32	32	-	32	128	2	30	64	824.292	875.584	928.500	47.064	42500.375	42647.958	42740.542	69.381	661.5251	663.0536	1.8483	measured
12288	1024	12582912	single-workgroup-tree	64	16	-	64	256	2	30	64	803.708	848.666	896.333	34.246	40556.875	40676.666	40815.250	97.395	631.0027	632.1905	2.0895	measured
12288	1024	12582912	single-workgroup-tree	128	8	-	128	512	2	30	64	847.541	891.958	937.666	32.360	43242.917	43415.208	43542.875	94.337	672.9425	674.9722	2.0111	measured
12288	1024	12582912	single-workgroup-tree	256	4	production	256	1024	2	30	64	801.750	843.583	893.750	30.904	40798.000	40967.334	41064.750	96.074	634.8611	636.8849	2.0155	measured
12288	1024	12582912	single-workgroup-tree	512	2	-	512	2048	2	30	64	863.666	916.875	987.750	46.335	44000.083	44283.958	44367.792	110.686	684.7050	688.3664	2.4924	measured
12288	1729	21245952	single-workgroup-tree	7	247	-	7	32	2	30	64	1235.708	1267.834	1325.000	45.221	69803.959	69962.958	70084.417	106.256	1088.3849	1090.3988	2.4044	measured
12288	1729	21245952	single-workgroup-tree	13	133	-	13	64	2	30	64	1215.458	1250.083	1314.875	47.514	68642.458	68810.917	68942.375	121.095	1070.2698	1072.3942	2.6763	measured
12288	1729	21245952	single-workgroup-tree	19	91	-	19	80	2	30	64	1232.125	1249.042	1310.667	85.035	68818.833	68965.417	69161.209	101.984	1072.8049	1074.8631	2.9686	measured
12288	1729	21245952	single-workgroup-tree	91	19	-	91	368	2	30	64	1183.584	1216.667	1281.916	34.239	66482.625	66740.750	66867.917	117.098	1036.4927	1040.0648	2.4022	measured
12288	1729	21245952	single-workgroup-tree	133	13	-	133	544	2	30	64	1185.292	1221.583	1274.667	47.757	66573.875	66708.041	66894.542	123.867	1037.9140	1039.4676	2.7242	measured
12288	1729	21245952	single-workgroup-tree	247	7	production	247	992	2	30	64	1185.458	1224.959	1260.875	27.516	66815.375	67015.000	67194.875	138.037	1041.7447	1044.2864	2.6278	measured

# shapes	70
# variants_attempted	1265
# variants_measured	1265
# variants_declined	0
# widest_prepared_workgroup	945
# maximum_prepared_threadgroup_bytes	3792
# load_after	3.42 3.30 3.19
# executable_sha256_after	5d7d2d13daffbf05d002c2cf7438522bf303fd688f9c69b1017eebf5a427938e
# concurrent_build_processes_after	0
