# spike	reduction-tree-width-table
# mode	TreeWidthTable
# metric	wall-clock microseconds, commit to completed
# warmup	8
# repetitions	30
# batch	64
# contract	FLUSH_AND_REASSOCIATE_F32
# declaration	BoundMetalCompileDeclaration::first_macos_apple9
# device	Apple M4 Max
# device_apple9	true
# device_max_threads_per_threadgroup	1024
# device_max_threadgroup_memory	32768
# concurrent_build_processes_before	0
# executable_sha256_before	5d7d2d13daffbf05d002c2cf7438522bf303fd688f9c69b1017eebf5a427938e
# load_before	3.73 4.07 4.37
# oracle_tie	4x16	reference-checked
rows	contributors	elements	strategy	partitions	per_partition	production	widest_workgroup	threadgroup_bytes	encoders	reps	batch	submit_min_us	submit_p50_us	submit_p90_us	submit_stddev_us	batch_min_us	batch_p50_us	batch_p90_us	batch_stddev_us	amortized_min_us	amortized_p50_us	amortized_stddev_us	status
16	1080	17280	single-workgroup-tree	2	540	-	2	16	2	30	64	117.917	133.583	164.417	15.817	886.083	912.667	979.167	65.502	12.1931	12.3664	1.2908	measured
16	1080	17280	single-workgroup-tree	3	360	-	3	16	2	30	64	143.459	157.375	184.959	31.493	2037.292	2063.584	2157.375	237.066	30.0608	30.2573	4.2628	measured
16	1080	17280	single-workgroup-tree	4	270	-	4	16	2	30	64	141.750	156.959	190.042	18.905	1760.208	1776.833	1912.375	242.566	25.6898	25.7123	4.1503	measured
16	1080	17280	single-workgroup-tree	5	216	-	5	32	2	30	64	112.625	131.833	163.334	44.586	695.500	722.375	850.458	67.364	9.2520	9.3737	1.7770	measured
16	1080	17280	single-workgroup-tree	6	180	-	6	32	2	30	64	131.250	147.833	180.834	21.182	1283.833	1303.166	1423.500	109.927	18.2950	18.3386	2.0811	measured
16	1080	17280	single-workgroup-tree	8	135	-	8	32	2	30	64	121.542	135.000	167.708	22.672	860.791	898.417	971.833	54.482	11.7341	12.1177	1.2247	measured
16	1080	17280	single-workgroup-tree	9	120	-	9	48	2	30	64	112.667	123.250	161.958	44.988	423.000	466.708	483.417	44.707	4.9259	5.4517	1.4237	measured
16	1080	17280	single-workgroup-tree	10	108	-	10	48	2	30	64	125.292	132.875	166.792	17.163	896.625	937.334	1071.875	73.240	12.2434	12.7692	1.4350	measured
16	1080	17280	single-workgroup-tree	12	90	-	12	48	2	30	64	125.125	134.166	180.541	55.538	888.833	914.875	981.041	60.744	12.1223	12.3922	1.8457	measured
16	1080	17280	single-workgroup-tree	15	72	-	15	64	2	30	64	115.250	124.667	159.291	18.225	680.459	721.292	755.625	49.184	8.9716	9.4702	1.0700	measured
16	1080	17280	single-workgroup-tree	18	60	-	18	80	2	30	64	116.541	125.583	167.959	37.688	655.792	689.000	715.084	46.441	8.5595	8.9431	1.3354	measured
16	1080	17280	single-workgroup-tree	20	54	-	20	80	2	30	64	111.417	120.875	171.209	28.244	657.667	693.334	732.333	38.466	8.6706	9.0867	1.0589	measured
16	1080	17280	single-workgroup-tree	24	45	-	24	96	2	30	64	113.292	120.750	171.000	40.941	363.125	410.792	454.333	38.394	3.9656	4.6038	1.2593	measured
16	1080	17280	single-workgroup-tree	27	40	-	27	112	2	30	64	114.833	122.458	161.250	23.875	388.125	422.417	462.916	41.321	4.3380	4.7613	1.0349	measured
16	1080	17280	single-workgroup-tree	30	36	-	30	128	2	30	64	112.334	120.667	160.083	19.036	476.959	510.000	544.167	43.423	5.7877	6.1799	0.9914	measured
16	1080	17280	single-workgroup-tree	36	30	-	36	144	2	30	64	104.792	122.500	155.958	17.836	515.791	557.291	572.625	29.233	6.5238	6.9014	0.7471	measured
16	1080	17280	single-workgroup-tree	40	27	-	40	160	2	30	64	115.083	122.459	159.334	18.521	367.375	415.041	424.333	26.567	4.0046	4.6442	0.7157	measured
16	1080	17280	single-workgroup-tree	45	24	-	45	192	2	30	64	111.666	126.750	165.625	20.901	355.375	396.334	406.291	14.047	3.8684	4.2791	0.5547	measured
16	1080	17280	single-workgroup-tree	54	20	-	54	224	2	30	64	112.792	122.750	168.167	54.744	504.667	540.917	557.750	47.562	6.2202	6.6376	1.6239	measured
16	1080	17280	single-workgroup-tree	60	18	-	60	240	2	30	64	114.250	122.333	160.542	38.911	513.833	559.666	623.250	42.094	6.3426	6.9418	1.2858	measured
16	1080	17280	single-workgroup-tree	72	15	-	72	288	2	30	64	114.500	119.333	167.917	22.537	549.500	595.917	651.084	42.458	6.9048	7.5648	1.0317	measured
16	1080	17280	single-workgroup-tree	90	12	-	90	368	2	30	64	113.334	122.375	161.792	19.678	612.916	654.000	731.209	40.246	7.9299	8.4385	0.9512	measured
16	1080	17280	single-workgroup-tree	108	10	-	108	432	2	30	64	115.917	124.959	162.916	18.320	662.958	705.959	763.292	42.130	8.6832	9.2222	0.9595	measured
16	1080	17280	single-workgroup-tree	120	9	-	120	480	2	30	64	111.083	121.625	160.458	37.599	381.875	433.416	453.000	38.846	4.2983	4.9491	1.2134	measured
16	1080	17280	single-workgroup-tree	135	8	-	135	544	2	30	64	114.208	133.333	162.166	18.026	560.083	605.958	641.250	31.483	7.0774	7.5020	0.7859	measured
16	1080	17280	single-workgroup-tree	180	6	-	180	720	2	30	64	122.792	147.459	172.083	30.627	900.792	925.833	1027.958	68.941	12.3492	12.3551	1.5804	measured
16	1080	17280	single-workgroup-tree	216	5	-	216	864	2	30	64	114.667	126.500	159.333	50.522	523.292	560.875	639.500	50.707	6.4861	6.8948	1.6068	measured
16	1080	17280	single-workgroup-tree	270	4	production	270	1088	2	30	64	128.542	140.292	171.833	20.053	1185.833	1217.750	1250.333	95.878	16.7824	17.1025	1.8402	measured
16	1080	17280	single-workgroup-tree	360	3	-	360	1440	2	30	64	139.208	150.541	173.459	14.067	1447.083	1488.833	1698.833	148.065	20.7599	21.2427	2.5735	measured
16	1080	17280	single-workgroup-tree	540	2	-	540	2160	2	30	64	113.959	122.875	159.709	17.872	656.208	688.625	758.375	42.445	8.6071	8.9802	0.9574	measured
16	1215	19440	single-workgroup-tree	3	405	-	3	16	2	30	64	146.083	174.208	188.667	30.546	1469.375	1600.042	2181.792	337.970	21.0046	22.6323	5.8495	measured
16	1215	19440	single-workgroup-tree	5	243	-	5	32	2	30	64	121.083	151.416	163.666	16.128	597.333	670.833	785.958	102.348	7.5595	8.2447	1.8806	measured
16	1215	19440	single-workgroup-tree	9	135	-	9	48	2	30	64	132.500	164.875	182.209	32.786	1102.708	1326.334	1586.583	242.850	15.4001	18.4359	4.3752	measured
16	1215	19440	single-workgroup-tree	15	81	-	15	64	2	30	64	117.000	145.333	164.791	19.526	457.916	505.750	600.584	67.364	5.4114	5.7209	1.3792	measured
16	1215	19440	single-workgroup-tree	27	45	-	27	112	2	30	64	109.791	147.750	163.333	21.189	439.750	484.791	548.125	50.494	5.2374	5.3499	1.1378	measured
16	1215	19440	single-workgroup-tree	45	27	-	45	192	2	30	64	116.917	148.667	162.292	18.580	438.083	483.834	552.917	44.942	5.0979	5.3201	1.0083	measured
16	1215	19440	single-workgroup-tree	81	15	-	81	336	2	30	64	116.375	145.792	157.208	17.564	409.334	471.125	566.834	57.159	4.6501	5.1640	1.1861	measured
16	1215	19440	single-workgroup-tree	135	9	-	135	544	2	30	64	122.084	153.792	169.750	34.516	668.417	764.750	931.417	110.499	8.6720	9.6977	2.3018	measured
16	1215	19440	single-workgroup-tree	243	5	production	243	976	2	30	64	116.333	148.000	164.542	18.405	533.209	560.959	694.250	71.718	6.6171	6.5549	1.4305	measured
16	1215	19440	single-workgroup-tree	405	3	-	405	1632	2	30	64	130.542	160.292	180.500	53.476	931.041	1022.500	1297.417	178.073	12.7063	13.6858	3.6754	measured
16	1320	21120	single-workgroup-tree	2	660	-	2	16	2	30	64	164.500	173.500	204.042	40.527	3453.250	3500.584	3543.333	41.884	52.2024	52.8109	1.3081	measured
16	1320	21120	single-workgroup-tree	3	440	-	3	16	2	30	64	151.375	158.292	187.208	13.387	2413.084	2455.083	2548.333	48.293	35.9001	36.4570	0.9790	measured
16	1320	21120	single-workgroup-tree	4	330	-	4	16	2	30	64	114.375	121.500	159.333	32.098	822.375	863.917	920.958	36.671	11.2381	11.7844	1.0916	measured
16	1320	21120	single-workgroup-tree	5	264	-	5	32	2	30	64	137.083	141.917	170.375	18.824	1623.209	1675.250	1760.792	56.188	23.5893	24.3386	1.1907	measured
16	1320	21120	single-workgroup-tree	6	220	-	6	32	2	30	64	119.417	132.166	159.709	32.010	916.708	943.084	960.833	20.632	12.6554	12.8717	0.8356	measured
16	1320	21120	single-workgroup-tree	8	165	-	8	32	2	30	64	112.083	122.708	148.583	13.053	722.083	755.375	784.666	45.954	9.6825	10.0423	0.9366	measured
16	1320	21120	single-workgroup-tree	10	132	-	10	48	2	30	64	123.541	131.542	165.834	14.574	1032.041	1066.292	1085.458	42.728	14.4206	14.8373	0.9095	measured
16	1320	21120	single-workgroup-tree	11	120	-	11	48	2	30	64	112.458	122.667	152.042	14.174	439.292	478.375	538.458	47.309	5.1878	5.6462	0.9759	measured
16	1320	21120	single-workgroup-tree	12	110	-	12	48	2	30	64	123.167	131.917	171.958	43.887	1009.333	1049.792	1067.333	39.965	14.0661	14.5694	1.3310	measured
16	1320	21120	single-workgroup-tree	15	88	-	15	64	2	30	64	113.708	123.333	152.458	31.049	532.208	564.750	609.375	40.310	6.6429	7.0066	1.1327	measured
16	1320	21120	single-workgroup-tree	20	66	-	20	80	2	30	64	113.708	119.750	150.125	14.671	406.792	442.625	469.333	38.595	4.6521	5.1250	0.8455	measured
16	1320	21120	single-workgroup-tree	22	60	-	22	96	2	30	64	113.291	120.541	163.125	30.124	672.041	705.166	725.334	18.332	8.8690	9.2798	0.7692	measured
16	1320	21120	single-workgroup-tree	24	55	-	24	96	2	30	64	113.042	119.042	153.959	25.874	388.500	420.125	443.083	38.186	4.3723	4.7791	1.0168	measured
16	1320	21120	single-workgroup-tree	30	44	-	30	128	2	30	64	109.500	118.542	154.292	16.022	652.250	680.875	704.791	25.382	8.6151	8.9259	0.6572	measured
16	1320	21120	single-workgroup-tree	33	40	-	33	144	2	30	64	113.459	120.416	155.125	29.664	390.042	418.125	437.541	20.271	4.3902	4.7255	0.7926	measured
16	1320	21120	single-workgroup-tree	40	33	-	40	160	2	30	64	112.875	119.167	153.459	15.989	389.041	415.541	435.709	33.188	4.3836	4.7043	0.7806	measured
16	1320	21120	single-workgroup-tree	44	30	-	44	176	2	30	64	112.000	119.292	152.291	33.123	634.708	663.917	686.500	42.756	8.2970	8.6448	1.2044	measured
16	1320	21120	single-workgroup-tree	55	24	-	55	224	2	30	64	113.291	119.083	148.875	14.500	372.792	405.083	429.000	21.658	4.1191	4.5397	0.5739	measured
16	1320	21120	single-workgroup-tree	60	22	-	60	240	2	30	64	112.625	118.750	152.250	15.060	530.292	571.125	611.209	35.061	6.6296	7.1806	0.7956	measured
16	1320	21120	single-workgroup-tree	66	20	-	66	272	2	30	64	114.917	119.250	149.250	27.648	383.417	414.125	450.125	34.586	4.2619	4.6806	0.9878	measured
16	1320	21120	single-workgroup-tree	88	15	-	88	352	2	30	64	111.375	119.542	154.834	23.203	453.166	484.084	510.041	18.893	5.4253	5.7864	0.6682	measured
16	1320	21120	single-workgroup-tree	110	12	-	110	448	2	30	64	111.709	118.791	158.458	15.630	680.458	707.500	743.042	28.356	9.0278	9.3446	0.6982	measured
16	1320	21120	single-workgroup-tree	120	11	-	120	480	2	30	64	113.834	119.709	155.709	31.286	399.625	438.042	454.875	41.750	4.5364	5.0529	1.1593	measured
16	1320	21120	single-workgroup-tree	132	10	-	132	528	2	30	64	110.416	118.291	154.500	34.674	745.208	781.500	807.125	39.894	10.0761	10.5271	1.1836	measured
16	1320	21120	single-workgroup-tree	165	8	-	165	672	2	30	64	114.875	119.416	153.542	14.564	507.625	547.167	561.292	35.741	6.2341	6.7897	0.7985	measured
16	1320	21120	single-workgroup-tree	220	6	-	220	880	2	30	64	112.916	119.333	153.083	15.661	618.167	649.125	667.542	44.905	8.0199	8.4094	0.9614	measured
16	1320	21120	single-workgroup-tree	264	5	production	264	1056	2	30	64	126.416	133.542	168.541	28.007	1161.917	1195.542	1221.666	49.537	16.4365	16.8571	1.2309	measured
16	1320	21120	single-workgroup-tree	330	4	-	330	1328	2	30	64	115.458	122.959	151.375	13.685	580.792	617.417	629.167	35.766	7.3863	7.8485	0.7849	measured
16	1320	21120	single-workgroup-tree	440	3	-	440	1760	2	30	64	137.667	143.625	173.416	25.242	1724.667	1768.042	1858.375	47.167	25.1905	25.7844	1.1494	measured
16	1320	21120	single-workgroup-tree	660	2	-	660	2640	2	30	64	143.000	155.291	185.833	14.284	2393.000	2432.500	2468.292	46.227	35.7143	36.1462	0.9605	measured
16	1512	24192	single-workgroup-tree	2	756	-	2	16	2	30	64	136.375	146.000	180.500	16.632	1520.458	1566.000	1742.917	154.997	21.9696	22.5397	2.7243	measured
16	1512	24192	single-workgroup-tree	3	504	-	3	16	2	30	64	160.375	169.209	200.083	19.365	2718.084	2763.292	2778.791	239.831	40.5986	41.1759	4.1142	measured
16	1512	24192	single-workgroup-tree	4	378	-	4	16	2	30	64	114.959	124.458	161.291	17.187	696.958	743.166	820.792	48.536	9.2381	9.8208	1.0432	measured
16	1512	24192	single-workgroup-tree	6	252	-	6	32	2	30	64	135.625	147.000	189.416	17.689	1660.875	1704.792	1788.750	128.394	24.2103	24.7269	2.3188	measured
16	1512	24192	single-workgroup-tree	7	216	-	7	32	2	30	64	112.083	124.542	214.083	53.001	701.666	747.500	828.042	40.064	9.3585	9.8882	1.4772	measured
16	1512	24192	single-workgroup-tree	8	189	-	8	32	2	30	64	115.333	124.083	166.542	19.191	791.250	832.291	850.833	30.192	10.7288	11.2414	0.7839	measured
16	1512	24192	single-workgroup-tree	9	168	-	9	48	2	30	64	129.542	138.292	172.708	17.672	1149.041	1191.333	1274.583	64.315	16.1825	16.7149	1.3014	measured
16	1512	24192	single-workgroup-tree	12	126	-	12	48	2	30	64	112.500	122.958	163.083	18.847	591.416	635.750	759.125	51.872	7.6018	8.1396	1.1225	measured
16	1512	24192	single-workgroup-tree	14	108	-	14	64	2	30	64	127.417	132.875	174.291	18.269	918.625	959.292	994.500	56.184	12.5589	13.1177	1.1818	measured
16	1512	24192	single-workgroup-tree	18	84	-	18	80	2	30	64	115.375	131.208	166.542	17.224	794.042	839.875	914.875	46.407	10.7725	11.2487	1.0100	measured
16	1512	24192	single-workgroup-tree	21	72	-	21	96	2	30	64	114.916	124.375	166.292	34.675	700.750	748.042	802.458	43.404	9.2990	9.8995	1.2393	measured
16	1512	24192	single-workgroup-tree	24	63	-	24	96	2	30	64	114.209	123.042	166.291	21.754	609.083	650.917	671.000	43.723	7.8551	8.3790	1.0393	measured
16	1512	24192	single-workgroup-tree	27	56	-	27	112	2	30	64	113.166	119.042	168.958	25.962	421.041	455.875	473.167	39.472	4.8869	5.3466	1.0386	measured
16	1512	24192	single-workgroup-tree	28	54	-	28	112	2	30	64	113.334	119.125	168.583	40.361	686.042	725.958	743.292	30.029	9.0906	9.6323	1.1173	measured
16	1512	24192	single-workgroup-tree	36	42	-	36	144	2	30	64	113.792	119.542	160.125	18.331	612.167	650.375	665.291	27.022	7.9107	8.4259	0.7199	measured
16	1512	24192	single-workgroup-tree	42	36	-	42	176	2	30	64	112.459	119.500	170.875	29.786	520.709	561.167	601.208	44.309	6.4802	7.0106	1.1761	measured
16	1512	24192	single-workgroup-tree	54	28	-	54	224	2	30	64	113.791	120.250	171.292	49.968	547.375	578.708	596.375	26.696	6.8823	7.2771	1.2169	measured
16	1512	24192	single-workgroup-tree	56	27	-	56	224	2	30	64	113.417	119.125	164.541	23.075	402.500	435.667	462.333	25.726	4.5886	5.0245	0.7746	measured
16	1512	24192	single-workgroup-tree	63	24	-	63	256	2	30	64	115.375	119.125	161.167	19.323	463.542	498.334	517.125	43.474	5.5265	6.0192	0.9968	measured
16	1512	24192	single-workgroup-tree	72	21	-	72	288	2	30	64	112.833	119.459	166.875	20.517	579.625	618.583	637.542	33.723	7.4094	7.9226	0.8609	measured
16	1512	24192	single-workgroup-tree	84	18	-	84	336	2	30	64	113.125	120.292	158.958	19.237	618.333	657.916	736.459	47.764	8.0192	8.5337	1.0635	measured
16	1512	24192	single-workgroup-tree	108	14	-	108	432	2	30	64	111.208	119.791	164.208	21.992	687.958	721.708	743.500	35.168	9.1548	9.5542	0.9073	measured
16	1512	24192	single-workgroup-tree	126	12	-	126	512	2	30	64	114.792	120.583	168.666	36.142	460.250	496.083	517.334	18.726	5.4835	5.9603	0.8709	measured
16	1512	24192	single-workgroup-tree	168	9	-	168	672	2	30	64	114.292	130.875	189.209	56.859	863.375	908.000	988.083	37.716	11.8902	12.3353	1.5012	measured
16	1512	24192	single-workgroup-tree	189	8	-	189	768	2	30	64	113.084	122.917	164.666	19.191	539.709	579.916	597.792	36.650	6.7718	7.2540	0.8864	measured
16	1512	24192	single-workgroup-tree	216	7	-	216	864	2	30	64	112.500	120.542	161.916	18.371	534.750	570.375	591.166	33.299	6.7024	7.1402	0.8202	measured
16	1512	24192	single-workgroup-tree	252	6	production	252	1008	2	30	64	128.709	136.459	175.292	17.896	1132.000	1166.792	1198.250	54.765	15.9253	16.3545	1.1533	measured
16	1512	24192	single-workgroup-tree	378	4	-	378	1520	2	30	64	117.375	123.459	161.833	17.613	554.416	591.917	608.459	28.855	6.9372	7.4358	0.7376	measured
16	1512	24192	single-workgroup-tree	504	3	-	504	2016	2	30	64	142.416	149.709	193.334	53.395	1929.792	1974.292	2058.667	107.765	28.3710	28.9616	2.5581	measured
16	1512	24192	single-workgroup-tree	756	2	-	756	3024	2	30	64	130.125	139.583	180.750	51.224	1028.125	1066.208	1106.000	52.835	14.2540	14.7083	1.6517	measured
16	1638	26208	single-workgroup-tree	2	819	-	2	16	2	30	64	146.208	163.709	188.584	13.698	2611.083	2656.958	2810.500	94.673	39.1250	39.5754	1.7202	measured
16	1638	26208	single-workgroup-tree	3	546	-	3	16	2	30	64	124.542	137.209	163.209	28.287	1211.333	1258.125	1351.833	57.682	17.2507	17.7923	1.3646	measured
16	1638	26208	single-workgroup-tree	6	273	-	6	32	2	30	64	105.667	126.792	151.542	27.473	576.542	606.292	624.959	26.930	7.4742	7.6111	0.8635	measured
16	1638	26208	single-workgroup-tree	7	234	-	7	32	2	30	64	126.083	144.750	166.250	29.416	1757.959	1785.750	1899.334	62.670	25.9028	26.0476	1.4617	measured
16	1638	26208	single-workgroup-tree	9	182	-	9	48	2	30	64	125.959	140.333	169.542	31.884	1469.417	1507.125	1618.000	52.650	21.3247	21.6951	1.3418	measured
16	1638	26208	single-workgroup-tree	13	126	-	13	64	2	30	64	107.583	120.834	152.792	31.610	597.666	634.834	650.917	28.625	7.7791	8.1587	0.9561	measured
16	1638	26208	single-workgroup-tree	14	117	-	14	64	2	30	64	105.208	118.500	152.542	19.421	629.250	670.208	684.917	23.946	8.3181	8.7573	0.6884	measured
16	1638	26208	single-workgroup-tree	18	91	-	18	80	2	30	64	105.166	118.500	151.958	30.195	430.417	467.250	482.458	29.480	5.1627	5.5357	0.9472	measured
16	1638	26208	single-workgroup-tree	21	78	-	21	96	2	30	64	102.583	118.875	161.291	21.399	442.750	475.375	492.750	17.689	5.3995	5.6587	0.6204	measured
16	1638	26208	single-workgroup-tree	26	63	-	26	112	2	30	64	105.750	117.791	223.250	44.280	633.500	670.375	747.000	44.237	8.3770	8.7712	1.4050	measured
16	1638	26208	single-workgroup-tree	39	42	-	39	160	2	30	64	103.459	119.458	148.334	28.854	611.833	637.709	671.334	46.054	8.0694	8.2262	1.1890	measured
16	1638	26208	single-workgroup-tree	42	39	-	42	176	2	30	64	111.041	118.625	150.875	16.777	515.459	547.250	588.042	33.409	6.4193	6.8036	0.7966	measured
16	1638	26208	single-workgroup-tree	63	26	-	63	256	2	30	64	105.833	117.833	153.250	38.163	498.667	535.000	554.791	24.928	6.2355	6.6217	1.0014	measured
16	1638	26208	single-workgroup-tree	78	21	-	78	320	2	30	64	102.208	117.250	150.917	38.268	404.167	444.750	454.667	17.830	4.7930	5.1984	0.8905	measured
16	1638	26208	single-workgroup-tree	91	18	-	91	368	2	30	64	103.042	119.625	150.416	15.707	400.291	431.000	451.917	32.893	4.7182	4.9425	0.7714	measured
16	1638	26208	single-workgroup-tree	117	14	-	117	480	2	30	64	103.500	117.792	153.125	44.183	473.375	507.875	526.500	25.510	5.8710	6.1918	1.1062	measured
16	1638	26208	single-workgroup-tree	126	13	-	126	512	2	30	64	105.250	120.542	147.792	16.908	459.041	497.167	517.875	18.201	5.6157	5.9782	0.5573	measured
16	1638	26208	single-workgroup-tree	182	9	-	182	736	2	30	64	105.625	131.292	156.666	15.977	920.500	965.000	1051.875	67.335	12.9345	13.2335	1.3224	measured
16	1638	26208	single-workgroup-tree	234	7	-	234	944	2	30	64	121.166	135.125	166.709	30.533	1081.542	1133.083	1207.792	64.762	15.2441	15.8406	1.5126	measured
16	1638	26208	single-workgroup-tree	273	6	production	273	1104	2	30	64	107.834	125.708	151.041	32.151	484.042	533.209	564.333	40.582	5.9716	6.4683	1.1545	measured
16	1638	26208	single-workgroup-tree	546	3	-	546	2192	2	30	64	103.875	128.375	150.500	29.347	835.542	878.250	926.291	35.851	11.6138	11.9028	1.0349	measured
16	1638	26208	single-workgroup-tree	819	2	-	819	3280	2	30	64	129.292	147.166	172.750	15.781	1795.583	1837.500	1918.833	53.959	26.4491	26.8307	1.1070	measured
16	1890	30240	single-workgroup-tree	2	945	-	2	16	2	30	64	127.375	138.583	181.000	27.782	1144.750	1169.583	1336.084	88.154	16.1488	16.3651	1.8403	measured
16	1890	30240	single-workgroup-tree	3	630	-	3	16	2	30	64	120.125	134.375	172.625	46.484	869.208	894.250	1027.708	101.079	11.8902	12.0615	2.3423	measured
16	1890	30240	single-workgroup-tree	5	378	-	5	32	2	30	64	113.834	122.875	160.375	25.835	727.750	764.042	853.125	45.638	9.7447	10.1773	1.1345	measured
16	1890	30240	single-workgroup-tree	6	315	-	6	32	2	30	64	132.292	141.709	182.500	17.840	1394.875	1429.584	1600.000	119.153	20.0410	20.4425	2.1745	measured
16	1890	30240	single-workgroup-tree	7	270	-	7	32	2	30	64	143.416	157.792	198.916	32.708	2008.500	2049.958	2470.250	207.032	29.6045	30.0344	3.8054	measured
16	1890	30240	single-workgroup-tree	9	210	-	9	48	2	30	64	109.667	124.042	167.875	33.502	523.958	565.291	584.708	23.696	6.5760	7.0040	0.9079	measured
16	1890	30240	single-workgroup-tree	10	189	-	10	48	2	30	64	113.375	128.667	165.166	17.605	809.625	847.584	930.500	56.516	11.0516	11.4114	1.1765	measured
16	1890	30240	single-workgroup-tree	14	135	-	14	64	2	30	64	126.000	136.875	175.542	16.976	960.833	978.667	1057.333	63.695	13.2513	13.3618	1.2805	measured
16	1890	30240	single-workgroup-tree	15	126	-	15	64	2	30	64	112.291	122.833	162.166	34.028	610.083	652.333	721.333	42.234	7.9015	8.4048	1.2105	measured
16	1890	30240	single-workgroup-tree	18	105	-	18	80	2	30	64	112.584	118.208	159.542	18.323	471.333	507.709	544.542	35.496	5.6944	6.1826	0.8543	measured
16	1890	30240	single-workgroup-tree	21	90	-	21	96	2	30	64	125.292	131.875	167.000	17.029	927.833	963.584	1061.959	75.763	12.7387	13.2017	1.4729	measured
16	1890	30240	single-workgroup-tree	27	70	-	27	112	2	30	64	108.208	123.417	156.708	16.593	422.917	458.583	497.750	22.137	4.9954	5.3201	0.6148	measured
16	1890	30240	single-workgroup-tree	30	63	-	30	128	2	30	64	111.875	120.000	164.250	37.183	707.333	750.791	843.916	45.378	9.4517	10.0126	1.3105	measured
16	1890	30240	single-workgroup-tree	35	54	-	35	144	2	30	64	113.625	120.333	151.875	17.290	701.000	744.959	845.167	52.985	9.3234	9.9147	1.1155	measured
16	1890	30240	single-workgroup-tree	42	45	-	42	176	2	30	64	113.417	119.125	159.625	18.350	524.083	560.042	575.084	24.167	6.5185	6.9987	0.6749	measured
16	1890	30240	single-workgroup-tree	45	42	-	45	192	2	30	64	111.208	120.167	156.167	17.280	619.834	663.375	686.084	35.712	8.0734	8.6223	0.8411	measured
16	1890	30240	single-workgroup-tree	54	35	-	54	224	2	30	64	114.458	118.958	164.084	25.040	553.583	601.666	656.959	38.674	6.9702	7.6620	1.0113	measured
16	1890	30240	single-workgroup-tree	63	30	-	63	256	2	30	64	111.875	118.917	162.167	25.540	633.458	677.167	734.084	38.152	8.2791	8.8611	1.0110	measured
16	1890	30240	single-workgroup-tree	70	27	-	70	288	2	30	64	111.875	119.791	161.209	31.083	413.375	458.666	474.958	29.084	4.7857	5.3790	0.9550	measured
16	1890	30240	single-workgroup-tree	90	21	-	90	368	2	30	64	112.875	119.417	163.416	17.737	636.917	689.417	770.417	59.071	8.3181	9.0476	1.2192	measured
16	1890	30240	single-workgroup-tree	105	18	-	105	432	2	30	64	113.500	120.875	166.459	48.872	424.250	464.208	489.292	46.861	4.9325	5.4497	1.5196	measured
16	1890	30240	single-workgroup-tree	126	15	-	126	512	2	30	64	110.417	117.791	160.125	17.999	478.791	512.709	550.500	26.374	5.8472	6.2685	0.7043	measured
16	1890	30240	single-workgroup-tree	135	14	-	135	544	2	30	64	113.333	118.875	153.958	16.781	598.041	645.333	731.250	52.541	7.6938	8.3565	1.1004	measured
16	1890	30240	single-workgroup-tree	189	10	-	189	768	2	30	64	110.875	119.125	148.875	15.960	556.709	603.833	693.125	48.704	7.0767	7.6938	1.0264	measured
16	1890	30240	single-workgroup-tree	210	9	-	210	848	2	30	64	113.875	121.541	154.417	36.557	455.834	501.833	547.375	33.793	5.4279	6.0364	1.1167	measured
16	1890	30240	single-workgroup-tree	270	7	production	270	1088	2	30	64	127.666	141.000	177.417	45.319	1193.708	1237.250	1391.834	105.836	16.9213	17.4008	2.3993	measured
16	1890	30240	single-workgroup-tree	315	6	-	315	1264	2	30	64	127.917	133.375	168.125	25.111	904.000	962.917	1089.084	73.439	12.3188	13.1673	1.5643	measured
16	1890	30240	single-workgroup-tree	378	5	-	378	1520	2	30	64	115.292	123.125	182.042	66.471	567.375	610.250	657.166	33.092	7.1759	7.7321	1.5804	measured
16	1890	30240	single-workgroup-tree	630	3	-	630	2528	2	30	64	114.458	122.250	155.125	16.568	671.166	710.625	757.958	33.143	8.8366	9.3393	0.7891	measured
16	1890	30240	single-workgroup-tree	945	2	-	945	3792	2	30	64	117.292	129.875	172.125	31.402	839.208	881.750	975.459	49.424	11.4590	11.9345	1.2830	measured
16	1050	16800	single-workgroup-tree	2	525	-	2	16	2	30	64	130.834	139.875	179.667	42.335	1262.875	1299.916	1567.833	126.399	17.9689	18.4133	2.6783	measured
16	1050	16800	single-workgroup-tree	3	350	-	3	16	2	30	64	151.084	157.666	188.375	16.570	2055.625	2088.375	2606.875	239.853	30.2308	30.6462	4.0702	measured
16	1050	16800	single-workgroup-tree	5	210	-	5	32	2	30	64	114.708	121.500	168.000	48.009	478.459	525.250	560.000	26.864	5.7738	6.4087	1.1885	measured
16	1050	16800	single-workgroup-tree	6	175	-	6	32	2	30	64	110.875	123.417	166.583	33.703	586.250	630.125	746.291	55.123	7.5456	8.0430	1.4099	measured
16	1050	16800	single-workgroup-tree	7	150	-	7	32	2	30	64	128.584	138.792	183.292	25.539	1225.875	1275.834	1624.916	150.935	17.4173	18.0483	2.8012	measured
16	1050	16800	single-workgroup-tree	10	105	-	10	48	2	30	64	116.209	123.834	164.458	21.787	422.208	474.334	511.417	24.707	4.8571	5.5635	0.7380	measured
16	1050	16800	single-workgroup-tree	14	75	-	14	64	2	30	64	113.875	121.583	164.167	54.980	642.084	675.792	742.583	34.521	8.3843	8.7970	1.4207	measured
16	1050	16800	single-workgroup-tree	15	70	-	15	64	2	30	64	112.500	119.667	163.000	33.760	368.667	417.875	435.000	38.707	4.0661	4.7335	1.1503	measured
16	1050	16800	single-workgroup-tree	21	50	-	21	96	2	30	64	112.958	120.917	160.791	23.543	409.208	445.875	457.958	32.193	4.7024	5.1581	0.8847	measured
16	1050	16800	single-workgroup-tree	25	42	-	25	112	2	30	64	116.542	120.250	166.375	24.775	570.083	615.041	677.625	65.958	7.1991	7.8538	1.4402	measured
16	1050	16800	single-workgroup-tree	30	35	-	30	128	2	30	64	112.417	121.125	162.417	37.588	445.708	481.916	513.792	23.741	5.2903	5.7268	0.9735	measured
16	1050	16800	single-workgroup-tree	35	30	-	35	144	2	30	64	112.750	121.333	160.875	19.617	504.875	542.750	597.208	59.818	6.2242	6.6892	1.2609	measured
16	1050	16800	single-workgroup-tree	42	25	-	42	176	2	30	64	112.792	122.208	158.750	21.384	463.000	499.334	597.916	54.167	5.5589	5.9861	1.1992	measured
16	1050	16800	single-workgroup-tree	50	21	-	50	208	2	30	64	111.792	120.458	167.709	38.597	370.791	404.875	451.708	34.816	4.1111	4.5146	1.1653	measured
16	1050	16800	single-workgroup-tree	70	15	-	70	288	2	30	64	111.958	121.458	157.792	18.578	361.250	395.000	421.416	18.906	3.9570	4.3419	0.5950	measured
16	1050	16800	single-workgroup-tree	75	14	-	75	304	2	30	64	112.000	119.417	157.209	19.306	461.083	491.542	570.958	39.191	5.5410	5.9067	0.9285	measured
16	1050	16800	single-workgroup-tree	105	10	-	105	432	2	30	64	112.542	119.958	173.083	27.353	386.291	416.500	461.500	52.863	4.3452	4.7070	1.2733	measured
16	1050	16800	single-workgroup-tree	150	7	-	150	608	2	30	64	114.667	131.375	168.125	20.874	809.416	837.291	993.083	71.880	11.0278	11.2050	1.4723	measured
16	1050	16800	single-workgroup-tree	175	6	-	175	704	2	30	64	110.917	123.375	166.042	21.159	473.500	506.125	547.417	34.164	5.7553	6.0754	0.8781	measured
16	1050	16800	single-workgroup-tree	210	5	production	210	848	2	30	64	109.667	122.125	164.250	20.586	436.125	457.875	492.500	22.553	5.1819	5.3294	0.6848	measured
16	1050	16800	single-workgroup-tree	350	3	-	350	1408	2	30	64	134.750	145.833	184.250	32.099	1427.500	1469.042	1825.625	159.490	20.5198	21.0033	3.0411	measured
16	1050	16800	single-workgroup-tree	525	2	-	525	2112	2	30	64	123.708	135.292	163.709	40.431	862.042	910.583	1071.042	97.355	11.7196	12.3062	2.1871	measured
16	1155	18480	single-workgroup-tree	3	385	-	3	16	2	30	64	128.708	167.958	187.125	36.734	949.333	1169.125	1202.291	149.661	13.0258	15.8915	2.9587	measured
16	1155	18480	single-workgroup-tree	5	231	-	5	32	2	30	64	123.458	162.125	180.250	19.338	788.208	951.208	1027.333	85.773	10.5516	12.5251	1.6684	measured
16	1155	18480	single-workgroup-tree	7	165	-	7	32	2	30	64	132.500	168.792	193.500	47.101	1222.458	1500.500	1575.333	250.302	17.3009	21.1382	4.7207	measured
16	1155	18480	single-workgroup-tree	11	105	-	11	48	2	30	64	128.583	157.709	179.959	18.745	679.625	795.958	837.500	80.379	8.7467	10.1309	1.5734	measured
16	1155	18480	single-workgroup-tree	15	77	-	15	64	2	30	64	118.042	151.125	175.000	34.958	598.292	696.958	732.458	109.565	7.6230	8.6640	2.2940	measured
16	1155	18480	single-workgroup-tree	21	55	-	21	96	2	30	64	114.708	152.709	172.000	40.709	576.416	667.666	746.000	59.310	7.3287	8.1739	1.5876	measured
16	1155	18480	single-workgroup-tree	33	35	-	33	144	2	30	64	117.334	148.083	173.917	53.021	555.417	661.417	711.875	95.838	6.9537	8.1482	2.3629	measured
16	1155	18480	single-workgroup-tree	35	33	-	35	144	2	30	64	118.125	145.292	169.917	20.617	551.083	660.333	695.375	64.053	6.8723	8.1753	1.3440	measured
16	1155	18480	single-workgroup-tree	55	21	-	55	224	2	30	64	114.375	150.166	169.459	36.019	529.209	627.916	648.042	33.753	6.5847	7.5833	1.1075	measured
16	1155	18480	single-workgroup-tree	77	15	-	77	320	2	30	64	117.125	153.084	169.958	19.366	544.167	649.000	701.167	113.000	6.7784	7.8717	2.1011	measured
16	1155	18480	single-workgroup-tree	105	11	-	105	432	2	30	64	115.084	155.916	176.750	26.607	578.584	707.333	745.166	113.808	7.3571	8.7527	2.2288	measured
16	1155	18480	single-workgroup-tree	165	7	-	165	672	2	30	64	125.458	158.500	177.833	19.071	808.541	986.125	1034.375	160.920	10.8426	13.1369	2.8570	measured
16	1155	18480	single-workgroup-tree	231	5	production	231	928	2	30	64	127.333	159.917	174.042	17.744	696.125	828.791	935.750	104.371	9.0284	10.6170	1.9383	measured
16	1155	18480	single-workgroup-tree	385	3	-	385	1552	2	30	64	130.417	164.084	181.959	26.325	818.459	988.250	1008.542	94.158	10.9213	13.0820	1.9124	measured
16	1274	20384	single-workgroup-tree	2	637	-	2	16	2	30	64	115.750	157.000	182.125	37.639	1070.459	1143.959	1216.541	63.840	15.1541	15.6660	1.6108	measured
16	1274	20384	single-workgroup-tree	7	182	-	7	32	2	30	64	140.417	174.584	192.625	20.368	1663.666	1806.667	1993.708	127.237	24.1786	25.9061	2.3429	measured
16	1274	20384	single-workgroup-tree	13	98	-	13	64	2	30	64	128.708	162.375	183.041	22.359	1073.542	1161.542	1299.958	85.472	14.9974	15.8598	1.7116	measured
16	1274	20384	single-workgroup-tree	14	91	-	14	64	2	30	64	111.291	149.292	171.958	36.147	462.125	483.958	505.125	32.741	5.5688	5.3122	1.0935	measured
16	1274	20384	single-workgroup-tree	26	49	-	26	112	2	30	64	114.500	148.792	170.000	22.948	427.167	459.500	475.792	14.284	4.9630	4.9319	0.5910	measured
16	1274	20384	single-workgroup-tree	49	26	-	49	208	2	30	64	112.834	146.875	170.750	39.172	449.292	476.375	491.958	15.356	5.3406	5.2302	0.8655	measured
16	1274	20384	single-workgroup-tree	91	14	-	91	368	2	30	64	113.584	149.375	176.791	24.961	421.959	460.250	471.375	18.378	4.8948	4.9345	0.6879	measured
16	1274	20384	single-workgroup-tree	98	13	-	98	400	2	30	64	112.916	156.583	209.208	58.009	741.667	785.916	815.459	44.978	9.9802	9.9894	1.6347	measured
16	1274	20384	single-workgroup-tree	182	7	production	182	736	2	30	64	129.042	163.500	182.542	26.919	1045.333	1142.500	1180.125	47.913	14.5443	15.5397	1.1878	measured
16	1274	20384	single-workgroup-tree	637	2	-	637	2560	2	30	64	117.459	151.167	178.333	22.960	802.417	840.542	887.083	33.168	10.8723	10.9425	0.8909	measured
16	1430	22880	single-workgroup-tree	2	715	-	2	16	2	30	64	135.292	162.458	188.000	16.756	857.209	971.958	1353.167	211.839	11.4590	12.8492	3.6285	measured
16	1430	22880	single-workgroup-tree	5	286	-	5	32	2	30	64	130.292	160.000	180.833	38.071	574.041	671.667	876.708	164.591	7.0436	8.1217	3.2169	measured
16	1430	22880	single-workgroup-tree	10	143	-	10	48	2	30	64	139.667	165.375	181.667	14.800	907.250	1102.583	1411.000	380.990	12.1839	14.8763	6.2824	measured
16	1430	22880	single-workgroup-tree	11	130	-	11	48	2	30	64	126.750	163.833	180.333	15.988	744.750	873.834	1201.333	200.102	9.8095	11.2699	3.4300	measured
16	1430	22880	single-workgroup-tree	13	110	-	13	64	2	30	64	142.834	172.417	192.875	39.605	1035.834	1194.500	1780.375	323.071	14.1746	16.2235	5.7567	measured
16	1430	22880	single-workgroup-tree	22	65	-	22	96	2	30	64	116.750	143.125	167.291	16.916	433.458	485.291	590.417	65.492	5.0271	5.4312	1.3081	measured
16	1430	22880	single-workgroup-tree	26	55	-	26	112	2	30	64	115.042	145.792	178.000	44.344	439.792	500.958	581.125	60.722	5.1548	5.6376	1.6677	measured
16	1430	22880	single-workgroup-tree	55	26	-	55	224	2	30	64	118.208	146.000	168.875	33.977	444.834	491.125	592.791	60.149	5.1845	5.4782	1.4941	measured
16	1430	22880	single-workgroup-tree	65	22	-	65	272	2	30	64	116.042	144.083	166.459	21.996	413.000	459.209	541.458	58.460	4.7136	5.0020	1.2771	measured
16	1430	22880	single-workgroup-tree	110	13	-	110	448	2	30	64	132.375	161.875	187.583	47.583	738.166	823.042	1142.000	184.195	9.6157	10.4947	3.6790	measured
16	1430	22880	single-workgroup-tree	130	11	-	130	528	2	30	64	121.000	145.750	171.209	18.836	538.000	618.417	787.542	117.473	6.6190	7.5027	2.1636	measured
16	1430	22880	single-workgroup-tree	143	10	-	143	576	2	30	64	126.375	147.792	174.166	39.107	619.834	717.500	958.917	147.538	7.8327	9.0430	2.9626	measured
16	1430	22880	single-workgroup-tree	286	5	production	286	1152	2	30	64	120.959	149.334	165.042	14.897	501.542	581.208	696.708	86.291	6.0410	6.8551	1.6062	measured
16	1430	22880	single-workgroup-tree	715	2	-	715	2864	2	30	64	127.125	161.375	181.209	39.247	692.416	837.708	1080.333	154.603	8.9729	10.7354	3.0770	measured
16	1575	25200	single-workgroup-tree	3	525	-	3	16	2	30	64	145.667	156.791	195.042	19.032	1420.834	1596.792	2206.500	292.561	20.2407	22.8572	4.9459	measured
16	1575	25200	single-workgroup-tree	5	315	-	5	32	2	30	64	143.041	158.250	194.041	59.956	1400.375	1529.708	2080.333	293.269	19.9577	21.7692	5.6068	measured
16	1575	25200	single-workgroup-tree	7	225	-	7	32	2	30	64	120.833	130.542	165.500	19.000	550.583	610.666	734.875	76.958	6.8214	7.6210	1.5231	measured
16	1575	25200	single-workgroup-tree	9	175	-	9	48	2	30	64	116.083	141.250	173.792	25.868	652.958	729.750	903.083	88.001	8.5218	9.3413	1.8074	measured
16	1575	25200	single-workgroup-tree	15	105	-	15	64	2	30	64	115.750	127.000	170.125	40.268	473.959	520.875	607.917	50.433	5.6859	6.2520	1.4397	measured
16	1575	25200	single-workgroup-tree	21	75	-	21	96	2	30	64	122.209	138.459	172.417	18.713	690.417	744.500	952.791	106.133	9.0192	9.6197	1.9817	measured
16	1575	25200	single-workgroup-tree	25	63	-	25	112	2	30	64	116.667	135.583	173.000	20.714	632.917	695.959	872.000	102.191	8.1944	8.8949	1.9509	measured
16	1575	25200	single-workgroup-tree	35	45	-	35	144	2	30	64	113.625	125.208	173.791	26.505	418.125	458.875	508.792	42.898	4.8333	5.2963	1.1016	measured
16	1575	25200	single-workgroup-tree	45	35	-	45	192	2	30	64	115.334	128.125	174.542	38.910	417.917	451.458	561.417	53.477	4.8029	5.1323	1.4665	measured
16	1575	25200	single-workgroup-tree	63	25	-	63	256	2	30	64	114.833	123.083	172.750	24.071	484.458	538.000	634.166	63.418	5.8671	6.5860	1.3887	measured
16	1575	25200	single-workgroup-tree	75	21	-	75	304	2	30	64	114.417	126.791	173.583	27.721	507.250	559.584	663.959	59.190	6.2354	6.8697	1.3795	measured
16	1575	25200	single-workgroup-tree	105	15	-	105	432	2	30	64	102.250	128.542	171.000	37.637	433.958	465.791	527.333	36.438	5.2652	5.3532	1.1758	measured
16	1575	25200	single-workgroup-tree	175	9	-	175	704	2	30	64	115.916	146.917	172.000	25.096	512.083	559.584	671.958	68.987	6.2884	6.5503	1.4934	measured
16	1575	25200	single-workgroup-tree	225	7	production	225	912	2	30	64	115.292	125.958	169.708	21.325	484.791	532.375	625.750	65.306	5.8651	6.4511	1.3751	measured
16	1575	25200	single-workgroup-tree	315	5	-	315	1264	2	30	64	130.375	146.208	183.083	35.077	916.542	995.333	1428.958	190.534	12.4788	13.4782	3.5811	measured
16	1575	25200	single-workgroup-tree	525	3	-	525	2112	2	30	64	131.417	147.833	182.958	41.776	912.708	1002.500	1420.000	213.594	12.4014	13.5661	4.0535	measured
16	1925	30800	single-workgroup-tree	5	385	-	5	32	2	30	64	117.042	157.084	172.333	34.597	857.375	896.625	962.333	38.712	11.7513	11.7387	1.1636	measured
16	1925	30800	single-workgroup-tree	7	275	-	7	32	2	30	64	139.084	179.792	193.333	35.146	2168.542	2229.541	2246.167	44.854	32.2136	32.5357	1.2698	measured
16	1925	30800	single-workgroup-tree	11	175	-	11	48	2	30	64	119.916	160.292	172.125	25.894	842.750	965.833	982.250	26.339	11.4736	12.7864	0.8291	measured
16	1925	30800	single-workgroup-tree	25	77	-	25	112	2	30	64	116.917	154.042	168.709	20.602	507.375	592.708	602.792	36.687	6.1977	6.9630	0.9094	measured
16	1925	30800	single-workgroup-tree	35	55	-	35	144	2	30	64	114.042	151.667	166.041	39.852	500.208	582.792	591.583	22.280	6.1296	6.8433	0.9862	measured
16	1925	30800	single-workgroup-tree	55	35	-	55	224	2	30	64	112.541	155.125	172.167	49.061	518.208	574.000	584.667	28.314	6.4392	6.6488	1.2282	measured
16	1925	30800	single-workgroup-tree	77	25	-	77	320	2	30	64	115.583	156.708	166.167	57.784	488.708	563.208	676.416	54.088	5.9226	6.4524	1.7757	measured
16	1925	30800	single-workgroup-tree	175	11	-	175	704	2	30	64	116.417	150.458	169.667	37.147	630.375	725.792	764.125	40.190	8.1581	9.1323	1.2276	measured
16	1925	30800	single-workgroup-tree	275	7	production	275	1104	2	30	64	130.042	167.250	175.084	18.407	1218.041	1303.375	1358.208	37.780	17.2698	18.0337	0.8919	measured
16	1925	30800	single-workgroup-tree	385	5	-	385	1552	2	30	64	116.417	154.250	168.125	20.308	677.417	784.084	821.792	35.723	8.9048	9.9974	0.8894	measured
16	1024	16384	single-workgroup-tree	2	512	-	2	16	2	30	64	144.334	175.083	187.000	46.456	1267.209	1424.583	1624.083	153.892	17.8234	19.8333	3.1801	measured
16	1024	16384	single-workgroup-tree	4	256	-	4	16	2	30	64	123.833	157.000	171.792	11.976	677.375	789.416	871.167	63.542	8.7864	10.0383	1.1987	measured
16	1024	16384	single-workgroup-tree	8	128	-	8	32	2	30	64	141.833	172.083	181.125	9.990	1227.708	1431.292	1584.167	123.565	17.2361	19.9874	2.1199	measured
16	1024	16384	single-workgroup-tree	16	64	-	16	64	2	30	64	120.083	157.000	162.500	13.381	447.250	521.583	562.709	32.722	5.1931	5.7870	0.7318	measured
16	1024	16384	single-workgroup-tree	32	32	-	32	128	2	30	64	128.958	162.125	169.833	10.091	758.500	905.083	947.500	58.147	9.9927	11.7930	1.0832	measured
16	1024	16384	single-workgroup-tree	64	16	-	64	256	2	30	64	120.208	152.417	164.166	22.201	438.333	502.708	537.750	28.198	5.0496	5.5602	0.8000	measured
16	1024	16384	single-workgroup-tree	128	8	-	128	512	2	30	64	131.750	165.250	175.458	9.559	986.792	1126.041	1240.208	74.064	13.5721	15.2507	1.3273	measured
16	1024	16384	single-workgroup-tree	256	4	production	256	1024	2	30	64	123.375	156.542	175.708	50.731	601.042	650.375	715.958	60.315	7.5820	7.8386	1.7626	measured
16	1024	16384	single-workgroup-tree	512	2	-	512	2048	2	30	64	131.959	167.333	208.333	26.974	939.875	1069.916	1225.375	109.075	12.8241	14.3267	2.1595	measured
16	1729	27664	single-workgroup-tree	7	247	-	7	32	2	30	64	157.958	179.209	186.292	39.760	1232.416	1575.500	1656.625	182.938	17.0549	22.1633	3.5349	measured
16	1729	27664	single-workgroup-tree	13	133	-	13	64	2	30	64	147.958	164.833	172.250	14.683	635.334	794.666	846.875	68.161	7.7361	9.9973	1.3150	measured
16	1729	27664	single-workgroup-tree	19	91	-	19	80	2	30	64	140.791	163.708	174.500	29.436	600.833	780.917	803.125	69.737	7.3023	9.7970	1.5742	measured
16	1729	27664	single-workgroup-tree	91	19	-	91	368	2	30	64	146.500	164.959	171.583	29.343	544.417	675.167	744.584	82.184	6.3161	8.0985	1.7703	measured
16	1729	27664	single-workgroup-tree	133	13	-	133	544	2	30	64	151.167	164.667	172.791	7.468	575.083	692.791	774.375	69.019	6.7288	8.3829	1.2141	measured
16	1729	27664	single-workgroup-tree	247	7	production	247	992	2	30	64	153.625	167.416	177.833	33.501	791.042	957.000	1112.500	103.561	10.1177	12.5331	2.1756	measured
384	1080	414720	single-workgroup-tree	2	540	-	2	16	2	30	64	146.208	151.875	192.208	32.163	1976.667	2029.500	2058.459	30.686	29.0549	29.8036	0.9976	measured
384	1080	414720	single-workgroup-tree	3	360	-	3	16	2	30	64	153.500	169.291	194.875	14.756	3149.958	3182.834	3219.291	26.171	47.5628	47.8340	0.6496	measured
384	1080	414720	single-workgroup-tree	4	270	-	4	16	2	30	64	146.333	165.750	195.542	41.046	2837.791	2870.417	2884.209	21.032	42.7216	42.9312	0.9854	measured
384	1080	414720	single-workgroup-tree	5	216	-	5	32	2	30	64	143.458	149.958	191.250	31.832	1782.375	1821.708	1854.042	42.768	26.0146	26.5357	1.1841	measured
384	1080	414720	single-workgroup-tree	6	180	-	6	32	2	30	64	149.666	159.625	195.459	28.614	2353.125	2396.667	2428.375	39.575	34.9755	35.5086	1.0824	measured
384	1080	414720	single-workgroup-tree	8	135	-	8	32	2	30	64	132.041	150.584	189.000	23.334	1944.625	1984.333	2008.250	23.240	28.7712	29.1071	0.7393	measured
384	1080	414720	single-workgroup-tree	9	120	-	9	48	2	30	64	136.917	146.666	186.292	28.174	1517.292	1561.250	1613.417	40.314	21.9107	22.4537	1.0871	measured
384	1080	414720	single-workgroup-tree	10	108	-	10	48	2	30	64	139.833	154.667	187.792	29.094	1984.291	2032.250	2058.334	39.705	29.2771	29.8029	1.0921	measured
384	1080	414720	single-workgroup-tree	12	90	-	12	48	2	30	64	139.917	150.417	175.625	14.982	1974.000	1994.834	2040.958	31.233	29.1124	29.2765	0.7336	measured
384	1080	414720	single-workgroup-tree	15	72	-	15	64	2	30	64	131.041	146.959	184.875	16.344	1753.375	1796.083	1849.542	55.187	25.7513	26.1766	1.1354	measured
384	1080	414720	single-workgroup-tree	18	60	-	18	80	2	30	64	136.000	146.166	185.375	33.699	1734.958	1770.667	1798.583	37.210	25.3803	25.7857	1.1256	measured
384	1080	414720	single-workgroup-tree	20	54	-	20	80	2	30	64	130.333	147.541	183.792	17.059	1741.792	1778.333	1817.292	41.668	25.5787	25.8856	0.9322	measured
384	1080	414720	single-workgroup-tree	24	45	-	24	96	2	30	64	135.458	143.041	182.208	31.538	1469.667	1511.500	1566.042	43.197	21.1779	21.7216	1.1863	measured
384	1080	414720	single-workgroup-tree	27	40	-	27	112	2	30	64	130.625	143.542	175.709	36.555	1473.792	1505.208	1554.417	27.097	21.3201	21.6137	1.0103	measured
384	1080	414720	single-workgroup-tree	30	36	-	30	128	2	30	64	132.375	145.792	173.750	32.078	1549.667	1591.667	1605.167	19.296	22.4967	22.9504	0.8155	measured
384	1080	414720	single-workgroup-tree	36	30	-	36	144	2	30	64	130.667	144.459	179.750	28.994	1593.125	1657.792	1679.167	40.842	23.2136	24.0212	1.1085	measured
384	1080	414720	single-workgroup-tree	40	27	-	40	160	2	30	64	128.541	143.667	174.625	16.232	1475.292	1515.875	1529.291	37.444	21.3770	21.7811	0.8520	measured
384	1080	414720	single-workgroup-tree	45	24	-	45	192	2	30	64	129.041	142.125	172.792	16.150	1453.833	1503.292	1600.584	57.916	21.0284	21.6058	1.1757	measured
384	1080	414720	single-workgroup-tree	54	20	-	54	224	2	30	64	129.875	145.250	188.875	39.296	1594.000	1640.916	1678.083	44.406	23.2401	23.7407	1.3286	measured
384	1080	414720	single-workgroup-tree	60	18	-	60	240	2	30	64	131.500	147.083	176.250	14.090	1614.417	1658.875	1670.125	46.354	23.5384	23.9967	0.9594	measured
384	1080	414720	single-workgroup-tree	72	15	-	72	288	2	30	64	132.250	146.209	171.417	13.780	1676.583	1701.791	1753.792	45.294	24.5132	24.6918	0.9377	measured
384	1080	414720	single-workgroup-tree	90	12	-	90	368	2	30	64	132.708	146.542	173.625	13.819	1714.167	1752.625	1766.667	32.345	25.1025	25.4934	0.7327	measured
384	1080	414720	single-workgroup-tree	108	10	-	108	432	2	30	64	130.667	147.625	184.916	28.920	1774.875	1809.083	1841.167	19.440	26.0985	26.3723	0.7676	measured
384	1080	414720	single-workgroup-tree	120	9	-	120	480	2	30	64	140.458	148.208	175.083	12.905	1507.708	1541.083	1568.833	32.538	21.7024	22.1091	0.7213	measured
384	1080	414720	single-workgroup-tree	135	8	-	135	544	2	30	64	132.500	146.541	173.459	14.045	1679.750	1722.625	1754.459	41.080	24.5595	25.0172	0.8750	measured
384	1080	414720	single-workgroup-tree	180	6	-	180	720	2	30	64	137.333	152.750	174.417	12.559	1996.792	2038.625	2163.959	49.356	29.5152	29.9345	0.9828	measured
384	1080	414720	single-workgroup-tree	216	5	-	216	864	2	30	64	133.916	146.667	183.417	40.308	1640.625	1689.208	1699.459	48.595	23.9160	24.4848	1.4112	measured
384	1080	414720	single-workgroup-tree	270	4	production	270	1088	2	30	64	149.375	156.583	190.791	22.705	2295.625	2324.791	2354.167	37.437	34.0675	34.4160	0.9546	measured
384	1080	414720	single-workgroup-tree	360	3	-	360	1440	2	30	64	155.958	161.000	190.000	21.626	2605.458	2633.750	2653.375	29.512	38.8810	39.2500	0.8117	measured
384	1080	414720	single-workgroup-tree	540	2	-	540	2160	2	30	64	136.125	149.500	175.166	12.542	1870.083	1906.709	1919.292	26.491	27.5231	27.8922	0.6196	measured
384	1215	466560	single-workgroup-tree	3	405	-	3	16	2	30	64	146.792	183.834	199.792	18.725	2394.875	2440.292	2547.917	50.511	35.6839	35.8168	1.0990	measured
384	1215	466560	single-workgroup-tree	5	243	-	5	32	2	30	64	136.917	173.917	191.000	18.801	1740.875	1784.209	1809.791	34.825	25.4597	25.5602	0.8512	measured
384	1215	466560	single-workgroup-tree	9	135	-	9	48	2	30	64	140.792	181.834	194.792	18.129	2113.292	2154.000	2172.000	29.134	31.3095	31.3042	0.7502	measured
384	1215	466560	single-workgroup-tree	15	81	-	15	64	2	30	64	137.417	173.041	187.625	18.850	1610.709	1645.792	1678.292	35.296	23.3856	23.3770	0.8595	measured
384	1215	466560	single-workgroup-tree	27	45	-	27	112	2	30	64	135.375	170.750	185.791	36.102	1600.792	1641.375	1677.875	31.132	23.2606	23.3433	1.0672	measured
384	1215	466560	single-workgroup-tree	45	27	-	45	192	2	30	64	137.166	175.125	191.750	37.723	1613.709	1654.833	1697.625	35.538	23.4372	23.4874	1.1629	measured
384	1215	466560	single-workgroup-tree	81	15	-	81	336	2	30	64	141.041	174.459	199.000	41.851	1614.000	1656.083	1667.125	15.048	23.3803	23.5178	0.9032	measured
384	1215	466560	single-workgroup-tree	135	9	-	135	544	2	30	64	144.667	175.250	189.292	28.887	1813.250	1855.542	1867.417	19.367	26.4854	26.6713	0.7659	measured
384	1215	466560	single-workgroup-tree	243	5	production	243	976	2	30	64	137.917	173.792	187.708	17.839	1714.209	1753.666	1763.375	18.471	25.0205	25.0774	0.5763	measured
384	1215	466560	single-workgroup-tree	405	3	-	405	1632	2	30	64	144.125	179.917	193.167	17.079	2036.125	2076.333	2114.417	42.183	30.0317	30.1018	0.9407	measured
384	1320	506880	single-workgroup-tree	2	660	-	2	16	2	30	64	191.250	197.416	235.625	36.872	4831.709	4853.792	4925.792	44.462	73.6581	73.9107	1.2910	measured
384	1320	506880	single-workgroup-tree	3	440	-	3	16	2	30	64	172.042	180.000	213.542	17.068	3778.917	3811.125	3935.541	69.976	57.2520	57.6369	1.3816	measured
384	1320	506880	single-workgroup-tree	4	330	-	4	16	2	30	64	148.000	153.583	188.458	17.306	2154.750	2191.875	2222.583	46.536	31.8532	32.3538	1.0134	measured
384	1320	506880	single-workgroup-tree	5	264	-	5	32	2	30	64	159.459	167.375	218.916	40.301	2926.750	2962.250	2990.166	34.802	43.9253	44.3631	1.1921	measured
384	1320	506880	single-workgroup-tree	6	220	-	6	32	2	30	64	148.791	157.167	193.208	32.287	2232.584	2268.625	2288.959	20.289	33.0761	33.5152	0.8345	measured
384	1320	506880	single-workgroup-tree	8	165	-	8	32	2	30	64	146.459	154.041	193.000	46.556	2047.917	2066.542	2084.667	16.911	30.1819	30.3572	1.0074	measured
384	1320	506880	single-workgroup-tree	10	132	-	10	48	2	30	64	152.208	158.958	195.791	17.019	2364.458	2398.667	2436.916	29.487	35.1151	35.5509	0.7382	measured
384	1320	506880	single-workgroup-tree	11	120	-	11	48	2	30	64	143.083	147.959	182.625	16.451	1771.375	1794.375	1884.042	43.197	25.8459	26.1336	0.9468	measured
384	1320	506880	single-workgroup-tree	12	110	-	12	48	2	30	64	151.125	158.250	193.292	16.581	2322.584	2361.791	2375.750	34.200	34.4676	34.9768	0.8061	measured
384	1320	506880	single-workgroup-tree	15	88	-	15	64	2	30	64	135.500	151.584	188.584	34.261	1850.000	1881.458	1896.125	18.809	27.2143	27.4583	0.8424	measured
384	1320	506880	single-workgroup-tree	20	66	-	20	80	2	30	64	141.292	152.125	184.167	29.887	1721.542	1766.458	1864.417	50.267	25.0833	25.6243	1.2723	measured
384	1320	506880	single-workgroup-tree	22	60	-	22	96	2	30	64	146.500	154.125	188.541	30.316	1969.416	2015.833	2030.209	34.529	28.9352	29.5509	1.0293	measured
384	1320	506880	single-workgroup-tree	24	55	-	24	96	2	30	64	135.541	147.542	183.042	17.060	1708.000	1749.834	1769.084	34.245	24.9597	25.4332	0.8144	measured
384	1320	506880	single-workgroup-tree	30	44	-	30	128	2	30	64	147.875	154.417	182.875	14.459	1958.792	2008.792	2036.542	46.656	28.7447	29.4345	0.9701	measured
384	1320	506880	single-workgroup-tree	33	40	-	33	144	2	30	64	138.833	148.334	183.208	17.691	1733.917	1760.291	1825.875	52.205	25.3188	25.5866	1.1095	measured
384	1320	506880	single-workgroup-tree	40	33	-	40	160	2	30	64	142.167	148.333	189.000	33.101	1741.750	1778.250	1834.542	41.420	25.3902	25.8717	1.1829	measured
384	1320	506880	single-workgroup-tree	44	30	-	44	176	2	30	64	145.791	152.458	183.375	17.006	1973.666	2005.083	2035.583	25.621	29.0139	29.4067	0.6766	measured
384	1320	506880	single-workgroup-tree	55	24	-	55	224	2	30	64	143.750	150.708	307.375	63.179	1708.333	1752.292	1804.750	38.111	24.8347	25.4220	1.6078	measured
384	1320	506880	single-workgroup-tree	60	22	-	60	240	2	30	64	146.083	150.208	187.417	20.730	1873.750	1913.459	1995.125	56.076	27.4233	27.9881	1.2191	measured
384	1320	506880	single-workgroup-tree	66	20	-	66	272	2	30	64	132.292	149.708	184.000	18.951	1737.417	1772.667	1803.250	30.095	25.4782	25.7613	0.7785	measured
384	1320	506880	single-workgroup-tree	88	15	-	88	352	2	30	64	143.833	149.000	186.250	17.899	1798.667	1838.417	1855.541	31.127	26.2672	26.8161	0.7782	measured
384	1320	506880	single-workgroup-tree	110	12	-	110	448	2	30	64	147.625	153.042	189.250	15.553	2018.708	2058.041	2079.000	23.904	29.6997	30.2381	0.6263	measured
384	1320	506880	single-workgroup-tree	120	11	-	120	480	2	30	64	143.459	149.750	185.000	16.022	1755.750	1791.458	1846.459	35.333	25.5919	26.0589	0.8151	measured
384	1320	506880	single-workgroup-tree	132	10	-	132	528	2	30	64	145.458	155.041	193.250	41.313	2092.917	2132.625	2159.667	31.078	30.9120	31.3902	1.1491	measured
384	1320	506880	single-workgroup-tree	165	8	-	165	672	2	30	64	144.917	150.584	190.416	17.661	1866.625	1899.375	1929.542	23.643	27.3287	27.7586	0.6556	measured
384	1320	506880	single-workgroup-tree	220	6	-	220	880	2	30	64	147.416	153.917	187.208	15.929	1979.500	2023.083	2141.166	67.120	29.0807	29.6693	1.3182	measured
384	1320	506880	single-workgroup-tree	264	5	production	264	1056	2	30	64	155.084	160.917	197.292	15.865	2530.292	2566.625	2697.125	62.601	37.7017	38.1858	1.2455	measured
384	1320	506880	single-workgroup-tree	330	4	-	330	1328	2	30	64	143.958	150.792	189.125	16.988	1976.167	2003.584	2019.750	29.471	29.0827	29.4094	0.7375	measured
384	1320	506880	single-workgroup-tree	440	3	-	440	1760	2	30	64	164.667	169.000	207.708	39.877	3092.042	3132.167	3260.167	59.607	46.4663	47.0344	1.5791	measured
384	1320	506880	single-workgroup-tree	660	2	-	660	2640	2	30	64	177.750	181.959	217.083	31.706	3848.250	3877.416	3903.625	31.334	58.2619	58.6580	1.0006	measured
384	1512	580608	single-workgroup-tree	2	756	-	2	16	2	30	64	164.208	172.125	206.333	43.296	3131.750	3178.958	3206.834	40.744	47.1038	47.7275	1.3340	measured
384	1512	580608	single-workgroup-tree	3	504	-	3	16	2	30	64	182.291	189.708	217.875	14.952	4261.458	4314.333	4439.625	64.796	64.7487	65.4702	1.2658	measured
384	1512	580608	single-workgroup-tree	4	378	-	4	16	2	30	64	148.917	159.667	197.084	30.885	2226.834	2276.667	2307.792	34.220	32.9828	33.6032	1.0334	measured
384	1512	580608	single-workgroup-tree	6	252	-	6	32	2	30	64	157.208	171.250	204.416	17.756	3176.250	3216.875	3245.042	21.480	47.9213	48.3433	0.6228	measured
384	1512	580608	single-workgroup-tree	7	216	-	7	32	2	30	64	149.666	156.583	191.208	23.740	2219.500	2264.167	2284.125	39.502	32.8545	33.4537	1.0038	measured
384	1512	580608	single-workgroup-tree	8	189	-	8	32	2	30	64	148.625	159.042	193.333	16.082	2300.417	2330.500	2365.500	28.406	34.1554	34.4676	0.7062	measured
384	1512	580608	single-workgroup-tree	9	168	-	9	48	2	30	64	156.541	164.500	203.125	33.912	2683.250	2722.750	2755.167	32.424	40.1065	40.6071	1.0530	measured
384	1512	580608	single-workgroup-tree	12	126	-	12	48	2	30	64	146.333	153.167	186.875	17.719	2093.792	2140.458	2161.500	25.908	30.9120	31.5443	0.6925	measured
384	1512	580608	single-workgroup-tree	14	108	-	14	64	2	30	64	147.417	161.875	193.833	30.339	2429.250	2461.917	2541.375	56.247	36.2196	36.5086	1.3744	measured
384	1512	580608	single-workgroup-tree	18	84	-	18	80	2	30	64	147.208	156.542	195.041	23.873	2298.666	2340.458	2358.375	17.175	34.1501	34.6653	0.6516	measured
384	1512	580608	single-workgroup-tree	21	72	-	21	96	2	30	64	149.000	157.208	196.625	37.814	2219.292	2251.458	2298.667	53.517	32.8618	33.2421	1.4497	measured
384	1512	580608	single-workgroup-tree	24	63	-	24	96	2	30	64	147.917	153.625	193.500	18.464	2121.375	2154.208	2169.583	30.269	31.3247	31.7553	0.7735	measured
384	1512	580608	single-workgroup-tree	27	56	-	27	112	2	30	64	141.875	152.333	192.500	43.218	1929.375	1958.583	1978.708	25.204	28.3730	28.6706	1.0861	measured
384	1512	580608	single-workgroup-tree	28	54	-	28	112	2	30	64	149.916	157.333	195.917	28.600	2189.000	2226.667	2268.459	36.618	32.3664	32.8466	1.0352	measured
384	1512	580608	single-workgroup-tree	36	42	-	36	144	2	30	64	147.958	155.250	192.334	18.478	2143.792	2181.583	2203.083	32.509	31.6799	32.1640	0.8093	measured
384	1512	580608	single-workgroup-tree	42	36	-	42	176	2	30	64	147.292	154.542	191.208	24.571	2045.666	2088.916	2099.875	21.461	30.1329	30.7043	0.7307	measured
384	1512	580608	single-workgroup-tree	54	28	-	54	224	2	30	64	147.292	152.667	184.542	15.621	2075.333	2127.833	2136.875	17.684	30.6038	31.3518	0.5287	measured
384	1512	580608	single-workgroup-tree	56	27	-	56	224	2	30	64	141.916	151.583	187.250	17.247	1944.625	1992.208	2011.167	39.991	28.6144	29.2163	0.9085	measured
384	1512	580608	single-workgroup-tree	63	24	-	63	256	2	30	64	139.917	152.708	190.417	39.717	2005.875	2042.792	2052.583	31.520	29.6184	30.0013	1.1307	measured
384	1512	580608	single-workgroup-tree	72	21	-	72	288	2	30	64	146.834	155.458	185.167	16.629	2128.333	2170.125	2187.875	20.921	31.4524	31.9788	0.5960	measured
384	1512	580608	single-workgroup-tree	84	18	-	84	336	2	30	64	143.166	155.959	192.917	37.884	2139.375	2187.292	2220.916	36.565	31.6859	32.2434	1.1817	measured
384	1512	580608	single-workgroup-tree	108	14	-	108	432	2	30	64	145.750	154.708	185.208	15.608	2230.750	2265.875	2286.208	20.955	33.0952	33.5106	0.5804	measured
384	1512	580608	single-workgroup-tree	126	12	-	126	512	2	30	64	147.708	155.792	202.667	40.426	2014.584	2045.083	2078.000	23.506	29.6330	29.9887	1.0148	measured
384	1512	580608	single-workgroup-tree	168	9	-	168	672	2	30	64	148.250	161.750	192.458	20.718	2422.709	2452.458	2466.917	21.111	36.1025	36.3604	0.6639	measured
384	1512	580608	single-workgroup-tree	189	8	-	189	768	2	30	64	148.125	157.166	188.750	29.581	2095.833	2141.500	2159.583	35.309	30.9160	31.4974	1.0300	measured
384	1512	580608	single-workgroup-tree	216	7	-	216	864	2	30	64	145.541	155.000	192.625	18.964	2095.458	2148.000	2182.417	43.133	30.9511	31.6349	0.9857	measured
384	1512	580608	single-workgroup-tree	252	6	production	252	1008	2	30	64	159.375	164.250	202.917	33.977	2673.084	2715.042	2726.792	29.847	39.9001	40.4888	1.0131	measured
384	1512	580608	single-workgroup-tree	378	4	-	378	1520	2	30	64	147.708	162.500	188.375	15.823	2156.125	2193.167	2207.125	14.854	31.8796	32.2328	0.4869	measured
384	1512	580608	single-workgroup-tree	504	3	-	504	2016	2	30	64	168.667	179.917	212.791	24.782	3511.416	3563.625	3654.792	50.827	53.0595	53.7097	1.2001	measured
384	1512	580608	single-workgroup-tree	756	2	-	756	3024	2	30	64	153.583	165.292	198.125	15.859	2741.125	2772.416	2810.166	26.595	41.0721	41.3829	0.6739	measured
384	1638	628992	single-workgroup-tree	2	819	-	2	16	2	30	64	171.375	212.125	240.750	35.117	4326.041	4377.041	4396.250	32.595	65.9471	66.1098	1.0748	measured
384	1638	628992	single-workgroup-tree	3	546	-	3	16	2	30	64	154.084	192.542	252.417	50.812	2892.459	2950.583	2971.375	22.453	43.4663	43.7784	1.1629	measured
384	1638	628992	single-workgroup-tree	6	273	-	6	32	2	30	64	141.042	178.291	197.375	43.443	2209.125	2250.250	2267.125	14.300	32.8267	32.8882	0.9166	measured
384	1638	628992	single-workgroup-tree	7	234	-	7	32	2	30	64	161.625	197.708	209.542	33.982	3368.833	3412.875	3434.458	33.372	50.9081	51.0344	1.0691	measured
384	1638	628992	single-workgroup-tree	9	182	-	9	48	2	30	64	154.250	192.083	212.167	42.500	3099.166	3143.625	3183.542	42.099	46.7447	46.8499	1.3429	measured
384	1638	628992	single-workgroup-tree	13	126	-	13	64	2	30	64	141.125	179.083	199.375	27.049	2221.500	2260.042	2278.041	43.680	33.0218	33.0311	1.1227	measured
384	1638	628992	single-workgroup-tree	14	117	-	14	64	2	30	64	148.167	173.458	198.000	18.351	2253.667	2289.792	2320.042	42.168	33.4206	33.5926	0.9606	measured
384	1638	628992	single-workgroup-tree	18	91	-	18	80	2	30	64	144.625	175.458	188.500	17.043	2054.708	2097.291	2157.625	38.809	30.3188	30.5053	0.8865	measured
384	1638	628992	single-workgroup-tree	21	78	-	21	96	2	30	64	146.916	174.416	195.667	18.472	2061.542	2113.750	2132.916	43.151	30.3909	30.7831	0.9781	measured
384	1638	628992	single-workgroup-tree	26	63	-	26	112	2	30	64	143.583	178.750	202.667	38.351	2259.833	2295.708	2310.750	27.033	33.5913	33.6025	1.0378	measured
384	1638	628992	single-workgroup-tree	39	42	-	39	160	2	30	64	144.834	178.083	195.042	17.741	2250.416	2291.375	2332.375	30.680	33.4219	33.5443	0.7686	measured
384	1638	628992	single-workgroup-tree	42	39	-	42	176	2	30	64	149.750	177.083	191.250	17.791	2177.417	2213.792	2242.541	48.194	32.1852	32.3287	1.0474	measured
384	1638	628992	single-workgroup-tree	63	26	-	63	256	2	30	64	150.083	180.959	193.958	20.446	2160.292	2208.083	2242.750	26.842	31.9081	32.1766	0.7506	measured
384	1638	628992	single-workgroup-tree	78	21	-	78	320	2	30	64	145.709	175.875	193.500	18.857	2083.000	2119.167	2134.500	37.775	30.7507	30.8459	0.8989	measured
384	1638	628992	single-workgroup-tree	91	18	-	91	368	2	30	64	150.250	172.958	198.750	32.899	2073.167	2111.209	2125.792	18.657	30.5225	30.7659	0.8184	measured
384	1638	628992	single-workgroup-tree	117	14	-	117	480	2	30	64	146.000	177.958	199.541	19.738	2153.667	2191.959	2295.542	48.206	31.8677	31.9683	1.0785	measured
384	1638	628992	single-workgroup-tree	126	13	-	126	512	2	30	64	149.792	178.500	199.500	19.759	2154.125	2182.542	2209.083	36.251	31.8148	31.8102	0.8890	measured
384	1638	628992	single-workgroup-tree	182	9	-	182	736	2	30	64	152.709	183.833	200.625	17.768	2601.709	2631.708	2666.042	35.848	38.8730	38.8552	0.8510	measured
384	1638	628992	single-workgroup-tree	234	7	-	234	944	2	30	64	152.750	186.625	205.583	30.232	2765.666	2793.333	2848.000	55.721	41.4749	41.3763	1.3643	measured
384	1638	628992	single-workgroup-tree	273	6	production	273	1104	2	30	64	145.042	177.833	194.792	19.034	2219.500	2242.208	2263.750	28.981	32.9279	32.7679	0.7621	measured
384	1638	628992	single-workgroup-tree	546	3	-	546	2192	2	30	64	146.917	184.458	199.209	19.032	2622.541	2658.417	2719.250	42.360	39.2956	39.2692	0.9745	measured
384	1638	628992	single-workgroup-tree	819	2	-	819	3280	2	30	64	163.000	199.417	220.666	34.467	3649.750	3676.458	3715.041	37.843	55.3452	55.1911	1.1478	measured
384	1890	725760	single-workgroup-tree	2	945	-	2	16	2	30	64	165.667	198.208	210.334	26.920	3088.000	3131.875	3153.541	20.920	46.3862	46.5661	0.7594	measured
384	1890	725760	single-workgroup-tree	3	630	-	3	16	2	30	64	157.500	189.416	207.083	52.922	2791.084	2832.875	2896.333	35.743	41.8029	41.9597	1.4074	measured
384	1890	725760	single-workgroup-tree	5	378	-	5	32	2	30	64	157.708	185.708	210.708	19.510	2625.917	2653.333	2677.291	40.636	39.1779	39.1687	0.9547	measured
384	1890	725760	single-workgroup-tree	6	315	-	6	32	2	30	64	168.583	198.417	209.708	17.981	3295.875	3332.334	3365.041	42.413	49.6396	49.7447	0.9586	measured
384	1890	725760	single-workgroup-tree	7	270	-	7	32	2	30	64	179.625	205.500	219.667	28.047	3898.542	3925.375	3962.375	36.233	59.0304	59.0456	1.0203	measured
384	1890	725760	single-workgroup-tree	9	210	-	9	48	2	30	64	156.667	183.791	201.542	46.124	2412.583	2442.042	2465.834	25.440	35.8082	35.8453	1.1359	measured
384	1890	725760	single-workgroup-tree	10	189	-	10	48	2	30	64	158.709	189.667	206.458	28.137	2679.416	2714.542	2778.875	51.837	40.0112	40.0774	1.2694	measured
384	1890	725760	single-workgroup-tree	14	135	-	14	64	2	30	64	159.458	181.625	216.458	27.156	2805.542	2848.750	2872.792	32.560	42.0013	42.3353	0.9479	measured
384	1890	725760	single-workgroup-tree	15	126	-	15	64	2	30	64	157.958	186.542	206.625	29.786	2478.167	2517.917	2542.583	33.788	36.8287	37.0060	1.0091	measured
384	1890	725760	single-workgroup-tree	18	105	-	18	80	2	30	64	153.709	180.125	199.291	17.741	2340.709	2376.750	2455.500	47.699	34.7143	34.8671	1.0387	measured
384	1890	725760	single-workgroup-tree	21	90	-	21	96	2	30	64	159.250	190.458	204.458	35.239	2805.958	2841.209	2898.583	45.675	42.0112	42.0754	1.2843	measured
384	1890	725760	single-workgroup-tree	27	70	-	27	112	2	30	64	153.375	183.625	194.750	32.209	2330.792	2377.083	2452.833	43.601	34.5622	34.8168	1.2033	measured
384	1890	725760	single-workgroup-tree	30	63	-	30	128	2	30	64	156.500	182.750	195.666	15.000	2580.750	2619.334	2768.250	61.949	38.4802	38.6759	1.2214	measured
384	1890	725760	single-workgroup-tree	35	54	-	35	144	2	30	64	152.833	190.084	196.583	17.053	2604.500	2637.583	2658.208	36.309	38.9153	38.8492	0.8470	measured
384	1890	725760	single-workgroup-tree	42	45	-	42	176	2	30	64	150.834	186.291	204.042	19.587	2439.833	2478.667	2494.625	19.836	36.3333	36.3869	0.6258	measured
384	1890	725760	single-workgroup-tree	45	42	-	45	192	2	30	64	158.208	188.292	210.209	37.809	2522.791	2556.167	2568.417	21.709	37.5331	37.5853	0.9447	measured
384	1890	725760	single-workgroup-tree	54	35	-	54	224	2	30	64	155.375	187.084	206.833	19.542	2483.209	2522.458	2534.417	16.328	36.9497	37.0694	0.5694	measured
384	1890	725760	single-workgroup-tree	63	30	-	63	256	2	30	64	157.792	189.000	205.209	17.650	2561.875	2595.791	2621.375	31.575	38.1600	38.2030	0.7813	measured
384	1890	725760	single-workgroup-tree	70	27	-	70	288	2	30	64	152.250	186.375	197.791	29.325	2376.125	2399.958	2423.166	41.604	35.2996	35.1362	1.1259	measured
384	1890	725760	single-workgroup-tree	90	21	-	90	368	2	30	64	157.208	187.958	203.833	44.337	2588.334	2609.250	2629.292	23.300	38.5893	38.4332	1.0736	measured
384	1890	725760	single-workgroup-tree	105	18	-	105	432	2	30	64	154.958	181.833	193.167	15.364	2373.500	2407.750	2471.625	35.711	35.2150	35.3320	0.8107	measured
384	1890	725760	single-workgroup-tree	126	15	-	126	512	2	30	64	155.000	181.750	203.625	30.283	2414.459	2452.667	2487.125	27.267	35.8644	36.0463	0.9135	measured
384	1890	725760	single-workgroup-tree	135	14	-	135	544	2	30	64	155.125	185.333	219.583	45.184	2570.625	2588.791	2707.666	52.140	38.3413	38.1501	1.5448	measured
384	1890	725760	single-workgroup-tree	189	10	-	189	768	2	30	64	155.000	186.250	202.125	56.067	2516.792	2537.958	2566.417	35.052	37.4888	37.3287	1.4463	measured
384	1890	725760	single-workgroup-tree	210	9	-	210	848	2	30	64	152.792	185.333	207.792	27.161	2415.625	2453.792	2478.666	35.627	35.9180	36.0073	0.9966	measured
384	1890	725760	single-workgroup-tree	270	7	production	270	1088	2	30	64	149.000	200.125	234.875	39.274	3155.916	3196.000	3314.833	50.261	47.7288	47.5536	1.4212	measured
384	1890	725760	single-workgroup-tree	315	6	-	315	1264	2	30	64	160.541	197.125	213.250	24.107	2887.000	2922.041	3044.792	58.901	43.2771	43.2526	1.3176	measured
384	1890	725760	single-workgroup-tree	378	5	-	378	1520	2	30	64	150.958	179.750	198.875	32.271	2557.041	2598.250	2628.583	40.607	38.1918	38.3889	1.1568	measured
384	1890	725760	single-workgroup-tree	630	3	-	630	2528	2	30	64	158.166	187.625	202.041	23.936	2740.500	2780.542	2814.250	26.442	40.9894	41.1574	0.7997	measured
384	1890	725760	single-workgroup-tree	945	2	-	945	3792	2	30	64	164.083	191.333	209.500	28.543	3033.125	3069.292	3100.333	32.712	45.5403	45.6819	0.9723	measured
384	1050	403200	single-workgroup-tree	2	525	-	2	16	2	30	64	150.500	157.917	183.791	13.176	2381.583	2421.833	2441.584	19.327	35.4140	35.9352	0.5159	measured
384	1050	403200	single-workgroup-tree	3	350	-	3	16	2	30	64	157.042	171.125	197.625	12.257	3129.291	3178.709	3195.166	25.671	47.1786	47.7394	0.6020	measured
384	1050	403200	single-workgroup-tree	5	210	-	5	32	2	30	64	131.583	146.167	175.792	25.202	1551.917	1593.917	1622.542	40.091	22.5450	22.9802	1.0364	measured
384	1050	403200	single-workgroup-tree	6	175	-	6	32	2	30	64	128.333	149.916	172.792	12.825	1649.292	1691.416	1768.083	49.004	24.1422	24.4683	0.9814	measured
384	1050	403200	single-workgroup-tree	7	150	-	7	32	2	30	64	141.375	155.292	182.541	27.071	2276.541	2325.542	2424.666	56.247	33.8915	34.4484	1.3225	measured
384	1050	403200	single-workgroup-tree	10	105	-	10	48	2	30	64	129.167	149.292	188.541	42.556	1481.625	1523.333	1664.958	62.529	21.4676	21.8102	1.6680	measured
384	1050	403200	single-workgroup-tree	14	75	-	14	64	2	30	64	138.458	145.625	173.500	14.848	1683.458	1722.083	1769.875	44.149	24.5238	25.0231	0.9364	measured
384	1050	403200	single-workgroup-tree	15	70	-	15	64	2	30	64	124.209	143.250	182.708	34.822	1429.583	1474.167	1489.959	41.118	20.7202	21.1257	1.2054	measured
384	1050	403200	single-workgroup-tree	21	50	-	21	96	2	30	64	133.625	145.083	172.417	26.618	1457.041	1495.875	1516.459	33.647	21.0066	21.4411	0.9566	measured
384	1050	403200	single-workgroup-tree	25	42	-	25	112	2	30	64	132.584	146.667	176.542	29.871	1628.208	1662.083	1696.791	22.165	23.7401	24.0542	0.8260	measured
384	1050	403200	single-workgroup-tree	30	35	-	30	128	2	30	64	118.333	147.292	171.625	18.655	1505.125	1545.791	1659.208	56.067	22.0126	22.1984	1.1861	measured
384	1050	403200	single-workgroup-tree	35	30	-	35	144	2	30	64	126.375	146.875	176.042	14.463	1569.959	1618.042	1707.541	53.429	22.9140	23.3519	1.0777	measured
384	1050	403200	single-workgroup-tree	42	25	-	42	176	2	30	64	131.209	147.375	172.625	11.926	1537.083	1567.458	1592.584	37.732	22.3155	22.5410	0.7882	measured
384	1050	403200	single-workgroup-tree	50	21	-	50	208	2	30	64	131.000	143.084	176.083	41.532	1434.542	1480.042	1508.375	27.212	20.6911	21.2216	1.0912	measured
384	1050	403200	single-workgroup-tree	70	15	-	70	288	2	30	64	136.333	146.542	175.417	30.772	1430.417	1472.416	1488.459	21.453	20.5410	21.0456	0.8290	measured
384	1050	403200	single-workgroup-tree	75	14	-	75	304	2	30	64	136.125	146.792	175.334	24.827	1530.292	1572.334	1602.875	49.588	22.1296	22.6277	1.1812	measured
384	1050	403200	single-workgroup-tree	105	10	-	105	432	2	30	64	128.208	145.000	167.666	14.192	1469.083	1502.792	1563.916	41.332	21.2837	21.5523	0.8813	measured
384	1050	403200	single-workgroup-tree	150	7	-	150	608	2	30	64	133.959	151.333	181.000	14.822	1871.833	1907.917	1944.583	30.657	27.5853	27.8823	0.7219	measured
384	1050	403200	single-workgroup-tree	175	6	-	175	704	2	30	64	134.125	144.792	171.458	14.764	1547.833	1591.959	1646.958	35.075	22.4398	22.9709	0.7911	measured
384	1050	403200	single-workgroup-tree	210	5	production	210	848	2	30	64	129.208	146.208	176.125	27.858	1521.375	1565.625	1605.375	35.901	22.0979	22.5304	1.0120	measured
384	1050	403200	single-workgroup-tree	350	3	-	350	1408	2	30	64	142.625	161.667	189.000	36.202	2505.667	2544.459	2589.542	42.219	37.5086	37.8221	1.2448	measured
384	1050	403200	single-workgroup-tree	525	2	-	525	2112	2	30	64	144.208	154.541	177.292	11.226	2027.833	2071.292	2146.833	45.563	29.8988	30.4246	0.9014	measured
384	1155	443520	single-workgroup-tree	3	385	-	3	16	2	30	64	139.709	153.500	193.583	20.685	1770.709	1808.750	1827.667	44.389	25.8889	26.2738	1.0329	measured
384	1155	443520	single-workgroup-tree	5	231	-	5	32	2	30	64	138.417	149.625	186.666	18.574	1666.584	1705.292	1720.000	18.885	24.2566	24.6931	0.5946	measured
384	1155	443520	single-workgroup-tree	7	165	-	7	32	2	30	64	141.833	155.417	194.292	20.933	1871.708	1895.167	1912.834	41.113	27.4583	27.6151	0.9849	measured
384	1155	443520	single-workgroup-tree	11	105	-	11	48	2	30	64	138.208	155.875	195.083	34.740	1588.667	1625.292	1641.667	22.941	23.0232	23.3241	0.9156	measured
384	1155	443520	single-workgroup-tree	15	77	-	15	64	2	30	64	136.667	146.916	183.000	19.138	1544.833	1583.958	1596.959	25.686	22.3518	22.8102	0.7115	measured
384	1155	443520	single-workgroup-tree	21	55	-	21	96	2	30	64	131.500	144.292	190.667	34.980	1543.708	1583.792	1605.417	40.806	22.4160	22.8492	1.2030	measured
384	1155	443520	single-workgroup-tree	33	35	-	33	144	2	30	64	134.333	147.000	190.167	20.694	1542.917	1586.792	1614.042	34.044	22.3585	22.8538	0.8688	measured
384	1155	443520	single-workgroup-tree	35	33	-	35	144	2	30	64	134.208	148.541	190.333	32.850	1551.208	1593.292	1711.417	50.626	22.4921	22.9326	1.3250	measured
384	1155	443520	single-workgroup-tree	55	21	-	55	224	2	30	64	140.292	150.250	188.833	32.603	1542.291	1587.083	1662.292	47.514	22.2540	22.8069	1.2717	measured
384	1155	443520	single-workgroup-tree	77	15	-	77	320	2	30	64	138.292	145.833	188.416	39.989	1555.292	1594.917	1694.125	45.245	22.4921	23.0013	1.3529	measured
384	1155	443520	single-workgroup-tree	105	11	-	105	432	2	30	64	138.125	150.083	186.625	18.615	1575.792	1613.083	1629.500	27.297	22.8201	23.2222	0.7288	measured
384	1155	443520	single-workgroup-tree	165	7	-	165	672	2	30	64	137.167	147.458	191.708	34.390	1696.583	1729.584	1797.584	37.245	24.7526	25.1131	1.1371	measured
384	1155	443520	single-workgroup-tree	231	5	production	231	928	2	30	64	134.125	148.583	191.875	22.019	1652.292	1689.709	1742.666	45.035	24.0979	24.4623	1.0644	measured
384	1155	443520	single-workgroup-tree	385	3	-	385	1552	2	30	64	137.292	155.875	232.292	53.987	1752.917	1782.708	1801.333	15.845	25.6448	25.8227	1.1085	measured
384	1274	489216	single-workgroup-tree	2	637	-	2	16	2	30	64	150.125	171.125	195.625	35.277	2244.208	2296.958	2313.584	27.246	33.2394	33.7434	0.9924	measured
384	1274	489216	single-workgroup-tree	7	182	-	7	32	2	30	64	155.250	190.333	205.583	29.032	2704.000	2746.042	2768.750	22.654	40.4563	40.5668	0.8204	measured
384	1274	489216	single-workgroup-tree	13	98	-	13	64	2	30	64	150.709	182.708	199.459	29.579	2195.625	2246.083	2262.125	27.115	32.4590	32.7520	0.8999	measured
384	1274	489216	single-workgroup-tree	14	91	-	14	64	2	30	64	140.041	174.750	189.541	33.292	1677.333	1719.708	1783.333	49.489	24.4015	24.5231	1.3140	measured
384	1274	489216	single-workgroup-tree	26	49	-	26	112	2	30	64	139.417	175.000	190.000	22.243	1681.000	1718.083	1750.375	35.027	24.4696	24.4934	0.9091	measured
384	1274	489216	single-workgroup-tree	49	26	-	49	208	2	30	64	142.084	171.166	190.584	18.446	1694.125	1740.334	1764.833	31.799	24.6356	24.9074	0.7975	measured
384	1274	489216	single-workgroup-tree	91	14	-	91	368	2	30	64	139.375	173.625	189.500	32.036	1686.584	1726.250	1745.625	31.854	24.5589	24.6448	1.0141	measured
384	1274	489216	single-workgroup-tree	98	13	-	98	400	2	30	64	147.125	173.750	192.958	33.615	1931.041	1983.458	2031.834	58.901	28.3161	28.7255	1.4685	measured
384	1274	489216	single-workgroup-tree	182	7	production	182	736	2	30	64	149.625	170.208	193.750	18.557	2200.791	2242.250	2268.917	24.576	32.5582	32.8896	0.6846	measured
384	1274	489216	single-workgroup-tree	637	2	-	637	2560	2	30	64	149.750	181.416	192.125	16.905	2154.417	2192.041	2226.041	62.337	31.8201	31.9147	1.2578	measured
384	1430	549120	single-workgroup-tree	2	715	-	2	16	2	30	64	144.709	162.875	195.125	31.290	2311.667	2364.208	2434.166	52.422	34.3962	34.9418	1.3288	measured
384	1430	549120	single-workgroup-tree	5	286	-	5	32	2	30	64	143.708	164.166	202.209	31.784	1999.500	2043.750	2074.875	31.223	29.4570	29.8347	1.0001	measured
384	1430	549120	single-workgroup-tree	10	143	-	10	48	2	30	64	147.833	164.750	204.208	44.492	2301.417	2341.792	2390.333	36.871	34.1839	34.5562	1.2915	measured
384	1430	549120	single-workgroup-tree	11	130	-	11	48	2	30	64	150.625	160.917	192.875	36.155	2139.959	2186.042	2230.084	49.989	31.5767	32.1448	1.3674	measured
384	1430	549120	single-workgroup-tree	13	110	-	13	64	2	30	64	149.875	161.292	199.500	19.552	2434.791	2479.875	2541.584	55.094	36.2685	36.8029	1.1848	measured
384	1430	549120	single-workgroup-tree	22	65	-	22	96	2	30	64	141.541	154.166	192.875	22.168	1827.625	1872.833	1911.334	41.425	26.7632	27.2804	1.0094	measured
384	1430	549120	single-workgroup-tree	26	55	-	26	112	2	30	64	143.041	154.375	189.125	17.204	1848.084	1876.625	1901.625	26.812	27.0642	27.3373	0.6987	measured
384	1430	549120	single-workgroup-tree	55	26	-	55	224	2	30	64	143.875	152.667	189.250	35.849	1877.041	1906.000	1957.250	30.757	27.5106	27.8307	1.0572	measured
384	1430	549120	single-workgroup-tree	65	22	-	65	272	2	30	64	139.041	153.416	187.500	17.894	1847.000	1884.000	1916.458	32.459	27.1105	27.4696	0.7993	measured
384	1430	549120	single-workgroup-tree	110	13	-	110	448	2	30	64	140.667	157.125	204.625	50.971	2146.250	2184.916	2229.167	40.006	31.8347	32.1872	1.4441	measured
384	1430	549120	single-workgroup-tree	130	11	-	130	528	2	30	64	141.125	157.292	188.667	18.866	1972.625	2013.000	2029.750	20.011	29.0714	29.4557	0.6171	measured
384	1430	549120	single-workgroup-tree	143	10	-	143	576	2	30	64	143.750	156.458	191.834	19.573	2061.792	2098.125	2113.208	27.296	30.4451	30.8201	0.7440	measured
384	1430	549120	single-workgroup-tree	286	5	production	286	1152	2	30	64	145.792	159.625	188.042	22.187	1970.750	2012.709	2062.667	45.525	28.9676	29.4140	1.0748	measured
384	1430	549120	single-workgroup-tree	715	2	-	715	2864	2	30	64	155.666	163.709	202.166	41.501	2310.291	2346.083	2382.958	32.929	34.2004	34.6409	1.1814	measured
384	1575	604800	single-workgroup-tree	3	525	-	3	16	2	30	64	162.333	193.750	203.792	16.857	3017.792	3061.167	3078.333	25.358	45.3247	45.5146	0.6701	measured
384	1575	604800	single-workgroup-tree	5	315	-	5	32	2	30	64	159.084	191.584	207.959	18.566	2967.667	3007.083	3070.375	36.370	44.5807	44.6905	0.8720	measured
384	1575	604800	single-workgroup-tree	7	225	-	7	32	2	30	64	142.709	181.958	196.833	18.932	2121.042	2168.875	2174.875	35.549	31.4021	31.5384	0.8648	measured
384	1575	604800	single-workgroup-tree	9	175	-	9	48	2	30	64	146.125	180.791	204.000	28.459	2220.708	2242.833	2318.542	38.308	32.9299	32.7308	1.0598	measured
384	1575	604800	single-workgroup-tree	15	105	-	15	64	2	30	64	144.291	178.542	206.875	39.442	2034.416	2056.916	2068.250	31.138	30.0020	29.8155	1.1203	measured
384	1575	604800	single-workgroup-tree	21	75	-	21	96	2	30	64	146.208	183.959	198.750	32.050	2230.416	2267.542	2283.250	17.327	33.0827	33.0727	0.7838	measured
384	1575	604800	single-workgroup-tree	25	63	-	25	112	2	30	64	147.500	182.375	201.584	22.324	2174.541	2210.875	2223.542	18.233	32.1753	32.1984	0.6438	measured
384	1575	604800	single-workgroup-tree	35	45	-	35	144	2	30	64	146.125	177.833	196.208	17.382	2014.875	2048.250	2091.500	61.337	29.6627	29.6892	1.2495	measured
384	1575	604800	single-workgroup-tree	45	35	-	45	192	2	30	64	143.000	179.208	200.958	29.028	2006.125	2043.333	2065.625	21.748	29.5734	29.5893	0.8060	measured
384	1575	604800	single-workgroup-tree	63	25	-	63	256	2	30	64	145.125	179.375	197.042	17.514	2074.458	2113.583	2158.625	25.166	30.6243	30.7017	0.6775	measured
384	1575	604800	single-workgroup-tree	75	21	-	75	304	2	30	64	148.416	182.209	200.750	43.006	2103.583	2146.292	2177.750	40.337	31.0344	31.1759	1.3229	measured
384	1575	604800	single-workgroup-tree	105	15	-	105	432	2	30	64	144.792	181.542	198.250	30.390	2038.500	2070.083	2104.584	21.496	30.0589	29.9768	0.8236	measured
384	1575	604800	single-workgroup-tree	175	9	-	175	704	2	30	64	149.291	181.458	198.125	25.988	2117.708	2160.541	2177.500	20.593	31.2447	31.4140	0.7394	measured
384	1575	604800	single-workgroup-tree	225	7	production	225	912	2	30	64	142.208	180.666	195.875	18.334	2096.833	2141.583	2151.833	14.547	31.0258	31.1257	0.5219	measured
384	1575	604800	single-workgroup-tree	315	5	-	315	1264	2	30	64	155.792	186.834	199.500	33.375	2553.416	2591.042	2629.833	63.499	38.0575	38.1620	1.5377	measured
384	1575	604800	single-workgroup-tree	525	3	-	525	2112	2	30	64	155.709	188.209	203.208	18.404	2584.083	2621.541	2636.917	32.894	38.5456	38.6243	0.8142	measured
384	1925	739200	single-workgroup-tree	5	385	-	5	32	2	30	64	185.833	197.791	208.208	21.168	2584.666	2605.916	2638.250	46.232	38.0767	38.2242	1.0699	measured
384	1925	739200	single-workgroup-tree	7	275	-	7	32	2	30	64	196.584	209.167	220.541	9.223	3349.625	3370.125	3399.958	37.714	50.0483	50.1739	0.7450	measured
384	1925	739200	single-workgroup-tree	11	175	-	11	48	2	30	64	184.250	196.958	208.000	37.186	2576.292	2594.250	2629.000	23.451	37.9689	38.0523	0.9625	measured
384	1925	739200	single-workgroup-tree	25	77	-	25	112	2	30	64	184.042	195.167	206.584	39.876	2364.750	2382.417	2414.000	36.854	34.6144	34.7183	1.2179	measured
384	1925	739200	single-workgroup-tree	35	55	-	35	144	2	30	64	180.250	198.125	206.833	8.845	2390.250	2407.334	2420.041	13.199	35.0794	35.0668	0.3499	measured
384	1925	739200	single-workgroup-tree	55	35	-	55	224	2	30	64	182.292	194.917	205.750	14.843	2384.333	2409.583	2431.042	22.205	34.9530	35.1534	0.5881	measured
384	1925	739200	single-workgroup-tree	77	25	-	77	320	2	30	64	180.375	194.916	206.667	8.359	2380.250	2400.125	2424.833	26.369	34.9187	35.0033	0.5512	measured
384	1925	739200	single-workgroup-tree	175	11	-	175	704	2	30	64	182.416	197.042	220.875	30.408	2492.583	2518.333	2554.750	18.305	36.6693	36.8459	0.7732	measured
384	1925	739200	single-workgroup-tree	275	7	production	275	1104	2	30	64	192.708	202.667	211.542	35.076	2859.250	2877.292	2887.375	34.098	42.3261	42.4544	1.0980	measured
384	1925	739200	single-workgroup-tree	385	5	-	385	1552	2	30	64	185.542	195.333	205.167	24.284	2575.000	2589.292	2630.458	46.633	37.9279	37.9993	1.1257	measured
384	1024	393216	single-workgroup-tree	2	512	-	2	16	2	30	64	147.625	181.083	195.333	38.437	2012.042	2047.459	2081.417	21.131	29.5939	29.6250	0.9455	measured
384	1024	393216	single-workgroup-tree	4	256	-	4	16	2	30	64	139.833	174.292	189.417	18.210	1577.458	1599.084	1646.958	41.779	22.8194	22.6157	0.9522	measured
384	1024	393216	single-workgroup-tree	8	128	-	8	32	2	30	64	145.792	180.625	196.542	19.604	1948.292	1981.959	2030.042	38.424	28.6111	28.5926	0.9211	measured
384	1024	393216	single-workgroup-tree	16	64	-	16	64	2	30	64	137.666	171.833	186.750	36.651	1405.875	1438.625	1488.750	41.839	20.1303	20.1078	1.2459	measured
384	1024	393216	single-workgroup-tree	32	32	-	32	128	2	30	64	143.250	172.583	190.625	42.655	1605.166	1642.333	1685.458	68.013	23.2050	23.3294	1.7566	measured
384	1024	393216	single-workgroup-tree	64	16	-	64	256	2	30	64	135.333	174.625	187.000	36.487	1421.250	1445.709	1511.292	34.904	20.4114	20.1759	1.1332	measured
384	1024	393216	single-workgroup-tree	128	8	-	128	512	2	30	64	144.250	175.417	190.583	22.016	1784.542	1808.583	1820.291	39.022	26.0364	25.9233	0.9689	measured
384	1024	393216	single-workgroup-tree	256	4	production	256	1024	2	30	64	136.584	170.500	186.291	35.865	1542.375	1567.500	1603.792	24.533	22.3141	22.1746	0.9587	measured
384	1024	393216	single-workgroup-tree	512	2	-	512	2048	2	30	64	144.958	177.208	193.709	18.283	1860.791	1890.042	1906.667	25.942	27.2354	27.1878	0.7020	measured
384	1729	663936	single-workgroup-tree	7	247	-	7	32	2	30	64	179.625	188.459	204.417	20.929	2509.541	2533.375	2565.791	36.596	36.9828	37.2209	0.9131	measured
384	1729	663936	single-workgroup-tree	13	133	-	13	64	2	30	64	173.750	185.666	236.042	29.921	2186.666	2214.375	2353.750	61.039	31.9510	32.2017	1.4438	measured
384	1729	663936	single-workgroup-tree	19	91	-	19	80	2	30	64	173.583	185.042	196.958	15.656	2172.042	2193.708	2223.583	26.803	31.7216	31.8836	0.6740	measured
384	1729	663936	single-workgroup-tree	91	19	-	91	368	2	30	64	157.875	183.208	196.709	10.603	2185.875	2213.084	2230.917	16.454	32.1905	32.2203	0.4295	measured
384	1729	663936	single-workgroup-tree	133	13	-	133	544	2	30	64	172.667	182.666	199.167	12.847	2218.667	2246.500	2264.333	34.783	32.4762	32.7593	0.7560	measured
384	1729	663936	single-workgroup-tree	247	7	production	247	992	2	30	64	175.750	184.417	201.584	13.859	2364.750	2390.000	2470.583	46.835	34.7460	35.0093	0.9634	measured
1536	1080	1658880	single-workgroup-tree	2	540	-	2	16	2	30	64	252.292	265.042	275.584	8.403	6444.125	6478.042	6550.458	50.616	98.2831	98.6190	0.9368	measured
1536	1080	1658880	single-workgroup-tree	3	360	-	3	16	2	30	64	289.500	299.625	318.666	38.102	8864.542	8906.084	8994.541	55.854	136.1118	136.6105	1.4914	measured
1536	1080	1658880	single-workgroup-tree	4	270	-	4	16	2	30	64	274.000	286.166	306.584	32.170	8023.917	8042.000	8142.291	53.203	123.0146	123.1085	1.3551	measured
1536	1080	1658880	single-workgroup-tree	5	216	-	5	32	2	30	64	239.583	254.542	269.250	26.594	5731.291	5748.333	5806.500	42.549	87.1700	87.2030	1.0975	measured
1536	1080	1658880	single-workgroup-tree	6	180	-	6	32	2	30	64	255.166	273.750	287.250	30.109	6918.666	6944.958	7067.167	58.792	105.7698	105.8922	1.4111	measured
1536	1080	1658880	single-workgroup-tree	8	135	-	8	32	2	30	64	238.500	254.750	263.125	8.574	5747.708	5781.584	5904.791	51.413	87.4477	87.7275	0.9522	measured
1536	1080	1658880	single-workgroup-tree	9	120	-	9	48	2	30	64	229.291	248.208	255.708	26.979	5118.333	5139.167	5182.083	34.618	77.6038	77.6343	0.9777	measured
1536	1080	1658880	single-workgroup-tree	10	108	-	10	48	2	30	64	246.917	259.917	270.500	36.824	6091.833	6114.834	6149.833	30.399	92.7764	92.9352	1.0670	measured
1536	1080	1658880	single-workgroup-tree	12	90	-	12	48	2	30	64	244.417	258.417	269.167	8.836	5908.833	5945.000	6052.292	51.115	89.9114	90.2632	0.9516	measured
1536	1080	1658880	single-workgroup-tree	15	72	-	15	64	2	30	64	207.959	253.958	265.958	33.865	5558.083	5582.625	5614.375	26.176	84.9226	84.5820	0.9530	measured
1536	1080	1658880	single-workgroup-tree	18	60	-	18	80	2	30	64	237.875	252.292	265.083	31.536	5490.333	5512.375	5534.833	34.412	83.3723	83.4934	1.0468	measured
1536	1080	1658880	single-workgroup-tree	20	54	-	20	80	2	30	64	236.375	250.875	260.917	7.944	5466.792	5494.834	5603.292	54.261	83.0225	83.2374	0.9874	measured
1536	1080	1658880	single-workgroup-tree	24	45	-	24	96	2	30	64	226.500	240.750	252.375	22.390	4904.917	4941.166	5048.625	63.870	74.2606	74.6098	1.3692	measured
1536	1080	1658880	single-workgroup-tree	27	40	-	27	112	2	30	64	226.292	244.625	262.000	32.699	4892.959	4924.833	5061.666	61.603	74.0741	74.2890	1.4969	measured
1536	1080	1658880	single-workgroup-tree	30	36	-	30	128	2	30	64	226.375	250.875	257.083	36.871	5081.208	5106.542	5137.667	29.064	77.0608	77.0741	1.0466	measured
1536	1080	1658880	single-workgroup-tree	36	30	-	36	144	2	30	64	233.833	250.250	264.667	22.160	5441.417	5462.542	5568.542	56.575	82.6601	82.7348	1.2498	measured
1536	1080	1658880	single-workgroup-tree	40	27	-	40	160	2	30	64	224.542	241.750	253.500	13.872	4955.750	4974.875	5007.958	19.665	75.0985	75.1290	0.5323	measured
1536	1080	1658880	single-workgroup-tree	45	24	-	45	192	2	30	64	219.250	243.042	258.125	22.252	4986.958	5006.083	5036.834	35.098	75.6779	75.6038	0.9103	measured
1536	1080	1658880	single-workgroup-tree	54	20	-	54	224	2	30	64	233.500	248.958	274.542	34.877	5244.458	5265.125	5394.625	61.643	79.5390	79.6217	1.5321	measured
1536	1080	1658880	single-workgroup-tree	60	18	-	60	240	2	30	64	231.125	247.459	264.625	10.954	5267.916	5294.833	5355.167	54.552	79.9491	80.1170	1.0398	measured
1536	1080	1658880	single-workgroup-tree	72	15	-	72	288	2	30	64	232.125	253.333	262.583	36.742	5366.125	5386.167	5429.833	26.095	81.4921	81.4736	0.9974	measured
1536	1080	1658880	single-workgroup-tree	90	12	-	90	368	2	30	64	233.583	253.084	268.250	20.427	5475.458	5494.625	5536.500	42.268	83.2044	83.1991	0.9952	measured
1536	1080	1658880	single-workgroup-tree	108	10	-	108	432	2	30	64	235.417	253.208	269.959	10.691	5633.333	5648.792	5742.125	55.072	85.6812	85.6442	1.0439	measured
1536	1080	1658880	single-workgroup-tree	120	9	-	120	480	2	30	64	225.917	246.500	256.667	10.744	5058.333	5073.417	5129.792	34.253	76.7050	76.6177	0.7142	measured
1536	1080	1658880	single-workgroup-tree	135	8	-	135	544	2	30	64	234.125	252.958	263.625	25.536	5446.666	5468.750	5562.958	42.065	82.7387	82.7903	1.0730	measured
1536	1080	1658880	single-workgroup-tree	180	6	-	180	720	2	30	64	248.583	265.417	274.667	28.027	6206.667	6221.334	6334.791	66.918	94.5728	94.5384	1.5071	measured
1536	1080	1658880	single-workgroup-tree	216	5	-	216	864	2	30	64	232.000	248.625	259.041	9.713	5434.583	5459.958	5538.041	55.478	82.5807	82.7196	1.0348	measured
1536	1080	1658880	single-workgroup-tree	270	4	production	270	1088	2	30	64	254.917	273.792	289.167	26.825	6880.709	6911.333	7035.125	65.560	105.1713	105.3578	1.4664	measured
1536	1080	1658880	single-workgroup-tree	360	3	-	360	1440	2	30	64	268.375	285.458	299.917	24.978	7645.375	7679.125	7715.667	34.360	117.0952	117.3598	0.9419	measured
1536	1080	1658880	single-workgroup-tree	540	2	-	540	2160	2	30	64	246.750	262.709	277.333	10.815	6194.958	6223.000	6342.666	58.520	94.4160	94.6078	1.1005	measured
1536	1215	1866240	single-workgroup-tree	3	405	-	3	16	2	30	64	258.084	272.500	280.125	23.367	7234.041	7265.166	7364.875	58.558	110.7295	110.9947	1.3004	measured
1536	1215	1866240	single-workgroup-tree	5	243	-	5	32	2	30	64	241.000	254.458	264.459	8.004	6259.333	6322.166	6406.000	57.858	95.5291	96.3128	1.0454	measured
1536	1215	1866240	single-workgroup-tree	9	135	-	9	48	2	30	64	244.333	257.125	268.000	25.375	6254.459	6294.958	6402.167	49.064	95.3988	95.8386	1.1816	measured
1536	1215	1866240	single-workgroup-tree	15	81	-	15	64	2	30	64	228.333	243.250	249.666	6.891	5495.000	5521.167	5592.458	40.353	83.5979	83.7765	0.7499	measured
1536	1215	1866240	single-workgroup-tree	27	45	-	27	112	2	30	64	229.167	238.917	257.583	41.895	5458.375	5493.792	5561.125	42.205	83.0033	83.4107	1.3349	measured
1536	1215	1866240	single-workgroup-tree	45	27	-	45	192	2	30	64	231.250	244.000	258.209	28.808	5506.125	5537.667	5668.584	60.829	83.7282	84.0265	1.4228	measured
1536	1215	1866240	single-workgroup-tree	81	15	-	81	336	2	30	64	229.000	243.792	253.709	7.616	5543.708	5575.125	5670.667	49.967	84.3604	84.6243	0.9140	measured
1536	1215	1866240	single-workgroup-tree	135	9	-	135	544	2	30	64	236.667	249.208	260.667	15.818	5994.958	6012.750	6079.708	44.285	91.4014	91.4848	0.9540	measured
1536	1215	1866240	single-workgroup-tree	243	5	production	243	976	2	30	64	236.667	253.250	260.625	24.007	5842.875	5867.125	5908.042	67.188	88.9874	89.1091	1.4476	measured
1536	1215	1866240	single-workgroup-tree	405	3	-	405	1632	2	30	64	250.750	266.500	279.583	29.951	6726.916	6751.459	6860.417	50.939	102.7963	102.9359	1.2840	measured
1536	1320	2027520	single-workgroup-tree	2	660	-	2	16	2	30	64	357.500	363.125	387.209	35.284	13388.584	13499.459	13621.417	78.047	206.8426	208.5132	1.7989	measured
1536	1320	2027520	single-workgroup-tree	3	440	-	3	16	2	30	64	314.083	327.000	342.584	29.357	10839.084	10950.625	11018.583	66.149	167.0635	168.6290	1.5160	measured
1536	1320	2027520	single-workgroup-tree	4	330	-	4	16	2	30	64	243.750	263.541	284.750	29.339	7027.875	7139.292	7210.541	69.831	107.6845	109.1389	1.5741	measured
1536	1320	2027520	single-workgroup-tree	5	264	-	5	32	2	30	64	281.541	292.625	311.959	10.034	8779.792	8890.541	8985.000	68.433	134.8929	136.4749	1.2455	measured
1536	1320	2027520	single-workgroup-tree	6	220	-	6	32	2	30	64	247.041	267.333	278.041	9.991	7025.042	7109.042	7204.834	64.544	107.5873	108.5986	1.1831	measured
1536	1320	2027520	single-workgroup-tree	8	165	-	8	32	2	30	64	244.916	259.625	289.917	36.343	6495.625	6617.958	6708.292	90.935	99.2176	100.9259	2.0203	measured
1536	1320	2027520	single-workgroup-tree	10	132	-	10	48	2	30	64	254.709	272.500	292.125	12.408	7356.208	7466.041	7592.709	84.394	112.7222	114.1832	1.5365	measured
1536	1320	2027520	single-workgroup-tree	11	120	-	11	48	2	30	64	237.334	252.084	271.792	19.097	6057.750	6145.292	6251.542	67.368	92.3876	93.5430	1.3725	measured
1536	1320	2027520	single-workgroup-tree	12	110	-	12	48	2	30	64	251.167	266.250	281.625	9.536	7196.083	7285.209	7357.416	53.399	110.2368	111.4120	0.9990	measured
1536	1320	2027520	single-workgroup-tree	15	88	-	15	64	2	30	64	226.083	253.750	269.791	13.225	6142.334	6243.916	6322.084	67.606	93.9087	95.0820	1.2830	measured
1536	1320	2027520	single-workgroup-tree	20	66	-	20	80	2	30	64	223.458	249.208	264.041	10.154	5957.625	6072.833	6180.750	79.236	91.0185	92.4385	1.4189	measured
1536	1320	2027520	single-workgroup-tree	22	60	-	22	96	2	30	64	243.500	257.875	268.292	8.635	6470.125	6584.250	6684.417	71.852	98.8353	100.4187	1.2776	measured
1536	1320	2027520	single-workgroup-tree	24	55	-	24	96	2	30	64	235.583	251.209	270.583	23.101	5954.250	6023.250	6142.125	67.049	90.7725	91.6197	1.4310	measured
1536	1320	2027520	single-workgroup-tree	30	44	-	30	128	2	30	64	246.667	259.416	270.750	25.058	6432.042	6541.042	6647.958	75.769	98.1806	99.7083	1.6004	measured
1536	1320	2027520	single-workgroup-tree	33	40	-	33	144	2	30	64	240.250	256.459	265.583	24.304	6007.000	6076.125	6195.916	79.449	91.5357	92.3757	1.6469	measured
1536	1320	2027520	single-workgroup-tree	40	33	-	40	160	2	30	64	239.708	252.584	266.167	20.806	6022.625	6126.167	6234.292	70.368	91.7923	93.2315	1.4472	measured
1536	1320	2027520	single-workgroup-tree	44	30	-	44	176	2	30	64	249.375	263.125	276.584	11.262	6669.833	6767.500	6900.875	78.043	101.9120	103.2440	1.4175	measured
1536	1320	2027520	single-workgroup-tree	55	24	-	55	224	2	30	64	240.125	253.667	269.333	25.908	6028.625	6094.875	6199.791	58.474	91.8810	92.7176	1.3394	measured
1536	1320	2027520	single-workgroup-tree	60	22	-	60	240	2	30	64	236.750	257.625	271.125	9.631	6319.875	6432.417	6523.958	76.230	96.5575	98.0126	1.3629	measured
1536	1320	2027520	single-workgroup-tree	66	20	-	66	272	2	30	64	238.334	255.791	264.500	20.776	6074.041	6150.834	6230.916	66.325	92.6303	93.5721	1.3826	measured
1536	1320	2027520	single-workgroup-tree	88	15	-	88	352	2	30	64	238.500	254.875	269.292	10.167	6208.542	6290.583	6392.625	75.547	94.7626	95.8049	1.3605	measured
1536	1320	2027520	single-workgroup-tree	110	12	-	110	448	2	30	64	244.458	263.250	280.375	21.269	6645.708	6720.375	6865.750	81.009	101.6071	102.4940	1.6235	measured
1536	1320	2027520	single-workgroup-tree	120	11	-	120	480	2	30	64	240.000	253.917	272.250	35.693	6089.500	6183.500	6283.125	68.057	92.8492	94.1204	1.6468	measured
1536	1320	2027520	single-workgroup-tree	132	10	-	132	528	2	30	64	248.208	267.541	278.375	27.318	6837.208	6928.000	7036.792	68.459	104.5873	105.7216	1.5203	measured
1536	1320	2027520	single-workgroup-tree	165	8	-	165	672	2	30	64	241.708	258.500	267.166	8.768	6336.667	6421.917	6511.500	73.753	96.7454	97.8320	1.3098	measured
1536	1320	2027520	single-workgroup-tree	220	6	-	220	880	2	30	64	245.750	261.750	279.125	23.713	6610.583	6699.334	6770.125	61.267	101.0291	102.1839	1.3489	measured
1536	1320	2027520	single-workgroup-tree	264	5	production	264	1056	2	30	64	245.041	279.625	325.250	35.622	7891.583	7990.500	8081.541	65.058	121.3737	122.3948	1.5981	measured
1536	1320	2027520	single-workgroup-tree	330	4	-	330	1328	2	30	64	243.000	265.000	280.250	33.438	6672.666	6758.541	6881.416	72.452	102.0582	103.0721	1.6808	measured
1536	1320	2027520	single-workgroup-tree	440	3	-	440	1760	2	30	64	285.125	302.792	315.292	21.021	9291.792	9416.875	9524.916	79.604	142.9630	144.6680	1.5972	measured
1536	1320	2027520	single-workgroup-tree	660	2	-	660	2640	2	30	64	311.958	327.791	340.583	26.903	10928.917	11000.250	11134.500	71.790	168.5232	169.4041	1.5666	measured
1536	1512	2322432	single-workgroup-tree	2	756	-	2	16	2	30	64	309.333	333.542	365.584	47.345	10106.875	10268.291	10338.833	76.156	155.5165	157.6944	1.9603	measured
1536	1512	2322432	single-workgroup-tree	3	504	-	3	16	2	30	64	343.208	371.625	398.959	30.957	12412.291	12544.042	12773.667	113.156	191.5727	193.2130	2.2875	measured
1536	1512	2322432	single-workgroup-tree	4	378	-	4	16	2	30	64	272.833	310.083	324.958	32.526	8045.916	8189.708	8286.375	83.613	123.3823	125.0734	1.8435	measured
1536	1512	2322432	single-workgroup-tree	6	252	-	6	32	2	30	64	301.084	329.417	359.500	35.330	9804.042	9929.875	10025.333	100.458	150.8406	152.3882	2.1554	measured
1536	1512	2322432	single-workgroup-tree	7	216	-	7	32	2	30	64	264.417	293.709	326.750	26.865	7479.417	7570.167	7738.667	96.351	114.5238	115.4993	1.9558	measured
1536	1512	2322432	single-workgroup-tree	8	189	-	8	32	2	30	64	261.250	290.459	320.125	41.983	7336.333	7441.750	7578.625	96.480	112.3029	113.5126	2.1978	measured
1536	1512	2322432	single-workgroup-tree	9	168	-	9	48	2	30	64	278.458	308.709	335.875	18.532	8501.292	8647.833	8736.500	86.202	130.5212	132.3670	1.6624	measured
1536	1512	2322432	single-workgroup-tree	12	126	-	12	48	2	30	64	264.958	284.792	313.500	16.698	7119.500	7224.667	7329.250	90.092	108.8023	110.1567	1.6951	measured
1536	1512	2322432	single-workgroup-tree	14	108	-	14	64	2	30	64	272.333	301.833	328.167	33.435	7851.833	7993.334	8099.500	96.911	120.3095	122.0873	2.0690	measured
1536	1512	2322432	single-workgroup-tree	18	84	-	18	80	2	30	64	270.458	296.375	326.584	30.427	7566.708	7719.292	7794.958	104.226	115.8135	117.8241	2.1374	measured
1536	1512	2322432	single-workgroup-tree	21	72	-	21	96	2	30	64	267.667	294.708	323.791	39.891	7371.917	7468.042	7620.791	106.661	112.7659	113.8624	2.3262	measured
1536	1512	2322432	single-workgroup-tree	24	63	-	24	96	2	30	64	262.000	287.791	322.417	30.901	7125.708	7216.084	7321.625	70.467	108.9477	109.9729	1.6090	measured
1536	1512	2322432	single-workgroup-tree	27	56	-	27	112	2	30	64	260.542	288.167	312.000	30.923	7005.917	7064.292	7205.625	85.707	107.0694	107.5575	1.8513	measured
1536	1512	2322432	single-workgroup-tree	28	54	-	28	112	2	30	64	268.250	285.667	312.000	15.559	7239.709	7374.709	7571.917	163.223	110.6581	112.5245	2.8378	measured
1536	1512	2322432	single-workgroup-tree	36	42	-	36	144	2	30	64	269.125	288.708	312.375	16.399	7502.250	7642.833	7722.250	99.758	114.8115	116.7321	1.8438	measured
1536	1512	2322432	single-workgroup-tree	42	36	-	42	176	2	30	64	264.250	287.875	311.125	33.810	7169.042	7304.042	7447.542	111.182	109.5999	111.3677	2.3015	measured
1536	1512	2322432	single-workgroup-tree	54	28	-	54	224	2	30	64	261.375	287.084	319.125	19.110	7214.500	7327.084	7460.417	81.043	110.3671	111.7460	1.5897	measured
1536	1512	2322432	single-workgroup-tree	56	27	-	56	224	2	30	64	257.333	290.875	323.667	35.821	7022.917	7156.667	7235.083	80.217	107.3902	108.9808	1.8419	measured
1536	1512	2322432	single-workgroup-tree	63	24	-	63	256	2	30	64	255.791	287.416	313.417	17.866	7100.750	7237.417	7329.625	86.887	108.6501	110.3175	1.6627	measured
1536	1512	2322432	single-workgroup-tree	72	21	-	72	288	2	30	64	268.458	292.792	319.458	29.094	7376.833	7504.416	7605.542	84.313	112.8313	114.4702	1.8001	measured
1536	1512	2322432	single-workgroup-tree	84	18	-	84	336	2	30	64	263.541	289.333	317.083	31.503	7431.708	7587.625	7671.667	91.796	113.7804	115.8459	1.9571	measured
1536	1512	2322432	single-workgroup-tree	108	14	-	108	432	2	30	64	269.000	296.250	322.333	34.321	7590.125	7657.459	7788.625	84.673	116.2083	116.8446	1.8888	measured
1536	1512	2322432	single-workgroup-tree	126	12	-	126	512	2	30	64	259.333	290.166	316.958	20.053	7167.291	7295.125	7373.209	87.701	109.6501	111.1898	1.7104	measured
1536	1512	2322432	single-workgroup-tree	168	9	-	168	672	2	30	64	275.541	312.250	336.958	22.632	8009.541	8086.208	8252.291	95.105	122.7619	123.3962	1.8689	measured
1536	1512	2322432	single-workgroup-tree	189	8	-	189	768	2	30	64	260.708	289.958	323.042	34.161	7310.167	7421.083	7554.334	91.933	111.8962	113.1925	2.0015	measured
1536	1512	2322432	single-workgroup-tree	216	7	-	216	864	2	30	64	262.792	289.667	320.375	36.044	7280.916	7340.542	7487.584	80.019	111.3988	111.9187	1.8423	measured
1536	1512	2322432	single-workgroup-tree	252	6	production	252	1008	2	30	64	284.792	310.375	342.333	20.809	8531.083	8631.334	8775.209	103.876	130.8935	132.0787	1.9791	measured
1536	1512	2322432	single-workgroup-tree	378	4	-	378	1520	2	30	64	264.542	291.750	315.500	32.137	7451.417	7566.958	7652.375	93.754	114.0774	115.4795	1.9983	measured
1536	1512	2322432	single-workgroup-tree	504	3	-	504	2016	2	30	64	316.750	341.000	366.375	32.561	10624.667	10740.792	10933.875	120.241	163.6177	165.0761	2.4254	measured
1536	1512	2322432	single-workgroup-tree	756	2	-	756	3024	2	30	64	291.500	318.458	354.417	32.840	9043.834	9134.417	9251.000	103.661	138.9259	139.9359	2.1667	measured
1536	1638	2515968	single-workgroup-tree	2	819	-	2	16	2	30	64	344.500	368.625	399.458	35.230	12877.000	12948.417	13050.916	59.471	198.9286	199.6792	1.5032	measured
1536	1638	2515968	single-workgroup-tree	3	546	-	3	16	2	30	64	293.458	317.458	356.416	28.615	9589.208	9694.792	9820.167	73.246	147.5516	148.8466	1.6168	measured
1536	1638	2515968	single-workgroup-tree	6	273	-	6	32	2	30	64	269.750	294.208	321.125	19.675	8062.334	8143.417	8248.042	65.283	123.6918	124.5906	1.3485	measured
1536	1638	2515968	single-workgroup-tree	7	234	-	7	32	2	30	64	303.583	331.291	377.708	44.382	10250.875	10334.417	10445.250	72.078	157.8935	158.7798	1.8486	measured
1536	1638	2515968	single-workgroup-tree	9	182	-	9	48	2	30	64	290.208	311.959	346.041	20.190	9457.875	9555.667	9654.125	67.881	145.5185	146.7255	1.3979	measured
1536	1638	2515968	single-workgroup-tree	13	126	-	13	64	2	30	64	265.667	282.917	325.666	26.102	7760.750	7874.125	7970.917	68.084	118.9696	120.4954	1.4950	measured
1536	1638	2515968	single-workgroup-tree	14	117	-	14	64	2	30	64	268.458	288.042	312.750	16.553	7817.458	7877.834	8019.458	69.877	119.8254	120.4729	1.3719	measured
1536	1638	2515968	single-workgroup-tree	18	91	-	18	80	2	30	64	266.667	280.667	307.916	24.063	7677.459	7777.166	7864.042	71.024	117.6316	118.9920	1.5093	measured
1536	1638	2515968	single-workgroup-tree	21	78	-	21	96	2	30	64	261.875	280.709	312.083	17.369	7715.208	7795.417	7874.500	52.303	118.3069	119.2811	1.1059	measured
1536	1638	2515968	single-workgroup-tree	26	63	-	26	112	2	30	64	264.042	287.792	346.959	33.643	7883.500	7969.291	8058.833	61.932	120.9438	121.9286	1.5171	measured
1536	1638	2515968	single-workgroup-tree	39	42	-	39	160	2	30	64	266.875	286.958	322.791	19.573	8068.291	8165.375	8286.292	76.062	123.8320	125.0542	1.5180	measured
1536	1638	2515968	single-workgroup-tree	42	39	-	42	176	2	30	64	269.958	298.625	331.917	38.668	7786.792	7884.167	7984.708	67.050	119.3148	120.4054	1.6781	measured
1536	1638	2515968	single-workgroup-tree	63	26	-	63	256	2	30	64	267.625	281.083	319.583	29.254	7865.000	7966.708	8061.375	74.423	120.5933	121.9940	1.6457	measured
1536	1638	2515968	single-workgroup-tree	78	21	-	78	320	2	30	64	251.250	278.834	316.625	18.660	7698.292	7787.958	7893.334	73.695	118.2070	119.1924	1.4660	measured
1536	1638	2515968	single-workgroup-tree	91	18	-	91	368	2	30	64	266.209	282.166	322.375	34.811	7720.834	7810.042	7899.125	75.689	118.3274	119.4901	1.7540	measured
1536	1638	2515968	single-workgroup-tree	117	14	-	117	480	2	30	64	267.583	283.917	319.292	19.784	7836.792	7950.500	8032.125	65.888	120.1462	121.6918	1.3599	measured
1536	1638	2515968	single-workgroup-tree	126	13	-	126	512	2	30	64	269.500	283.250	326.709	35.280	7830.583	7913.583	8030.750	72.577	120.0172	121.1164	1.7120	measured
1536	1638	2515968	single-workgroup-tree	182	9	-	182	736	2	30	64	282.458	297.959	326.208	30.859	8723.625	8796.875	8875.625	53.319	133.9868	134.9034	1.3362	measured
1536	1638	2515968	single-workgroup-tree	234	7	-	234	944	2	30	64	286.709	295.291	332.250	23.508	9016.333	9107.458	9210.375	65.389	138.5655	139.8757	1.4111	measured
1536	1638	2515968	single-workgroup-tree	273	6	production	273	1104	2	30	64	268.250	278.833	306.375	18.592	7886.208	7998.125	8072.666	73.954	120.9200	122.5284	1.4690	measured
1536	1638	2515968	single-workgroup-tree	546	3	-	546	2192	2	30	64	283.167	300.500	344.292	44.217	8859.000	8946.583	9049.041	61.412	136.1243	137.2394	1.6767	measured
1536	1638	2515968	single-workgroup-tree	819	2	-	819	3280	2	30	64	325.208	342.375	379.958	19.799	11718.042	11791.417	11919.625	71.905	180.8386	181.7308	1.4556	measured
1536	1890	2903040	single-workgroup-tree	2	945	-	2	16	2	30	64	310.584	338.500	363.208	18.104	10714.584	10797.500	10917.083	80.378	165.1429	166.0159	1.5632	measured
1536	1890	2903040	single-workgroup-tree	3	630	-	3	16	2	30	64	302.708	326.750	356.792	18.258	10139.500	10264.583	10345.125	76.771	156.1396	157.7434	1.5084	measured
1536	1890	2903040	single-workgroup-tree	5	378	-	5	32	2	30	64	294.334	321.458	354.791	33.417	9597.083	9727.125	9809.417	63.128	147.6627	149.2963	1.5325	measured
1536	1890	2903040	single-workgroup-tree	6	315	-	6	32	2	30	64	311.500	334.583	367.708	43.804	10414.291	10500.958	10590.875	69.969	160.3618	161.3710	1.8059	measured
1536	1890	2903040	single-workgroup-tree	7	270	-	7	32	2	30	64	333.584	350.708	383.666	19.515	11720.250	11846.083	11929.042	65.483	180.7407	182.4663	1.3492	measured
1536	1890	2903040	single-workgroup-tree	9	210	-	9	48	2	30	64	288.166	308.250	347.375	33.569	9116.833	9200.500	9299.958	67.151	140.1376	141.1468	1.5987	measured
1536	1890	2903040	single-workgroup-tree	10	189	-	10	48	2	30	64	290.667	308.125	347.375	40.265	9180.250	9283.167	9378.500	69.547	141.1045	142.4610	1.7431	measured
1536	1890	2903040	single-workgroup-tree	14	135	-	14	64	2	30	64	289.375	318.375	340.583	17.938	9248.959	9340.583	9479.125	82.828	142.2156	143.2097	1.5995	measured
1536	1890	2903040	single-workgroup-tree	15	126	-	15	64	2	30	64	294.125	313.333	342.750	19.077	9129.791	9277.250	9360.833	70.620	140.2487	142.2844	1.4238	measured
1536	1890	2903040	single-workgroup-tree	18	105	-	18	80	2	30	64	289.583	309.709	346.375	36.047	9083.000	9211.834	9308.333	82.264	139.5780	141.3036	1.8780	measured
1536	1890	2903040	single-workgroup-tree	21	90	-	21	96	2	30	64	287.459	317.292	357.250	26.228	9303.834	9449.250	9534.792	79.676	143.1171	144.9517	1.6810	measured
1536	1890	2903040	single-workgroup-tree	27	70	-	27	112	2	30	64	286.000	314.292	339.709	30.425	9004.458	9096.750	9217.000	67.699	138.3882	139.4041	1.5575	measured
1536	1890	2903040	single-workgroup-tree	30	63	-	30	128	2	30	64	291.291	319.666	342.542	18.813	9483.500	9646.334	9714.792	70.506	145.9081	148.0423	1.4178	measured
1536	1890	2903040	single-workgroup-tree	35	54	-	35	144	2	30	64	295.000	320.250	343.417	25.914	9357.000	9478.625	9568.000	60.889	143.8413	145.3710	1.3778	measured
1536	1890	2903040	single-workgroup-tree	42	45	-	42	176	2	30	64	293.917	318.375	343.417	20.048	9122.041	9244.167	9386.291	93.870	140.1290	141.6792	1.8082	measured
1536	1890	2903040	single-workgroup-tree	45	42	-	45	192	2	30	64	291.625	321.125	344.459	30.461	9325.166	9459.000	9543.208	70.700	143.3895	145.0456	1.6057	measured
1536	1890	2903040	single-workgroup-tree	54	35	-	54	224	2	30	64	293.542	319.416	359.375	34.781	9180.708	9345.500	9399.917	67.753	141.0661	143.2712	1.6275	measured
1536	1890	2903040	single-workgroup-tree	63	30	-	63	256	2	30	64	301.125	325.500	351.875	17.687	9699.625	9837.166	9956.708	82.889	149.1825	150.9788	1.5964	measured
1536	1890	2903040	single-workgroup-tree	70	27	-	70	288	2	30	64	291.625	314.250	337.791	28.439	8984.792	9108.917	9187.125	69.506	137.9868	139.5979	1.5547	measured
1536	1890	2903040	single-workgroup-tree	90	21	-	90	368	2	30	64	290.708	320.875	347.250	38.981	9398.209	9513.833	9612.042	65.209	144.5635	145.9200	1.6538	measured
1536	1890	2903040	single-workgroup-tree	105	18	-	105	432	2	30	64	286.583	322.625	343.916	42.115	9030.542	9125.375	9227.000	72.504	138.7930	139.7262	1.8194	measured
1536	1890	2903040	single-workgroup-tree	126	15	-	126	512	2	30	64	287.292	308.500	340.000	18.745	9097.375	9257.792	9359.000	99.560	139.8426	142.0523	1.8778	measured
1536	1890	2903040	single-workgroup-tree	135	14	-	135	544	2	30	64	293.250	314.125	342.792	16.460	9353.667	9448.958	9566.250	74.430	143.8161	144.9973	1.4427	measured
1536	1890	2903040	single-workgroup-tree	189	10	-	189	768	2	30	64	284.208	318.500	343.750	21.830	9241.250	9390.125	9455.334	69.625	142.1753	143.9940	1.4517	measured
1536	1890	2903040	single-workgroup-tree	210	9	-	210	848	2	30	64	288.250	313.959	363.333	35.879	9109.541	9240.500	9295.334	66.073	140.0205	141.6911	1.6183	measured
1536	1890	2903040	single-workgroup-tree	270	7	production	270	1088	2	30	64	307.834	333.250	368.958	34.257	10563.417	10710.958	10806.458	73.948	162.7870	164.7255	1.7175	measured
1536	1890	2903040	single-workgroup-tree	315	6	-	315	1264	2	30	64	298.667	323.584	357.709	19.254	9882.708	10006.167	10113.792	76.759	152.1276	153.6918	1.5240	measured
1536	1890	2903040	single-workgroup-tree	378	5	-	378	1520	2	30	64	286.833	319.792	348.375	19.877	9318.917	9441.708	9538.000	68.232	143.3664	144.7923	1.3986	measured
1536	1890	2903040	single-workgroup-tree	630	3	-	630	2528	2	30	64	299.458	344.042	400.291	46.256	9659.209	9798.750	9862.208	66.671	148.5675	150.0747	1.7925	measured
1536	1890	2903040	single-workgroup-tree	945	2	-	945	3792	2	30	64	307.791	340.916	378.541	28.744	10531.208	10663.708	10747.709	72.929	162.2765	163.8538	1.6139	measured
1536	1050	1612800	single-workgroup-tree	2	525	-	2	16	2	30	64	255.125	274.000	309.792	20.597	6975.167	7056.917	7152.166	61.749	106.6673	107.6653	1.3071	measured
1536	1050	1612800	single-workgroup-tree	3	350	-	3	16	2	30	64	288.000	311.667	342.166	23.493	8745.917	8820.292	8942.208	74.116	134.2527	135.0575	1.5494	measured
1536	1050	1612800	single-workgroup-tree	5	210	-	5	32	2	30	64	229.250	253.750	306.417	44.886	5455.792	5560.125	5668.750	70.159	82.9610	84.2282	1.8261	measured
1536	1050	1612800	single-workgroup-tree	6	175	-	6	32	2	30	64	231.167	256.291	282.416	18.171	5323.500	5417.333	5523.042	74.238	80.8307	81.9213	1.4668	measured
1536	1050	1612800	single-workgroup-tree	7	150	-	7	32	2	30	64	249.416	273.875	345.458	42.399	6563.792	6651.250	6778.125	74.841	100.2282	101.2282	1.8610	measured
1536	1050	1612800	single-workgroup-tree	10	105	-	10	48	2	30	64	224.333	248.708	288.167	27.734	4936.750	5014.250	5101.583	62.029	74.8003	75.6435	1.4248	measured
1536	1050	1612800	single-workgroup-tree	14	75	-	14	64	2	30	64	228.917	250.584	285.750	25.985	5159.875	5237.334	5353.916	59.994	78.2692	79.1548	1.3648	measured
1536	1050	1612800	single-workgroup-tree	15	70	-	15	64	2	30	64	207.333	244.750	274.583	20.951	4799.250	4888.875	4965.542	58.635	72.8876	73.7163	1.2633	measured
1536	1050	1612800	single-workgroup-tree	21	50	-	21	96	2	30	64	219.750	245.916	271.083	32.118	4827.000	4866.375	5006.042	62.076	73.1310	73.3406	1.4951	measured
1536	1050	1612800	single-workgroup-tree	25	42	-	25	112	2	30	64	228.333	248.959	282.208	19.487	5186.917	5274.917	5367.291	61.498	78.7077	79.7771	1.2855	measured
1536	1050	1612800	single-workgroup-tree	30	35	-	30	128	2	30	64	223.959	251.709	277.833	18.251	4933.000	5021.458	5085.458	61.235	74.7467	75.7103	1.2617	measured
1536	1050	1612800	single-workgroup-tree	35	30	-	35	144	2	30	64	227.375	256.458	289.375	27.187	5306.708	5390.750	5519.042	74.647	80.6243	81.4967	1.6164	measured
1536	1050	1612800	single-workgroup-tree	42	25	-	42	176	2	30	64	226.542	256.666	280.958	24.956	5060.083	5132.084	5237.875	69.473	76.7229	77.3876	1.4989	measured
1536	1050	1612800	single-workgroup-tree	50	21	-	50	208	2	30	64	223.042	248.667	280.167	30.433	4870.500	4966.417	5029.000	63.282	73.7692	74.8849	1.4875	measured
1536	1050	1612800	single-workgroup-tree	70	15	-	70	288	2	30	64	224.750	245.292	279.750	31.070	4882.834	4962.000	5052.083	55.772	73.9378	74.8684	1.3784	measured
1536	1050	1612800	single-workgroup-tree	75	14	-	75	304	2	30	64	227.667	248.709	281.500	41.291	5040.958	5123.833	5204.250	57.434	76.4014	77.3829	1.5671	measured
1536	1050	1612800	single-workgroup-tree	105	10	-	105	432	2	30	64	223.042	250.667	285.125	36.519	4908.416	5012.084	5072.083	56.076	74.3710	75.5780	1.4698	measured
1536	1050	1612800	single-workgroup-tree	150	7	-	150	608	2	30	64	235.500	259.875	296.417	29.971	5835.291	5901.791	6013.834	79.384	88.8856	89.5542	1.7358	measured
1536	1050	1612800	single-workgroup-tree	175	6	-	175	704	2	30	64	226.458	247.750	294.584	29.525	5162.500	5246.875	5354.792	66.693	78.3499	79.3512	1.5273	measured
1536	1050	1612800	single-workgroup-tree	210	5	production	210	848	2	30	64	222.834	247.042	276.125	20.138	5134.292	5235.291	5318.625	75.406	77.9597	79.1786	1.5166	measured
1536	1050	1612800	single-workgroup-tree	350	3	-	350	1408	2	30	64	261.291	285.958	318.000	23.726	7379.792	7435.417	7557.333	64.779	112.9921	113.4835	1.4049	measured
1536	1050	1612800	single-workgroup-tree	525	2	-	525	2112	2	30	64	249.833	273.833	317.500	32.059	6528.500	6580.583	6680.500	60.505	99.6614	100.1071	1.4693	measured
1536	1155	1774080	single-workgroup-tree	3	385	-	3	16	2	30	64	246.333	274.250	303.458	20.561	6305.000	6417.500	6500.125	72.524	96.1693	97.5119	1.4775	measured
1536	1155	1774080	single-workgroup-tree	5	231	-	5	32	2	30	64	242.584	266.584	288.334	27.569	5973.125	6111.958	6177.125	70.287	90.9610	92.7837	1.5533	measured
1536	1155	1774080	single-workgroup-tree	7	165	-	7	32	2	30	64	242.125	262.250	295.750	31.837	5874.084	5989.875	6075.625	73.932	89.3962	90.9147	1.6789	measured
1536	1155	1774080	single-workgroup-tree	11	105	-	11	48	2	30	64	231.708	260.084	291.500	37.250	5348.583	5432.208	5517.209	64.710	81.2202	82.0972	1.6184	measured
1536	1155	1774080	single-workgroup-tree	15	77	-	15	64	2	30	64	230.084	254.833	276.625	15.817	5262.750	5374.666	5436.500	67.229	79.8836	81.2672	1.3182	measured
1536	1155	1774080	single-workgroup-tree	21	55	-	21	96	2	30	64	231.958	264.708	285.250	26.137	5265.250	5390.792	5477.959	63.978	79.8935	81.3664	1.4304	measured
1536	1155	1774080	single-workgroup-tree	33	35	-	33	144	2	30	64	233.583	264.792	287.458	19.749	5289.625	5404.958	5494.250	80.660	80.2546	81.5899	1.5938	measured
1536	1155	1774080	single-workgroup-tree	35	33	-	35	144	2	30	64	230.125	258.458	282.750	34.793	5299.083	5414.833	5528.708	78.383	80.4597	81.8472	1.7964	measured
1536	1155	1774080	single-workgroup-tree	55	21	-	55	224	2	30	64	232.042	259.583	283.250	24.937	5308.083	5385.334	5471.250	57.248	80.5721	81.3611	1.3045	measured
1536	1155	1774080	single-workgroup-tree	77	15	-	77	320	2	30	64	240.917	261.292	284.708	21.374	5307.375	5426.084	5507.750	64.044	80.4200	81.9808	1.3558	measured
1536	1155	1774080	single-workgroup-tree	105	11	-	105	432	2	30	64	231.708	263.667	289.125	33.010	5374.542	5434.125	5544.166	55.872	81.6323	82.0708	1.4108	measured
1536	1155	1774080	single-workgroup-tree	165	7	-	165	672	2	30	64	242.500	270.333	294.417	19.777	5645.042	5811.417	5859.708	77.215	85.7546	87.9537	1.5396	measured
1536	1155	1774080	single-workgroup-tree	231	5	production	231	928	2	30	64	237.750	268.667	288.333	30.317	5642.834	5746.500	5824.584	59.052	85.7950	86.9497	1.4185	measured
1536	1155	1774080	single-workgroup-tree	385	3	-	385	1552	2	30	64	240.083	270.458	292.625	17.781	5973.708	6045.084	6174.875	76.769	91.0099	91.6607	1.5008	measured
1536	1274	1956864	single-workgroup-tree	2	637	-	2	16	2	30	64	264.333	276.750	293.833	9.682	7495.083	7617.792	7708.291	67.360	114.7738	116.5245	1.2229	measured
1536	1274	1956864	single-workgroup-tree	7	182	-	7	32	2	30	64	274.833	284.125	301.083	9.994	7984.000	8139.083	8225.458	81.034	122.3677	124.6819	1.4449	measured
1536	1274	1956864	single-workgroup-tree	13	98	-	13	64	2	30	64	255.875	269.291	285.167	33.241	6827.750	6983.667	7047.417	66.629	104.3155	106.5774	1.5852	measured
1536	1274	1956864	single-workgroup-tree	14	91	-	14	64	2	30	64	235.167	253.791	264.042	9.352	5765.625	5894.875	5957.542	59.333	87.7850	89.5410	1.0902	measured
1536	1274	1956864	single-workgroup-tree	26	49	-	26	112	2	30	64	237.209	257.583	266.667	11.547	5754.417	5875.708	5942.791	69.011	87.5747	89.1766	1.2787	measured
1536	1274	1956864	single-workgroup-tree	49	26	-	49	208	2	30	64	237.500	256.833	269.833	31.209	5861.166	5970.292	6067.583	73.614	89.2645	90.6898	1.6639	measured
1536	1274	1956864	single-workgroup-tree	91	14	-	91	368	2	30	64	233.500	259.083	268.916	28.427	5859.417	5952.292	5995.291	51.434	89.3003	90.3684	1.2676	measured
1536	1274	1956864	single-workgroup-tree	98	13	-	98	400	2	30	64	249.084	264.708	275.667	24.549	6375.833	6515.625	6604.041	66.498	97.2500	99.2209	1.4452	measured
1536	1274	1956864	single-workgroup-tree	182	7	production	182	736	2	30	64	253.875	271.291	286.958	18.256	7042.000	7142.417	7224.667	63.849	107.7480	109.0655	1.3033	measured
1536	1274	1956864	single-workgroup-tree	637	2	-	637	2560	2	30	64	260.375	273.416	296.250	32.568	7258.625	7389.875	7481.750	77.433	111.0833	112.9597	1.7460	measured
1536	1430	2196480	single-workgroup-tree	2	715	-	2	16	2	30	64	268.125	282.083	298.625	29.340	8016.833	8164.416	8215.458	64.284	122.9954	125.1164	1.4861	measured
1536	1430	2196480	single-workgroup-tree	5	286	-	5	32	2	30	64	255.334	269.500	327.959	51.888	7299.334	7441.416	7581.625	92.503	111.8095	113.8399	2.2919	measured
1536	1430	2196480	single-workgroup-tree	10	143	-	10	48	2	30	64	250.917	268.917	279.750	42.018	7189.209	7297.833	7387.916	67.643	110.1316	111.5701	1.7406	measured
1536	1430	2196480	single-workgroup-tree	11	130	-	11	48	2	30	64	250.333	266.250	290.333	43.615	6854.500	7030.792	7082.458	71.690	104.8280	107.3737	1.8302	measured
1536	1430	2196480	single-workgroup-tree	13	110	-	13	64	2	30	64	264.875	276.792	304.625	49.460	7628.167	7776.542	7845.875	74.611	116.8777	119.0437	1.9694	measured
1536	1430	2196480	single-workgroup-tree	22	65	-	22	96	2	30	64	248.542	262.292	311.083	55.186	6555.250	6696.916	6765.167	63.468	100.1065	102.1369	1.8834	measured
1536	1430	2196480	single-workgroup-tree	26	55	-	26	112	2	30	64	223.458	259.750	366.375	46.053	6556.375	6692.792	6747.458	51.171	100.5225	102.1118	1.5432	measured
1536	1430	2196480	single-workgroup-tree	55	26	-	55	224	2	30	64	251.667	265.416	353.416	42.740	6641.542	6798.167	6866.292	76.655	101.4266	103.6945	1.8952	measured
1536	1430	2196480	single-workgroup-tree	65	22	-	65	272	2	30	64	250.375	260.209	313.917	52.683	6605.875	6738.417	6814.625	64.557	100.8810	102.8287	1.8610	measured
1536	1430	2196480	single-workgroup-tree	110	13	-	110	448	2	30	64	257.417	266.708	285.709	21.708	7204.917	7347.416	7405.625	59.604	110.2778	112.3922	1.2907	measured
1536	1430	2196480	single-workgroup-tree	130	11	-	130	528	2	30	64	249.791	263.583	291.583	29.451	6852.958	7026.625	7071.084	58.829	104.8122	107.3499	1.4013	measured
1536	1430	2196480	single-workgroup-tree	143	10	-	143	576	2	30	64	253.625	263.250	309.500	70.470	6993.375	7161.750	7217.917	76.170	106.9802	109.5000	2.3276	measured
1536	1430	2196480	single-workgroup-tree	286	5	production	286	1152	2	30	64	249.625	265.416	294.125	53.456	6859.791	6991.667	7047.500	68.962	104.9233	106.7659	1.9431	measured
1536	1430	2196480	single-workgroup-tree	715	2	-	715	2864	2	30	64	237.750	280.917	303.625	41.246	7905.625	8021.625	8092.334	67.430	121.7123	122.8684	1.7250	measured
1536	1575	2419200	single-workgroup-tree	3	525	-	3	16	2	30	64	293.500	320.166	341.375	18.558	9448.334	9585.708	9659.167	73.924	145.3148	147.0721	1.4680	measured
1536	1575	2419200	single-workgroup-tree	5	315	-	5	32	2	30	64	290.167	316.625	341.709	21.512	9193.625	9316.750	9420.000	72.623	141.3247	142.8591	1.4942	measured
1536	1575	2419200	single-workgroup-tree	7	225	-	7	32	2	30	64	267.875	290.959	318.417	32.980	7617.250	7736.667	7824.250	65.708	116.6567	118.1858	1.5665	measured
1536	1575	2419200	single-workgroup-tree	9	175	-	9	48	2	30	64	261.916	293.000	317.000	37.791	7541.000	7689.375	7776.584	84.703	115.5410	117.4028	1.9443	measured
1536	1575	2419200	single-workgroup-tree	15	105	-	15	64	2	30	64	259.666	279.334	308.250	18.942	7371.500	7495.625	7571.709	65.179	112.8863	114.5443	1.3353	measured
1536	1575	2419200	single-workgroup-tree	21	75	-	21	96	2	30	64	261.750	286.542	314.167	41.706	7514.417	7686.417	7766.042	83.905	115.1217	117.4583	1.9938	measured
1536	1575	2419200	single-workgroup-tree	25	63	-	25	112	2	30	64	260.791	280.458	313.209	47.357	7536.708	7626.875	7709.000	59.028	115.4907	116.6098	1.6887	measured
1536	1575	2419200	single-workgroup-tree	35	45	-	35	144	2	30	64	261.667	280.292	319.542	36.077	7324.500	7488.000	7550.375	65.268	112.1085	114.4081	1.6087	measured
1536	1575	2419200	single-workgroup-tree	45	35	-	45	192	2	30	64	262.584	278.083	307.125	24.476	7345.417	7452.334	7551.000	64.297	112.4259	113.8770	1.4091	measured
1536	1575	2419200	single-workgroup-tree	63	25	-	63	256	2	30	64	261.583	279.375	312.583	26.616	7475.417	7585.833	7654.250	56.778	114.5053	115.9755	1.3237	measured
1536	1575	2419200	single-workgroup-tree	75	21	-	75	304	2	30	64	263.209	282.709	317.125	28.364	7492.750	7635.291	7716.958	69.108	114.7546	116.7077	1.5472	measured
1536	1575	2419200	single-workgroup-tree	105	15	-	105	432	2	30	64	263.000	283.125	311.458	36.405	7424.417	7552.500	7654.708	74.208	113.6733	115.3869	1.7558	measured
1536	1575	2419200	single-workgroup-tree	175	9	-	175	704	2	30	64	266.333	284.667	308.583	18.026	7578.000	7673.750	7802.250	72.200	116.0582	117.2870	1.4322	measured
1536	1575	2419200	single-workgroup-tree	225	7	production	225	912	2	30	64	266.834	282.791	314.000	27.578	7514.125	7636.167	7711.375	62.931	115.0364	116.7203	1.4366	measured
1536	1575	2419200	single-workgroup-tree	315	5	-	315	1264	2	30	64	277.292	301.791	330.292	37.887	8396.833	8523.083	8634.583	93.034	128.8816	130.4967	2.0781	measured
1536	1575	2419200	single-workgroup-tree	525	3	-	525	2112	2	30	64	280.666	305.792	331.583	30.107	8654.250	8790.250	8884.708	87.355	132.9140	134.6739	1.8645	measured
1536	1925	2956800	single-workgroup-tree	5	385	-	5	32	2	30	64	296.417	334.834	351.500	32.561	9728.625	9850.083	9951.167	75.349	149.7176	151.0357	1.7128	measured
1536	1925	2956800	single-workgroup-tree	7	275	-	7	32	2	30	64	299.000	343.292	359.041	40.446	10086.375	10237.084	10319.000	66.871	155.3552	157.0443	1.7034	measured
1536	1925	2956800	single-workgroup-tree	11	175	-	11	48	2	30	64	289.291	314.666	341.750	17.702	9310.458	9490.417	9549.083	78.981	143.1931	145.6468	1.5347	measured
1536	1925	2956800	single-workgroup-tree	25	77	-	25	112	2	30	64	283.209	316.833	342.167	29.371	9193.583	9342.666	9427.542	77.356	141.4345	143.2672	1.6941	measured
1536	1925	2956800	single-workgroup-tree	35	55	-	35	144	2	30	64	279.542	317.250	343.750	37.395	9115.083	9258.459	9343.709	68.391	140.2467	141.9240	1.6791	measured
1536	1925	2956800	single-workgroup-tree	55	35	-	55	224	2	30	64	282.792	317.958	344.375	24.618	9198.583	9302.292	9353.250	64.562	141.5205	142.6085	1.4155	measured
1536	1925	2956800	single-workgroup-tree	77	25	-	77	320	2	30	64	287.042	325.875	343.875	36.243	9129.875	9282.583	9363.750	72.677	140.3624	142.1700	1.7289	measured
1536	1925	2956800	single-workgroup-tree	175	11	-	175	704	2	30	64	291.209	327.125	343.834	17.883	9281.333	9429.208	9513.541	73.776	142.7004	144.4775	1.4549	measured
1536	1925	2956800	single-workgroup-tree	275	7	production	275	1104	2	30	64	300.000	332.500	353.542	17.886	9919.417	10035.459	10133.875	85.816	152.6892	154.0152	1.6461	measured
1536	1925	2956800	single-workgroup-tree	385	5	-	385	1552	2	30	64	293.583	322.084	345.500	24.064	9394.708	9523.916	9618.792	80.011	144.4623	146.0608	1.6520	measured
1536	1024	1572864	single-workgroup-tree	2	512	-	2	16	2	30	64	256.458	276.083	302.167	28.015	6488.708	6602.750	6688.167	81.259	98.9246	100.4233	1.7345	measured
1536	1024	1572864	single-workgroup-tree	4	256	-	4	16	2	30	64	233.542	264.250	291.750	37.309	5391.041	5519.041	5608.958	73.089	81.8651	83.4094	1.7524	measured
1536	1024	1572864	single-workgroup-tree	8	128	-	8	32	2	30	64	243.500	270.667	292.375	18.153	5934.542	6059.000	6170.917	81.678	90.3340	91.8783	1.5846	measured
1536	1024	1572864	single-workgroup-tree	16	64	-	16	64	2	30	64	222.792	249.834	278.166	30.860	4689.916	4794.792	4863.791	58.088	70.9067	72.1422	1.4119	measured
1536	1024	1572864	single-workgroup-tree	32	32	-	32	128	2	30	64	228.834	267.708	285.166	16.765	5128.917	5290.083	5345.834	74.388	77.7791	79.7202	1.4469	measured
1536	1024	1572864	single-workgroup-tree	64	16	-	64	256	2	30	64	227.084	262.458	276.000	30.451	4742.208	4856.208	4948.167	66.942	71.6686	72.9167	1.5459	measured
1536	1024	1572864	single-workgroup-tree	128	8	-	128	512	2	30	64	237.375	278.917	294.834	35.033	5557.875	5690.292	5776.875	77.526	84.4524	85.8948	1.7867	measured
1536	1024	1572864	single-workgroup-tree	256	4	production	256	1024	2	30	64	240.959	269.250	285.542	31.481	5136.625	5273.125	5356.417	72.864	77.7090	79.4266	1.6563	measured
1536	1024	1572864	single-workgroup-tree	512	2	-	512	2048	2	30	64	248.458	279.833	294.959	14.055	6065.375	6220.042	6279.000	68.821	92.3320	94.2890	1.3155	measured
1536	1729	2655744	single-workgroup-tree	7	247	-	7	32	2	30	64	275.750	305.667	327.291	17.360	8548.500	8708.667	8792.041	80.637	131.3135	133.3810	1.5555	measured
1536	1729	2655744	single-workgroup-tree	13	133	-	13	64	2	30	64	269.875	302.250	322.500	28.005	8182.500	8354.542	8404.667	67.329	125.5972	127.8142	1.5132	measured
1536	1729	2655744	single-workgroup-tree	19	91	-	19	80	2	30	64	273.667	299.667	323.417	28.337	8174.875	8378.708	8470.125	94.709	125.4160	128.2387	1.9531	measured
1536	1729	2655744	single-workgroup-tree	91	19	-	91	368	2	30	64	269.792	300.875	368.166	36.500	8185.334	8346.833	8422.375	76.283	125.6435	127.7136	1.7902	measured
1536	1729	2655744	single-workgroup-tree	133	13	-	133	544	2	30	64	269.709	297.542	322.250	18.412	8203.792	8358.250	8419.625	68.986	125.9378	127.9477	1.3873	measured
1536	1729	2655744	single-workgroup-tree	247	7	production	247	992	2	30	64	274.792	299.375	329.000	20.818	8449.292	8587.458	8648.000	56.078	129.7540	131.5569	1.2206	measured
6144	1080	6635520	single-workgroup-tree	2	540	-	2	16	2	30	64	532.625	561.500	597.125	29.207	23900.167	24055.041	24122.375	79.554	370.9134	372.9133	1.7264	measured
6144	1080	6635520	single-workgroup-tree	3	360	-	3	16	2	30	64	672.042	709.583	746.708	26.052	32575.208	32733.375	32868.375	98.990	506.3995	508.3142	1.9848	measured
6144	1080	6635520	single-workgroup-tree	4	270	-	4	16	2	30	64	616.583	653.583	700.917	35.562	29011.292	29117.250	29228.208	76.127	450.7097	451.8042	1.7728	measured
6144	1080	6635520	single-workgroup-tree	5	216	-	5	32	2	30	64	486.791	519.583	554.916	22.017	21390.625	21494.542	21575.541	68.363	331.8069	332.9359	1.4346	measured
6144	1080	6635520	single-workgroup-tree	6	180	-	6	32	2	30	64	546.167	574.375	626.625	34.548	25097.500	25272.917	25358.125	74.819	389.7037	392.0403	1.7360	measured
6144	1080	6635520	single-workgroup-tree	8	135	-	8	32	2	30	64	490.416	518.708	552.416	21.859	21431.042	21579.458	21751.541	113.117	332.3909	334.2976	2.1425	measured
6144	1080	6635520	single-workgroup-tree	9	120	-	9	48	2	30	64	475.917	511.083	537.083	28.983	20616.708	20773.583	20928.666	96.801	319.6951	321.6270	1.9966	measured
6144	1080	6635520	single-workgroup-tree	10	108	-	10	48	2	30	64	501.625	530.834	553.625	35.222	22156.542	22322.375	22462.958	83.945	343.7288	345.8975	1.8915	measured
6144	1080	6635520	single-workgroup-tree	12	90	-	12	48	2	30	64	493.208	526.125	550.292	29.345	21764.500	21927.208	22036.833	85.495	337.6396	339.6997	1.8229	measured
6144	1080	6635520	single-workgroup-tree	15	72	-	15	64	2	30	64	490.334	520.042	542.208	35.503	21351.208	21468.958	21592.208	84.355	331.1250	332.5225	1.9025	measured
6144	1080	6635520	single-workgroup-tree	18	60	-	18	80	2	30	64	490.000	528.917	547.250	20.993	21384.375	21502.292	21607.958	86.790	331.6567	332.9107	1.7108	measured
6144	1080	6635520	single-workgroup-tree	20	54	-	20	80	2	30	64	496.750	530.375	548.792	31.599	21447.083	21594.959	21769.250	103.533	332.5450	334.3585	2.1450	measured
6144	1080	6635520	single-workgroup-tree	24	45	-	24	96	2	30	64	482.750	505.458	535.792	18.167	20697.958	20805.500	20945.917	100.441	320.8763	322.2229	1.8827	measured
6144	1080	6635520	single-workgroup-tree	27	40	-	27	112	2	30	64	475.125	513.375	538.500	29.639	20694.458	20848.250	21010.333	90.152	320.9418	322.7758	1.9014	measured
6144	1080	6635520	single-workgroup-tree	30	36	-	30	128	2	30	64	479.375	510.000	532.958	17.297	20955.250	21042.542	21198.333	82.676	325.0139	325.9134	1.5869	measured
6144	1080	6635520	single-workgroup-tree	36	30	-	36	144	2	30	64	488.084	521.375	564.625	38.280	21326.750	21477.292	21587.542	85.712	330.7725	332.6336	1.9681	measured
6144	1080	6635520	single-workgroup-tree	40	27	-	40	160	2	30	64	479.291	505.375	538.750	37.489	20639.375	20767.792	20866.250	61.756	320.0013	321.6257	1.5753	measured
6144	1080	6635520	single-workgroup-tree	45	24	-	45	192	2	30	64	477.125	502.667	532.833	18.085	20546.167	20635.041	20749.875	67.592	318.5562	319.5615	1.3600	measured
6144	1080	6635520	single-workgroup-tree	54	20	-	54	224	2	30	64	482.709	510.834	546.083	51.925	20818.250	20975.875	21100.917	93.455	322.7864	324.8419	2.3076	measured
6144	1080	6635520	single-workgroup-tree	60	18	-	60	240	2	30	64	488.458	513.542	545.292	35.964	20919.541	21039.334	21149.000	64.872	324.3029	325.8062	1.6006	measured
6144	1080	6635520	single-workgroup-tree	72	15	-	72	288	2	30	64	481.916	518.750	544.541	23.424	21175.834	21277.208	21448.709	105.156	328.4749	329.4993	2.0410	measured
6144	1080	6635520	single-workgroup-tree	90	12	-	90	368	2	30	64	493.541	530.500	551.417	38.577	21468.792	21568.792	21749.417	94.675	332.9405	333.9411	2.1151	measured
6144	1080	6635520	single-workgroup-tree	108	10	-	108	432	2	30	64	493.958	527.333	552.000	18.373	21857.459	21964.416	22033.125	63.329	339.1032	340.2712	1.2968	measured
6144	1080	6635520	single-workgroup-tree	120	9	-	120	480	2	30	64	476.583	501.042	536.750	40.102	20534.125	20638.250	20806.792	91.209	318.3737	319.6382	2.0843	measured
6144	1080	6635520	single-workgroup-tree	135	8	-	135	544	2	30	64	483.541	509.333	532.666	36.782	21077.584	21196.750	21348.125	96.606	326.8896	328.3717	2.1173	measured
6144	1080	6635520	single-workgroup-tree	180	6	-	180	720	2	30	64	514.500	546.250	584.792	31.184	23192.666	23328.708	23449.458	89.872	359.9709	361.6263	1.9215	measured
6144	1080	6635520	single-workgroup-tree	216	5	-	216	864	2	30	64	473.375	511.375	528.666	27.414	20833.708	21004.041	21150.416	102.966	323.1799	325.2804	2.0695	measured
6144	1080	6635520	single-workgroup-tree	270	4	production	270	1088	2	30	64	547.333	576.750	616.916	26.151	25305.083	25456.333	25605.959	83.405	392.9802	394.9140	1.7390	measured
6144	1080	6635520	single-workgroup-tree	360	3	-	360	1440	2	30	64	601.083	629.125	678.542	29.473	28030.167	28186.458	28378.333	106.990	435.3823	437.4180	2.1661	measured
6144	1080	6635520	single-workgroup-tree	540	2	-	540	2160	2	30	64	516.750	545.500	574.417	37.527	22864.875	22987.208	23146.167	108.081	354.7321	356.2176	2.3112	measured
6144	1215	7464960	single-workgroup-tree	3	405	-	3	16	2	30	64	559.958	597.792	695.416	57.754	26252.292	26349.208	26500.917	80.960	407.8148	408.7526	2.2018	measured
6144	1215	7464960	single-workgroup-tree	5	243	-	5	32	2	30	64	524.000	576.000	667.000	52.284	24257.500	24410.375	24576.792	114.029	376.7222	378.3234	2.6399	measured
6144	1215	7464960	single-workgroup-tree	9	135	-	9	48	2	30	64	528.125	569.000	657.166	49.287	24759.875	24888.375	25012.042	90.271	384.6310	386.0218	2.2152	measured
6144	1215	7464960	single-workgroup-tree	15	81	-	15	64	2	30	64	526.083	560.416	585.750	26.040	24150.791	24262.375	24389.625	95.846	374.9954	376.2216	1.9347	measured
6144	1215	7464960	single-workgroup-tree	27	45	-	27	112	2	30	64	524.625	556.667	578.500	36.336	24151.833	24276.333	24408.959	87.903	375.0350	376.5026	1.9720	measured
6144	1215	7464960	single-workgroup-tree	45	27	-	45	192	2	30	64	521.625	566.333	589.041	40.295	24030.667	24174.833	24302.666	102.197	373.1594	374.7381	2.2618	measured
6144	1215	7464960	single-workgroup-tree	81	15	-	81	336	2	30	64	519.250	560.208	601.083	43.199	23804.416	23919.333	24053.000	91.324	369.6058	370.7798	2.1353	measured
6144	1215	7464960	single-workgroup-tree	135	9	-	135	544	2	30	64	525.208	559.375	604.625	43.270	24271.125	24383.875	24601.125	110.601	376.9193	378.1667	2.4424	measured
6144	1215	7464960	single-workgroup-tree	243	5	production	243	976	2	30	64	522.208	544.084	601.958	43.645	23901.167	24009.583	24111.417	88.115	371.0946	372.4682	2.0914	measured
6144	1215	7464960	single-workgroup-tree	405	3	-	405	1632	2	30	64	540.542	565.542	651.041	42.093	24981.541	25153.500	25296.291	90.069	387.9524	390.2850	2.0978	measured
6144	1320	8110080	single-workgroup-tree	2	660	-	2	16	2	30	64	894.750	978.958	1066.458	55.049	49130.000	49266.583	49356.208	83.831	765.6389	766.4702	2.2045	measured
6144	1320	8110080	single-workgroup-tree	3	440	-	3	16	2	30	64	770.542	811.500	875.792	43.345	39736.375	39886.167	39969.500	88.206	618.5053	620.2328	2.0881	measured
6144	1320	8110080	single-workgroup-tree	4	330	-	4	16	2	30	64	575.750	611.000	679.167	41.263	27283.666	27383.875	27577.542	90.157	423.9352	424.9663	2.0860	measured
6144	1320	8110080	single-workgroup-tree	5	264	-	5	32	2	30	64	655.250	701.459	776.459	39.881	32210.416	32340.750	32445.875	85.581	500.8757	502.2110	1.9915	measured
6144	1320	8110080	single-workgroup-tree	6	220	-	6	32	2	30	64	580.625	621.500	707.916	53.075	27419.042	27539.458	27740.125	113.704	426.0066	427.2692	2.6473	measured
6144	1320	8110080	single-workgroup-tree	8	165	-	8	32	2	30	64	580.250	625.500	686.500	42.019	27366.792	27526.792	27643.417	85.516	425.1832	427.0046	2.0243	measured
6144	1320	8110080	single-workgroup-tree	10	132	-	10	48	2	30	64	588.042	652.542	703.000	39.830	27726.250	27869.333	28040.042	118.335	430.7652	432.0126	2.5106	measured
6144	1320	8110080	single-workgroup-tree	11	120	-	11	48	2	30	64	567.584	623.500	678.334	45.504	26826.125	26930.542	27070.208	99.852	416.8022	417.5721	2.3072	measured
6144	1320	8110080	single-workgroup-tree	12	110	-	12	48	2	30	64	593.167	634.541	706.833	52.911	27781.083	27957.541	28122.792	124.616	431.5542	433.6984	2.8179	measured
6144	1320	8110080	single-workgroup-tree	15	88	-	15	64	2	30	64	574.375	630.875	683.500	35.741	26936.583	27112.792	27303.750	126.385	418.4477	420.3479	2.5734	measured
6144	1320	8110080	single-workgroup-tree	20	66	-	20	80	2	30	64	566.125	650.459	703.958	46.585	26861.208	26981.291	27167.500	98.619	417.3823	417.9497	2.3048	measured
6144	1320	8110080	single-workgroup-tree	22	60	-	22	96	2	30	64	576.625	650.500	697.916	37.490	27421.416	27518.917	27747.459	126.617	426.1078	426.4828	2.6049	measured
6144	1320	8110080	single-workgroup-tree	24	55	-	24	96	2	30	64	575.750	648.958	722.458	51.238	26818.584	26968.291	27167.958	120.679	416.5529	417.7672	2.7288	measured
6144	1320	8110080	single-workgroup-tree	30	44	-	30	128	2	30	64	597.084	658.542	720.500	38.717	27851.792	27995.709	28182.500	121.418	432.6144	433.9233	2.5418	measured
6144	1320	8110080	single-workgroup-tree	33	40	-	33	144	2	30	64	579.625	624.792	701.792	50.687	26820.167	26926.542	27069.959	88.413	416.5165	417.4881	2.2079	measured
6144	1320	8110080	single-workgroup-tree	40	33	-	40	160	2	30	64	569.459	630.375	698.375	43.155	26831.375	26930.167	27098.209	109.260	416.8558	417.4570	2.4193	measured
6144	1320	8110080	single-workgroup-tree	44	30	-	44	176	2	30	64	598.792	653.042	723.167	51.402	28084.292	28205.375	28382.041	118.772	436.2778	437.3386	2.7012	measured
6144	1320	8110080	single-workgroup-tree	55	24	-	55	224	2	30	64	565.333	618.042	659.291	36.328	26374.416	26475.791	26612.916	81.579	409.6680	410.4405	1.8715	measured
6144	1320	8110080	single-workgroup-tree	60	22	-	60	240	2	30	64	568.583	609.875	668.208	41.159	26666.958	26796.834	26923.750	116.086	414.2599	415.6660	2.4960	measured
6144	1320	8110080	single-workgroup-tree	66	20	-	66	272	2	30	64	560.166	633.958	667.625	44.822	26327.791	26412.209	26583.500	90.178	409.0099	409.1786	2.1429	measured
6144	1320	8110080	single-workgroup-tree	88	15	-	88	352	2	30	64	561.417	599.333	693.541	53.687	26490.250	26593.250	26745.917	88.029	411.5688	412.6019	2.2495	measured
6144	1320	8110080	single-workgroup-tree	110	12	-	110	448	2	30	64	572.000	639.708	716.042	61.851	27224.708	27349.084	27504.250	92.738	423.0589	423.9583	2.4538	measured
6144	1320	8110080	single-workgroup-tree	120	11	-	120	480	2	30	64	557.125	619.125	695.834	48.158	26307.875	26477.584	26661.542	148.277	408.7421	410.4517	3.1180	measured
6144	1320	8110080	single-workgroup-tree	132	10	-	132	528	2	30	64	580.333	634.750	676.166	34.299	27491.916	27586.875	27757.334	88.466	427.1680	427.8115	1.9487	measured
6144	1320	8110080	single-workgroup-tree	165	8	-	165	672	2	30	64	561.208	600.208	661.458	34.690	26511.666	26670.584	26839.375	117.483	411.9120	413.8155	2.4154	measured
6144	1320	8110080	single-workgroup-tree	220	6	-	220	880	2	30	64	573.125	635.959	685.250	42.287	26808.833	26905.375	27039.500	100.628	416.4398	416.9749	2.2685	measured
6144	1320	8110080	single-workgroup-tree	264	5	production	264	1056	2	30	64	621.417	674.833	752.792	44.577	29849.459	29972.916	30139.291	101.307	463.9372	465.0489	2.3156	measured
6144	1320	8110080	single-workgroup-tree	330	4	-	330	1328	2	30	64	564.291	613.333	692.750	53.050	26558.208	26692.791	26851.250	94.251	412.6019	413.9597	2.3381	measured
6144	1320	8110080	single-workgroup-tree	440	3	-	440	1760	2	30	64	684.833	730.334	788.000	36.776	34175.125	34315.791	34439.416	82.574	531.5919	533.1025	1.8944	measured
6144	1320	8110080	single-workgroup-tree	660	2	-	660	2640	2	30	64	783.250	824.584	901.542	39.466	40657.208	40819.625	40952.250	106.699	632.9200	634.8419	2.3201	measured
6144	1512	9289728	single-workgroup-tree	2	756	-	2	16	2	30	64	731.750	793.833	840.500	38.973	37381.417	37538.459	37655.417	113.394	581.7407	583.2480	2.4185	measured
6144	1512	9289728	single-workgroup-tree	3	504	-	3	16	2	30	64	855.625	917.166	993.292	51.535	45331.500	45500.084	45611.625	86.554	705.9663	707.6654	2.1919	measured
6144	1512	9289728	single-workgroup-tree	4	378	-	4	16	2	30	64	649.958	705.709	755.375	33.646	31995.334	32157.417	32325.500	132.294	497.5457	499.2335	2.6340	measured
6144	1512	9289728	single-workgroup-tree	6	252	-	6	32	2	30	64	703.708	751.666	821.333	42.361	34943.792	35101.125	35228.000	90.829	543.4934	545.2295	2.1141	measured
6144	1512	9289728	single-workgroup-tree	7	216	-	7	32	2	30	64	652.750	722.209	763.500	41.340	31870.875	32104.875	32252.542	122.634	495.5258	498.1376	2.6028	measured
6144	1512	9289728	single-workgroup-tree	8	189	-	8	32	2	30	64	647.958	713.375	773.584	44.134	31973.250	32181.667	32371.375	124.574	497.2269	499.4967	2.6779	measured
6144	1512	9289728	single-workgroup-tree	9	168	-	9	48	2	30	64	670.167	717.334	796.167	46.836	32862.500	33074.167	33177.833	113.002	510.9894	513.6005	2.5371	measured
6144	1512	9289728	single-workgroup-tree	12	126	-	12	48	2	30	64	647.334	688.042	778.916	61.391	31595.958	31757.333	31929.250	112.240	491.2480	493.1633	2.7560	measured
6144	1512	9289728	single-workgroup-tree	14	108	-	14	64	2	30	64	650.834	714.875	778.625	43.675	32291.875	32514.833	32686.292	140.577	502.2387	504.7612	2.9246	measured
6144	1512	9289728	single-workgroup-tree	18	84	-	18	80	2	30	64	653.500	704.834	788.542	51.229	32056.333	32270.500	32373.042	103.716	498.4577	501.0423	2.4594	measured
6144	1512	9289728	single-workgroup-tree	21	72	-	21	96	2	30	64	657.417	717.875	816.792	56.152	31696.459	31953.167	32125.792	159.102	492.6832	495.7983	3.4167	measured
6144	1512	9289728	single-workgroup-tree	24	63	-	24	96	2	30	64	650.375	700.541	746.458	38.600	31844.208	32077.875	32301.875	133.288	495.1402	498.0529	2.7284	measured
6144	1512	9289728	single-workgroup-tree	27	56	-	27	112	2	30	64	633.125	703.084	769.667	46.915	31249.000	31428.292	31632.917	124.839	485.9663	487.7017	2.7263	measured
6144	1512	9289728	single-workgroup-tree	28	54	-	28	112	2	30	64	658.500	711.000	785.500	43.204	32275.958	32452.667	32640.916	112.786	501.8644	503.8360	2.4760	measured
6144	1512	9289728	single-workgroup-tree	36	42	-	36	144	2	30	64	654.792	692.667	743.708	43.994	31634.084	31816.958	32008.083	127.046	491.7348	494.0364	2.7149	measured
6144	1512	9289728	single-workgroup-tree	42	36	-	42	176	2	30	64	643.458	693.958	775.792	49.650	31268.667	31488.208	31658.209	131.268	486.1144	488.7976	2.8717	measured
6144	1512	9289728	single-workgroup-tree	54	28	-	54	224	2	30	64	641.083	712.458	760.541	41.673	31176.500	31409.625	31556.167	146.282	484.6892	487.2566	2.9834	measured
6144	1512	9289728	single-workgroup-tree	56	27	-	56	224	2	30	64	642.084	696.209	775.291	53.027	30852.333	31032.666	31180.333	135.989	479.5278	481.5311	3.0003	measured
6144	1512	9289728	single-workgroup-tree	63	24	-	63	256	2	30	64	642.583	687.625	764.000	49.571	30709.709	30810.375	31011.375	119.105	477.2560	478.1389	2.6774	measured
6144	1512	9289728	single-workgroup-tree	72	21	-	72	288	2	30	64	636.292	700.000	762.125	43.713	30835.584	31078.041	31174.417	131.459	479.3538	482.1911	2.7805	measured
6144	1512	9289728	single-workgroup-tree	84	18	-	84	336	2	30	64	641.625	691.583	752.291	49.608	30959.417	31047.416	31270.542	126.086	481.2348	481.8386	2.7888	measured
6144	1512	9289728	single-workgroup-tree	108	14	-	108	432	2	30	64	641.875	688.791	753.167	41.676	31176.541	31287.541	31474.958	128.130	484.6772	485.6944	2.6953	measured
6144	1512	9289728	single-workgroup-tree	126	12	-	126	512	2	30	64	628.875	679.750	749.542	47.497	30496.334	30693.333	30864.291	119.248	474.0867	476.4061	2.6467	measured
6144	1512	9289728	single-workgroup-tree	168	9	-	168	672	2	30	64	645.417	718.208	780.209	52.962	32031.292	32128.250	32322.000	98.067	498.1885	498.5721	2.3973	measured
6144	1512	9289728	single-workgroup-tree	189	8	-	189	768	2	30	64	632.250	691.334	746.041	39.478	30705.750	30845.625	31040.625	134.337	477.3571	478.6395	2.7590	measured
6144	1512	9289728	single-workgroup-tree	216	7	-	216	864	2	30	64	637.834	703.750	756.542	46.239	30625.958	30755.375	30944.708	112.911	476.0020	477.0099	2.5262	measured
6144	1512	9289728	single-workgroup-tree	252	6	production	252	1008	2	30	64	673.875	724.708	791.167	45.428	33450.667	33548.625	33815.958	134.017	520.2665	521.0146	2.8483	measured
6144	1512	9289728	single-workgroup-tree	378	4	-	378	1520	2	30	64	634.125	683.417	761.042	46.118	30680.625	30840.625	31104.667	148.818	476.9286	478.6858	3.0942	measured
6144	1512	9289728	single-workgroup-tree	504	3	-	504	2016	2	30	64	761.042	816.209	862.333	43.966	39238.750	39350.917	39504.042	99.440	610.7573	611.6620	2.2763	measured
6144	1512	9289728	single-workgroup-tree	756	2	-	756	3024	2	30	64	670.708	733.666	802.250	56.450	33541.250	33732.292	33897.167	106.609	521.7546	523.7877	2.5882	measured
6144	1638	10063872	single-workgroup-tree	2	819	-	2	16	2	30	64	863.458	898.291	965.500	37.266	46005.917	46249.125	46848.042	312.862	716.5470	719.8545	5.5576	measured
6144	1638	10063872	single-workgroup-tree	3	546	-	3	16	2	30	64	706.541	756.583	818.292	45.843	36125.833	36408.750	36611.375	174.021	562.2110	565.9074	3.4899	measured
6144	1638	10063872	single-workgroup-tree	6	273	-	6	32	2	30	64	675.917	710.250	784.833	40.355	34102.834	34274.416	34500.333	147.248	530.5860	532.7645	2.9778	measured
6144	1638	10063872	single-workgroup-tree	7	234	-	7	32	2	30	64	723.917	760.917	820.208	44.378	36781.834	36966.708	37232.333	165.713	572.3479	574.6951	3.3348	measured
6144	1638	10063872	single-workgroup-tree	9	182	-	9	48	2	30	64	721.208	756.542	816.458	34.763	35922.000	36216.916	36422.041	152.498	558.7427	562.8631	2.9724	measured
6144	1638	10063872	single-workgroup-tree	13	126	-	13	64	2	30	64	672.208	726.375	783.583	44.799	34433.417	34537.875	34744.625	109.799	535.8922	536.6905	2.4539	measured
6144	1638	10063872	single-workgroup-tree	14	117	-	14	64	2	30	64	695.709	739.708	822.375	47.621	34456.625	34714.084	34901.125	137.327	535.8876	539.2758	2.9357	measured
6144	1638	10063872	single-workgroup-tree	18	91	-	18	80	2	30	64	682.500	720.167	771.459	32.573	33917.375	34055.833	34252.042	116.127	527.5377	529.1376	2.3603	measured
6144	1638	10063872	single-workgroup-tree	21	78	-	21	96	2	30	64	691.875	732.416	794.334	36.919	33997.167	34231.958	34406.500	145.688	528.6554	531.7388	2.8985	measured
6144	1638	10063872	single-workgroup-tree	26	63	-	26	112	2	30	64	692.916	732.875	821.541	51.245	34715.250	34850.041	35059.833	165.494	540.0370	541.5423	3.4403	measured
6144	1638	10063872	single-workgroup-tree	39	42	-	39	160	2	30	64	688.875	738.334	814.416	46.406	34327.375	34480.167	34741.625	163.781	533.9444	535.5847	3.3363	measured
6144	1638	10063872	single-workgroup-tree	42	39	-	42	176	2	30	64	676.500	724.750	781.792	38.014	33886.292	34128.541	34335.875	141.255	527.1396	530.2189	2.8455	measured
6144	1638	10063872	single-workgroup-tree	63	26	-	63	256	2	30	64	671.750	715.167	804.208	51.589	33704.458	33837.542	34014.417	106.063	524.3287	525.7520	2.5024	measured
6144	1638	10063872	single-workgroup-tree	78	21	-	78	320	2	30	64	662.709	707.833	782.750	47.047	32976.417	33110.125	33338.542	139.837	512.9160	514.3221	2.9664	measured
6144	1638	10063872	single-workgroup-tree	91	18	-	91	368	2	30	64	665.459	725.792	794.875	46.611	32969.791	33097.666	33309.208	129.718	512.7672	513.8393	2.7989	measured
6144	1638	10063872	single-workgroup-tree	117	14	-	117	480	2	30	64	668.083	706.041	772.875	37.566	33098.667	33252.583	33446.084	145.753	514.7712	516.6118	2.9098	measured
6144	1638	10063872	single-workgroup-tree	126	13	-	126	512	2	30	64	666.958	709.125	784.500	45.724	33017.125	33295.209	33584.000	201.152	513.4947	517.2394	3.9187	measured
6144	1638	10063872	single-workgroup-tree	182	9	-	182	736	2	30	64	693.166	746.542	802.333	37.919	34713.833	34909.209	35200.125	184.497	540.0106	542.2646	3.5304	measured
6144	1638	10063872	single-workgroup-tree	234	7	-	234	944	2	30	64	701.125	756.542	809.000	48.475	35478.792	35703.666	35824.792	121.831	552.0265	554.7163	2.7033	measured
6144	1638	10063872	single-workgroup-tree	273	6	production	273	1104	2	30	64	672.500	725.792	796.750	41.689	33049.875	33192.250	33393.667	131.617	513.9266	515.3406	2.7509	measured
6144	1638	10063872	single-workgroup-tree	546	3	-	546	2192	2	30	64	686.458	727.708	792.667	40.703	34338.667	34447.208	34673.792	117.630	534.1620	535.2302	2.5132	measured
6144	1638	10063872	single-workgroup-tree	819	2	-	819	3280	2	30	64	811.458	851.958	901.500	31.237	42630.541	42843.875	43330.583	301.560	663.7950	666.5384	5.2825	measured
6144	1890	11612160	single-workgroup-tree	2	945	-	2	16	2	30	64	802.541	841.500	903.042	36.316	41522.667	42430.125	43404.916	724.570	646.3512	660.1369	12.0776	measured
6144	1890	11612160	single-workgroup-tree	3	630	-	3	16	2	30	64	782.042	833.958	916.208	51.002	40131.166	40956.584	41563.167	562.137	624.5893	636.8671	9.7324	measured
6144	1890	11612160	single-workgroup-tree	5	378	-	5	32	2	30	64	772.875	841.208	884.833	43.054	39509.875	39846.542	40349.667	364.944	614.8730	619.1323	6.4762	measured
6144	1890	11612160	single-workgroup-tree	6	315	-	6	32	2	30	64	793.917	857.375	899.667	37.010	40689.459	41167.667	41668.875	412.515	633.2626	639.8459	7.1353	measured
6144	1890	11612160	single-workgroup-tree	7	270	-	7	32	2	30	64	815.416	873.708	937.500	41.683	42646.875	44428.334	45947.542	1201.451	663.9914	691.3433	19.7323	measured
6144	1890	11612160	single-workgroup-tree	9	210	-	9	48	2	30	64	756.042	819.834	886.375	43.042	38823.167	38980.625	39327.625	195.322	604.2401	605.7268	3.7836	measured
6144	1890	11612160	single-workgroup-tree	10	189	-	10	48	2	30	64	775.375	844.958	897.250	42.558	39790.875	39986.833	40180.417	169.160	619.2937	621.2996	3.3606	measured
6144	1890	11612160	single-workgroup-tree	14	135	-	14	64	2	30	64	777.292	847.167	898.208	42.020	40189.667	40354.791	40598.916	201.846	625.5933	627.1051	3.8709	measured
6144	1890	11612160	single-workgroup-tree	15	126	-	15	64	2	30	64	762.333	822.417	893.042	52.780	39352.042	39630.417	39810.084	156.425	612.5351	616.0000	3.3207	measured
6144	1890	11612160	single-workgroup-tree	18	105	-	18	80	2	30	64	756.250	825.000	894.000	48.597	38958.834	39238.292	39448.875	178.176	606.3902	609.7348	3.5996	measured
6144	1890	11612160	single-workgroup-tree	21	90	-	21	96	2	30	64	779.125	834.125	886.041	53.277	40310.417	40560.000	40908.750	215.910	627.4808	630.5694	4.2728	measured
6144	1890	11612160	single-workgroup-tree	27	70	-	27	112	2	30	64	761.542	818.833	863.542	35.823	38671.125	38878.334	39074.542	162.385	601.7394	604.1191	3.1462	measured
6144	1890	11612160	single-workgroup-tree	30	63	-	30	128	2	30	64	786.459	826.333	887.333	37.142	40172.375	40435.875	40600.875	146.360	625.1733	628.7229	2.9127	measured
6144	1890	11612160	single-workgroup-tree	35	54	-	35	144	2	30	64	772.708	826.250	856.167	29.918	39472.166	39730.000	39945.583	171.214	614.2771	617.5198	3.1926	measured
6144	1890	11612160	single-workgroup-tree	42	45	-	42	176	2	30	64	759.166	817.750	873.042	37.707	38821.625	39033.625	39224.500	152.582	604.1660	606.6012	3.0205	measured
6144	1890	11612160	single-workgroup-tree	45	42	-	45	192	2	30	64	771.125	835.417	872.167	34.171	39596.417	39792.458	40003.541	213.104	616.2745	618.3657	3.9250	measured
6144	1890	11612160	single-workgroup-tree	54	35	-	54	224	2	30	64	758.042	811.750	870.750	37.630	38953.958	39173.417	39410.042	173.091	606.2844	608.9153	3.3448	measured
6144	1890	11612160	single-workgroup-tree	63	30	-	63	256	2	30	64	771.916	833.625	905.000	54.355	39897.667	40660.458	41055.083	434.650	621.0437	632.1720	7.7620	measured
6144	1890	11612160	single-workgroup-tree	70	27	-	70	288	2	30	64	766.750	800.458	860.333	34.765	38253.792	38544.958	38755.375	149.677	595.0324	599.1190	2.9277	measured
6144	1890	11612160	single-workgroup-tree	90	21	-	90	368	2	30	64	756.791	810.916	877.583	49.884	38520.041	38803.667	39007.750	283.202	599.4167	603.0595	5.2871	measured
6144	1890	11612160	single-workgroup-tree	105	18	-	105	432	2	30	64	741.084	806.416	854.500	39.658	37737.834	37907.875	38164.334	159.918	587.2500	588.9120	3.1679	measured
6144	1890	11612160	single-workgroup-tree	126	15	-	126	512	2	30	64	737.792	805.708	867.584	49.921	37853.792	37986.708	38297.416	222.257	589.1429	590.1746	4.3203	measured
6144	1890	11612160	single-workgroup-tree	135	14	-	135	544	2	30	64	747.875	819.791	851.209	39.920	38145.042	38443.375	38694.667	229.491	593.6058	597.1997	4.2764	measured
6144	1890	11612160	single-workgroup-tree	189	10	-	189	768	2	30	64	739.417	810.667	863.167	38.559	38087.667	38409.250	38601.459	235.980	592.8294	596.8029	4.3578	measured
6144	1890	11612160	single-workgroup-tree	210	9	-	210	848	2	30	64	746.792	807.834	878.750	47.263	37766.334	37969.375	38201.250	194.060	587.6118	589.8657	3.8305	measured
6144	1890	11612160	single-workgroup-tree	270	7	production	270	1088	2	30	64	782.125	838.167	900.875	37.784	40818.542	42057.916	42980.625	853.323	635.4987	654.2817	14.1446	measured
6144	1890	11612160	single-workgroup-tree	315	6	-	315	1264	2	30	64	774.500	815.167	871.042	40.149	39318.958	39850.792	40673.666	532.326	611.8168	619.6131	9.0869	measured
6144	1890	11612160	single-workgroup-tree	378	5	-	378	1520	2	30	64	750.416	796.875	862.375	38.821	38043.500	38350.042	38532.625	198.115	591.9537	596.0820	3.7609	measured
6144	1890	11612160	single-workgroup-tree	630	3	-	630	2528	2	30	64	750.125	817.334	880.375	45.208	38489.917	39109.041	39616.791	389.882	599.0443	607.8049	6.9062	measured
6144	1890	11612160	single-workgroup-tree	945	2	-	945	3792	2	30	64	780.750	832.000	893.167	39.181	40305.167	41549.167	42543.250	869.376	627.3717	646.3042	14.4215	measured
6144	1050	6451200	single-workgroup-tree	2	525	-	2	16	2	30	64	545.541	593.625	692.292	54.146	26481.125	28198.500	28960.167	590.414	411.6759	438.1726	10.2311	measured
6144	1050	6451200	single-workgroup-tree	3	350	-	3	16	2	30	64	661.625	723.833	803.917	53.055	33698.958	36638.750	37803.708	1037.211	524.4021	570.0780	17.3058	measured
6144	1050	6451200	single-workgroup-tree	5	210	-	5	32	2	30	64	455.916	510.500	547.625	43.718	20923.584	21712.916	22064.750	306.870	324.8836	336.5463	5.5649	measured
6144	1050	6451200	single-workgroup-tree	6	175	-	6	32	2	30	64	462.458	490.542	521.917	23.839	20584.583	20971.875	21292.042	223.299	319.3988	325.1005	3.9228	measured
6144	1050	6451200	single-workgroup-tree	7	150	-	7	32	2	30	64	524.125	559.583	646.333	41.090	24351.708	25656.125	26314.875	475.209	378.2156	398.3578	8.1952	measured
6144	1050	6451200	single-workgroup-tree	10	105	-	10	48	2	30	64	462.041	488.208	541.458	52.740	19896.959	20221.875	20416.667	168.723	308.4908	313.2328	3.5153	measured
6144	1050	6451200	single-workgroup-tree	14	75	-	14	64	2	30	64	466.625	498.416	527.917	37.736	20504.500	20757.750	21059.625	208.682	318.0615	321.5767	3.9114	measured
6144	1050	6451200	single-workgroup-tree	15	70	-	15	64	2	30	64	451.708	478.125	504.583	34.681	19725.125	20042.542	20216.833	145.333	305.9273	310.5463	2.8574	measured
6144	1050	6451200	single-workgroup-tree	21	50	-	21	96	2	30	64	436.792	482.834	535.792	58.948	19954.833	20265.875	20430.750	144.551	309.8102	314.0165	3.2302	measured
6144	1050	6451200	single-workgroup-tree	25	42	-	25	112	2	30	64	465.958	497.375	531.666	38.860	20973.500	21119.708	21394.167	181.118	325.5165	327.3386	3.4917	measured
6144	1050	6451200	single-workgroup-tree	30	35	-	30	128	2	30	64	456.083	493.417	614.250	57.048	20076.042	20395.875	20656.833	165.030	311.4279	315.9120	3.5250	measured
6144	1050	6451200	single-workgroup-tree	35	30	-	35	144	2	30	64	470.417	503.792	526.000	18.690	21186.417	21746.916	22055.666	223.650	328.8254	337.1924	3.8467	measured
6144	1050	6451200	single-workgroup-tree	42	25	-	42	176	2	30	64	457.083	491.167	518.000	26.242	20202.625	20500.958	20675.333	165.694	313.4213	317.6157	3.0466	measured
6144	1050	6451200	single-workgroup-tree	50	21	-	50	208	2	30	64	451.083	490.125	513.667	41.653	19707.750	20055.000	20301.958	200.609	305.6614	310.5536	3.8454	measured
6144	1050	6451200	single-workgroup-tree	70	15	-	70	288	2	30	64	449.375	479.958	515.583	23.941	19673.542	19983.833	20210.583	188.251	305.1455	309.5853	3.3681	measured
6144	1050	6451200	single-workgroup-tree	75	14	-	75	304	2	30	64	457.000	477.875	527.625	46.393	20057.334	20468.083	20830.000	207.829	311.1164	317.3049	4.0353	measured
6144	1050	6451200	single-workgroup-tree	105	10	-	105	432	2	30	64	453.667	471.292	511.208	34.700	19803.500	20086.084	20327.125	177.076	307.1402	311.3459	3.3615	measured
6144	1050	6451200	single-workgroup-tree	150	7	-	150	608	2	30	64	492.959	521.042	571.667	30.580	22829.000	23649.000	24104.750	359.499	354.5403	367.1104	6.1917	measured
6144	1050	6451200	single-workgroup-tree	175	6	-	175	704	2	30	64	457.166	480.666	519.875	27.879	20312.500	20724.333	20899.708	185.024	315.1640	321.3280	3.3794	measured
6144	1050	6451200	single-workgroup-tree	210	5	production	210	848	2	30	64	452.417	473.500	534.708	35.624	20089.208	20492.166	20718.250	204.630	311.6951	317.7566	3.8136	measured
6144	1050	6451200	single-workgroup-tree	350	3	-	350	1408	2	30	64	576.292	613.542	715.166	59.198	28857.209	30630.416	31496.625	697.719	448.9034	476.4583	12.0146	measured
6144	1050	6451200	single-workgroup-tree	525	2	-	525	2112	2	30	64	521.833	563.500	672.333	51.506	25408.792	26308.541	26964.209	452.736	395.0311	408.6514	8.0038	measured
6144	1155	7096320	single-workgroup-tree	3	385	-	3	16	2	30	64	533.750	583.875	647.959	46.779	24873.875	26477.125	27316.333	580.202	386.3512	411.0040	9.9521	measured
6144	1155	7096320	single-workgroup-tree	5	231	-	5	32	2	30	64	514.875	568.125	590.417	33.762	23675.750	24713.916	25521.750	490.810	367.6329	383.2665	8.3265	measured
6144	1155	7096320	single-workgroup-tree	7	165	-	7	32	2	30	64	505.875	543.708	567.709	39.928	23207.875	23975.083	24491.875	343.366	360.3492	371.9266	6.0840	measured
6144	1155	7096320	single-workgroup-tree	11	105	-	11	48	2	30	64	497.000	531.250	570.667	37.726	22495.250	23221.917	23539.250	284.679	349.1786	360.1693	5.1175	measured
6144	1155	7096320	single-workgroup-tree	15	77	-	15	64	2	30	64	502.291	533.292	559.334	20.660	22401.292	23010.833	23472.167	311.036	347.6032	356.7864	5.2650	measured
6144	1155	7096320	single-workgroup-tree	21	55	-	21	96	2	30	64	499.125	534.042	571.750	42.174	22591.042	23192.916	23464.834	285.698	350.6653	359.6647	5.2043	measured
6144	1155	7096320	single-workgroup-tree	33	35	-	33	144	2	30	64	496.208	531.750	574.666	37.719	22435.667	23058.500	23509.167	330.267	348.2454	357.5675	5.8410	measured
6144	1155	7096320	single-workgroup-tree	35	33	-	35	144	2	30	64	495.667	526.042	564.417	45.003	22396.458	23084.125	23438.292	317.493	347.6316	358.0648	5.7539	measured
6144	1155	7096320	single-workgroup-tree	55	21	-	55	224	2	30	64	490.584	523.583	554.083	48.208	22191.166	22969.667	23265.959	370.286	344.4537	356.2870	6.6428	measured
6144	1155	7096320	single-workgroup-tree	77	15	-	77	320	2	30	64	484.375	526.916	550.000	50.040	22151.750	22844.417	23255.250	301.006	343.9266	354.2460	5.5722	measured
6144	1155	7096320	single-workgroup-tree	105	11	-	105	432	2	30	64	500.750	543.959	578.584	53.087	22252.042	22906.791	23268.375	337.965	345.2586	354.9656	6.2072	measured
6144	1155	7096320	single-workgroup-tree	165	7	-	165	672	2	30	64	500.791	533.625	584.500	29.768	23007.375	23752.667	24309.625	359.561	357.2474	368.5562	6.1798	measured
6144	1155	7096320	single-workgroup-tree	231	5	production	231	928	2	30	64	500.167	543.334	642.083	68.209	22573.375	23351.375	23620.917	291.703	350.3684	362.0324	5.7129	measured
6144	1155	7096320	single-workgroup-tree	385	3	-	385	1552	2	30	64	512.583	547.791	628.917	59.488	23713.958	24400.291	25022.291	412.120	368.2758	378.6111	7.4858	measured
6144	1274	7827456	single-workgroup-tree	2	637	-	2	16	2	30	64	610.292	672.333	751.167	47.148	30112.625	31655.959	32946.292	715.362	468.2910	491.8036	12.1033	measured
6144	1274	7827456	single-workgroup-tree	7	182	-	7	32	2	30	64	616.459	684.417	708.917	34.814	30716.625	32552.541	33881.834	828.253	477.7804	505.8432	13.6995	measured
6144	1274	7827456	single-workgroup-tree	13	98	-	13	64	2	30	64	565.167	648.458	696.917	46.459	27090.208	28204.208	29001.083	532.814	421.0324	437.3929	9.1948	measured
6144	1274	7827456	single-workgroup-tree	14	91	-	14	64	2	30	64	544.333	606.625	691.500	55.590	25745.417	26131.958	26720.458	283.569	400.0172	405.1640	5.3835	measured
6144	1274	7827456	single-workgroup-tree	26	49	-	26	112	2	30	64	547.958	598.959	649.000	47.491	25585.833	26111.708	26680.209	344.713	397.4266	404.9643	6.2255	measured
6144	1274	7827456	single-workgroup-tree	49	26	-	49	208	2	30	64	545.125	577.250	657.833	43.575	25779.959	26006.958	26400.666	271.993	400.5529	403.6462	5.0090	measured
6144	1274	7827456	single-workgroup-tree	91	14	-	91	368	2	30	64	538.292	571.708	659.833	57.784	25182.625	25759.459	26271.291	305.021	391.1799	399.8056	5.7588	measured
6144	1274	7827456	single-workgroup-tree	98	13	-	98	400	2	30	64	560.709	599.625	695.667	50.398	26969.583	27677.667	28298.292	448.710	419.1885	429.8102	7.9224	measured
6144	1274	7827456	single-workgroup-tree	182	7	production	182	736	2	30	64	583.000	657.625	692.375	39.804	29123.166	30040.500	31091.542	610.746	453.0185	466.3948	10.3262	measured
6144	1274	7827456	single-workgroup-tree	637	2	-	637	2560	2	30	64	586.083	659.042	736.542	57.926	29746.292	30528.917	31708.875	656.091	462.8605	474.1250	11.3336	measured
6144	1430	8785920	single-workgroup-tree	2	715	-	2	16	2	30	64	678.666	779.875	868.916	61.962	33249.917	33787.125	34840.667	525.970	517.0040	523.9246	9.3322	measured
6144	1430	8785920	single-workgroup-tree	5	286	-	5	32	2	30	64	623.375	700.875	788.000	64.538	30430.834	31080.667	31667.333	339.398	473.1343	482.2189	6.4117	measured
6144	1430	8785920	single-workgroup-tree	10	143	-	10	48	2	30	64	635.375	717.875	836.708	83.633	30997.625	31509.666	32009.542	370.986	481.9405	488.7586	7.2162	measured
6144	1430	8785920	single-workgroup-tree	11	130	-	11	48	2	30	64	637.958	735.458	812.333	77.104	30465.959	31073.916	31595.791	364.294	473.4603	481.5628	7.0063	measured
6144	1430	8785920	single-workgroup-tree	13	110	-	13	64	2	30	64	649.375	713.541	805.542	55.878	31521.541	31979.250	32922.875	474.411	490.0344	496.2811	8.4173	measured
6144	1430	8785920	single-workgroup-tree	22	65	-	22	96	2	30	64	619.708	662.625	774.083	64.849	29417.958	30211.208	30626.542	339.467	457.1151	469.0251	6.4177	measured
6144	1430	8785920	single-workgroup-tree	26	55	-	26	112	2	30	64	613.125	694.250	769.416	64.188	29615.666	30147.916	30531.083	301.218	460.3578	467.5185	5.8001	measured
6144	1430	8785920	single-workgroup-tree	55	26	-	55	224	2	30	64	615.250	692.542	773.458	64.914	29299.083	30041.041	30480.084	297.923	455.2989	465.8492	5.7593	measured
6144	1430	8785920	single-workgroup-tree	65	22	-	65	272	2	30	64	612.625	695.625	786.041	75.961	28835.209	29814.083	30180.083	347.669	447.9775	462.1977	6.7243	measured
6144	1430	8785920	single-workgroup-tree	110	13	-	110	448	2	30	64	649.166	714.542	829.292	64.273	31162.541	31806.750	32792.416	519.051	484.3393	493.5271	9.2591	measured
6144	1430	8785920	single-workgroup-tree	130	11	-	130	528	2	30	64	613.958	691.917	758.917	50.181	29594.750	30139.125	30879.250	395.891	460.0126	467.4160	7.0805	measured
6144	1430	8785920	single-workgroup-tree	143	10	-	143	576	2	30	64	632.959	726.750	798.083	70.099	29898.208	30672.541	31631.416	499.735	464.5278	475.3300	9.0450	measured
6144	1430	8785920	single-workgroup-tree	286	5	production	286	1152	2	30	64	619.583	696.041	772.167	59.546	29353.500	30012.083	30663.042	379.386	456.0939	465.3340	6.9672	measured
6144	1430	8785920	single-workgroup-tree	715	2	-	715	2864	2	30	64	678.833	751.583	834.084	63.906	32755.167	33661.708	34557.541	583.602	509.1482	522.3829	10.2779	measured
6144	1575	9676800	single-workgroup-tree	3	525	-	3	16	2	30	64	776.500	896.500	980.958	69.695	37270.792	37762.583	38541.416	647.819	579.2745	585.1759	11.3891	measured
6144	1575	9676800	single-workgroup-tree	5	315	-	5	32	2	30	64	754.917	850.916	913.666	50.169	36195.000	36730.667	37426.583	605.185	562.5410	569.5199	10.4024	measured
6144	1575	9676800	single-workgroup-tree	7	225	-	7	32	2	30	64	669.042	765.917	848.125	71.248	32955.875	33440.292	33905.375	338.252	512.4894	518.6409	6.5000	measured
6144	1575	9676800	single-workgroup-tree	9	175	-	9	48	2	30	64	676.292	758.000	842.458	59.403	33340.333	33739.333	34076.750	225.911	518.4768	523.5132	4.5288	measured
6144	1575	9676800	single-workgroup-tree	15	105	-	15	64	2	30	64	656.542	739.042	826.333	61.976	32553.250	33086.375	33424.083	254.316	506.2970	513.4497	5.0205	measured
6144	1575	9676800	single-workgroup-tree	21	75	-	21	96	2	30	64	675.333	785.667	875.917	85.840	33315.875	33766.083	34237.375	301.663	518.1038	523.4987	6.1508	measured
6144	1575	9676800	single-workgroup-tree	25	63	-	25	112	2	30	64	675.000	790.000	921.125	82.417	33284.708	33719.166	33973.750	267.848	517.6144	522.6852	5.5598	measured
6144	1575	9676800	single-workgroup-tree	35	45	-	35	144	2	30	64	646.000	732.458	864.041	87.891	32487.208	32801.667	33211.334	269.167	505.4160	509.0351	5.6676	measured
6144	1575	9676800	single-workgroup-tree	45	35	-	45	192	2	30	64	658.500	746.416	823.625	65.467	32511.208	32840.375	33066.625	207.140	505.5985	509.4279	4.3271	measured
6144	1575	9676800	single-workgroup-tree	63	25	-	63	256	2	30	64	645.084	764.125	864.333	72.555	32022.333	32642.500	33117.834	296.746	498.0516	506.0060	5.8619	measured
6144	1575	9676800	single-workgroup-tree	75	21	-	75	304	2	30	64	660.625	759.625	885.667	77.953	32001.958	32687.250	33110.708	332.171	497.4815	506.7877	6.5099	measured
6144	1575	9676800	single-workgroup-tree	105	15	-	105	432	2	30	64	651.250	765.166	838.416	63.128	31903.167	32412.250	32808.209	291.875	496.0622	502.3347	5.6350	measured
6144	1575	9676800	single-workgroup-tree	175	9	-	175	704	2	30	64	665.458	736.125	867.667	75.508	32028.125	32651.834	32954.041	300.809	497.8201	506.5986	5.9733	measured
6144	1575	9676800	single-workgroup-tree	225	7	production	225	912	2	30	64	650.959	732.500	810.375	66.288	32098.542	32464.250	32868.166	280.383	499.1680	503.6786	5.5027	measured
6144	1575	9676800	single-workgroup-tree	315	5	-	315	1264	2	30	64	723.833	813.041	953.708	87.618	35068.750	35640.709	36211.000	445.983	545.1574	552.8201	8.4699	measured
6144	1575	9676800	single-workgroup-tree	525	3	-	525	2112	2	30	64	753.375	841.208	952.125	83.572	35272.375	35842.291	36324.667	394.156	547.9206	555.5727	7.5830	measured
6144	1925	11827200	single-workgroup-tree	5	385	-	5	32	2	30	64	830.708	906.875	963.625	51.024	41285.708	41950.333	42431.958	377.633	642.1429	651.4835	6.8041	measured
6144	1925	11827200	single-workgroup-tree	7	275	-	7	32	2	30	64	822.083	913.500	965.750	44.245	42386.750	43022.083	43758.500	461.744	659.7566	668.3902	8.0316	measured
6144	1925	11827200	single-workgroup-tree	11	175	-	11	48	2	30	64	793.125	916.333	966.000	62.335	40535.208	41186.292	41526.583	299.143	630.8267	639.2057	5.7377	measured
6144	1925	11827200	single-workgroup-tree	25	77	-	25	112	2	30	64	767.583	879.750	933.916	48.770	39420.500	40175.791	40519.458	274.866	613.5384	623.7467	5.1371	measured
6144	1925	11827200	single-workgroup-tree	35	55	-	35	144	2	30	64	775.667	858.875	936.375	67.723	39239.334	39917.750	40234.125	318.656	610.5344	619.9821	6.1330	measured
6144	1925	11827200	single-workgroup-tree	55	35	-	55	224	2	30	64	765.250	857.958	932.917	66.582	39374.458	39892.750	40263.209	250.475	612.8446	619.5999	5.0327	measured
6144	1925	11827200	single-workgroup-tree	77	25	-	77	320	2	30	64	765.166	882.875	945.667	67.836	38445.875	39201.208	39572.500	349.712	598.1065	608.2275	6.6277	measured
6144	1925	11827200	single-workgroup-tree	175	11	-	175	704	2	30	64	753.417	876.416	939.917	69.405	38726.500	39441.125	39981.208	438.349	602.7473	612.1382	8.0596	measured
6144	1925	11827200	single-workgroup-tree	275	7	production	275	1104	2	30	64	818.417	891.667	984.833	61.082	41219.333	41784.250	42635.834	492.454	641.2844	649.0886	8.7863	measured
6144	1925	11827200	single-workgroup-tree	385	5	-	385	1552	2	30	64	802.792	887.292	925.709	45.248	39228.292	39738.833	40182.875	309.346	609.9286	616.6911	5.6285	measured
6144	1024	6291456	single-workgroup-tree	2	512	-	2	16	2	30	64	537.042	579.750	658.708	59.611	24955.500	26175.792	26789.000	584.583	387.5946	406.2864	10.2253	measured
6144	1024	6291456	single-workgroup-tree	4	256	-	4	16	2	30	64	478.750	514.416	549.584	25.799	21353.167	22157.375	22387.666	333.001	331.3400	343.5390	5.6952	measured
6144	1024	6291456	single-workgroup-tree	8	128	-	8	32	2	30	64	498.500	535.042	608.542	38.344	22818.083	23807.083	24097.833	431.897	354.2791	369.3975	7.4641	measured
6144	1024	6291456	single-workgroup-tree	16	64	-	16	64	2	30	64	450.084	484.250	510.792	23.905	19168.709	19423.250	19672.666	140.809	297.1210	300.6190	2.6145	measured
6144	1024	6291456	single-workgroup-tree	32	32	-	32	128	2	30	64	468.208	500.584	614.000	54.132	20889.958	21282.209	21457.250	177.193	324.1548	329.8671	3.6718	measured
6144	1024	6291456	single-workgroup-tree	64	16	-	64	256	2	30	64	446.667	470.500	548.542	43.788	19135.791	19394.625	19590.083	165.586	296.6528	300.3829	3.3234	measured
6144	1024	6291456	single-workgroup-tree	128	8	-	128	512	2	30	64	485.500	505.208	548.792	25.178	21698.250	22327.542	22616.125	313.261	336.7103	346.3863	5.3720	measured
6144	1024	6291456	single-workgroup-tree	256	4	production	256	1024	2	30	64	453.583	486.250	512.583	20.253	19663.125	20083.667	20326.250	206.789	304.9134	311.0701	3.6039	measured
6144	1024	6291456	single-workgroup-tree	512	2	-	512	2048	2	30	64	503.875	549.375	568.666	28.262	23164.625	24141.417	24657.375	490.009	359.6944	374.4769	8.2265	measured
6144	1729	10622976	single-workgroup-tree	7	247	-	7	32	2	30	64	719.667	779.084	868.833	60.456	36843.875	38085.792	48807.250	6871.316	573.4001	592.1700	110.0281	measured
6144	1729	10622976	single-workgroup-tree	13	133	-	13	64	2	30	64	701.291	746.042	804.334	46.395	35578.917	36531.166	41234.416	4667.858	553.6131	568.0178	74.8294	measured
6144	1729	10622976	single-workgroup-tree	19	91	-	19	80	2	30	64	703.250	751.083	800.084	36.080	35674.625	36808.000	41434.333	3316.813	555.1012	572.3320	53.2205	measured
6144	1729	10622976	single-workgroup-tree	91	19	-	91	368	2	30	64	679.666	749.000	819.375	50.868	34793.333	36088.708	40950.042	4539.259	541.4868	560.9477	72.8592	measured
6144	1729	10622976	single-workgroup-tree	133	13	-	133	544	2	30	64	695.792	731.125	790.833	36.013	34810.834	35931.667	44062.667	5052.160	541.5086	558.7388	80.7647	measured
6144	1729	10622976	single-workgroup-tree	247	7	production	247	992	2	30	64	698.500	738.792	832.875	51.127	35203.417	36431.417	48889.084	6817.984	547.6971	566.5496	109.0335	measured
12288	1080	13271040	single-workgroup-tree	2	540	-	2	16	2	30	64	1004.458	1088.292	1235.000	175.314	50062.000	51157.000	52361.666	1079.783	778.6911	794.7414	19.9222	measured
12288	1080	13271040	single-workgroup-tree	3	360	-	3	16	2	30	64	1386.750	1560.834	1693.209	126.163	71285.292	73445.834	76036.416	2413.442	1109.5007	1141.0317	40.3112	measured
12288	1080	13271040	single-workgroup-tree	4	270	-	4	16	2	30	64	1233.791	1381.000	1561.917	179.002	62196.542	63765.833	65637.875	1754.375	967.6627	990.2354	30.6885	measured
12288	1080	13271040	single-workgroup-tree	5	216	-	5	32	2	30	64	889.417	971.000	1072.250	379.399	44952.125	45381.917	45939.583	538.112	699.4081	704.9352	14.5637	measured
12288	1080	13271040	single-workgroup-tree	6	180	-	6	32	2	30	64	1077.417	1163.541	1366.250	108.511	53101.000	54343.125	55820.833	1233.324	825.7712	844.1204	21.2990	measured
12288	1080	13271040	single-workgroup-tree	8	135	-	8	32	2	30	64	896.083	968.917	1330.208	261.621	44651.833	45016.833	45556.417	412.673	694.5357	699.1733	10.7031	measured
12288	1080	13271040	single-workgroup-tree	9	120	-	9	48	2	30	64	845.541	927.375	1289.916	185.138	43304.042	43546.000	43901.959	209.083	673.9445	676.4861	6.2575	measured
12288	1080	13271040	single-workgroup-tree	10	108	-	10	48	2	30	64	932.958	1013.375	1130.583	119.427	46617.916	47546.875	48303.292	629.966	725.1581	738.6270	11.8951	measured
12288	1080	13271040	single-workgroup-tree	12	90	-	12	48	2	30	64	911.750	995.750	1099.167	97.445	45642.667	46241.875	46939.292	546.914	710.0146	718.1925	10.2279	measured
12288	1080	13271040	single-workgroup-tree	15	72	-	15	64	2	30	64	869.584	968.250	1148.417	203.412	44370.875	44809.333	45224.792	355.658	690.4967	695.8902	8.8741	measured
12288	1080	13271040	single-workgroup-tree	18	60	-	18	80	2	30	64	867.583	960.083	1086.708	226.640	44465.333	44774.667	45268.792	341.487	692.0278	695.4696	9.0179	measured
12288	1080	13271040	single-workgroup-tree	20	54	-	20	80	2	30	64	882.166	956.916	1065.375	117.059	44517.666	44852.458	45254.916	381.967	692.6270	696.7546	7.9210	measured
12288	1080	13271040	single-workgroup-tree	24	45	-	24	96	2	30	64	830.042	899.834	1066.541	82.676	43023.834	43265.625	43585.875	246.645	669.7427	672.4729	5.2273	measured
12288	1080	13271040	single-workgroup-tree	27	40	-	27	112	2	30	64	834.833	931.750	994.750	56.772	43116.584	43323.292	43638.458	250.556	671.1389	672.8816	4.8782	measured
12288	1080	13271040	single-workgroup-tree	30	36	-	30	128	2	30	64	844.042	920.250	1032.625	104.147	43493.875	43689.916	44027.500	213.803	676.9815	678.8836	5.0468	measured
12288	1080	13271040	single-workgroup-tree	36	30	-	36	144	2	30	64	868.584	959.667	1087.333	109.606	44477.416	44880.125	45735.000	443.737	692.2037	697.1501	8.7832	measured
12288	1080	13271040	single-workgroup-tree	40	27	-	40	160	2	30	64	832.666	901.125	1040.542	254.294	42740.917	42926.500	43110.250	182.362	665.2103	667.0694	6.9310	measured
12288	1080	13271040	single-workgroup-tree	45	24	-	45	192	2	30	64	820.459	882.875	1120.458	183.087	42160.042	42426.042	42704.375	189.330	656.1839	659.4153	5.9114	measured
12288	1080	13271040	single-workgroup-tree	54	20	-	54	224	2	30	64	843.833	902.708	982.167	357.160	42761.958	43018.500	43451.750	257.884	665.3671	668.5046	9.7626	measured
12288	1080	13271040	single-workgroup-tree	60	18	-	60	240	2	30	64	843.833	904.542	1012.625	100.201	43024.417	43461.708	43906.292	288.249	669.5331	675.5106	6.1659	measured
12288	1080	13271040	single-workgroup-tree	72	15	-	72	288	2	30	64	867.875	914.000	999.750	152.143	43302.916	43842.834	44228.917	300.101	673.5721	681.4101	7.1785	measured
12288	1080	13271040	single-workgroup-tree	90	12	-	90	368	2	30	64	875.958	927.583	1058.542	162.752	44244.292	44790.958	45331.541	363.482	688.3863	696.2440	8.3529	measured
12288	1080	13271040	single-workgroup-tree	108	10	-	108	432	2	30	64	897.958	974.167	1058.708	69.595	45101.833	45549.334	46250.875	397.528	701.6488	707.5423	7.4147	measured
12288	1080	13271040	single-workgroup-tree	120	9	-	120	480	2	30	64	806.416	894.958	1012.584	135.623	41989.500	42187.750	42518.375	187.014	653.6997	655.4411	5.1212	measured
12288	1080	13271040	single-workgroup-tree	135	8	-	135	544	2	30	64	859.917	941.458	1062.958	106.602	43515.042	43908.583	44293.958	296.028	677.0655	682.0179	6.3909	measured
12288	1080	13271040	single-workgroup-tree	180	6	-	180	720	2	30	64	995.250	1069.541	1216.041	103.085	48630.291	49464.625	50522.416	585.371	756.1118	768.1759	10.9279	measured
12288	1080	13271040	single-workgroup-tree	216	5	-	216	864	2	30	64	855.500	934.291	1056.083	166.285	42982.625	43324.042	43716.583	332.604	668.6845	672.8532	7.9189	measured
12288	1080	13271040	single-workgroup-tree	270	4	production	270	1088	2	30	64	1109.708	1181.667	1278.875	68.760	53600.750	54998.583	56480.958	830.724	833.1911	854.2368	14.2775	measured
12288	1080	13271040	single-workgroup-tree	360	3	-	360	1440	2	30	64	1208.834	1335.250	1458.792	237.067	59742.292	62108.041	63876.750	1045.351	929.1025	964.6475	20.3558	measured
12288	1080	13271040	single-workgroup-tree	540	2	-	540	2160	2	30	64	955.208	1086.625	1414.208	359.353	48127.167	49057.041	50133.458	553.729	748.7613	761.4352	14.4934	measured
12288	1215	14929920	single-workgroup-tree	3	405	-	3	16	2	30	64	1023.917	1089.375	1160.959	51.675	54380.708	55492.750	56481.708	624.515	846.9332	863.5456	10.7332	measured
12288	1215	14929920	single-workgroup-tree	5	243	-	5	32	2	30	64	951.125	1004.000	1064.625	40.350	49767.083	50357.833	51014.458	427.628	774.8565	783.3942	7.4282	measured
12288	1215	14929920	single-workgroup-tree	9	135	-	9	48	2	30	64	941.792	992.458	1098.000	65.649	49687.291	49854.625	50098.000	189.086	773.7381	775.5900	4.0434	measured
12288	1215	14929920	single-workgroup-tree	15	81	-	15	64	2	30	64	901.542	973.167	1051.000	59.697	48013.375	48149.917	48282.167	114.581	747.8069	748.8373	2.7663	measured
12288	1215	14929920	single-workgroup-tree	27	45	-	27	112	2	30	64	901.750	970.083	1002.958	32.481	47900.625	48118.959	48286.917	136.243	746.0139	748.3949	2.6782	measured
12288	1215	14929920	single-workgroup-tree	45	27	-	45	192	2	30	64	902.334	958.084	1028.166	38.201	47628.083	47757.000	47980.917	134.230	741.6786	742.8399	2.7370	measured
12288	1215	14929920	single-workgroup-tree	81	15	-	81	336	2	30	64	887.125	960.375	1008.208	48.540	46674.417	46946.250	47050.375	125.832	726.7824	729.9345	2.7678	measured
12288	1215	14929920	single-workgroup-tree	135	9	-	135	544	2	30	64	923.042	974.542	1012.584	39.949	48221.125	48477.875	48979.458	271.228	750.7632	754.0212	4.9393	measured
12288	1215	14929920	single-workgroup-tree	243	5	production	243	976	2	30	64	898.917	954.083	1001.000	36.941	47263.084	47440.625	47734.292	190.069	735.9392	737.8816	3.6033	measured
12288	1215	14929920	single-workgroup-tree	405	3	-	405	1632	2	30	64	995.791	1074.875	1156.916	61.106	52397.167	53406.750	54141.125	535.186	815.8949	830.6647	9.4650	measured
12288	1320	16220160	single-workgroup-tree	2	660	-	2	16	2	30	64	1727.250	1826.500	1905.125	66.782	99186.625	109136.250	111778.375	2879.837	1546.9742	1703.3294	46.7717	measured
12288	1320	16220160	single-workgroup-tree	3	440	-	3	16	2	30	64	1446.208	1515.750	1578.041	45.404	79829.459	86673.084	88411.750	2039.326	1244.1786	1351.7037	33.0909	measured
12288	1320	16220160	single-workgroup-tree	4	330	-	4	16	2	30	64	1024.084	1070.125	1102.792	29.330	54075.667	54843.334	55227.375	319.001	842.0886	853.5430	5.5291	measured
12288	1320	16220160	single-workgroup-tree	5	264	-	5	32	2	30	64	1198.750	1255.416	1287.584	29.473	65202.791	69299.292	70367.458	1152.395	1015.9372	1080.0615	18.7598	measured
12288	1320	16220160	single-workgroup-tree	6	220	-	6	32	2	30	64	1028.125	1060.250	1089.500	32.695	53934.667	54220.375	54364.125	135.075	839.7864	843.8115	2.6630	measured
12288	1320	16220160	single-workgroup-tree	8	165	-	8	32	2	30	64	1000.792	1057.375	1115.500	42.671	53573.209	53750.208	53895.375	103.777	834.4828	836.3942	2.3246	measured
12288	1320	16220160	single-workgroup-tree	10	132	-	10	48	2	30	64	1023.333	1089.125	1123.541	32.036	55367.500	56714.792	57229.667	453.710	862.6058	882.9471	7.7102	measured
12288	1320	16220160	single-workgroup-tree	11	120	-	11	48	2	30	64	974.916	1037.375	1079.208	34.231	52664.917	52867.625	53045.791	157.542	820.4762	822.7024	3.0440	measured
12288	1320	16220160	single-workgroup-tree	12	110	-	12	48	2	30	64	1009.416	1077.000	1118.875	32.903	54685.709	55363.875	55725.083	277.282	852.0047	861.6964	4.9236	measured
12288	1320	16220160	single-workgroup-tree	15	88	-	15	64	2	30	64	984.875	1050.000	1095.291	30.802	53156.250	53335.875	53481.000	146.848	828.1171	829.9345	2.8198	measured
12288	1320	16220160	single-workgroup-tree	20	66	-	20	80	2	30	64	994.625	1043.208	1110.333	52.607	52584.458	52766.250	52917.708	149.684	818.8862	821.0007	3.2110	measured
12288	1320	16220160	single-workgroup-tree	22	60	-	22	96	2	30	64	1010.500	1063.792	1133.000	39.224	53948.792	54084.375	54226.583	142.416	840.2903	841.5966	2.8832	measured
12288	1320	16220160	single-workgroup-tree	24	55	-	24	96	2	30	64	994.250	1040.458	1077.167	24.835	52426.917	52611.833	52790.333	152.099	816.3915	818.5933	2.8085	measured
12288	1320	16220160	single-workgroup-tree	30	44	-	30	128	2	30	64	1022.167	1077.541	1115.125	54.869	54843.958	55226.834	55433.375	188.011	854.3141	859.5126	3.8552	measured
12288	1320	16220160	single-workgroup-tree	33	40	-	33	144	2	30	64	1009.833	1036.625	1073.833	18.840	52330.125	52479.666	52662.500	125.537	814.6078	816.5562	2.2917	measured
12288	1320	16220160	single-workgroup-tree	40	33	-	40	160	2	30	64	1007.958	1041.375	1080.250	31.240	52364.666	52544.333	52692.333	170.771	815.1858	817.5073	3.2065	measured
12288	1320	16220160	single-workgroup-tree	44	30	-	44	176	2	30	64	1041.958	1078.333	1125.417	30.094	55109.292	55865.833	56146.416	272.443	858.2117	869.6429	4.8022	measured
12288	1320	16220160	single-workgroup-tree	55	24	-	55	224	2	30	64	974.500	1021.125	1056.458	28.813	51238.417	51426.125	51604.958	140.534	797.8400	800.0794	2.6880	measured
12288	1320	16220160	single-workgroup-tree	60	22	-	60	240	2	30	64	978.000	1028.334	1075.333	33.743	52012.625	52153.333	52474.792	174.386	810.0734	811.5079	3.3036	measured
12288	1320	16220160	single-workgroup-tree	66	20	-	66	272	2	30	64	982.125	1019.917	1080.750	32.197	51099.000	51178.833	51523.958	177.808	795.5060	796.1733	3.3334	measured
12288	1320	16220160	single-workgroup-tree	88	15	-	88	352	2	30	64	971.166	1015.541	1040.791	21.559	51308.000	51440.917	51599.459	153.807	798.9974	800.4028	2.7836	measured
12288	1320	16220160	single-workgroup-tree	110	12	-	110	448	2	30	64	1000.625	1047.084	1076.625	39.158	53582.083	53816.333	54153.000	246.375	834.6263	837.6071	4.5323	measured
12288	1320	16220160	single-workgroup-tree	120	11	-	120	480	2	30	64	957.792	1016.459	1057.750	42.640	51006.334	51172.666	51336.458	168.467	794.4213	796.1303	3.3509	measured
12288	1320	16220160	single-workgroup-tree	132	10	-	132	528	2	30	64	1008.166	1045.250	1091.625	28.823	54166.500	54550.708	55097.083	317.079	843.7831	849.2930	5.4905	measured
12288	1320	16220160	single-workgroup-tree	165	8	-	165	672	2	30	64	968.167	1019.292	1064.209	51.585	51571.792	51734.042	51867.750	178.321	803.2321	804.9960	3.6493	measured
12288	1320	16220160	single-workgroup-tree	220	6	-	220	880	2	30	64	977.500	1036.709	1080.834	37.531	52708.750	52921.291	53286.041	227.687	821.1310	823.5648	4.2098	measured
12288	1320	16220160	single-workgroup-tree	264	5	production	264	1056	2	30	64	1103.791	1154.458	1187.125	24.707	60769.666	62081.541	62926.042	641.170	947.0774	967.0966	10.5695	measured
12288	1320	16220160	single-workgroup-tree	330	4	-	330	1328	2	30	64	977.625	1028.250	1070.833	32.255	52182.375	52508.542	52852.125	216.453	812.7738	817.1475	3.9477	measured
12288	1320	16220160	single-workgroup-tree	440	3	-	440	1760	2	30	64	1265.625	1332.500	1360.292	42.420	70723.209	73122.666	74496.792	1085.276	1102.5013	1139.5264	17.8999	measured
12288	1320	16220160	single-workgroup-tree	660	2	-	660	2640	2	30	64	1489.459	1562.709	1636.792	70.598	85239.292	88983.833	90478.708	1597.859	1329.3624	1387.6369	26.4834	measured
12288	1512	18579456	single-workgroup-tree	2	756	-	2	16	2	30	64	1353.000	1421.167	1448.875	37.665	75139.208	79587.875	81132.875	1767.118	1171.2097	1240.7414	28.6473	measured
12288	1512	18579456	single-workgroup-tree	3	504	-	3	16	2	30	64	1627.792	1689.666	1746.709	44.800	91831.000	99068.334	101569.084	2936.197	1431.7970	1545.6931	47.3174	measured
12288	1512	18579456	single-workgroup-tree	4	378	-	4	16	2	30	64	1162.500	1197.042	1275.458	47.096	62435.417	64613.209	65360.125	939.926	972.5860	1006.6058	15.6670	measured
12288	1512	18579456	single-workgroup-tree	6	252	-	6	32	2	30	64	1292.041	1334.125	1387.083	36.253	70343.875	73912.334	74824.375	1448.697	1096.0609	1152.0351	23.5706	measured
12288	1512	18579456	single-workgroup-tree	7	216	-	7	32	2	30	64	1133.917	1169.667	1212.500	27.134	60955.416	61356.417	61590.833	254.802	949.5476	955.3452	4.4752	measured
12288	1512	18579456	single-workgroup-tree	8	189	-	8	32	2	30	64	1126.167	1178.083	1248.625	55.549	61294.459	61648.417	61852.833	157.560	955.0523	959.8466	3.3827	measured
12288	1512	18579456	single-workgroup-tree	9	168	-	9	48	2	30	64	1177.208	1229.750	1291.500	43.464	64070.250	65733.167	66347.667	773.608	998.3023	1023.8638	12.9694	measured
12288	1512	18579456	single-workgroup-tree	12	126	-	12	48	2	30	64	1130.792	1171.084	1207.459	27.054	61015.375	61383.375	61664.167	240.319	950.5489	955.7507	4.2440	measured
12288	1512	18579456	single-workgroup-tree	14	108	-	14	64	2	30	64	1154.292	1192.583	1263.375	46.558	61678.458	62286.916	62647.500	348.853	960.7010	969.7513	6.2764	measured
12288	1512	18579456	single-workgroup-tree	18	84	-	18	80	2	30	64	1137.166	1186.625	1226.958	30.022	61746.166	62067.083	62472.791	330.555	962.0476	966.3565	5.7234	measured
12288	1512	18579456	single-workgroup-tree	21	72	-	21	96	2	30	64	1125.791	1177.625	1211.209	27.541	61187.833	61576.917	61797.416	304.719	953.3657	958.7189	5.2740	measured
12288	1512	18579456	single-workgroup-tree	24	63	-	24	96	2	30	64	1144.834	1196.084	1229.875	28.520	61645.500	62131.583	62422.834	298.844	960.3280	967.2301	5.1963	measured
12288	1512	18579456	single-workgroup-tree	27	56	-	27	112	2	30	64	1108.791	1159.958	1220.417	41.756	60192.458	60435.708	60660.333	238.495	937.8360	940.8849	4.4484	measured
12288	1512	18579456	single-workgroup-tree	28	54	-	28	112	2	30	64	1142.667	1194.417	1225.084	30.930	62850.709	63120.333	63332.875	273.131	979.4927	982.9510	4.8264	measured
12288	1512	18579456	single-workgroup-tree	36	42	-	36	144	2	30	64	1120.292	1169.125	1223.833	42.449	61000.916	61332.417	61551.166	312.947	950.4861	954.9729	5.6412	measured
12288	1512	18579456	single-workgroup-tree	42	36	-	42	176	2	30	64	1119.916	1162.750	1208.917	37.647	60377.083	60711.750	61038.458	236.369	940.5900	945.2222	4.3495	measured
12288	1512	18579456	single-workgroup-tree	54	28	-	54	224	2	30	64	1107.958	1160.083	1192.958	37.413	60158.500	60600.166	61154.833	284.719	937.3102	943.4934	5.1132	measured
12288	1512	18579456	single-workgroup-tree	56	27	-	56	224	2	30	64	1088.000	1141.458	1184.916	25.195	59375.750	59609.166	59779.084	247.885	925.2024	928.0589	4.3346	measured
12288	1512	18579456	single-workgroup-tree	63	24	-	63	256	2	30	64	1091.792	1139.708	1169.375	31.875	58911.167	59111.792	59298.166	215.077	917.7679	920.1918	3.9199	measured
12288	1512	18579456	single-workgroup-tree	72	21	-	72	288	2	30	64	1109.084	1141.167	1186.125	34.854	59274.625	59610.250	59946.208	265.654	923.2626	928.0807	4.7700	measured
12288	1512	18579456	single-workgroup-tree	84	18	-	84	336	2	30	64	1097.625	1144.959	1219.833	48.509	59548.125	59924.625	60096.750	228.218	927.7857	933.0106	4.3925	measured
12288	1512	18579456	single-workgroup-tree	108	14	-	108	432	2	30	64	1109.583	1171.041	1213.875	31.831	60291.458	60680.584	61234.083	371.888	939.3948	944.5959	6.4082	measured
12288	1512	18579456	single-workgroup-tree	126	12	-	126	512	2	30	64	1075.750	1134.666	1203.917	55.565	58544.167	58719.125	58900.125	329.517	912.1971	914.0390	6.1124	measured
12288	1512	18579456	single-workgroup-tree	168	9	-	168	672	2	30	64	1136.916	1192.042	1228.458	30.495	62305.958	62994.625	63622.167	648.001	970.9372	980.9934	10.7698	measured
12288	1512	18579456	single-workgroup-tree	189	8	-	189	768	2	30	64	1105.875	1145.167	1188.000	41.739	59150.291	59468.958	59634.083	296.006	921.3399	925.7745	5.3610	measured
12288	1512	18579456	single-workgroup-tree	216	7	-	216	864	2	30	64	1087.084	1133.250	1172.292	33.696	58654.667	58900.000	59038.916	225.392	913.7712	916.9325	4.1125	measured
12288	1512	18579456	single-workgroup-tree	252	6	production	252	1008	2	30	64	1175.500	1243.500	1330.916	51.700	66092.209	67217.667	68081.875	1041.922	1030.4240	1047.2090	17.3591	measured
12288	1512	18579456	single-workgroup-tree	378	4	-	378	1520	2	30	64	1087.625	1139.084	1187.917	43.503	59079.416	59377.250	59561.167	343.197	920.5046	924.4153	6.1381	measured
12288	1512	18579456	single-workgroup-tree	504	3	-	504	2016	2	30	64	1442.958	1483.875	1540.958	42.209	82008.458	83981.666	85896.000	1790.649	1278.8175	1309.4887	29.0930	measured
12288	1512	18579456	single-workgroup-tree	756	2	-	756	3024	2	30	64	1231.167	1297.416	1347.959	48.090	69649.833	70848.500	72155.250	1194.967	1086.0106	1103.9855	19.7311	measured
12288	1638	20127744	single-workgroup-tree	2	819	-	2	16	2	30	64	1620.250	1722.667	1788.000	52.745	93760.625	98936.750	100967.208	1460.177	1462.5456	1543.0807	24.0146	measured
12288	1638	20127744	single-workgroup-tree	3	546	-	3	16	2	30	64	1306.500	1360.875	1403.292	33.652	72565.500	74837.917	75616.416	670.564	1131.0952	1166.3023	11.1780	measured
12288	1638	20127744	single-workgroup-tree	6	273	-	6	32	2	30	64	1194.833	1248.709	1284.167	47.841	65816.417	66036.792	66196.458	121.012	1025.7394	1028.3823	2.6802	measured
12288	1638	20127744	single-workgroup-tree	7	234	-	7	32	2	30	64	1310.791	1380.875	1449.209	42.621	73886.209	76287.083	77002.208	688.727	1151.9908	1188.9874	11.6087	measured
12288	1638	20127744	single-workgroup-tree	9	182	-	9	48	2	30	64	1272.750	1311.042	1364.959	33.763	69824.541	71645.333	72196.084	534.110	1088.1237	1116.4173	9.0139	measured
12288	1638	20127744	single-workgroup-tree	13	126	-	13	64	2	30	64	1205.458	1251.583	1280.709	24.310	66073.542	66341.791	66494.958	183.171	1029.6521	1033.1779	3.2933	measured
12288	1638	20127744	single-workgroup-tree	14	117	-	14	64	2	30	64	1205.959	1247.500	1307.500	37.859	66228.167	66546.625	66675.791	127.124	1032.0985	1036.4940	2.6188	measured
12288	1638	20127744	single-workgroup-tree	18	91	-	18	80	2	30	64	1198.000	1234.625	1269.750	22.094	65025.750	65300.333	65569.333	180.717	1013.1389	1016.9160	3.2192	measured
12288	1638	20127744	single-workgroup-tree	21	78	-	21	96	2	30	64	1184.375	1241.792	1290.250	44.931	65344.750	65599.291	65758.958	119.209	1018.4187	1021.5476	2.6054	measured
12288	1638	20127744	single-workgroup-tree	26	63	-	26	112	2	30	64	1224.583	1274.625	1299.500	42.964	67123.458	67336.250	67532.542	143.436	1046.0139	1048.5972	2.9587	measured
12288	1638	20127744	single-workgroup-tree	39	42	-	39	160	2	30	64	1178.792	1247.000	1288.833	52.394	66093.250	66253.167	66419.000	108.656	1030.3882	1031.8439	2.5564	measured
12288	1638	20127744	single-workgroup-tree	42	39	-	42	176	2	30	64	1160.292	1233.083	1262.250	29.486	64943.083	65204.959	65359.375	135.834	1012.4253	1015.4266	2.6241	measured
12288	1638	20127744	single-workgroup-tree	63	26	-	63	256	2	30	64	1172.250	1227.791	1261.625	35.089	64619.875	64870.750	65025.250	108.080	1007.1052	1010.2057	2.2725	measured
12288	1638	20127744	single-workgroup-tree	78	21	-	78	320	2	30	64	1165.958	1197.000	1248.833	63.821	62999.875	63222.042	63438.708	138.407	981.4907	984.5245	3.2100	measured
12288	1638	20127744	single-workgroup-tree	91	18	-	91	368	2	30	64	1167.125	1204.834	1252.375	47.414	62940.458	63230.417	63405.042	142.161	980.5291	984.5331	3.0091	measured
12288	1638	20127744	single-workgroup-tree	117	14	-	117	480	2	30	64	1165.875	1210.500	1232.667	19.789	63180.125	63350.000	63533.916	124.171	984.3532	986.3413	2.2851	measured
12288	1638	20127744	single-workgroup-tree	126	13	-	126	512	2	30	64	1162.042	1203.458	1241.875	33.550	63106.083	63313.750	63482.834	144.627	983.2387	985.8777	2.8282	measured
12288	1638	20127744	single-workgroup-tree	182	9	-	182	736	2	30	64	1215.125	1268.917	1314.833	55.170	67349.083	68089.792	68387.166	278.934	1049.7454	1060.6488	5.3032	measured
12288	1638	20127744	single-workgroup-tree	234	7	-	234	944	2	30	64	1235.916	1292.250	1341.959	57.806	69197.500	70312.292	70905.833	442.259	1078.7553	1095.5562	7.9375	measured
12288	1638	20127744	single-workgroup-tree	273	6	production	273	1104	2	30	64	1158.083	1205.500	1242.666	46.950	63228.792	63450.917	63600.125	113.366	985.2493	988.0225	2.5447	measured
12288	1638	20127744	single-workgroup-tree	546	3	-	546	2192	2	30	64	1221.000	1284.834	1309.042	25.364	67925.625	69121.709	69632.917	398.472	1058.8036	1076.7758	6.7276	measured
12288	1638	20127744	single-workgroup-tree	819	2	-	819	3280	2	30	64	1536.291	1603.709	1644.500	62.587	88607.834	91318.500	92257.250	947.239	1382.0880	1424.0443	16.0290	measured
12288	1890	23224320	single-workgroup-tree	2	945	-	2	16	2	30	64	1451.208	1495.083	1545.459	52.962	81858.459	84696.541	85832.541	906.272	1276.3056	1320.6581	15.2259	measured
12288	1890	23224320	single-workgroup-tree	3	630	-	3	16	2	30	64	1396.583	1447.167	1490.125	30.844	78486.458	81247.417	82485.000	905.729	1223.6488	1266.6706	14.8662	measured
12288	1890	23224320	single-workgroup-tree	5	378	-	5	32	2	30	64	1373.500	1414.625	1449.958	26.326	76868.292	77220.208	77585.333	304.162	1198.3300	1203.2632	5.2458	measured
12288	1890	23224320	single-workgroup-tree	6	315	-	6	32	2	30	64	1382.333	1437.083	1485.625	61.950	78025.458	79626.500	80707.209	700.744	1216.5575	1241.1019	12.1063	measured
12288	1890	23224320	single-workgroup-tree	7	270	-	7	32	2	30	64	1507.917	1568.000	1647.750	49.446	85733.584	89267.000	90860.333	1102.837	1336.9153	1392.0476	18.2902	measured
12288	1890	23224320	single-workgroup-tree	9	210	-	9	48	2	30	64	1364.708	1398.750	1434.209	23.508	75405.167	75552.000	75790.042	123.339	1175.2454	1177.0357	2.3309	measured
12288	1890	23224320	single-workgroup-tree	10	189	-	10	48	2	30	64	1378.083	1419.375	1460.375	38.720	76645.542	76865.209	77058.333	155.528	1194.7216	1197.5529	3.0833	measured
12288	1890	23224320	single-workgroup-tree	14	135	-	14	64	2	30	64	1373.000	1432.959	1499.458	52.692	77332.875	77561.750	77764.000	156.382	1205.7123	1208.3935	3.3186	measured
12288	1890	23224320	single-workgroup-tree	15	126	-	15	64	2	30	64	1371.833	1415.541	1467.667	47.934	76446.167	76658.959	76904.208	252.064	1191.6561	1194.3400	4.7619	measured
12288	1890	23224320	single-workgroup-tree	18	105	-	18	80	2	30	64	1354.709	1403.083	1443.458	28.156	75705.209	75854.208	76116.958	208.227	1180.1667	1181.7639	3.7521	measured
12288	1890	23224320	single-workgroup-tree	21	90	-	21	96	2	30	64	1390.167	1443.458	1492.000	38.069	77938.542	78136.458	78385.667	172.234	1215.0536	1217.3492	3.3381	measured
12288	1890	23224320	single-workgroup-tree	27	70	-	27	112	2	30	64	1342.167	1392.709	1414.750	22.453	74949.958	75129.209	75411.041	148.786	1168.3776	1170.4206	2.7181	measured
12288	1890	23224320	single-workgroup-tree	30	63	-	30	128	2	30	64	1393.708	1445.459	1480.042	28.244	78124.000	78398.792	78654.416	213.713	1217.9411	1221.4815	3.8406	measured
12288	1890	23224320	single-workgroup-tree	35	54	-	35	144	2	30	64	1347.166	1413.167	1437.833	26.235	76514.791	76678.042	76993.000	159.237	1193.1369	1194.6806	2.9440	measured
12288	1890	23224320	single-workgroup-tree	42	45	-	42	176	2	30	64	1351.417	1393.959	1425.750	37.515	75026.500	75205.750	75354.209	123.048	1169.4458	1171.6157	2.5486	measured
12288	1890	23224320	single-workgroup-tree	45	42	-	45	192	2	30	64	1377.083	1420.250	1487.417	53.713	76547.458	76769.417	77042.584	167.411	1193.1806	1196.0185	3.5099	measured
12288	1890	23224320	single-workgroup-tree	54	35	-	54	224	2	30	64	1360.125	1395.625	1431.666	27.741	75174.834	75325.542	75519.667	124.580	1171.6620	1173.4907	2.4178	measured
12288	1890	23224320	single-workgroup-tree	63	30	-	63	256	2	30	64	1386.666	1438.125	1454.500	28.976	78307.167	79045.041	79365.083	341.854	1220.9603	1231.8558	5.8862	measured
12288	1890	23224320	single-workgroup-tree	70	27	-	70	288	2	30	64	1315.833	1382.375	1405.500	31.819	74095.917	74280.333	74570.750	164.398	1155.2394	1157.1104	3.1145	measured
12288	1890	23224320	single-workgroup-tree	90	21	-	90	368	2	30	64	1330.083	1376.125	1405.875	21.870	74308.125	74454.709	74786.083	208.663	1158.3816	1159.9775	3.6593	measured
12288	1890	23224320	single-workgroup-tree	105	18	-	105	432	2	30	64	1313.916	1352.709	1382.042	21.312	72712.708	72889.667	73079.875	138.502	1133.3142	1135.5073	2.5367	measured
12288	1890	23224320	single-workgroup-tree	126	15	-	126	512	2	30	64	1320.958	1355.459	1377.875	21.014	72831.250	73097.541	73238.750	148.087	1135.0840	1138.7632	2.6841	measured
12288	1890	23224320	single-workgroup-tree	135	14	-	135	544	2	30	64	1328.542	1368.333	1399.709	26.479	73453.708	73631.708	73825.208	119.284	1144.8439	1147.0377	2.3137	measured
12288	1890	23224320	single-workgroup-tree	189	10	-	189	768	2	30	64	1323.792	1362.125	1385.750	42.425	73637.625	73813.917	74042.084	181.632	1147.8386	1150.0284	3.5565	measured
12288	1890	23224320	single-workgroup-tree	210	9	-	210	848	2	30	64	1307.541	1356.417	1406.584	32.792	72736.333	72918.625	73124.625	162.023	1133.7903	1135.9081	3.0923	measured
12288	1890	23224320	single-workgroup-tree	270	7	production	270	1088	2	30	64	1413.292	1474.584	1562.041	91.412	80904.334	82120.500	83037.000	682.653	1261.7626	1280.0939	12.2868	measured
12288	1890	23224320	single-workgroup-tree	315	6	-	315	1264	2	30	64	1347.917	1411.250	1447.583	46.424	76609.167	77209.792	77431.042	277.231	1194.6230	1203.1515	5.1374	measured
12288	1890	23224320	single-workgroup-tree	378	5	-	378	1520	2	30	64	1321.500	1367.917	1398.083	28.101	73385.333	73625.875	73829.333	223.694	1143.8704	1146.9517	3.9967	measured
12288	1890	23224320	single-workgroup-tree	630	3	-	630	2528	2	30	64	1335.709	1384.917	1415.000	26.322	75345.958	76123.791	76745.583	465.515	1174.7659	1186.3313	7.8069	measured
12288	1890	23224320	single-workgroup-tree	945	2	-	945	3792	2	30	64	1436.042	1492.208	1524.208	42.641	82891.250	84105.625	85233.792	719.582	1292.9398	1311.3241	12.0988	measured
12288	1050	12902400	single-workgroup-tree	2	525	-	2	16	2	30	64	962.041	1077.209	1120.500	54.320	52265.250	52952.792	53658.125	499.544	814.3367	823.4220	8.7915	measured
12288	1050	12902400	single-workgroup-tree	3	350	-	3	16	2	30	64	1208.959	1301.542	1343.958	36.474	66684.709	68366.042	69730.125	852.988	1039.2976	1064.5159	14.1184	measured
12288	1050	12902400	single-workgroup-tree	5	210	-	5	32	2	30	64	829.375	891.834	937.250	56.100	42818.542	43093.875	43384.250	174.981	666.4947	669.8737	3.6679	measured
12288	1050	12902400	single-workgroup-tree	6	175	-	6	32	2	30	64	826.708	878.125	952.625	50.541	42426.625	42555.042	42712.208	88.281	660.3161	661.5384	2.2035	measured
12288	1050	12902400	single-workgroup-tree	7	150	-	7	32	2	30	64	941.542	987.416	1052.459	34.241	48505.084	49146.125	49624.291	342.543	754.9769	764.4240	5.9807	measured
12288	1050	12902400	single-workgroup-tree	10	105	-	10	48	2	30	64	827.834	862.083	923.542	34.695	41871.708	41983.417	42179.042	113.847	651.4901	652.7196	2.3578	measured
12288	1050	12902400	single-workgroup-tree	14	75	-	14	64	2	30	64	839.208	887.833	928.500	35.996	42551.084	42709.083	42829.292	90.145	662.0933	663.8294	2.0022	measured
12288	1050	12902400	single-workgroup-tree	15	70	-	15	64	2	30	64	817.584	873.500	925.542	44.595	41551.708	41617.583	41786.166	90.667	646.5734	646.7315	2.1470	measured
12288	1050	12902400	single-workgroup-tree	21	50	-	21	96	2	30	64	826.041	884.000	918.500	31.927	41810.625	41918.291	42049.375	116.020	650.5490	651.3380	2.3484	measured
12288	1050	12902400	single-workgroup-tree	25	42	-	25	112	2	30	64	834.458	888.958	935.416	43.356	43139.500	43314.583	43418.000	77.023	671.5086	673.4226	1.9108	measured
12288	1050	12902400	single-workgroup-tree	30	35	-	30	128	2	30	64	801.292	865.709	933.792	52.158	41832.958	41937.875	42014.875	68.177	651.2963	651.9391	1.9101	measured
12288	1050	12902400	single-workgroup-tree	35	30	-	35	144	2	30	64	838.708	890.333	937.917	33.682	42514.041	42784.917	42986.625	166.833	661.5132	664.9934	3.1828	measured
12288	1050	12902400	single-workgroup-tree	42	25	-	42	176	2	30	64	816.584	864.083	913.500	33.017	41032.875	41213.917	41332.292	82.534	638.3538	640.4736	1.8341	measured
12288	1050	12902400	single-workgroup-tree	50	21	-	50	208	2	30	64	807.083	848.209	900.875	35.297	40603.167	40710.166	40812.916	76.828	631.6839	632.7295	1.7798	measured
12288	1050	12902400	single-workgroup-tree	70	15	-	70	288	2	30	64	807.750	846.334	898.416	37.767	40587.125	40650.541	40779.667	75.262	631.4187	631.8128	1.7941	measured
12288	1050	12902400	single-workgroup-tree	75	14	-	75	304	2	30	64	808.458	846.958	901.125	46.813	41051.125	41152.166	41265.500	75.534	638.7725	639.7652	1.9420	measured
12288	1050	12902400	single-workgroup-tree	105	10	-	105	432	2	30	64	799.500	857.208	895.708	37.517	40641.125	40743.291	40913.458	104.562	632.4067	633.1124	2.2552	measured
12288	1050	12902400	single-workgroup-tree	150	7	-	150	608	2	30	64	884.041	938.000	1002.916	54.634	45194.042	45720.625	46067.667	238.174	703.3333	710.8353	4.6477	measured
12288	1050	12902400	single-workgroup-tree	175	6	-	175	704	2	30	64	806.666	872.083	934.417	56.516	41074.750	41180.709	41347.459	92.074	639.1759	639.8195	2.3586	measured
12288	1050	12902400	single-workgroup-tree	210	5	production	210	848	2	30	64	793.042	865.458	944.042	53.018	40935.000	41014.083	41206.750	93.349	637.1739	637.2798	2.3233	measured
12288	1050	12902400	single-workgroup-tree	350	3	-	350	1408	2	30	64	1063.708	1134.334	1175.291	37.699	56518.500	57833.458	58652.750	587.598	880.2348	899.9861	9.9253	measured
12288	1050	12902400	single-workgroup-tree	525	2	-	525	2112	2	30	64	954.625	1003.333	1050.167	33.685	49255.959	50113.375	50764.375	457.418	766.6878	779.5245	7.7953	measured
12288	1155	14192640	single-workgroup-tree	3	385	-	3	16	2	30	64	945.083	992.625	1047.708	33.736	49364.708	49858.833	50369.416	301.174	768.5655	775.6541	5.3160	measured
12288	1155	14192640	single-workgroup-tree	5	231	-	5	32	2	30	64	913.792	968.250	1014.708	33.417	47284.625	47585.666	47951.583	195.046	736.0450	739.9590	3.6264	measured
12288	1155	14192640	single-workgroup-tree	7	165	-	7	32	2	30	64	905.500	949.166	999.958	29.836	46764.959	46903.875	46966.500	67.577	727.9279	729.4398	1.5462	measured
12288	1155	14192640	single-workgroup-tree	11	105	-	11	48	2	30	64	887.250	942.958	991.667	37.156	45864.833	46048.833	46186.833	110.979	713.9299	715.9663	2.3514	measured
12288	1155	14192640	single-workgroup-tree	15	77	-	15	64	2	30	64	872.333	939.041	994.958	33.037	45422.000	45813.583	45950.667	146.433	707.1376	712.2943	2.8487	measured
12288	1155	14192640	single-workgroup-tree	21	55	-	21	96	2	30	64	859.833	928.292	981.042	31.912	45600.917	45797.084	45881.833	78.912	710.1759	712.2030	1.7591	measured
12288	1155	14192640	single-workgroup-tree	33	35	-	33	144	2	30	64	886.958	930.583	994.000	55.886	45441.333	45642.292	45862.375	142.718	707.2123	709.7097	3.1524	measured
12288	1155	14192640	single-workgroup-tree	35	33	-	35	144	2	30	64	863.834	926.000	976.000	54.840	45427.958	45699.875	45926.250	160.733	707.3670	710.6964	3.4218	measured
12288	1155	14192640	single-workgroup-tree	55	21	-	55	224	2	30	64	843.458	918.667	978.917	51.951	44518.167	44662.875	44814.667	91.648	693.2493	694.3525	2.2794	measured
12288	1155	14192640	single-workgroup-tree	77	15	-	77	320	2	30	64	883.625	917.750	951.542	46.352	44459.875	44635.500	44772.708	94.920	691.6865	693.9325	2.2424	measured
12288	1155	14192640	single-workgroup-tree	105	11	-	105	432	2	30	64	880.916	920.458	971.958	58.955	44418.042	44640.083	44801.875	105.305	691.0655	693.9623	2.6073	measured
12288	1155	14192640	single-workgroup-tree	165	7	-	165	672	2	30	64	875.708	930.208	958.083	27.548	45405.958	45625.500	45769.041	109.802	706.8294	709.4491	2.1802	measured
12288	1155	14192640	single-workgroup-tree	231	5	production	231	928	2	30	64	885.000	939.541	992.625	46.743	45028.625	45166.125	45295.500	81.351	700.6925	702.0093	2.0332	measured
12288	1155	14192640	single-workgroup-tree	385	3	-	385	1552	2	30	64	902.000	952.458	980.500	29.582	46633.500	46828.792	47156.375	189.636	725.8968	728.1958	3.4797	measured
12288	1274	15654912	single-workgroup-tree	2	637	-	2	16	2	30	64	1087.584	1143.125	1181.917	39.901	58176.458	58588.083	59305.792	335.190	906.1726	911.8247	5.9538	measured
12288	1274	15654912	single-workgroup-tree	7	182	-	7	32	2	30	64	1087.250	1159.042	1214.334	47.408	59359.250	59917.250	60444.416	389.860	924.9524	932.6700	6.9408	measured
12288	1274	15654912	single-workgroup-tree	13	98	-	13	64	2	30	64	996.875	1050.833	1086.458	28.928	52884.333	53089.417	53268.417	144.011	823.6104	826.0093	2.7451	measured
12288	1274	15654912	single-workgroup-tree	14	91	-	14	64	2	30	64	951.292	1009.583	1053.125	34.478	50507.917	50668.250	50969.166	159.507	786.6131	788.2328	3.0791	measured
12288	1274	15654912	single-workgroup-tree	26	49	-	26	112	2	30	64	951.458	1006.500	1041.666	29.900	50396.292	50544.417	50674.750	124.400	784.8386	786.3161	2.4492	measured
12288	1274	15654912	single-workgroup-tree	49	26	-	49	208	2	30	64	939.833	997.500	1037.416	41.863	49957.583	50153.250	50274.375	119.862	778.0595	780.2500	2.5671	measured
12288	1274	15654912	single-workgroup-tree	91	14	-	91	368	2	30	64	946.166	995.542	1050.292	40.096	49035.709	49225.375	49410.250	148.827	763.3261	765.5529	2.9988	measured
12288	1274	15654912	single-workgroup-tree	98	13	-	98	400	2	30	64	967.375	1017.417	1058.750	43.168	51287.542	51527.541	51791.000	155.297	798.7328	801.7480	3.1502	measured
12288	1274	15654912	single-workgroup-tree	182	7	production	182	736	2	30	64	1023.792	1076.042	1110.292	28.166	55042.166	55407.459	55685.542	262.369	857.4345	862.4034	4.6117	measured
12288	1274	15654912	single-workgroup-tree	637	2	-	637	2560	2	30	64	1038.000	1107.792	1139.875	29.122	56692.917	56986.625	57509.042	306.637	883.4114	886.9656	5.3295	measured
12288	1430	17571840	single-workgroup-tree	2	715	-	2	16	2	30	64	1159.000	1218.833	1281.917	53.104	62376.792	63408.709	63955.708	403.210	971.7110	987.1409	7.2431	measured
12288	1430	17571840	single-workgroup-tree	5	286	-	5	32	2	30	64	1086.542	1137.416	1175.500	50.122	58330.958	58812.459	59080.250	220.041	908.6415	915.4769	4.2883	measured
12288	1430	17571840	single-workgroup-tree	10	143	-	10	48	2	30	64	1087.625	1128.250	1156.667	37.575	58240.500	58482.125	58724.791	161.904	907.1885	910.3790	3.1663	measured
12288	1430	17571840	single-workgroup-tree	11	130	-	11	48	2	30	64	1072.208	1130.541	1174.625	39.602	57717.833	58006.792	58446.625	221.476	899.1369	902.7976	4.1441	measured
12288	1430	17571840	single-workgroup-tree	13	110	-	13	64	2	30	64	1095.209	1147.333	1197.125	35.464	59208.875	59490.958	59767.083	188.891	922.4391	926.0893	3.5612	measured
12288	1430	17571840	single-workgroup-tree	22	65	-	22	96	2	30	64	1059.833	1103.041	1139.750	32.481	56654.042	56882.000	57086.666	165.995	882.4478	885.3803	3.1504	measured
12288	1430	17571840	single-workgroup-tree	26	55	-	26	112	2	30	64	1073.875	1112.417	1156.542	36.641	56554.458	56782.625	57003.083	154.314	880.6442	883.6541	3.0310	measured
12288	1430	17571840	single-workgroup-tree	55	26	-	55	224	2	30	64	1031.375	1093.708	1149.792	45.856	55999.416	56165.792	56467.083	181.924	872.5086	874.1601	3.6156	measured
12288	1430	17571840	single-workgroup-tree	65	22	-	65	272	2	30	64	1015.375	1078.209	1154.208	50.781	54871.042	55132.542	55329.709	154.305	854.8519	858.0053	3.2553	measured
12288	1430	17571840	single-workgroup-tree	110	13	-	110	448	2	30	64	1079.042	1120.041	1151.541	43.586	57519.417	57993.458	58296.750	227.316	895.8790	902.7527	4.3000	measured
12288	1430	17571840	single-workgroup-tree	130	11	-	130	528	2	30	64	1031.500	1094.875	1135.333	32.388	55608.125	55884.042	56098.959	162.921	866.2956	869.6693	3.1001	measured
12288	1430	17571840	single-workgroup-tree	143	10	-	143	576	2	30	64	1044.917	1104.292	1159.209	35.030	56382.208	56605.416	56897.625	166.275	878.3697	880.9702	3.1953	measured
12288	1430	17571840	single-workgroup-tree	286	5	production	286	1152	2	30	64	1021.875	1091.375	1138.791	56.979	55461.917	55632.667	55926.333	144.466	864.1277	865.7348	3.1975	measured
12288	1430	17571840	single-workgroup-tree	715	2	-	715	2864	2	30	64	1141.375	1209.584	1254.125	37.335	61882.167	62932.834	63475.167	429.836	964.1396	979.7341	7.4154	measured
12288	1575	19353600	single-workgroup-tree	3	525	-	3	16	2	30	64	1293.958	1342.250	1379.500	33.397	70539.916	71525.125	72234.625	579.170	1099.1422	1114.0139	9.7233	measured
12288	1575	19353600	single-workgroup-tree	5	315	-	5	32	2	30	64	1244.333	1310.333	1360.208	49.901	68695.208	69951.917	70557.250	563.640	1070.6488	1089.5490	9.7387	measured
12288	1575	19353600	single-workgroup-tree	7	225	-	7	32	2	30	64	1163.000	1203.042	1247.125	39.204	63300.500	63605.834	63814.917	125.191	986.3095	990.5205	2.6094	measured
12288	1575	19353600	single-workgroup-tree	9	175	-	9	48	2	30	64	1173.000	1211.959	1265.833	62.845	63558.209	63920.375	64168.209	166.864	990.2414	995.3717	3.6462	measured
12288	1575	19353600	single-workgroup-tree	15	105	-	15	64	2	30	64	1155.958	1203.459	1255.792	32.929	62968.542	63122.292	63324.083	118.069	981.1521	982.8386	2.3968	measured
12288	1575	19353600	single-workgroup-tree	21	75	-	21	96	2	30	64	1176.709	1227.000	1276.625	37.617	64224.667	64560.541	64806.375	164.390	1000.7612	1005.2943	3.2065	measured
12288	1575	19353600	single-workgroup-tree	25	63	-	25	112	2	30	64	1195.000	1222.208	1276.459	43.206	64412.833	64652.292	64950.625	168.696	1003.4577	1006.8267	3.3635	measured
12288	1575	19353600	single-workgroup-tree	35	45	-	35	144	2	30	64	1153.750	1185.125	1228.709	42.792	62167.209	62447.208	62585.959	103.448	968.4676	972.4140	2.3213	measured
12288	1575	19353600	single-workgroup-tree	45	35	-	45	192	2	30	64	1145.917	1188.500	1241.208	168.225	62192.292	62476.208	62669.709	136.154	968.9901	972.8208	4.8314	measured
12288	1575	19353600	single-workgroup-tree	63	25	-	63	256	2	30	64	1121.500	1175.750	1218.625	39.138	60976.208	61262.250	61420.000	122.580	950.0747	953.7540	2.5670	measured
12288	1575	19353600	single-workgroup-tree	75	21	-	75	304	2	30	64	1101.541	1170.542	1230.583	42.408	61012.125	61196.375	61292.625	101.129	950.9617	952.7910	2.2784	measured
12288	1575	19353600	single-workgroup-tree	105	15	-	105	432	2	30	64	1105.417	1167.208	1226.625	41.726	60633.042	60877.708	61031.625	122.889	944.8829	947.7857	2.6129	measured
12288	1575	19353600	single-workgroup-tree	175	9	-	175	704	2	30	64	1106.625	1168.500	1210.959	51.607	60887.125	61063.667	61243.458	133.763	948.8968	950.7169	2.9424	measured
12288	1575	19353600	single-workgroup-tree	225	7	production	225	912	2	30	64	1114.667	1167.375	1195.375	30.584	60726.291	60974.209	61160.959	123.299	946.2163	949.3148	2.4426	measured
12288	1575	19353600	single-workgroup-tree	315	5	-	315	1264	2	30	64	1201.083	1249.708	1291.333	36.646	65715.667	66625.000	67264.125	471.434	1024.0410	1037.7030	8.0648	measured
12288	1575	19353600	single-workgroup-tree	525	3	-	525	2112	2	30	64	1255.208	1288.500	1345.417	33.437	67487.084	68740.542	69403.584	586.957	1051.2996	1070.6673	9.8475	measured
12288	1925	23654400	single-workgroup-tree	5	385	-	5	32	2	30	64	1389.917	1462.000	1516.083	66.072	78396.666	78879.750	79659.833	540.987	1222.3293	1228.8532	9.6359	measured
12288	1925	23654400	single-workgroup-tree	7	275	-	7	32	2	30	64	1426.500	1475.916	1540.875	48.789	79348.958	79789.458	80442.459	404.213	1236.8644	1243.0721	7.1905	measured
12288	1925	23654400	single-workgroup-tree	11	175	-	11	48	2	30	64	1356.708	1425.417	1467.792	44.617	77634.333	77900.875	78229.833	252.627	1210.7560	1213.8962	4.7182	measured
12288	1925	23654400	single-workgroup-tree	25	77	-	25	112	2	30	64	1382.583	1410.875	1441.500	27.449	76131.625	76516.834	76775.917	196.725	1186.4927	1192.1581	3.5583	measured
12288	1925	23654400	single-workgroup-tree	35	55	-	35	144	2	30	64	1373.083	1406.416	1441.208	42.133	75895.834	76120.583	76366.166	173.665	1182.9008	1185.9392	3.4254	measured
12288	1925	23654400	single-workgroup-tree	55	35	-	55	224	2	30	64	1350.500	1400.583	1440.375	35.899	75780.166	76060.666	76241.833	143.666	1181.4233	1185.0807	2.8502	measured
12288	1925	23654400	single-workgroup-tree	77	25	-	77	320	2	30	64	1323.041	1378.333	1419.417	33.102	73770.083	74056.250	74300.167	208.799	1149.9530	1153.6177	3.8397	measured
12288	1925	23654400	single-workgroup-tree	175	11	-	175	704	2	30	64	1320.750	1382.334	1428.375	46.140	73947.417	74166.333	74425.792	190.314	1152.8042	1155.3016	3.7532	measured
12288	1925	23654400	single-workgroup-tree	275	7	production	275	1104	2	30	64	1408.792	1448.000	1471.458	40.185	77422.750	77858.833	78643.208	436.845	1206.5708	1212.8704	7.5719	measured
12288	1925	23654400	single-workgroup-tree	385	5	-	385	1552	2	30	64	1343.000	1386.750	1439.917	31.838	74277.750	74608.333	74869.583	200.399	1157.6944	1162.2473	3.6863	measured
12288	1024	12582912	single-workgroup-tree	2	512	-	2	16	2	30	64	919.084	988.209	1030.708	38.768	48847.708	50022.167	50632.084	423.626	760.7718	778.3168	7.3396	measured
12288	1024	12582912	single-workgroup-tree	4	256	-	4	16	2	30	64	852.584	902.375	968.292	50.843	43488.875	44013.875	44214.250	202.257	676.7665	684.3095	4.0175	measured
12288	1024	12582912	single-workgroup-tree	8	128	-	8	32	2	30	64	871.917	918.417	991.708	60.058	45036.500	45565.250	45888.375	239.028	701.0251	708.6799	4.7474	measured
12288	1024	12582912	single-workgroup-tree	16	64	-	16	64	2	30	64	816.209	865.833	921.166	47.355	41210.916	41568.583	41668.459	131.741	641.1858	646.0754	2.8428	measured
12288	1024	12582912	single-workgroup-tree	32	32	-	32	128	2	30	64	816.125	891.584	953.458	54.187	42887.292	43264.166	43460.917	165.022	667.7963	672.5807	3.4795	measured
12288	1024	12582912	single-workgroup-tree	64	16	-	64	256	2	30	64	800.542	845.000	900.041	39.005	40359.458	40610.000	40743.291	129.848	627.9193	631.1905	2.6802	measured
12288	1024	12582912	single-workgroup-tree	128	8	-	128	512	2	30	64	853.875	906.125	954.833	50.395	44070.958	44457.250	44721.375	182.408	685.9854	691.2877	3.6953	measured
12288	1024	12582912	single-workgroup-tree	256	4	production	256	1024	2	30	64	808.333	864.375	923.167	45.172	40977.208	41168.666	41271.958	87.760	637.6012	639.7507	2.1100	measured
12288	1024	12582912	single-workgroup-tree	512	2	-	512	2048	2	30	64	879.292	931.042	978.292	35.741	45811.042	46618.375	47123.083	349.963	713.2024	725.1958	6.1223	measured
12288	1729	21245952	single-workgroup-tree	7	247	-	7	32	2	30	64	1265.250	1303.000	1316.625	21.616	69724.291	70142.917	70633.917	291.427	1086.6514	1092.6971	4.9689	measured
12288	1729	21245952	single-workgroup-tree	13	133	-	13	64	2	30	64	1243.542	1279.958	1317.958	39.781	68274.083	68549.875	69214.333	303.556	1063.9768	1067.7765	5.4498	measured
12288	1729	21245952	single-workgroup-tree	19	91	-	19	80	2	30	64	1247.708	1285.375	1328.542	39.213	68518.500	68839.500	69297.000	278.509	1067.7903	1072.2877	5.0432	measured
12288	1729	21245952	single-workgroup-tree	91	19	-	91	368	2	30	64	1210.791	1247.750	1291.667	41.192	66226.000	66581.750	66883.292	225.981	1031.9874	1037.0476	4.2408	measured
12288	1729	21245952	single-workgroup-tree	133	13	-	133	544	2	30	64	1195.375	1244.208	1303.125	66.466	66271.333	66473.292	66850.500	227.821	1032.9517	1035.3823	4.6712	measured
12288	1729	21245952	single-workgroup-tree	247	7	production	247	992	2	30	64	1219.125	1259.334	1290.750	40.558	67364.542	67718.417	68516.333	439.770	1049.9273	1054.9061	7.6243	measured

# shapes	70
# variants_attempted	1265
# variants_measured	1265
# variants_declined	0
# widest_prepared_workgroup	945
# maximum_prepared_threadgroup_bytes	3792
# load_after	2.75 2.72 3.18
# executable_sha256_after	5d7d2d13daffbf05d002c2cf7438522bf303fd688f9c69b1017eebf5a427938e
# concurrent_build_processes_after	0
