# offline.metal	Apple metal version 32023.883 (metalfe-32023.883)
# offline.linker	AIR-LLD 32023.883 (metalfe-32023.883) (compatible with legacy metallib linker)
# offline.xcode	Xcode 26.6 Build version 17F113
# offline.sdk	26.5 (25F70)
# offline.std	-std=metal4.0
# offline.target	air64-apple-macos26.0
# selection.compile_flags	-target air64-apple-macos26.0 -std=metal4.0 -O2 -fmetal-math-mode=safe -fmetal-math-fp32-functions=precise -ffp-contract=off
# selection.link_flag_count	0
# execution.platform	macos 27.0 (26A5406e)
# execution.architecture	arm64
# execution.device	Apple M4 Max
# execution.apple9	true
# execution.max_buffer_length	22613000192
# prepared.max_total_threads_per_threadgroup	1024
# prepared.thread_execution_width	32
# ladder.max_extent	268435456
# verification	every slot of a poisoned buffer, never sampled
extent	threadgroup_width	status	verified_slots	first_mismatch	observed
1	1	completed	1	none	none
2	1	completed	2	none	none
3	1	completed	3	none	none
4	1	completed	4	none	none
5	1	completed	5	none	none
6	1	completed	6	none	none
7	1	completed	7	none	none
8	1	completed	8	none	none
9	1	completed	9	none	none
10	1	completed	10	none	none
11	1	completed	11	none	none
12	1	completed	12	none	none
13	1	completed	13	none	none
14	1	completed	14	none	none
15	1	completed	15	none	none
16	1	completed	16	none	none
17	1	completed	17	none	none
18	1	completed	18	none	none
19	1	completed	19	none	none
20	1	completed	20	none	none
21	1	completed	21	none	none
22	1	completed	22	none	none
23	1	completed	23	none	none
24	1	completed	24	none	none
25	1	completed	25	none	none
26	1	completed	26	none	none
27	1	completed	27	none	none
28	1	completed	28	none	none
29	1	completed	29	none	none
30	1	completed	30	none	none
31	1	completed	31	none	none
32	1	completed	32	none	none
33	1	completed	33	none	none
34	1	completed	34	none	none
35	1	completed	35	none	none
36	1	completed	36	none	none
37	1	completed	37	none	none
38	1	completed	38	none	none
39	1	completed	39	none	none
40	1	completed	40	none	none
41	1	completed	41	none	none
42	1	completed	42	none	none
43	1	completed	43	none	none
44	1	completed	44	none	none
45	1	completed	45	none	none
46	1	completed	46	none	none
47	1	completed	47	none	none
48	1	completed	48	none	none
49	1	completed	49	none	none
50	1	completed	50	none	none
51	1	completed	51	none	none
52	1	completed	52	none	none
53	1	completed	53	none	none
54	1	completed	54	none	none
55	1	completed	55	none	none
56	1	completed	56	none	none
57	1	completed	57	none	none
58	1	completed	58	none	none
59	1	completed	59	none	none
60	1	completed	60	none	none
61	1	completed	61	none	none
62	1	completed	62	none	none
63	1	completed	63	none	none
64	1	completed	64	none	none
65	1	completed	65	none	none
66	1	completed	66	none	none
67	1	completed	67	none	none
68	1	completed	68	none	none
69	1	completed	69	none	none
70	1	completed	70	none	none
71	1	completed	71	none	none
72	1	completed	72	none	none
73	1	completed	73	none	none
74	1	completed	74	none	none
75	1	completed	75	none	none
76	1	completed	76	none	none
77	1	completed	77	none	none
78	1	completed	78	none	none
79	1	completed	79	none	none
80	1	completed	80	none	none
81	1	completed	81	none	none
82	1	completed	82	none	none
83	1	completed	83	none	none
84	1	completed	84	none	none
85	1	completed	85	none	none
86	1	completed	86	none	none
87	1	completed	87	none	none
88	1	completed	88	none	none
89	1	completed	89	none	none
90	1	completed	90	none	none
91	1	completed	91	none	none
92	1	completed	92	none	none
93	1	completed	93	none	none
94	1	completed	94	none	none
95	1	completed	95	none	none
96	1	completed	96	none	none
97	1	completed	97	none	none
98	1	completed	98	none	none
99	1	completed	99	none	none
100	1	completed	100	none	none
101	1	completed	101	none	none
102	1	completed	102	none	none
103	1	completed	103	none	none
104	1	completed	104	none	none
105	1	completed	105	none	none
106	1	completed	106	none	none
107	1	completed	107	none	none
108	1	completed	108	none	none
109	1	completed	109	none	none
110	1	completed	110	none	none
111	1	completed	111	none	none
112	1	completed	112	none	none
113	1	completed	113	none	none
114	1	completed	114	none	none
115	1	completed	115	none	none
116	1	completed	116	none	none
117	1	completed	117	none	none
118	1	completed	118	none	none
119	1	completed	119	none	none
120	1	completed	120	none	none
121	1	completed	121	none	none
122	1	completed	122	none	none
123	1	completed	123	none	none
124	1	completed	124	none	none
125	1	completed	125	none	none
126	1	completed	126	none	none
127	1	completed	127	none	none
128	1	completed	128	none	none
129	1	completed	129	none	none
130	1	completed	130	none	none
131	1	completed	131	none	none
132	1	completed	132	none	none
133	1	completed	133	none	none
134	1	completed	134	none	none
135	1	completed	135	none	none
136	1	completed	136	none	none
137	1	completed	137	none	none
138	1	completed	138	none	none
139	1	completed	139	none	none
140	1	completed	140	none	none
141	1	completed	141	none	none
142	1	completed	142	none	none
143	1	completed	143	none	none
144	1	completed	144	none	none
145	1	completed	145	none	none
146	1	completed	146	none	none
147	1	completed	147	none	none
148	1	completed	148	none	none
149	1	completed	149	none	none
150	1	completed	150	none	none
151	1	completed	151	none	none
152	1	completed	152	none	none
153	1	completed	153	none	none
154	1	completed	154	none	none
155	1	completed	155	none	none
156	1	completed	156	none	none
157	1	completed	157	none	none
158	1	completed	158	none	none
159	1	completed	159	none	none
160	1	completed	160	none	none
161	1	completed	161	none	none
162	1	completed	162	none	none
163	1	completed	163	none	none
164	1	completed	164	none	none
165	1	completed	165	none	none
166	1	completed	166	none	none
167	1	completed	167	none	none
168	1	completed	168	none	none
169	1	completed	169	none	none
170	1	completed	170	none	none
171	1	completed	171	none	none
172	1	completed	172	none	none
173	1	completed	173	none	none
174	1	completed	174	none	none
175	1	completed	175	none	none
176	1	completed	176	none	none
177	1	completed	177	none	none
178	1	completed	178	none	none
179	1	completed	179	none	none
180	1	completed	180	none	none
181	1	completed	181	none	none
182	1	completed	182	none	none
183	1	completed	183	none	none
184	1	completed	184	none	none
185	1	completed	185	none	none
186	1	completed	186	none	none
187	1	completed	187	none	none
188	1	completed	188	none	none
189	1	completed	189	none	none
190	1	completed	190	none	none
191	1	completed	191	none	none
192	1	completed	192	none	none
193	1	completed	193	none	none
194	1	completed	194	none	none
195	1	completed	195	none	none
196	1	completed	196	none	none
197	1	completed	197	none	none
198	1	completed	198	none	none
199	1	completed	199	none	none
200	1	completed	200	none	none
201	1	completed	201	none	none
202	1	completed	202	none	none
203	1	completed	203	none	none
204	1	completed	204	none	none
205	1	completed	205	none	none
206	1	completed	206	none	none
207	1	completed	207	none	none
208	1	completed	208	none	none
209	1	completed	209	none	none
210	1	completed	210	none	none
211	1	completed	211	none	none
212	1	completed	212	none	none
213	1	completed	213	none	none
214	1	completed	214	none	none
215	1	completed	215	none	none
216	1	completed	216	none	none
217	1	completed	217	none	none
218	1	completed	218	none	none
219	1	completed	219	none	none
220	1	completed	220	none	none
221	1	completed	221	none	none
222	1	completed	222	none	none
223	1	completed	223	none	none
224	1	completed	224	none	none
225	1	completed	225	none	none
226	1	completed	226	none	none
227	1	completed	227	none	none
228	1	completed	228	none	none
229	1	completed	229	none	none
230	1	completed	230	none	none
231	1	completed	231	none	none
232	1	completed	232	none	none
233	1	completed	233	none	none
234	1	completed	234	none	none
235	1	completed	235	none	none
236	1	completed	236	none	none
237	1	completed	237	none	none
238	1	completed	238	none	none
239	1	completed	239	none	none
240	1	completed	240	none	none
241	1	completed	241	none	none
242	1	completed	242	none	none
243	1	completed	243	none	none
244	1	completed	244	none	none
245	1	completed	245	none	none
246	1	completed	246	none	none
247	1	completed	247	none	none
248	1	completed	248	none	none
249	1	completed	249	none	none
250	1	completed	250	none	none
251	1	completed	251	none	none
252	1	completed	252	none	none
253	1	completed	253	none	none
254	1	completed	254	none	none
255	1	completed	255	none	none
256	1	completed	256	none	none
257	1	completed	257	none	none
258	1	completed	258	none	none
259	1	completed	259	none	none
260	1	completed	260	none	none
261	1	completed	261	none	none
262	1	completed	262	none	none
263	1	completed	263	none	none
264	1	completed	264	none	none
265	1	completed	265	none	none
266	1	completed	266	none	none
267	1	completed	267	none	none
268	1	completed	268	none	none
269	1	completed	269	none	none
270	1	completed	270	none	none
271	1	completed	271	none	none
272	1	completed	272	none	none
273	1	completed	273	none	none
274	1	completed	274	none	none
275	1	completed	275	none	none
276	1	completed	276	none	none
277	1	completed	277	none	none
278	1	completed	278	none	none
279	1	completed	279	none	none
280	1	completed	280	none	none
281	1	completed	281	none	none
282	1	completed	282	none	none
283	1	completed	283	none	none
284	1	completed	284	none	none
285	1	completed	285	none	none
286	1	completed	286	none	none
287	1	completed	287	none	none
288	1	completed	288	none	none
289	1	completed	289	none	none
290	1	completed	290	none	none
291	1	completed	291	none	none
292	1	completed	292	none	none
293	1	completed	293	none	none
294	1	completed	294	none	none
295	1	completed	295	none	none
296	1	completed	296	none	none
297	1	completed	297	none	none
298	1	completed	298	none	none
299	1	completed	299	none	none
300	1	completed	300	none	none
301	1	completed	301	none	none
302	1	completed	302	none	none
303	1	completed	303	none	none
304	1	completed	304	none	none
305	1	completed	305	none	none
306	1	completed	306	none	none
307	1	completed	307	none	none
308	1	completed	308	none	none
309	1	completed	309	none	none
310	1	completed	310	none	none
311	1	completed	311	none	none
312	1	completed	312	none	none
313	1	completed	313	none	none
314	1	completed	314	none	none
315	1	completed	315	none	none
316	1	completed	316	none	none
317	1	completed	317	none	none
318	1	completed	318	none	none
319	1	completed	319	none	none
320	1	completed	320	none	none
321	1	completed	321	none	none
322	1	completed	322	none	none
323	1	completed	323	none	none
324	1	completed	324	none	none
325	1	completed	325	none	none
326	1	completed	326	none	none
327	1	completed	327	none	none
328	1	completed	328	none	none
329	1	completed	329	none	none
330	1	completed	330	none	none
331	1	completed	331	none	none
332	1	completed	332	none	none
333	1	completed	333	none	none
334	1	completed	334	none	none
335	1	completed	335	none	none
336	1	completed	336	none	none
337	1	completed	337	none	none
338	1	completed	338	none	none
339	1	completed	339	none	none
340	1	completed	340	none	none
341	1	completed	341	none	none
342	1	completed	342	none	none
343	1	completed	343	none	none
344	1	completed	344	none	none
345	1	completed	345	none	none
346	1	completed	346	none	none
347	1	completed	347	none	none
348	1	completed	348	none	none
349	1	completed	349	none	none
350	1	completed	350	none	none
351	1	completed	351	none	none
352	1	completed	352	none	none
353	1	completed	353	none	none
354	1	completed	354	none	none
355	1	completed	355	none	none
356	1	completed	356	none	none
357	1	completed	357	none	none
358	1	completed	358	none	none
359	1	completed	359	none	none
360	1	completed	360	none	none
361	1	completed	361	none	none
362	1	completed	362	none	none
363	1	completed	363	none	none
364	1	completed	364	none	none
365	1	completed	365	none	none
366	1	completed	366	none	none
367	1	completed	367	none	none
368	1	completed	368	none	none
369	1	completed	369	none	none
370	1	completed	370	none	none
371	1	completed	371	none	none
372	1	completed	372	none	none
373	1	completed	373	none	none
374	1	completed	374	none	none
375	1	completed	375	none	none
376	1	completed	376	none	none
377	1	completed	377	none	none
378	1	completed	378	none	none
379	1	completed	379	none	none
380	1	completed	380	none	none
381	1	completed	381	none	none
382	1	completed	382	none	none
383	1	completed	383	none	none
384	1	completed	384	none	none
385	1	completed	385	none	none
386	1	completed	386	none	none
387	1	completed	387	none	none
388	1	completed	388	none	none
389	1	completed	389	none	none
390	1	completed	390	none	none
391	1	completed	391	none	none
392	1	completed	392	none	none
393	1	completed	393	none	none
394	1	completed	394	none	none
395	1	completed	395	none	none
396	1	completed	396	none	none
397	1	completed	397	none	none
398	1	completed	398	none	none
399	1	completed	399	none	none
400	1	completed	400	none	none
401	1	completed	401	none	none
402	1	completed	402	none	none
403	1	completed	403	none	none
404	1	completed	404	none	none
405	1	completed	405	none	none
406	1	completed	406	none	none
407	1	completed	407	none	none
408	1	completed	408	none	none
409	1	completed	409	none	none
410	1	completed	410	none	none
411	1	completed	411	none	none
412	1	completed	412	none	none
413	1	completed	413	none	none
414	1	completed	414	none	none
415	1	completed	415	none	none
416	1	completed	416	none	none
417	1	completed	417	none	none
418	1	completed	418	none	none
419	1	completed	419	none	none
420	1	completed	420	none	none
421	1	completed	421	none	none
422	1	completed	422	none	none
423	1	completed	423	none	none
424	1	completed	424	none	none
425	1	completed	425	none	none
426	1	completed	426	none	none
427	1	completed	427	none	none
428	1	completed	428	none	none
429	1	completed	429	none	none
430	1	completed	430	none	none
431	1	completed	431	none	none
432	1	completed	432	none	none
433	1	completed	433	none	none
434	1	completed	434	none	none
435	1	completed	435	none	none
436	1	completed	436	none	none
437	1	completed	437	none	none
438	1	completed	438	none	none
439	1	completed	439	none	none
440	1	completed	440	none	none
441	1	completed	441	none	none
442	1	completed	442	none	none
443	1	completed	443	none	none
444	1	completed	444	none	none
445	1	completed	445	none	none
446	1	completed	446	none	none
447	1	completed	447	none	none
448	1	completed	448	none	none
449	1	completed	449	none	none
450	1	completed	450	none	none
451	1	completed	451	none	none
452	1	completed	452	none	none
453	1	completed	453	none	none
454	1	completed	454	none	none
455	1	completed	455	none	none
456	1	completed	456	none	none
457	1	completed	457	none	none
458	1	completed	458	none	none
459	1	completed	459	none	none
460	1	completed	460	none	none
461	1	completed	461	none	none
462	1	completed	462	none	none
463	1	completed	463	none	none
464	1	completed	464	none	none
465	1	completed	465	none	none
466	1	completed	466	none	none
467	1	completed	467	none	none
468	1	completed	468	none	none
469	1	completed	469	none	none
470	1	completed	470	none	none
471	1	completed	471	none	none
472	1	completed	472	none	none
473	1	completed	473	none	none
474	1	completed	474	none	none
475	1	completed	475	none	none
476	1	completed	476	none	none
477	1	completed	477	none	none
478	1	completed	478	none	none
479	1	completed	479	none	none
480	1	completed	480	none	none
481	1	completed	481	none	none
482	1	completed	482	none	none
483	1	completed	483	none	none
484	1	completed	484	none	none
485	1	completed	485	none	none
486	1	completed	486	none	none
487	1	completed	487	none	none
488	1	completed	488	none	none
489	1	completed	489	none	none
490	1	completed	490	none	none
491	1	completed	491	none	none
492	1	completed	492	none	none
493	1	completed	493	none	none
494	1	completed	494	none	none
495	1	completed	495	none	none
496	1	completed	496	none	none
497	1	completed	497	none	none
498	1	completed	498	none	none
499	1	completed	499	none	none
500	1	completed	500	none	none
501	1	completed	501	none	none
502	1	completed	502	none	none
503	1	completed	503	none	none
504	1	completed	504	none	none
505	1	completed	505	none	none
506	1	completed	506	none	none
507	1	completed	507	none	none
508	1	completed	508	none	none
509	1	completed	509	none	none
510	1	completed	510	none	none
511	1	completed	511	none	none
512	1	completed	512	none	none
513	1	completed	513	none	none
514	1	completed	514	none	none
515	1	completed	515	none	none
516	1	completed	516	none	none
517	1	completed	517	none	none
518	1	completed	518	none	none
519	1	completed	519	none	none
520	1	completed	520	none	none
521	1	completed	521	none	none
522	1	completed	522	none	none
523	1	completed	523	none	none
524	1	completed	524	none	none
525	1	completed	525	none	none
526	1	completed	526	none	none
527	1	completed	527	none	none
528	1	completed	528	none	none
529	1	completed	529	none	none
530	1	completed	530	none	none
531	1	completed	531	none	none
532	1	completed	532	none	none
533	1	completed	533	none	none
534	1	completed	534	none	none
535	1	completed	535	none	none
536	1	completed	536	none	none
537	1	completed	537	none	none
538	1	completed	538	none	none
539	1	completed	539	none	none
540	1	completed	540	none	none
541	1	completed	541	none	none
542	1	completed	542	none	none
543	1	completed	543	none	none
544	1	completed	544	none	none
545	1	completed	545	none	none
546	1	completed	546	none	none
547	1	completed	547	none	none
548	1	completed	548	none	none
549	1	completed	549	none	none
550	1	completed	550	none	none
551	1	completed	551	none	none
552	1	completed	552	none	none
553	1	completed	553	none	none
554	1	completed	554	none	none
555	1	completed	555	none	none
556	1	completed	556	none	none
557	1	completed	557	none	none
558	1	completed	558	none	none
559	1	completed	559	none	none
560	1	completed	560	none	none
561	1	completed	561	none	none
562	1	completed	562	none	none
563	1	completed	563	none	none
564	1	completed	564	none	none
565	1	completed	565	none	none
566	1	completed	566	none	none
567	1	completed	567	none	none
568	1	completed	568	none	none
569	1	completed	569	none	none
570	1	completed	570	none	none
571	1	completed	571	none	none
572	1	completed	572	none	none
573	1	completed	573	none	none
574	1	completed	574	none	none
575	1	completed	575	none	none
576	1	completed	576	none	none
577	1	completed	577	none	none
578	1	completed	578	none	none
579	1	completed	579	none	none
580	1	completed	580	none	none
581	1	completed	581	none	none
582	1	completed	582	none	none
583	1	completed	583	none	none
584	1	completed	584	none	none
585	1	completed	585	none	none
586	1	completed	586	none	none
587	1	completed	587	none	none
588	1	completed	588	none	none
589	1	completed	589	none	none
590	1	completed	590	none	none
591	1	completed	591	none	none
592	1	completed	592	none	none
593	1	completed	593	none	none
594	1	completed	594	none	none
595	1	completed	595	none	none
596	1	completed	596	none	none
597	1	completed	597	none	none
598	1	completed	598	none	none
599	1	completed	599	none	none
600	1	completed	600	none	none
601	1	completed	601	none	none
602	1	completed	602	none	none
603	1	completed	603	none	none
604	1	completed	604	none	none
605	1	completed	605	none	none
606	1	completed	606	none	none
607	1	completed	607	none	none
608	1	completed	608	none	none
609	1	completed	609	none	none
610	1	completed	610	none	none
611	1	completed	611	none	none
612	1	completed	612	none	none
613	1	completed	613	none	none
614	1	completed	614	none	none
615	1	completed	615	none	none
616	1	completed	616	none	none
617	1	completed	617	none	none
618	1	completed	618	none	none
619	1	completed	619	none	none
620	1	completed	620	none	none
621	1	completed	621	none	none
622	1	completed	622	none	none
623	1	completed	623	none	none
624	1	completed	624	none	none
625	1	completed	625	none	none
626	1	completed	626	none	none
627	1	completed	627	none	none
628	1	completed	628	none	none
629	1	completed	629	none	none
630	1	completed	630	none	none
631	1	completed	631	none	none
632	1	completed	632	none	none
633	1	completed	633	none	none
634	1	completed	634	none	none
635	1	completed	635	none	none
636	1	completed	636	none	none
637	1	completed	637	none	none
638	1	completed	638	none	none
639	1	completed	639	none	none
640	1	completed	640	none	none
641	1	completed	641	none	none
642	1	completed	642	none	none
643	1	completed	643	none	none
644	1	completed	644	none	none
645	1	completed	645	none	none
646	1	completed	646	none	none
647	1	completed	647	none	none
648	1	completed	648	none	none
649	1	completed	649	none	none
650	1	completed	650	none	none
651	1	completed	651	none	none
652	1	completed	652	none	none
653	1	completed	653	none	none
654	1	completed	654	none	none
655	1	completed	655	none	none
656	1	completed	656	none	none
657	1	completed	657	none	none
658	1	completed	658	none	none
659	1	completed	659	none	none
660	1	completed	660	none	none
661	1	completed	661	none	none
662	1	completed	662	none	none
663	1	completed	663	none	none
664	1	completed	664	none	none
665	1	completed	665	none	none
666	1	completed	666	none	none
667	1	completed	667	none	none
668	1	completed	668	none	none
669	1	completed	669	none	none
670	1	completed	670	none	none
671	1	completed	671	none	none
672	1	completed	672	none	none
673	1	completed	673	none	none
674	1	completed	674	none	none
675	1	completed	675	none	none
676	1	completed	676	none	none
677	1	completed	677	none	none
678	1	completed	678	none	none
679	1	completed	679	none	none
680	1	completed	680	none	none
681	1	completed	681	none	none
682	1	completed	682	none	none
683	1	completed	683	none	none
684	1	completed	684	none	none
685	1	completed	685	none	none
686	1	completed	686	none	none
687	1	completed	687	none	none
688	1	completed	688	none	none
689	1	completed	689	none	none
690	1	completed	690	none	none
691	1	completed	691	none	none
692	1	completed	692	none	none
693	1	completed	693	none	none
694	1	completed	694	none	none
695	1	completed	695	none	none
696	1	completed	696	none	none
697	1	completed	697	none	none
698	1	completed	698	none	none
699	1	completed	699	none	none
700	1	completed	700	none	none
701	1	completed	701	none	none
702	1	completed	702	none	none
703	1	completed	703	none	none
704	1	completed	704	none	none
705	1	completed	705	none	none
706	1	completed	706	none	none
707	1	completed	707	none	none
708	1	completed	708	none	none
709	1	completed	709	none	none
710	1	completed	710	none	none
711	1	completed	711	none	none
712	1	completed	712	none	none
713	1	completed	713	none	none
714	1	completed	714	none	none
715	1	completed	715	none	none
716	1	completed	716	none	none
717	1	completed	717	none	none
718	1	completed	718	none	none
719	1	completed	719	none	none
720	1	completed	720	none	none
721	1	completed	721	none	none
722	1	completed	722	none	none
723	1	completed	723	none	none
724	1	completed	724	none	none
725	1	completed	725	none	none
726	1	completed	726	none	none
727	1	completed	727	none	none
728	1	completed	728	none	none
729	1	completed	729	none	none
730	1	completed	730	none	none
731	1	completed	731	none	none
732	1	completed	732	none	none
733	1	completed	733	none	none
734	1	completed	734	none	none
735	1	completed	735	none	none
736	1	completed	736	none	none
737	1	completed	737	none	none
738	1	completed	738	none	none
739	1	completed	739	none	none
740	1	completed	740	none	none
741	1	completed	741	none	none
742	1	completed	742	none	none
743	1	completed	743	none	none
744	1	completed	744	none	none
745	1	completed	745	none	none
746	1	completed	746	none	none
747	1	completed	747	none	none
748	1	completed	748	none	none
749	1	completed	749	none	none
750	1	completed	750	none	none
751	1	completed	751	none	none
752	1	completed	752	none	none
753	1	completed	753	none	none
754	1	completed	754	none	none
755	1	completed	755	none	none
756	1	completed	756	none	none
757	1	completed	757	none	none
758	1	completed	758	none	none
759	1	completed	759	none	none
760	1	completed	760	none	none
761	1	completed	761	none	none
762	1	completed	762	none	none
763	1	completed	763	none	none
764	1	completed	764	none	none
765	1	completed	765	none	none
766	1	completed	766	none	none
767	1	completed	767	none	none
768	1	completed	768	none	none
769	1	completed	769	none	none
770	1	completed	770	none	none
771	1	completed	771	none	none
772	1	completed	772	none	none
773	1	completed	773	none	none
774	1	completed	774	none	none
775	1	completed	775	none	none
776	1	completed	776	none	none
777	1	completed	777	none	none
778	1	completed	778	none	none
779	1	completed	779	none	none
780	1	completed	780	none	none
781	1	completed	781	none	none
782	1	completed	782	none	none
783	1	completed	783	none	none
784	1	completed	784	none	none
785	1	completed	785	none	none
786	1	completed	786	none	none
787	1	completed	787	none	none
788	1	completed	788	none	none
789	1	completed	789	none	none
790	1	completed	790	none	none
791	1	completed	791	none	none
792	1	completed	792	none	none
793	1	completed	793	none	none
794	1	completed	794	none	none
795	1	completed	795	none	none
796	1	completed	796	none	none
797	1	completed	797	none	none
798	1	completed	798	none	none
799	1	completed	799	none	none
800	1	completed	800	none	none
801	1	completed	801	none	none
802	1	completed	802	none	none
803	1	completed	803	none	none
804	1	completed	804	none	none
805	1	completed	805	none	none
806	1	completed	806	none	none
807	1	completed	807	none	none
808	1	completed	808	none	none
809	1	completed	809	none	none
810	1	completed	810	none	none
811	1	completed	811	none	none
812	1	completed	812	none	none
813	1	completed	813	none	none
814	1	completed	814	none	none
815	1	completed	815	none	none
816	1	completed	816	none	none
817	1	completed	817	none	none
818	1	completed	818	none	none
819	1	completed	819	none	none
820	1	completed	820	none	none
821	1	completed	821	none	none
822	1	completed	822	none	none
823	1	completed	823	none	none
824	1	completed	824	none	none
825	1	completed	825	none	none
826	1	completed	826	none	none
827	1	completed	827	none	none
828	1	completed	828	none	none
829	1	completed	829	none	none
830	1	completed	830	none	none
831	1	completed	831	none	none
832	1	completed	832	none	none
833	1	completed	833	none	none
834	1	completed	834	none	none
835	1	completed	835	none	none
836	1	completed	836	none	none
837	1	completed	837	none	none
838	1	completed	838	none	none
839	1	completed	839	none	none
840	1	completed	840	none	none
841	1	completed	841	none	none
842	1	completed	842	none	none
843	1	completed	843	none	none
844	1	completed	844	none	none
845	1	completed	845	none	none
846	1	completed	846	none	none
847	1	completed	847	none	none
848	1	completed	848	none	none
849	1	completed	849	none	none
850	1	completed	850	none	none
851	1	completed	851	none	none
852	1	completed	852	none	none
853	1	completed	853	none	none
854	1	completed	854	none	none
855	1	completed	855	none	none
856	1	completed	856	none	none
857	1	completed	857	none	none
858	1	completed	858	none	none
859	1	completed	859	none	none
860	1	completed	860	none	none
861	1	completed	861	none	none
862	1	completed	862	none	none
863	1	completed	863	none	none
864	1	completed	864	none	none
865	1	completed	865	none	none
866	1	completed	866	none	none
867	1	completed	867	none	none
868	1	completed	868	none	none
869	1	completed	869	none	none
870	1	completed	870	none	none
871	1	completed	871	none	none
872	1	completed	872	none	none
873	1	completed	873	none	none
874	1	completed	874	none	none
875	1	completed	875	none	none
876	1	completed	876	none	none
877	1	completed	877	none	none
878	1	completed	878	none	none
879	1	completed	879	none	none
880	1	completed	880	none	none
881	1	completed	881	none	none
882	1	completed	882	none	none
883	1	completed	883	none	none
884	1	completed	884	none	none
885	1	completed	885	none	none
886	1	completed	886	none	none
887	1	completed	887	none	none
888	1	completed	888	none	none
889	1	completed	889	none	none
890	1	completed	890	none	none
891	1	completed	891	none	none
892	1	completed	892	none	none
893	1	completed	893	none	none
894	1	completed	894	none	none
895	1	completed	895	none	none
896	1	completed	896	none	none
897	1	completed	897	none	none
898	1	completed	898	none	none
899	1	completed	899	none	none
900	1	completed	900	none	none
901	1	completed	901	none	none
902	1	completed	902	none	none
903	1	completed	903	none	none
904	1	completed	904	none	none
905	1	completed	905	none	none
906	1	completed	906	none	none
907	1	completed	907	none	none
908	1	completed	908	none	none
909	1	completed	909	none	none
910	1	completed	910	none	none
911	1	completed	911	none	none
912	1	completed	912	none	none
913	1	completed	913	none	none
914	1	completed	914	none	none
915	1	completed	915	none	none
916	1	completed	916	none	none
917	1	completed	917	none	none
918	1	completed	918	none	none
919	1	completed	919	none	none
920	1	completed	920	none	none
921	1	completed	921	none	none
922	1	completed	922	none	none
923	1	completed	923	none	none
924	1	completed	924	none	none
925	1	completed	925	none	none
926	1	completed	926	none	none
927	1	completed	927	none	none
928	1	completed	928	none	none
929	1	completed	929	none	none
930	1	completed	930	none	none
931	1	completed	931	none	none
932	1	completed	932	none	none
933	1	completed	933	none	none
934	1	completed	934	none	none
935	1	completed	935	none	none
936	1	completed	936	none	none
937	1	completed	937	none	none
938	1	completed	938	none	none
939	1	completed	939	none	none
940	1	completed	940	none	none
941	1	completed	941	none	none
942	1	completed	942	none	none
943	1	completed	943	none	none
944	1	completed	944	none	none
945	1	completed	945	none	none
946	1	completed	946	none	none
947	1	completed	947	none	none
948	1	completed	948	none	none
949	1	completed	949	none	none
950	1	completed	950	none	none
951	1	completed	951	none	none
952	1	completed	952	none	none
953	1	completed	953	none	none
954	1	completed	954	none	none
955	1	completed	955	none	none
956	1	completed	956	none	none
957	1	completed	957	none	none
958	1	completed	958	none	none
959	1	completed	959	none	none
960	1	completed	960	none	none
961	1	completed	961	none	none
962	1	completed	962	none	none
963	1	completed	963	none	none
964	1	completed	964	none	none
965	1	completed	965	none	none
966	1	completed	966	none	none
967	1	completed	967	none	none
968	1	completed	968	none	none
969	1	completed	969	none	none
970	1	completed	970	none	none
971	1	completed	971	none	none
972	1	completed	972	none	none
973	1	completed	973	none	none
974	1	completed	974	none	none
975	1	completed	975	none	none
976	1	completed	976	none	none
977	1	completed	977	none	none
978	1	completed	978	none	none
979	1	completed	979	none	none
980	1	completed	980	none	none
981	1	completed	981	none	none
982	1	completed	982	none	none
983	1	completed	983	none	none
984	1	completed	984	none	none
985	1	completed	985	none	none
986	1	completed	986	none	none
987	1	completed	987	none	none
988	1	completed	988	none	none
989	1	completed	989	none	none
990	1	completed	990	none	none
991	1	completed	991	none	none
992	1	completed	992	none	none
993	1	completed	993	none	none
994	1	completed	994	none	none
995	1	completed	995	none	none
996	1	completed	996	none	none
997	1	completed	997	none	none
998	1	completed	998	none	none
999	1	completed	999	none	none
1000	1	completed	1000	none	none
1001	1	completed	1001	none	none
1002	1	completed	1002	none	none
1003	1	completed	1003	none	none
1004	1	completed	1004	none	none
1005	1	completed	1005	none	none
1006	1	completed	1006	none	none
1007	1	completed	1007	none	none
1008	1	completed	1008	none	none
1009	1	completed	1009	none	none
1010	1	completed	1010	none	none
1011	1	completed	1011	none	none
1012	1	completed	1012	none	none
1013	1	completed	1013	none	none
1014	1	completed	1014	none	none
1015	1	completed	1015	none	none
1016	1	completed	1016	none	none
1017	1	completed	1017	none	none
1018	1	completed	1018	none	none
1019	1	completed	1019	none	none
1020	1	completed	1020	none	none
1021	1	completed	1021	none	none
1022	1	completed	1022	none	none
1023	1	completed	1023	none	none
1024	1	completed	1024	none	none
1025	1	completed	1025	none	none
1026	1	completed	1026	none	none
1027	1	completed	1027	none	none
1028	1	completed	1028	none	none
1029	1	completed	1029	none	none
1030	1	completed	1030	none	none
1031	1	completed	1031	none	none
1032	1	completed	1032	none	none
1033	1	completed	1033	none	none
1034	1	completed	1034	none	none
1035	1	completed	1035	none	none
1036	1	completed	1036	none	none
1037	1	completed	1037	none	none
1038	1	completed	1038	none	none
1039	1	completed	1039	none	none
1040	1	completed	1040	none	none
1041	1	completed	1041	none	none
1042	1	completed	1042	none	none
1043	1	completed	1043	none	none
1044	1	completed	1044	none	none
1045	1	completed	1045	none	none
1046	1	completed	1046	none	none
1047	1	completed	1047	none	none
1048	1	completed	1048	none	none
1049	1	completed	1049	none	none
1050	1	completed	1050	none	none
1051	1	completed	1051	none	none
1052	1	completed	1052	none	none
1053	1	completed	1053	none	none
1054	1	completed	1054	none	none
1055	1	completed	1055	none	none
1056	1	completed	1056	none	none
1057	1	completed	1057	none	none
1058	1	completed	1058	none	none
1059	1	completed	1059	none	none
1060	1	completed	1060	none	none
1061	1	completed	1061	none	none
1062	1	completed	1062	none	none
1063	1	completed	1063	none	none
1064	1	completed	1064	none	none
1065	1	completed	1065	none	none
1066	1	completed	1066	none	none
1067	1	completed	1067	none	none
1068	1	completed	1068	none	none
1069	1	completed	1069	none	none
1070	1	completed	1070	none	none
1071	1	completed	1071	none	none
1072	1	completed	1072	none	none
1073	1	completed	1073	none	none
1074	1	completed	1074	none	none
1075	1	completed	1075	none	none
1076	1	completed	1076	none	none
1077	1	completed	1077	none	none
1078	1	completed	1078	none	none
1079	1	completed	1079	none	none
1080	1	completed	1080	none	none
1081	1	completed	1081	none	none
1082	1	completed	1082	none	none
1083	1	completed	1083	none	none
1084	1	completed	1084	none	none
1085	1	completed	1085	none	none
1086	1	completed	1086	none	none
1087	1	completed	1087	none	none
1088	1	completed	1088	none	none
1089	1	completed	1089	none	none
1090	1	completed	1090	none	none
1091	1	completed	1091	none	none
1092	1	completed	1092	none	none
1093	1	completed	1093	none	none
1094	1	completed	1094	none	none
1095	1	completed	1095	none	none
1096	1	completed	1096	none	none
1097	1	completed	1097	none	none
1098	1	completed	1098	none	none
1099	1	completed	1099	none	none
1100	1	completed	1100	none	none
1101	1	completed	1101	none	none
1102	1	completed	1102	none	none
1103	1	completed	1103	none	none
1104	1	completed	1104	none	none
1105	1	completed	1105	none	none
1106	1	completed	1106	none	none
1107	1	completed	1107	none	none
1108	1	completed	1108	none	none
1109	1	completed	1109	none	none
1110	1	completed	1110	none	none
1111	1	completed	1111	none	none
1112	1	completed	1112	none	none
1113	1	completed	1113	none	none
1114	1	completed	1114	none	none
1115	1	completed	1115	none	none
1116	1	completed	1116	none	none
1117	1	completed	1117	none	none
1118	1	completed	1118	none	none
1119	1	completed	1119	none	none
1120	1	completed	1120	none	none
1121	1	completed	1121	none	none
1122	1	completed	1122	none	none
1123	1	completed	1123	none	none
1124	1	completed	1124	none	none
1125	1	completed	1125	none	none
1126	1	completed	1126	none	none
1127	1	completed	1127	none	none
1128	1	completed	1128	none	none
1129	1	completed	1129	none	none
1130	1	completed	1130	none	none
1131	1	completed	1131	none	none
1132	1	completed	1132	none	none
1133	1	completed	1133	none	none
1134	1	completed	1134	none	none
1135	1	completed	1135	none	none
1136	1	completed	1136	none	none
1137	1	completed	1137	none	none
1138	1	completed	1138	none	none
1139	1	completed	1139	none	none
1140	1	completed	1140	none	none
1141	1	completed	1141	none	none
1142	1	completed	1142	none	none
1143	1	completed	1143	none	none
1144	1	completed	1144	none	none
1145	1	completed	1145	none	none
1146	1	completed	1146	none	none
1147	1	completed	1147	none	none
1148	1	completed	1148	none	none
1149	1	completed	1149	none	none
1150	1	completed	1150	none	none
1151	1	completed	1151	none	none
1152	1	completed	1152	none	none
1153	1	completed	1153	none	none
1154	1	completed	1154	none	none
1155	1	completed	1155	none	none
1156	1	completed	1156	none	none
1157	1	completed	1157	none	none
1158	1	completed	1158	none	none
1159	1	completed	1159	none	none
1160	1	completed	1160	none	none
1161	1	completed	1161	none	none
1162	1	completed	1162	none	none
1163	1	completed	1163	none	none
1164	1	completed	1164	none	none
1165	1	completed	1165	none	none
1166	1	completed	1166	none	none
1167	1	completed	1167	none	none
1168	1	completed	1168	none	none
1169	1	completed	1169	none	none
1170	1	completed	1170	none	none
1171	1	completed	1171	none	none
1172	1	completed	1172	none	none
1173	1	completed	1173	none	none
1174	1	completed	1174	none	none
1175	1	completed	1175	none	none
1176	1	completed	1176	none	none
1177	1	completed	1177	none	none
1178	1	completed	1178	none	none
1179	1	completed	1179	none	none
1180	1	completed	1180	none	none
1181	1	completed	1181	none	none
1182	1	completed	1182	none	none
1183	1	completed	1183	none	none
1184	1	completed	1184	none	none
1185	1	completed	1185	none	none
1186	1	completed	1186	none	none
1187	1	completed	1187	none	none
1188	1	completed	1188	none	none
1189	1	completed	1189	none	none
1190	1	completed	1190	none	none
1191	1	completed	1191	none	none
1192	1	completed	1192	none	none
1193	1	completed	1193	none	none
1194	1	completed	1194	none	none
1195	1	completed	1195	none	none
1196	1	completed	1196	none	none
1197	1	completed	1197	none	none
1198	1	completed	1198	none	none
1199	1	completed	1199	none	none
1200	1	completed	1200	none	none
1201	1	completed	1201	none	none
1202	1	completed	1202	none	none
1203	1	completed	1203	none	none
1204	1	completed	1204	none	none
1205	1	completed	1205	none	none
1206	1	completed	1206	none	none
1207	1	completed	1207	none	none
1208	1	completed	1208	none	none
1209	1	completed	1209	none	none
1210	1	completed	1210	none	none
1211	1	completed	1211	none	none
1212	1	completed	1212	none	none
1213	1	completed	1213	none	none
1214	1	completed	1214	none	none
1215	1	completed	1215	none	none
1216	1	completed	1216	none	none
1217	1	completed	1217	none	none
1218	1	completed	1218	none	none
1219	1	completed	1219	none	none
1220	1	completed	1220	none	none
1221	1	completed	1221	none	none
1222	1	completed	1222	none	none
1223	1	completed	1223	none	none
1224	1	completed	1224	none	none
1225	1	completed	1225	none	none
1226	1	completed	1226	none	none
1227	1	completed	1227	none	none
1228	1	completed	1228	none	none
1229	1	completed	1229	none	none
1230	1	completed	1230	none	none
1231	1	completed	1231	none	none
1232	1	completed	1232	none	none
1233	1	completed	1233	none	none
1234	1	completed	1234	none	none
1235	1	completed	1235	none	none
1236	1	completed	1236	none	none
1237	1	completed	1237	none	none
1238	1	completed	1238	none	none
1239	1	completed	1239	none	none
1240	1	completed	1240	none	none
1241	1	completed	1241	none	none
1242	1	completed	1242	none	none
1243	1	completed	1243	none	none
1244	1	completed	1244	none	none
1245	1	completed	1245	none	none
1246	1	completed	1246	none	none
1247	1	completed	1247	none	none
1248	1	completed	1248	none	none
1249	1	completed	1249	none	none
1250	1	completed	1250	none	none
1251	1	completed	1251	none	none
1252	1	completed	1252	none	none
1253	1	completed	1253	none	none
1254	1	completed	1254	none	none
1255	1	completed	1255	none	none
1256	1	completed	1256	none	none
1257	1	completed	1257	none	none
1258	1	completed	1258	none	none
1259	1	completed	1259	none	none
1260	1	completed	1260	none	none
1261	1	completed	1261	none	none
1262	1	completed	1262	none	none
1263	1	completed	1263	none	none
1264	1	completed	1264	none	none
1265	1	completed	1265	none	none
1266	1	completed	1266	none	none
1267	1	completed	1267	none	none
1268	1	completed	1268	none	none
1269	1	completed	1269	none	none
1270	1	completed	1270	none	none
1271	1	completed	1271	none	none
1272	1	completed	1272	none	none
1273	1	completed	1273	none	none
1274	1	completed	1274	none	none
1275	1	completed	1275	none	none
1276	1	completed	1276	none	none
1277	1	completed	1277	none	none
1278	1	completed	1278	none	none
1279	1	completed	1279	none	none
1280	1	completed	1280	none	none
1281	1	completed	1281	none	none
1282	1	completed	1282	none	none
1283	1	completed	1283	none	none
1284	1	completed	1284	none	none
1285	1	completed	1285	none	none
1286	1	completed	1286	none	none
1287	1	completed	1287	none	none
1288	1	completed	1288	none	none
1289	1	completed	1289	none	none
1290	1	completed	1290	none	none
1291	1	completed	1291	none	none
1292	1	completed	1292	none	none
1293	1	completed	1293	none	none
1294	1	completed	1294	none	none
1295	1	completed	1295	none	none
1296	1	completed	1296	none	none
1297	1	completed	1297	none	none
1298	1	completed	1298	none	none
1299	1	completed	1299	none	none
1300	1	completed	1300	none	none
1301	1	completed	1301	none	none
1302	1	completed	1302	none	none
1303	1	completed	1303	none	none
1304	1	completed	1304	none	none
1305	1	completed	1305	none	none
1306	1	completed	1306	none	none
1307	1	completed	1307	none	none
1308	1	completed	1308	none	none
1309	1	completed	1309	none	none
1310	1	completed	1310	none	none
1311	1	completed	1311	none	none
1312	1	completed	1312	none	none
1313	1	completed	1313	none	none
1314	1	completed	1314	none	none
1315	1	completed	1315	none	none
1316	1	completed	1316	none	none
1317	1	completed	1317	none	none
1318	1	completed	1318	none	none
1319	1	completed	1319	none	none
1320	1	completed	1320	none	none
1321	1	completed	1321	none	none
1322	1	completed	1322	none	none
1323	1	completed	1323	none	none
1324	1	completed	1324	none	none
1325	1	completed	1325	none	none
1326	1	completed	1326	none	none
1327	1	completed	1327	none	none
1328	1	completed	1328	none	none
1329	1	completed	1329	none	none
1330	1	completed	1330	none	none
1331	1	completed	1331	none	none
1332	1	completed	1332	none	none
1333	1	completed	1333	none	none
1334	1	completed	1334	none	none
1335	1	completed	1335	none	none
1336	1	completed	1336	none	none
1337	1	completed	1337	none	none
1338	1	completed	1338	none	none
1339	1	completed	1339	none	none
1340	1	completed	1340	none	none
1341	1	completed	1341	none	none
1342	1	completed	1342	none	none
1343	1	completed	1343	none	none
1344	1	completed	1344	none	none
1345	1	completed	1345	none	none
1346	1	completed	1346	none	none
1347	1	completed	1347	none	none
1348	1	completed	1348	none	none
1349	1	completed	1349	none	none
1350	1	completed	1350	none	none
1351	1	completed	1351	none	none
1352	1	completed	1352	none	none
1353	1	completed	1353	none	none
1354	1	completed	1354	none	none
1355	1	completed	1355	none	none
1356	1	completed	1356	none	none
1357	1	completed	1357	none	none
1358	1	completed	1358	none	none
1359	1	completed	1359	none	none
1360	1	completed	1360	none	none
1361	1	completed	1361	none	none
1362	1	completed	1362	none	none
1363	1	completed	1363	none	none
1364	1	completed	1364	none	none
1365	1	completed	1365	none	none
1366	1	completed	1366	none	none
1367	1	completed	1367	none	none
1368	1	completed	1368	none	none
1369	1	completed	1369	none	none
1370	1	completed	1370	none	none
1371	1	completed	1371	none	none
1372	1	completed	1372	none	none
1373	1	completed	1373	none	none
1374	1	completed	1374	none	none
1375	1	completed	1375	none	none
1376	1	completed	1376	none	none
1377	1	completed	1377	none	none
1378	1	completed	1378	none	none
1379	1	completed	1379	none	none
1380	1	completed	1380	none	none
1381	1	completed	1381	none	none
1382	1	completed	1382	none	none
1383	1	completed	1383	none	none
1384	1	completed	1384	none	none
1385	1	completed	1385	none	none
1386	1	completed	1386	none	none
1387	1	completed	1387	none	none
1388	1	completed	1388	none	none
1389	1	completed	1389	none	none
1390	1	completed	1390	none	none
1391	1	completed	1391	none	none
1392	1	completed	1392	none	none
1393	1	completed	1393	none	none
1394	1	completed	1394	none	none
1395	1	completed	1395	none	none
1396	1	completed	1396	none	none
1397	1	completed	1397	none	none
1398	1	completed	1398	none	none
1399	1	completed	1399	none	none
1400	1	completed	1400	none	none
1401	1	completed	1401	none	none
1402	1	completed	1402	none	none
1403	1	completed	1403	none	none
1404	1	completed	1404	none	none
1405	1	completed	1405	none	none
1406	1	completed	1406	none	none
1407	1	completed	1407	none	none
1408	1	completed	1408	none	none
1409	1	completed	1409	none	none
1410	1	completed	1410	none	none
1411	1	completed	1411	none	none
1412	1	completed	1412	none	none
1413	1	completed	1413	none	none
1414	1	completed	1414	none	none
1415	1	completed	1415	none	none
1416	1	completed	1416	none	none
1417	1	completed	1417	none	none
1418	1	completed	1418	none	none
1419	1	completed	1419	none	none
1420	1	completed	1420	none	none
1421	1	completed	1421	none	none
1422	1	completed	1422	none	none
1423	1	completed	1423	none	none
1424	1	completed	1424	none	none
1425	1	completed	1425	none	none
1426	1	completed	1426	none	none
1427	1	completed	1427	none	none
1428	1	completed	1428	none	none
1429	1	completed	1429	none	none
1430	1	completed	1430	none	none
1431	1	completed	1431	none	none
1432	1	completed	1432	none	none
1433	1	completed	1433	none	none
1434	1	completed	1434	none	none
1435	1	completed	1435	none	none
1436	1	completed	1436	none	none
1437	1	completed	1437	none	none
1438	1	completed	1438	none	none
1439	1	completed	1439	none	none
1440	1	completed	1440	none	none
1441	1	completed	1441	none	none
1442	1	completed	1442	none	none
1443	1	completed	1443	none	none
1444	1	completed	1444	none	none
1445	1	completed	1445	none	none
1446	1	completed	1446	none	none
1447	1	completed	1447	none	none
1448	1	completed	1448	none	none
1449	1	completed	1449	none	none
1450	1	completed	1450	none	none
1451	1	completed	1451	none	none
1452	1	completed	1452	none	none
1453	1	completed	1453	none	none
1454	1	completed	1454	none	none
1455	1	completed	1455	none	none
1456	1	completed	1456	none	none
1457	1	completed	1457	none	none
1458	1	completed	1458	none	none
1459	1	completed	1459	none	none
1460	1	completed	1460	none	none
1461	1	completed	1461	none	none
1462	1	completed	1462	none	none
1463	1	completed	1463	none	none
1464	1	completed	1464	none	none
1465	1	completed	1465	none	none
1466	1	completed	1466	none	none
1467	1	completed	1467	none	none
1468	1	completed	1468	none	none
1469	1	completed	1469	none	none
1470	1	completed	1470	none	none
1471	1	completed	1471	none	none
1472	1	completed	1472	none	none
1473	1	completed	1473	none	none
1474	1	completed	1474	none	none
1475	1	completed	1475	none	none
1476	1	completed	1476	none	none
1477	1	completed	1477	none	none
1478	1	completed	1478	none	none
1479	1	completed	1479	none	none
1480	1	completed	1480	none	none
1481	1	completed	1481	none	none
1482	1	completed	1482	none	none
1483	1	completed	1483	none	none
1484	1	completed	1484	none	none
1485	1	completed	1485	none	none
1486	1	completed	1486	none	none
1487	1	completed	1487	none	none
1488	1	completed	1488	none	none
1489	1	completed	1489	none	none
1490	1	completed	1490	none	none
1491	1	completed	1491	none	none
1492	1	completed	1492	none	none
1493	1	completed	1493	none	none
1494	1	completed	1494	none	none
1495	1	completed	1495	none	none
1496	1	completed	1496	none	none
1497	1	completed	1497	none	none
1498	1	completed	1498	none	none
1499	1	completed	1499	none	none
1500	1	completed	1500	none	none
1501	1	completed	1501	none	none
1502	1	completed	1502	none	none
1503	1	completed	1503	none	none
1504	1	completed	1504	none	none
1505	1	completed	1505	none	none
1506	1	completed	1506	none	none
1507	1	completed	1507	none	none
1508	1	completed	1508	none	none
1509	1	completed	1509	none	none
1510	1	completed	1510	none	none
1511	1	completed	1511	none	none
1512	1	completed	1512	none	none
1513	1	completed	1513	none	none
1514	1	completed	1514	none	none
1515	1	completed	1515	none	none
1516	1	completed	1516	none	none
1517	1	completed	1517	none	none
1518	1	completed	1518	none	none
1519	1	completed	1519	none	none
1520	1	completed	1520	none	none
1521	1	completed	1521	none	none
1522	1	completed	1522	none	none
1523	1	completed	1523	none	none
1524	1	completed	1524	none	none
1525	1	completed	1525	none	none
1526	1	completed	1526	none	none
1527	1	completed	1527	none	none
1528	1	completed	1528	none	none
1529	1	completed	1529	none	none
1530	1	completed	1530	none	none
1531	1	completed	1531	none	none
1532	1	completed	1532	none	none
1533	1	completed	1533	none	none
1534	1	completed	1534	none	none
1535	1	completed	1535	none	none
1536	1	completed	1536	none	none
1537	1	completed	1537	none	none
1538	1	completed	1538	none	none
1539	1	completed	1539	none	none
1540	1	completed	1540	none	none
1541	1	completed	1541	none	none
1542	1	completed	1542	none	none
1543	1	completed	1543	none	none
1544	1	completed	1544	none	none
1545	1	completed	1545	none	none
1546	1	completed	1546	none	none
1547	1	completed	1547	none	none
1548	1	completed	1548	none	none
1549	1	completed	1549	none	none
1550	1	completed	1550	none	none
1551	1	completed	1551	none	none
1552	1	completed	1552	none	none
1553	1	completed	1553	none	none
1554	1	completed	1554	none	none
1555	1	completed	1555	none	none
1556	1	completed	1556	none	none
1557	1	completed	1557	none	none
1558	1	completed	1558	none	none
1559	1	completed	1559	none	none
1560	1	completed	1560	none	none
1561	1	completed	1561	none	none
1562	1	completed	1562	none	none
1563	1	completed	1563	none	none
1564	1	completed	1564	none	none
1565	1	completed	1565	none	none
1566	1	completed	1566	none	none
1567	1	completed	1567	none	none
1568	1	completed	1568	none	none
1569	1	completed	1569	none	none
1570	1	completed	1570	none	none
1571	1	completed	1571	none	none
1572	1	completed	1572	none	none
1573	1	completed	1573	none	none
1574	1	completed	1574	none	none
1575	1	completed	1575	none	none
1576	1	completed	1576	none	none
1577	1	completed	1577	none	none
1578	1	completed	1578	none	none
1579	1	completed	1579	none	none
1580	1	completed	1580	none	none
1581	1	completed	1581	none	none
1582	1	completed	1582	none	none
1583	1	completed	1583	none	none
1584	1	completed	1584	none	none
1585	1	completed	1585	none	none
1586	1	completed	1586	none	none
1587	1	completed	1587	none	none
1588	1	completed	1588	none	none
1589	1	completed	1589	none	none
1590	1	completed	1590	none	none
1591	1	completed	1591	none	none
1592	1	completed	1592	none	none
1593	1	completed	1593	none	none
1594	1	completed	1594	none	none
1595	1	completed	1595	none	none
1596	1	completed	1596	none	none
1597	1	completed	1597	none	none
1598	1	completed	1598	none	none
1599	1	completed	1599	none	none
1600	1	completed	1600	none	none
1601	1	completed	1601	none	none
1602	1	completed	1602	none	none
1603	1	completed	1603	none	none
1604	1	completed	1604	none	none
1605	1	completed	1605	none	none
1606	1	completed	1606	none	none
1607	1	completed	1607	none	none
1608	1	completed	1608	none	none
1609	1	completed	1609	none	none
1610	1	completed	1610	none	none
1611	1	completed	1611	none	none
1612	1	completed	1612	none	none
1613	1	completed	1613	none	none
1614	1	completed	1614	none	none
1615	1	completed	1615	none	none
1616	1	completed	1616	none	none
1617	1	completed	1617	none	none
1618	1	completed	1618	none	none
1619	1	completed	1619	none	none
1620	1	completed	1620	none	none
1621	1	completed	1621	none	none
1622	1	completed	1622	none	none
1623	1	completed	1623	none	none
1624	1	completed	1624	none	none
1625	1	completed	1625	none	none
1626	1	completed	1626	none	none
1627	1	completed	1627	none	none
1628	1	completed	1628	none	none
1629	1	completed	1629	none	none
1630	1	completed	1630	none	none
1631	1	completed	1631	none	none
1632	1	completed	1632	none	none
1633	1	completed	1633	none	none
1634	1	completed	1634	none	none
1635	1	completed	1635	none	none
1636	1	completed	1636	none	none
1637	1	completed	1637	none	none
1638	1	completed	1638	none	none
1639	1	completed	1639	none	none
1640	1	completed	1640	none	none
1641	1	completed	1641	none	none
1642	1	completed	1642	none	none
1643	1	completed	1643	none	none
1644	1	completed	1644	none	none
1645	1	completed	1645	none	none
1646	1	completed	1646	none	none
1647	1	completed	1647	none	none
1648	1	completed	1648	none	none
1649	1	completed	1649	none	none
1650	1	completed	1650	none	none
1651	1	completed	1651	none	none
1652	1	completed	1652	none	none
1653	1	completed	1653	none	none
1654	1	completed	1654	none	none
1655	1	completed	1655	none	none
1656	1	completed	1656	none	none
1657	1	completed	1657	none	none
1658	1	completed	1658	none	none
1659	1	completed	1659	none	none
1660	1	completed	1660	none	none
1661	1	completed	1661	none	none
1662	1	completed	1662	none	none
1663	1	completed	1663	none	none
1664	1	completed	1664	none	none
1665	1	completed	1665	none	none
1666	1	completed	1666	none	none
1667	1	completed	1667	none	none
1668	1	completed	1668	none	none
1669	1	completed	1669	none	none
1670	1	completed	1670	none	none
1671	1	completed	1671	none	none
1672	1	completed	1672	none	none
1673	1	completed	1673	none	none
1674	1	completed	1674	none	none
1675	1	completed	1675	none	none
1676	1	completed	1676	none	none
1677	1	completed	1677	none	none
1678	1	completed	1678	none	none
1679	1	completed	1679	none	none
1680	1	completed	1680	none	none
1681	1	completed	1681	none	none
1682	1	completed	1682	none	none
1683	1	completed	1683	none	none
1684	1	completed	1684	none	none
1685	1	completed	1685	none	none
1686	1	completed	1686	none	none
1687	1	completed	1687	none	none
1688	1	completed	1688	none	none
1689	1	completed	1689	none	none
1690	1	completed	1690	none	none
1691	1	completed	1691	none	none
1692	1	completed	1692	none	none
1693	1	completed	1693	none	none
1694	1	completed	1694	none	none
1695	1	completed	1695	none	none
1696	1	completed	1696	none	none
1697	1	completed	1697	none	none
1698	1	completed	1698	none	none
1699	1	completed	1699	none	none
1700	1	completed	1700	none	none
1701	1	completed	1701	none	none
1702	1	completed	1702	none	none
1703	1	completed	1703	none	none
1704	1	completed	1704	none	none
1705	1	completed	1705	none	none
1706	1	completed	1706	none	none
1707	1	completed	1707	none	none
1708	1	completed	1708	none	none
1709	1	completed	1709	none	none
1710	1	completed	1710	none	none
1711	1	completed	1711	none	none
1712	1	completed	1712	none	none
1713	1	completed	1713	none	none
1714	1	completed	1714	none	none
1715	1	completed	1715	none	none
1716	1	completed	1716	none	none
1717	1	completed	1717	none	none
1718	1	completed	1718	none	none
1719	1	completed	1719	none	none
1720	1	completed	1720	none	none
1721	1	completed	1721	none	none
1722	1	completed	1722	none	none
1723	1	completed	1723	none	none
1724	1	completed	1724	none	none
1725	1	completed	1725	none	none
1726	1	completed	1726	none	none
1727	1	completed	1727	none	none
1728	1	completed	1728	none	none
1729	1	completed	1729	none	none
1730	1	completed	1730	none	none
1731	1	completed	1731	none	none
1732	1	completed	1732	none	none
1733	1	completed	1733	none	none
1734	1	completed	1734	none	none
1735	1	completed	1735	none	none
1736	1	completed	1736	none	none
1737	1	completed	1737	none	none
1738	1	completed	1738	none	none
1739	1	completed	1739	none	none
1740	1	completed	1740	none	none
1741	1	completed	1741	none	none
1742	1	completed	1742	none	none
1743	1	completed	1743	none	none
1744	1	completed	1744	none	none
1745	1	completed	1745	none	none
1746	1	completed	1746	none	none
1747	1	completed	1747	none	none
1748	1	completed	1748	none	none
1749	1	completed	1749	none	none
1750	1	completed	1750	none	none
1751	1	completed	1751	none	none
1752	1	completed	1752	none	none
1753	1	completed	1753	none	none
1754	1	completed	1754	none	none
1755	1	completed	1755	none	none
1756	1	completed	1756	none	none
1757	1	completed	1757	none	none
1758	1	completed	1758	none	none
1759	1	completed	1759	none	none
1760	1	completed	1760	none	none
1761	1	completed	1761	none	none
1762	1	completed	1762	none	none
1763	1	completed	1763	none	none
1764	1	completed	1764	none	none
1765	1	completed	1765	none	none
1766	1	completed	1766	none	none
1767	1	completed	1767	none	none
1768	1	completed	1768	none	none
1769	1	completed	1769	none	none
1770	1	completed	1770	none	none
1771	1	completed	1771	none	none
1772	1	completed	1772	none	none
1773	1	completed	1773	none	none
1774	1	completed	1774	none	none
1775	1	completed	1775	none	none
1776	1	completed	1776	none	none
1777	1	completed	1777	none	none
1778	1	completed	1778	none	none
1779	1	completed	1779	none	none
1780	1	completed	1780	none	none
1781	1	completed	1781	none	none
1782	1	completed	1782	none	none
1783	1	completed	1783	none	none
1784	1	completed	1784	none	none
1785	1	completed	1785	none	none
1786	1	completed	1786	none	none
1787	1	completed	1787	none	none
1788	1	completed	1788	none	none
1789	1	completed	1789	none	none
1790	1	completed	1790	none	none
1791	1	completed	1791	none	none
1792	1	completed	1792	none	none
1793	1	completed	1793	none	none
1794	1	completed	1794	none	none
1795	1	completed	1795	none	none
1796	1	completed	1796	none	none
1797	1	completed	1797	none	none
1798	1	completed	1798	none	none
1799	1	completed	1799	none	none
1800	1	completed	1800	none	none
1801	1	completed	1801	none	none
1802	1	completed	1802	none	none
1803	1	completed	1803	none	none
1804	1	completed	1804	none	none
1805	1	completed	1805	none	none
1806	1	completed	1806	none	none
1807	1	completed	1807	none	none
1808	1	completed	1808	none	none
1809	1	completed	1809	none	none
1810	1	completed	1810	none	none
1811	1	completed	1811	none	none
1812	1	completed	1812	none	none
1813	1	completed	1813	none	none
1814	1	completed	1814	none	none
1815	1	completed	1815	none	none
1816	1	completed	1816	none	none
1817	1	completed	1817	none	none
1818	1	completed	1818	none	none
1819	1	completed	1819	none	none
1820	1	completed	1820	none	none
1821	1	completed	1821	none	none
1822	1	completed	1822	none	none
1823	1	completed	1823	none	none
1824	1	completed	1824	none	none
1825	1	completed	1825	none	none
1826	1	completed	1826	none	none
1827	1	completed	1827	none	none
1828	1	completed	1828	none	none
1829	1	completed	1829	none	none
1830	1	completed	1830	none	none
1831	1	completed	1831	none	none
1832	1	completed	1832	none	none
1833	1	completed	1833	none	none
1834	1	completed	1834	none	none
1835	1	completed	1835	none	none
1836	1	completed	1836	none	none
1837	1	completed	1837	none	none
1838	1	completed	1838	none	none
1839	1	completed	1839	none	none
1840	1	completed	1840	none	none
1841	1	completed	1841	none	none
1842	1	completed	1842	none	none
1843	1	completed	1843	none	none
1844	1	completed	1844	none	none
1845	1	completed	1845	none	none
1846	1	completed	1846	none	none
1847	1	completed	1847	none	none
1848	1	completed	1848	none	none
1849	1	completed	1849	none	none
1850	1	completed	1850	none	none
1851	1	completed	1851	none	none
1852	1	completed	1852	none	none
1853	1	completed	1853	none	none
1854	1	completed	1854	none	none
1855	1	completed	1855	none	none
1856	1	completed	1856	none	none
1857	1	completed	1857	none	none
1858	1	completed	1858	none	none
1859	1	completed	1859	none	none
1860	1	completed	1860	none	none
1861	1	completed	1861	none	none
1862	1	completed	1862	none	none
1863	1	completed	1863	none	none
1864	1	completed	1864	none	none
1865	1	completed	1865	none	none
1866	1	completed	1866	none	none
1867	1	completed	1867	none	none
1868	1	completed	1868	none	none
1869	1	completed	1869	none	none
1870	1	completed	1870	none	none
1871	1	completed	1871	none	none
1872	1	completed	1872	none	none
1873	1	completed	1873	none	none
1874	1	completed	1874	none	none
1875	1	completed	1875	none	none
1876	1	completed	1876	none	none
1877	1	completed	1877	none	none
1878	1	completed	1878	none	none
1879	1	completed	1879	none	none
1880	1	completed	1880	none	none
1881	1	completed	1881	none	none
1882	1	completed	1882	none	none
1883	1	completed	1883	none	none
1884	1	completed	1884	none	none
1885	1	completed	1885	none	none
1886	1	completed	1886	none	none
1887	1	completed	1887	none	none
1888	1	completed	1888	none	none
1889	1	completed	1889	none	none
1890	1	completed	1890	none	none
1891	1	completed	1891	none	none
1892	1	completed	1892	none	none
1893	1	completed	1893	none	none
1894	1	completed	1894	none	none
1895	1	completed	1895	none	none
1896	1	completed	1896	none	none
1897	1	completed	1897	none	none
1898	1	completed	1898	none	none
1899	1	completed	1899	none	none
1900	1	completed	1900	none	none
1901	1	completed	1901	none	none
1902	1	completed	1902	none	none
1903	1	completed	1903	none	none
1904	1	completed	1904	none	none
1905	1	completed	1905	none	none
1906	1	completed	1906	none	none
1907	1	completed	1907	none	none
1908	1	completed	1908	none	none
1909	1	completed	1909	none	none
1910	1	completed	1910	none	none
1911	1	completed	1911	none	none
1912	1	completed	1912	none	none
1913	1	completed	1913	none	none
1914	1	completed	1914	none	none
1915	1	completed	1915	none	none
1916	1	completed	1916	none	none
1917	1	completed	1917	none	none
1918	1	completed	1918	none	none
1919	1	completed	1919	none	none
1920	1	completed	1920	none	none
1921	1	completed	1921	none	none
1922	1	completed	1922	none	none
1923	1	completed	1923	none	none
1924	1	completed	1924	none	none
1925	1	completed	1925	none	none
1926	1	completed	1926	none	none
1927	1	completed	1927	none	none
1928	1	completed	1928	none	none
1929	1	completed	1929	none	none
1930	1	completed	1930	none	none
1931	1	completed	1931	none	none
1932	1	completed	1932	none	none
1933	1	completed	1933	none	none
1934	1	completed	1934	none	none
1935	1	completed	1935	none	none
1936	1	completed	1936	none	none
1937	1	completed	1937	none	none
1938	1	completed	1938	none	none
1939	1	completed	1939	none	none
1940	1	completed	1940	none	none
1941	1	completed	1941	none	none
1942	1	completed	1942	none	none
1943	1	completed	1943	none	none
1944	1	completed	1944	none	none
1945	1	completed	1945	none	none
1946	1	completed	1946	none	none
1947	1	completed	1947	none	none
1948	1	completed	1948	none	none
1949	1	completed	1949	none	none
1950	1	completed	1950	none	none
1951	1	completed	1951	none	none
1952	1	completed	1952	none	none
1953	1	completed	1953	none	none
1954	1	completed	1954	none	none
1955	1	completed	1955	none	none
1956	1	completed	1956	none	none
1957	1	completed	1957	none	none
1958	1	completed	1958	none	none
1959	1	completed	1959	none	none
1960	1	completed	1960	none	none
1961	1	completed	1961	none	none
1962	1	completed	1962	none	none
1963	1	completed	1963	none	none
1964	1	completed	1964	none	none
1965	1	completed	1965	none	none
1966	1	completed	1966	none	none
1967	1	completed	1967	none	none
1968	1	completed	1968	none	none
1969	1	completed	1969	none	none
1970	1	completed	1970	none	none
1971	1	completed	1971	none	none
1972	1	completed	1972	none	none
1973	1	completed	1973	none	none
1974	1	completed	1974	none	none
1975	1	completed	1975	none	none
1976	1	completed	1976	none	none
1977	1	completed	1977	none	none
1978	1	completed	1978	none	none
1979	1	completed	1979	none	none
1980	1	completed	1980	none	none
1981	1	completed	1981	none	none
1982	1	completed	1982	none	none
1983	1	completed	1983	none	none
1984	1	completed	1984	none	none
1985	1	completed	1985	none	none
1986	1	completed	1986	none	none
1987	1	completed	1987	none	none
1988	1	completed	1988	none	none
1989	1	completed	1989	none	none
1990	1	completed	1990	none	none
1991	1	completed	1991	none	none
1992	1	completed	1992	none	none
1993	1	completed	1993	none	none
1994	1	completed	1994	none	none
1995	1	completed	1995	none	none
1996	1	completed	1996	none	none
1997	1	completed	1997	none	none
1998	1	completed	1998	none	none
1999	1	completed	1999	none	none
2000	1	completed	2000	none	none
2001	1	completed	2001	none	none
2002	1	completed	2002	none	none
2003	1	completed	2003	none	none
2004	1	completed	2004	none	none
2005	1	completed	2005	none	none
2006	1	completed	2006	none	none
2007	1	completed	2007	none	none
2008	1	completed	2008	none	none
2009	1	completed	2009	none	none
2010	1	completed	2010	none	none
2011	1	completed	2011	none	none
2012	1	completed	2012	none	none
2013	1	completed	2013	none	none
2014	1	completed	2014	none	none
2015	1	completed	2015	none	none
2016	1	completed	2016	none	none
2017	1	completed	2017	none	none
2018	1	completed	2018	none	none
2019	1	completed	2019	none	none
2020	1	completed	2020	none	none
2021	1	completed	2021	none	none
2022	1	completed	2022	none	none
2023	1	completed	2023	none	none
2024	1	completed	2024	none	none
2025	1	completed	2025	none	none
2026	1	completed	2026	none	none
2027	1	completed	2027	none	none
2028	1	completed	2028	none	none
2029	1	completed	2029	none	none
2030	1	completed	2030	none	none
2031	1	completed	2031	none	none
2032	1	completed	2032	none	none
2033	1	completed	2033	none	none
2034	1	completed	2034	none	none
2035	1	completed	2035	none	none
2036	1	completed	2036	none	none
2037	1	completed	2037	none	none
2038	1	completed	2038	none	none
2039	1	completed	2039	none	none
2040	1	completed	2040	none	none
2041	1	completed	2041	none	none
2042	1	completed	2042	none	none
2043	1	completed	2043	none	none
2044	1	completed	2044	none	none
2045	1	completed	2045	none	none
2046	1	completed	2046	none	none
2047	1	completed	2047	none	none
2048	1	completed	2048	none	none
4095	1	completed	4095	none	none
4096	1	completed	4096	none	none
4097	1	completed	4097	none	none
8191	1	completed	8191	none	none
8192	1	completed	8192	none	none
8193	1	completed	8193	none	none
16383	1	completed	16383	none	none
16384	1	completed	16384	none	none
16385	1	completed	16385	none	none
32767	1	completed	32767	none	none
32768	1	completed	32768	none	none
32769	1	completed	32769	none	none
65535	1	completed	65535	none	none
65536	1	completed	65536	none	none
65537	1	completed	65537	none	none
131071	1	completed	131071	none	none
131072	1	completed	131072	none	none
131073	1	completed	131073	none	none
262143	1	completed	262143	none	none
262144	1	completed	262144	none	none
262145	1	completed	262145	none	none
524287	1	completed	524287	none	none
524288	1	completed	524288	none	none
524289	1	completed	524289	none	none
1048575	1	completed	1048575	none	none
1048576	1	completed	1048576	none	none
1048577	1	completed	1048577	none	none
2097151	1	completed	2097151	none	none
2097152	1	completed	2097152	none	none
2097153	1	completed	2097153	none	none
4194303	1	completed	4194303	none	none
4194304	1	completed	4194304	none	none
4194305	1	completed	4194305	none	none
8388607	1	completed	8388607	none	none
8388608	1	completed	8388608	none	none
8388609	1	completed	8388609	none	none
16777215	1	completed	16777215	none	none
16777216	1	completed	16777216	none	none
16777217	1	completed	16777217	none	none
33554431	1	completed	33554431	none	none
33554432	1	completed	33554432	none	none
33554433	1	completed	33554433	none	none
67108863	1	completed	67108863	none	none
67108864	1	completed	67108864	none	none
67108865	1	completed	67108865	none	none
134217727	1	completed	134217727	none	none
134217728	1	completed	134217728	none	none
134217729	1	completed	134217729	none	none
268435455	1	completed	268435455	none	none
268435456	1	completed	268435456	none	none
1	32	completed	1	none	none
2	32	completed	2	none	none
3	32	completed	3	none	none
4	32	completed	4	none	none
5	32	completed	5	none	none
6	32	completed	6	none	none
7	32	completed	7	none	none
8	32	completed	8	none	none
9	32	completed	9	none	none
10	32	completed	10	none	none
11	32	completed	11	none	none
12	32	completed	12	none	none
13	32	completed	13	none	none
14	32	completed	14	none	none
15	32	completed	15	none	none
16	32	completed	16	none	none
17	32	completed	17	none	none
18	32	completed	18	none	none
19	32	completed	19	none	none
20	32	completed	20	none	none
21	32	completed	21	none	none
22	32	completed	22	none	none
23	32	completed	23	none	none
24	32	completed	24	none	none
25	32	completed	25	none	none
26	32	completed	26	none	none
27	32	completed	27	none	none
28	32	completed	28	none	none
29	32	completed	29	none	none
30	32	completed	30	none	none
31	32	completed	31	none	none
32	32	completed	32	none	none
33	32	completed	33	none	none
34	32	completed	34	none	none
35	32	completed	35	none	none
36	32	completed	36	none	none
37	32	completed	37	none	none
38	32	completed	38	none	none
39	32	completed	39	none	none
40	32	completed	40	none	none
41	32	completed	41	none	none
42	32	completed	42	none	none
43	32	completed	43	none	none
44	32	completed	44	none	none
45	32	completed	45	none	none
46	32	completed	46	none	none
47	32	completed	47	none	none
48	32	completed	48	none	none
49	32	completed	49	none	none
50	32	completed	50	none	none
51	32	completed	51	none	none
52	32	completed	52	none	none
53	32	completed	53	none	none
54	32	completed	54	none	none
55	32	completed	55	none	none
56	32	completed	56	none	none
57	32	completed	57	none	none
58	32	completed	58	none	none
59	32	completed	59	none	none
60	32	completed	60	none	none
61	32	completed	61	none	none
62	32	completed	62	none	none
63	32	completed	63	none	none
64	32	completed	64	none	none
65	32	completed	65	none	none
66	32	completed	66	none	none
67	32	completed	67	none	none
68	32	completed	68	none	none
69	32	completed	69	none	none
70	32	completed	70	none	none
71	32	completed	71	none	none
72	32	completed	72	none	none
73	32	completed	73	none	none
74	32	completed	74	none	none
75	32	completed	75	none	none
76	32	completed	76	none	none
77	32	completed	77	none	none
78	32	completed	78	none	none
79	32	completed	79	none	none
80	32	completed	80	none	none
81	32	completed	81	none	none
82	32	completed	82	none	none
83	32	completed	83	none	none
84	32	completed	84	none	none
85	32	completed	85	none	none
86	32	completed	86	none	none
87	32	completed	87	none	none
88	32	completed	88	none	none
89	32	completed	89	none	none
90	32	completed	90	none	none
91	32	completed	91	none	none
92	32	completed	92	none	none
93	32	completed	93	none	none
94	32	completed	94	none	none
95	32	completed	95	none	none
96	32	completed	96	none	none
97	32	completed	97	none	none
98	32	completed	98	none	none
99	32	completed	99	none	none
100	32	completed	100	none	none
101	32	completed	101	none	none
102	32	completed	102	none	none
103	32	completed	103	none	none
104	32	completed	104	none	none
105	32	completed	105	none	none
106	32	completed	106	none	none
107	32	completed	107	none	none
108	32	completed	108	none	none
109	32	completed	109	none	none
110	32	completed	110	none	none
111	32	completed	111	none	none
112	32	completed	112	none	none
113	32	completed	113	none	none
114	32	completed	114	none	none
115	32	completed	115	none	none
116	32	completed	116	none	none
117	32	completed	117	none	none
118	32	completed	118	none	none
119	32	completed	119	none	none
120	32	completed	120	none	none
121	32	completed	121	none	none
122	32	completed	122	none	none
123	32	completed	123	none	none
124	32	completed	124	none	none
125	32	completed	125	none	none
126	32	completed	126	none	none
127	32	completed	127	none	none
128	32	completed	128	none	none
129	32	completed	129	none	none
130	32	completed	130	none	none
131	32	completed	131	none	none
132	32	completed	132	none	none
133	32	completed	133	none	none
134	32	completed	134	none	none
135	32	completed	135	none	none
136	32	completed	136	none	none
137	32	completed	137	none	none
138	32	completed	138	none	none
139	32	completed	139	none	none
140	32	completed	140	none	none
141	32	completed	141	none	none
142	32	completed	142	none	none
143	32	completed	143	none	none
144	32	completed	144	none	none
145	32	completed	145	none	none
146	32	completed	146	none	none
147	32	completed	147	none	none
148	32	completed	148	none	none
149	32	completed	149	none	none
150	32	completed	150	none	none
151	32	completed	151	none	none
152	32	completed	152	none	none
153	32	completed	153	none	none
154	32	completed	154	none	none
155	32	completed	155	none	none
156	32	completed	156	none	none
157	32	completed	157	none	none
158	32	completed	158	none	none
159	32	completed	159	none	none
160	32	completed	160	none	none
161	32	completed	161	none	none
162	32	completed	162	none	none
163	32	completed	163	none	none
164	32	completed	164	none	none
165	32	completed	165	none	none
166	32	completed	166	none	none
167	32	completed	167	none	none
168	32	completed	168	none	none
169	32	completed	169	none	none
170	32	completed	170	none	none
171	32	completed	171	none	none
172	32	completed	172	none	none
173	32	completed	173	none	none
174	32	completed	174	none	none
175	32	completed	175	none	none
176	32	completed	176	none	none
177	32	completed	177	none	none
178	32	completed	178	none	none
179	32	completed	179	none	none
180	32	completed	180	none	none
181	32	completed	181	none	none
182	32	completed	182	none	none
183	32	completed	183	none	none
184	32	completed	184	none	none
185	32	completed	185	none	none
186	32	completed	186	none	none
187	32	completed	187	none	none
188	32	completed	188	none	none
189	32	completed	189	none	none
190	32	completed	190	none	none
191	32	completed	191	none	none
192	32	completed	192	none	none
193	32	completed	193	none	none
194	32	completed	194	none	none
195	32	completed	195	none	none
196	32	completed	196	none	none
197	32	completed	197	none	none
198	32	completed	198	none	none
199	32	completed	199	none	none
200	32	completed	200	none	none
201	32	completed	201	none	none
202	32	completed	202	none	none
203	32	completed	203	none	none
204	32	completed	204	none	none
205	32	completed	205	none	none
206	32	completed	206	none	none
207	32	completed	207	none	none
208	32	completed	208	none	none
209	32	completed	209	none	none
210	32	completed	210	none	none
211	32	completed	211	none	none
212	32	completed	212	none	none
213	32	completed	213	none	none
214	32	completed	214	none	none
215	32	completed	215	none	none
216	32	completed	216	none	none
217	32	completed	217	none	none
218	32	completed	218	none	none
219	32	completed	219	none	none
220	32	completed	220	none	none
221	32	completed	221	none	none
222	32	completed	222	none	none
223	32	completed	223	none	none
224	32	completed	224	none	none
225	32	completed	225	none	none
226	32	completed	226	none	none
227	32	completed	227	none	none
228	32	completed	228	none	none
229	32	completed	229	none	none
230	32	completed	230	none	none
231	32	completed	231	none	none
232	32	completed	232	none	none
233	32	completed	233	none	none
234	32	completed	234	none	none
235	32	completed	235	none	none
236	32	completed	236	none	none
237	32	completed	237	none	none
238	32	completed	238	none	none
239	32	completed	239	none	none
240	32	completed	240	none	none
241	32	completed	241	none	none
242	32	completed	242	none	none
243	32	completed	243	none	none
244	32	completed	244	none	none
245	32	completed	245	none	none
246	32	completed	246	none	none
247	32	completed	247	none	none
248	32	completed	248	none	none
249	32	completed	249	none	none
250	32	completed	250	none	none
251	32	completed	251	none	none
252	32	completed	252	none	none
253	32	completed	253	none	none
254	32	completed	254	none	none
255	32	completed	255	none	none
256	32	completed	256	none	none
257	32	completed	257	none	none
258	32	completed	258	none	none
259	32	completed	259	none	none
260	32	completed	260	none	none
261	32	completed	261	none	none
262	32	completed	262	none	none
263	32	completed	263	none	none
264	32	completed	264	none	none
265	32	completed	265	none	none
266	32	completed	266	none	none
267	32	completed	267	none	none
268	32	completed	268	none	none
269	32	completed	269	none	none
270	32	completed	270	none	none
271	32	completed	271	none	none
272	32	completed	272	none	none
273	32	completed	273	none	none
274	32	completed	274	none	none
275	32	completed	275	none	none
276	32	completed	276	none	none
277	32	completed	277	none	none
278	32	completed	278	none	none
279	32	completed	279	none	none
280	32	completed	280	none	none
281	32	completed	281	none	none
282	32	completed	282	none	none
283	32	completed	283	none	none
284	32	completed	284	none	none
285	32	completed	285	none	none
286	32	completed	286	none	none
287	32	completed	287	none	none
288	32	completed	288	none	none
289	32	completed	289	none	none
290	32	completed	290	none	none
291	32	completed	291	none	none
292	32	completed	292	none	none
293	32	completed	293	none	none
294	32	completed	294	none	none
295	32	completed	295	none	none
296	32	completed	296	none	none
297	32	completed	297	none	none
298	32	completed	298	none	none
299	32	completed	299	none	none
300	32	completed	300	none	none
301	32	completed	301	none	none
302	32	completed	302	none	none
303	32	completed	303	none	none
304	32	completed	304	none	none
305	32	completed	305	none	none
306	32	completed	306	none	none
307	32	completed	307	none	none
308	32	completed	308	none	none
309	32	completed	309	none	none
310	32	completed	310	none	none
311	32	completed	311	none	none
312	32	completed	312	none	none
313	32	completed	313	none	none
314	32	completed	314	none	none
315	32	completed	315	none	none
316	32	completed	316	none	none
317	32	completed	317	none	none
318	32	completed	318	none	none
319	32	completed	319	none	none
320	32	completed	320	none	none
321	32	completed	321	none	none
322	32	completed	322	none	none
323	32	completed	323	none	none
324	32	completed	324	none	none
325	32	completed	325	none	none
326	32	completed	326	none	none
327	32	completed	327	none	none
328	32	completed	328	none	none
329	32	completed	329	none	none
330	32	completed	330	none	none
331	32	completed	331	none	none
332	32	completed	332	none	none
333	32	completed	333	none	none
334	32	completed	334	none	none
335	32	completed	335	none	none
336	32	completed	336	none	none
337	32	completed	337	none	none
338	32	completed	338	none	none
339	32	completed	339	none	none
340	32	completed	340	none	none
341	32	completed	341	none	none
342	32	completed	342	none	none
343	32	completed	343	none	none
344	32	completed	344	none	none
345	32	completed	345	none	none
346	32	completed	346	none	none
347	32	completed	347	none	none
348	32	completed	348	none	none
349	32	completed	349	none	none
350	32	completed	350	none	none
351	32	completed	351	none	none
352	32	completed	352	none	none
353	32	completed	353	none	none
354	32	completed	354	none	none
355	32	completed	355	none	none
356	32	completed	356	none	none
357	32	completed	357	none	none
358	32	completed	358	none	none
359	32	completed	359	none	none
360	32	completed	360	none	none
361	32	completed	361	none	none
362	32	completed	362	none	none
363	32	completed	363	none	none
364	32	completed	364	none	none
365	32	completed	365	none	none
366	32	completed	366	none	none
367	32	completed	367	none	none
368	32	completed	368	none	none
369	32	completed	369	none	none
370	32	completed	370	none	none
371	32	completed	371	none	none
372	32	completed	372	none	none
373	32	completed	373	none	none
374	32	completed	374	none	none
375	32	completed	375	none	none
376	32	completed	376	none	none
377	32	completed	377	none	none
378	32	completed	378	none	none
379	32	completed	379	none	none
380	32	completed	380	none	none
381	32	completed	381	none	none
382	32	completed	382	none	none
383	32	completed	383	none	none
384	32	completed	384	none	none
385	32	completed	385	none	none
386	32	completed	386	none	none
387	32	completed	387	none	none
388	32	completed	388	none	none
389	32	completed	389	none	none
390	32	completed	390	none	none
391	32	completed	391	none	none
392	32	completed	392	none	none
393	32	completed	393	none	none
394	32	completed	394	none	none
395	32	completed	395	none	none
396	32	completed	396	none	none
397	32	completed	397	none	none
398	32	completed	398	none	none
399	32	completed	399	none	none
400	32	completed	400	none	none
401	32	completed	401	none	none
402	32	completed	402	none	none
403	32	completed	403	none	none
404	32	completed	404	none	none
405	32	completed	405	none	none
406	32	completed	406	none	none
407	32	completed	407	none	none
408	32	completed	408	none	none
409	32	completed	409	none	none
410	32	completed	410	none	none
411	32	completed	411	none	none
412	32	completed	412	none	none
413	32	completed	413	none	none
414	32	completed	414	none	none
415	32	completed	415	none	none
416	32	completed	416	none	none
417	32	completed	417	none	none
418	32	completed	418	none	none
419	32	completed	419	none	none
420	32	completed	420	none	none
421	32	completed	421	none	none
422	32	completed	422	none	none
423	32	completed	423	none	none
424	32	completed	424	none	none
425	32	completed	425	none	none
426	32	completed	426	none	none
427	32	completed	427	none	none
428	32	completed	428	none	none
429	32	completed	429	none	none
430	32	completed	430	none	none
431	32	completed	431	none	none
432	32	completed	432	none	none
433	32	completed	433	none	none
434	32	completed	434	none	none
435	32	completed	435	none	none
436	32	completed	436	none	none
437	32	completed	437	none	none
438	32	completed	438	none	none
439	32	completed	439	none	none
440	32	completed	440	none	none
441	32	completed	441	none	none
442	32	completed	442	none	none
443	32	completed	443	none	none
444	32	completed	444	none	none
445	32	completed	445	none	none
446	32	completed	446	none	none
447	32	completed	447	none	none
448	32	completed	448	none	none
449	32	completed	449	none	none
450	32	completed	450	none	none
451	32	completed	451	none	none
452	32	completed	452	none	none
453	32	completed	453	none	none
454	32	completed	454	none	none
455	32	completed	455	none	none
456	32	completed	456	none	none
457	32	completed	457	none	none
458	32	completed	458	none	none
459	32	completed	459	none	none
460	32	completed	460	none	none
461	32	completed	461	none	none
462	32	completed	462	none	none
463	32	completed	463	none	none
464	32	completed	464	none	none
465	32	completed	465	none	none
466	32	completed	466	none	none
467	32	completed	467	none	none
468	32	completed	468	none	none
469	32	completed	469	none	none
470	32	completed	470	none	none
471	32	completed	471	none	none
472	32	completed	472	none	none
473	32	completed	473	none	none
474	32	completed	474	none	none
475	32	completed	475	none	none
476	32	completed	476	none	none
477	32	completed	477	none	none
478	32	completed	478	none	none
479	32	completed	479	none	none
480	32	completed	480	none	none
481	32	completed	481	none	none
482	32	completed	482	none	none
483	32	completed	483	none	none
484	32	completed	484	none	none
485	32	completed	485	none	none
486	32	completed	486	none	none
487	32	completed	487	none	none
488	32	completed	488	none	none
489	32	completed	489	none	none
490	32	completed	490	none	none
491	32	completed	491	none	none
492	32	completed	492	none	none
493	32	completed	493	none	none
494	32	completed	494	none	none
495	32	completed	495	none	none
496	32	completed	496	none	none
497	32	completed	497	none	none
498	32	completed	498	none	none
499	32	completed	499	none	none
500	32	completed	500	none	none
501	32	completed	501	none	none
502	32	completed	502	none	none
503	32	completed	503	none	none
504	32	completed	504	none	none
505	32	completed	505	none	none
506	32	completed	506	none	none
507	32	completed	507	none	none
508	32	completed	508	none	none
509	32	completed	509	none	none
510	32	completed	510	none	none
511	32	completed	511	none	none
512	32	completed	512	none	none
513	32	completed	513	none	none
514	32	completed	514	none	none
515	32	completed	515	none	none
516	32	completed	516	none	none
517	32	completed	517	none	none
518	32	completed	518	none	none
519	32	completed	519	none	none
520	32	completed	520	none	none
521	32	completed	521	none	none
522	32	completed	522	none	none
523	32	completed	523	none	none
524	32	completed	524	none	none
525	32	completed	525	none	none
526	32	completed	526	none	none
527	32	completed	527	none	none
528	32	completed	528	none	none
529	32	completed	529	none	none
530	32	completed	530	none	none
531	32	completed	531	none	none
532	32	completed	532	none	none
533	32	completed	533	none	none
534	32	completed	534	none	none
535	32	completed	535	none	none
536	32	completed	536	none	none
537	32	completed	537	none	none
538	32	completed	538	none	none
539	32	completed	539	none	none
540	32	completed	540	none	none
541	32	completed	541	none	none
542	32	completed	542	none	none
543	32	completed	543	none	none
544	32	completed	544	none	none
545	32	completed	545	none	none
546	32	completed	546	none	none
547	32	completed	547	none	none
548	32	completed	548	none	none
549	32	completed	549	none	none
550	32	completed	550	none	none
551	32	completed	551	none	none
552	32	completed	552	none	none
553	32	completed	553	none	none
554	32	completed	554	none	none
555	32	completed	555	none	none
556	32	completed	556	none	none
557	32	completed	557	none	none
558	32	completed	558	none	none
559	32	completed	559	none	none
560	32	completed	560	none	none
561	32	completed	561	none	none
562	32	completed	562	none	none
563	32	completed	563	none	none
564	32	completed	564	none	none
565	32	completed	565	none	none
566	32	completed	566	none	none
567	32	completed	567	none	none
568	32	completed	568	none	none
569	32	completed	569	none	none
570	32	completed	570	none	none
571	32	completed	571	none	none
572	32	completed	572	none	none
573	32	completed	573	none	none
574	32	completed	574	none	none
575	32	completed	575	none	none
576	32	completed	576	none	none
577	32	completed	577	none	none
578	32	completed	578	none	none
579	32	completed	579	none	none
580	32	completed	580	none	none
581	32	completed	581	none	none
582	32	completed	582	none	none
583	32	completed	583	none	none
584	32	completed	584	none	none
585	32	completed	585	none	none
586	32	completed	586	none	none
587	32	completed	587	none	none
588	32	completed	588	none	none
589	32	completed	589	none	none
590	32	completed	590	none	none
591	32	completed	591	none	none
592	32	completed	592	none	none
593	32	completed	593	none	none
594	32	completed	594	none	none
595	32	completed	595	none	none
596	32	completed	596	none	none
597	32	completed	597	none	none
598	32	completed	598	none	none
599	32	completed	599	none	none
600	32	completed	600	none	none
601	32	completed	601	none	none
602	32	completed	602	none	none
603	32	completed	603	none	none
604	32	completed	604	none	none
605	32	completed	605	none	none
606	32	completed	606	none	none
607	32	completed	607	none	none
608	32	completed	608	none	none
609	32	completed	609	none	none
610	32	completed	610	none	none
611	32	completed	611	none	none
612	32	completed	612	none	none
613	32	completed	613	none	none
614	32	completed	614	none	none
615	32	completed	615	none	none
616	32	completed	616	none	none
617	32	completed	617	none	none
618	32	completed	618	none	none
619	32	completed	619	none	none
620	32	completed	620	none	none
621	32	completed	621	none	none
622	32	completed	622	none	none
623	32	completed	623	none	none
624	32	completed	624	none	none
625	32	completed	625	none	none
626	32	completed	626	none	none
627	32	completed	627	none	none
628	32	completed	628	none	none
629	32	completed	629	none	none
630	32	completed	630	none	none
631	32	completed	631	none	none
632	32	completed	632	none	none
633	32	completed	633	none	none
634	32	completed	634	none	none
635	32	completed	635	none	none
636	32	completed	636	none	none
637	32	completed	637	none	none
638	32	completed	638	none	none
639	32	completed	639	none	none
640	32	completed	640	none	none
641	32	completed	641	none	none
642	32	completed	642	none	none
643	32	completed	643	none	none
644	32	completed	644	none	none
645	32	completed	645	none	none
646	32	completed	646	none	none
647	32	completed	647	none	none
648	32	completed	648	none	none
649	32	completed	649	none	none
650	32	completed	650	none	none
651	32	completed	651	none	none
652	32	completed	652	none	none
653	32	completed	653	none	none
654	32	completed	654	none	none
655	32	completed	655	none	none
656	32	completed	656	none	none
657	32	completed	657	none	none
658	32	completed	658	none	none
659	32	completed	659	none	none
660	32	completed	660	none	none
661	32	completed	661	none	none
662	32	completed	662	none	none
663	32	completed	663	none	none
664	32	completed	664	none	none
665	32	completed	665	none	none
666	32	completed	666	none	none
667	32	completed	667	none	none
668	32	completed	668	none	none
669	32	completed	669	none	none
670	32	completed	670	none	none
671	32	completed	671	none	none
672	32	completed	672	none	none
673	32	completed	673	none	none
674	32	completed	674	none	none
675	32	completed	675	none	none
676	32	completed	676	none	none
677	32	completed	677	none	none
678	32	completed	678	none	none
679	32	completed	679	none	none
680	32	completed	680	none	none
681	32	completed	681	none	none
682	32	completed	682	none	none
683	32	completed	683	none	none
684	32	completed	684	none	none
685	32	completed	685	none	none
686	32	completed	686	none	none
687	32	completed	687	none	none
688	32	completed	688	none	none
689	32	completed	689	none	none
690	32	completed	690	none	none
691	32	completed	691	none	none
692	32	completed	692	none	none
693	32	completed	693	none	none
694	32	completed	694	none	none
695	32	completed	695	none	none
696	32	completed	696	none	none
697	32	completed	697	none	none
698	32	completed	698	none	none
699	32	completed	699	none	none
700	32	completed	700	none	none
701	32	completed	701	none	none
702	32	completed	702	none	none
703	32	completed	703	none	none
704	32	completed	704	none	none
705	32	completed	705	none	none
706	32	completed	706	none	none
707	32	completed	707	none	none
708	32	completed	708	none	none
709	32	completed	709	none	none
710	32	completed	710	none	none
711	32	completed	711	none	none
712	32	completed	712	none	none
713	32	completed	713	none	none
714	32	completed	714	none	none
715	32	completed	715	none	none
716	32	completed	716	none	none
717	32	completed	717	none	none
718	32	completed	718	none	none
719	32	completed	719	none	none
720	32	completed	720	none	none
721	32	completed	721	none	none
722	32	completed	722	none	none
723	32	completed	723	none	none
724	32	completed	724	none	none
725	32	completed	725	none	none
726	32	completed	726	none	none
727	32	completed	727	none	none
728	32	completed	728	none	none
729	32	completed	729	none	none
730	32	completed	730	none	none
731	32	completed	731	none	none
732	32	completed	732	none	none
733	32	completed	733	none	none
734	32	completed	734	none	none
735	32	completed	735	none	none
736	32	completed	736	none	none
737	32	completed	737	none	none
738	32	completed	738	none	none
739	32	completed	739	none	none
740	32	completed	740	none	none
741	32	completed	741	none	none
742	32	completed	742	none	none
743	32	completed	743	none	none
744	32	completed	744	none	none
745	32	completed	745	none	none
746	32	completed	746	none	none
747	32	completed	747	none	none
748	32	completed	748	none	none
749	32	completed	749	none	none
750	32	completed	750	none	none
751	32	completed	751	none	none
752	32	completed	752	none	none
753	32	completed	753	none	none
754	32	completed	754	none	none
755	32	completed	755	none	none
756	32	completed	756	none	none
757	32	completed	757	none	none
758	32	completed	758	none	none
759	32	completed	759	none	none
760	32	completed	760	none	none
761	32	completed	761	none	none
762	32	completed	762	none	none
763	32	completed	763	none	none
764	32	completed	764	none	none
765	32	completed	765	none	none
766	32	completed	766	none	none
767	32	completed	767	none	none
768	32	completed	768	none	none
769	32	completed	769	none	none
770	32	completed	770	none	none
771	32	completed	771	none	none
772	32	completed	772	none	none
773	32	completed	773	none	none
774	32	completed	774	none	none
775	32	completed	775	none	none
776	32	completed	776	none	none
777	32	completed	777	none	none
778	32	completed	778	none	none
779	32	completed	779	none	none
780	32	completed	780	none	none
781	32	completed	781	none	none
782	32	completed	782	none	none
783	32	completed	783	none	none
784	32	completed	784	none	none
785	32	completed	785	none	none
786	32	completed	786	none	none
787	32	completed	787	none	none
788	32	completed	788	none	none
789	32	completed	789	none	none
790	32	completed	790	none	none
791	32	completed	791	none	none
792	32	completed	792	none	none
793	32	completed	793	none	none
794	32	completed	794	none	none
795	32	completed	795	none	none
796	32	completed	796	none	none
797	32	completed	797	none	none
798	32	completed	798	none	none
799	32	completed	799	none	none
800	32	completed	800	none	none
801	32	completed	801	none	none
802	32	completed	802	none	none
803	32	completed	803	none	none
804	32	completed	804	none	none
805	32	completed	805	none	none
806	32	completed	806	none	none
807	32	completed	807	none	none
808	32	completed	808	none	none
809	32	completed	809	none	none
810	32	completed	810	none	none
811	32	completed	811	none	none
812	32	completed	812	none	none
813	32	completed	813	none	none
814	32	completed	814	none	none
815	32	completed	815	none	none
816	32	completed	816	none	none
817	32	completed	817	none	none
818	32	completed	818	none	none
819	32	completed	819	none	none
820	32	completed	820	none	none
821	32	completed	821	none	none
822	32	completed	822	none	none
823	32	completed	823	none	none
824	32	completed	824	none	none
825	32	completed	825	none	none
826	32	completed	826	none	none
827	32	completed	827	none	none
828	32	completed	828	none	none
829	32	completed	829	none	none
830	32	completed	830	none	none
831	32	completed	831	none	none
832	32	completed	832	none	none
833	32	completed	833	none	none
834	32	completed	834	none	none
835	32	completed	835	none	none
836	32	completed	836	none	none
837	32	completed	837	none	none
838	32	completed	838	none	none
839	32	completed	839	none	none
840	32	completed	840	none	none
841	32	completed	841	none	none
842	32	completed	842	none	none
843	32	completed	843	none	none
844	32	completed	844	none	none
845	32	completed	845	none	none
846	32	completed	846	none	none
847	32	completed	847	none	none
848	32	completed	848	none	none
849	32	completed	849	none	none
850	32	completed	850	none	none
851	32	completed	851	none	none
852	32	completed	852	none	none
853	32	completed	853	none	none
854	32	completed	854	none	none
855	32	completed	855	none	none
856	32	completed	856	none	none
857	32	completed	857	none	none
858	32	completed	858	none	none
859	32	completed	859	none	none
860	32	completed	860	none	none
861	32	completed	861	none	none
862	32	completed	862	none	none
863	32	completed	863	none	none
864	32	completed	864	none	none
865	32	completed	865	none	none
866	32	completed	866	none	none
867	32	completed	867	none	none
868	32	completed	868	none	none
869	32	completed	869	none	none
870	32	completed	870	none	none
871	32	completed	871	none	none
872	32	completed	872	none	none
873	32	completed	873	none	none
874	32	completed	874	none	none
875	32	completed	875	none	none
876	32	completed	876	none	none
877	32	completed	877	none	none
878	32	completed	878	none	none
879	32	completed	879	none	none
880	32	completed	880	none	none
881	32	completed	881	none	none
882	32	completed	882	none	none
883	32	completed	883	none	none
884	32	completed	884	none	none
885	32	completed	885	none	none
886	32	completed	886	none	none
887	32	completed	887	none	none
888	32	completed	888	none	none
889	32	completed	889	none	none
890	32	completed	890	none	none
891	32	completed	891	none	none
892	32	completed	892	none	none
893	32	completed	893	none	none
894	32	completed	894	none	none
895	32	completed	895	none	none
896	32	completed	896	none	none
897	32	completed	897	none	none
898	32	completed	898	none	none
899	32	completed	899	none	none
900	32	completed	900	none	none
901	32	completed	901	none	none
902	32	completed	902	none	none
903	32	completed	903	none	none
904	32	completed	904	none	none
905	32	completed	905	none	none
906	32	completed	906	none	none
907	32	completed	907	none	none
908	32	completed	908	none	none
909	32	completed	909	none	none
910	32	completed	910	none	none
911	32	completed	911	none	none
912	32	completed	912	none	none
913	32	completed	913	none	none
914	32	completed	914	none	none
915	32	completed	915	none	none
916	32	completed	916	none	none
917	32	completed	917	none	none
918	32	completed	918	none	none
919	32	completed	919	none	none
920	32	completed	920	none	none
921	32	completed	921	none	none
922	32	completed	922	none	none
923	32	completed	923	none	none
924	32	completed	924	none	none
925	32	completed	925	none	none
926	32	completed	926	none	none
927	32	completed	927	none	none
928	32	completed	928	none	none
929	32	completed	929	none	none
930	32	completed	930	none	none
931	32	completed	931	none	none
932	32	completed	932	none	none
933	32	completed	933	none	none
934	32	completed	934	none	none
935	32	completed	935	none	none
936	32	completed	936	none	none
937	32	completed	937	none	none
938	32	completed	938	none	none
939	32	completed	939	none	none
940	32	completed	940	none	none
941	32	completed	941	none	none
942	32	completed	942	none	none
943	32	completed	943	none	none
944	32	completed	944	none	none
945	32	completed	945	none	none
946	32	completed	946	none	none
947	32	completed	947	none	none
948	32	completed	948	none	none
949	32	completed	949	none	none
950	32	completed	950	none	none
951	32	completed	951	none	none
952	32	completed	952	none	none
953	32	completed	953	none	none
954	32	completed	954	none	none
955	32	completed	955	none	none
956	32	completed	956	none	none
957	32	completed	957	none	none
958	32	completed	958	none	none
959	32	completed	959	none	none
960	32	completed	960	none	none
961	32	completed	961	none	none
962	32	completed	962	none	none
963	32	completed	963	none	none
964	32	completed	964	none	none
965	32	completed	965	none	none
966	32	completed	966	none	none
967	32	completed	967	none	none
968	32	completed	968	none	none
969	32	completed	969	none	none
970	32	completed	970	none	none
971	32	completed	971	none	none
972	32	completed	972	none	none
973	32	completed	973	none	none
974	32	completed	974	none	none
975	32	completed	975	none	none
976	32	completed	976	none	none
977	32	completed	977	none	none
978	32	completed	978	none	none
979	32	completed	979	none	none
980	32	completed	980	none	none
981	32	completed	981	none	none
982	32	completed	982	none	none
983	32	completed	983	none	none
984	32	completed	984	none	none
985	32	completed	985	none	none
986	32	completed	986	none	none
987	32	completed	987	none	none
988	32	completed	988	none	none
989	32	completed	989	none	none
990	32	completed	990	none	none
991	32	completed	991	none	none
992	32	completed	992	none	none
993	32	completed	993	none	none
994	32	completed	994	none	none
995	32	completed	995	none	none
996	32	completed	996	none	none
997	32	completed	997	none	none
998	32	completed	998	none	none
999	32	completed	999	none	none
1000	32	completed	1000	none	none
1001	32	completed	1001	none	none
1002	32	completed	1002	none	none
1003	32	completed	1003	none	none
1004	32	completed	1004	none	none
1005	32	completed	1005	none	none
1006	32	completed	1006	none	none
1007	32	completed	1007	none	none
1008	32	completed	1008	none	none
1009	32	completed	1009	none	none
1010	32	completed	1010	none	none
1011	32	completed	1011	none	none
1012	32	completed	1012	none	none
1013	32	completed	1013	none	none
1014	32	completed	1014	none	none
1015	32	completed	1015	none	none
1016	32	completed	1016	none	none
1017	32	completed	1017	none	none
1018	32	completed	1018	none	none
1019	32	completed	1019	none	none
1020	32	completed	1020	none	none
1021	32	completed	1021	none	none
1022	32	completed	1022	none	none
1023	32	completed	1023	none	none
1024	32	completed	1024	none	none
1025	32	completed	1025	none	none
1026	32	completed	1026	none	none
1027	32	completed	1027	none	none
1028	32	completed	1028	none	none
1029	32	completed	1029	none	none
1030	32	completed	1030	none	none
1031	32	completed	1031	none	none
1032	32	completed	1032	none	none
1033	32	completed	1033	none	none
1034	32	completed	1034	none	none
1035	32	completed	1035	none	none
1036	32	completed	1036	none	none
1037	32	completed	1037	none	none
1038	32	completed	1038	none	none
1039	32	completed	1039	none	none
1040	32	completed	1040	none	none
1041	32	completed	1041	none	none
1042	32	completed	1042	none	none
1043	32	completed	1043	none	none
1044	32	completed	1044	none	none
1045	32	completed	1045	none	none
1046	32	completed	1046	none	none
1047	32	completed	1047	none	none
1048	32	completed	1048	none	none
1049	32	completed	1049	none	none
1050	32	completed	1050	none	none
1051	32	completed	1051	none	none
1052	32	completed	1052	none	none
1053	32	completed	1053	none	none
1054	32	completed	1054	none	none
1055	32	completed	1055	none	none
1056	32	completed	1056	none	none
1057	32	completed	1057	none	none
1058	32	completed	1058	none	none
1059	32	completed	1059	none	none
1060	32	completed	1060	none	none
1061	32	completed	1061	none	none
1062	32	completed	1062	none	none
1063	32	completed	1063	none	none
1064	32	completed	1064	none	none
1065	32	completed	1065	none	none
1066	32	completed	1066	none	none
1067	32	completed	1067	none	none
1068	32	completed	1068	none	none
1069	32	completed	1069	none	none
1070	32	completed	1070	none	none
1071	32	completed	1071	none	none
1072	32	completed	1072	none	none
1073	32	completed	1073	none	none
1074	32	completed	1074	none	none
1075	32	completed	1075	none	none
1076	32	completed	1076	none	none
1077	32	completed	1077	none	none
1078	32	completed	1078	none	none
1079	32	completed	1079	none	none
1080	32	completed	1080	none	none
1081	32	completed	1081	none	none
1082	32	completed	1082	none	none
1083	32	completed	1083	none	none
1084	32	completed	1084	none	none
1085	32	completed	1085	none	none
1086	32	completed	1086	none	none
1087	32	completed	1087	none	none
1088	32	completed	1088	none	none
1089	32	completed	1089	none	none
1090	32	completed	1090	none	none
1091	32	completed	1091	none	none
1092	32	completed	1092	none	none
1093	32	completed	1093	none	none
1094	32	completed	1094	none	none
1095	32	completed	1095	none	none
1096	32	completed	1096	none	none
1097	32	completed	1097	none	none
1098	32	completed	1098	none	none
1099	32	completed	1099	none	none
1100	32	completed	1100	none	none
1101	32	completed	1101	none	none
1102	32	completed	1102	none	none
1103	32	completed	1103	none	none
1104	32	completed	1104	none	none
1105	32	completed	1105	none	none
1106	32	completed	1106	none	none
1107	32	completed	1107	none	none
1108	32	completed	1108	none	none
1109	32	completed	1109	none	none
1110	32	completed	1110	none	none
1111	32	completed	1111	none	none
1112	32	completed	1112	none	none
1113	32	completed	1113	none	none
1114	32	completed	1114	none	none
1115	32	completed	1115	none	none
1116	32	completed	1116	none	none
1117	32	completed	1117	none	none
1118	32	completed	1118	none	none
1119	32	completed	1119	none	none
1120	32	completed	1120	none	none
1121	32	completed	1121	none	none
1122	32	completed	1122	none	none
1123	32	completed	1123	none	none
1124	32	completed	1124	none	none
1125	32	completed	1125	none	none
1126	32	completed	1126	none	none
1127	32	completed	1127	none	none
1128	32	completed	1128	none	none
1129	32	completed	1129	none	none
1130	32	completed	1130	none	none
1131	32	completed	1131	none	none
1132	32	completed	1132	none	none
1133	32	completed	1133	none	none
1134	32	completed	1134	none	none
1135	32	completed	1135	none	none
1136	32	completed	1136	none	none
1137	32	completed	1137	none	none
1138	32	completed	1138	none	none
1139	32	completed	1139	none	none
1140	32	completed	1140	none	none
1141	32	completed	1141	none	none
1142	32	completed	1142	none	none
1143	32	completed	1143	none	none
1144	32	completed	1144	none	none
1145	32	completed	1145	none	none
1146	32	completed	1146	none	none
1147	32	completed	1147	none	none
1148	32	completed	1148	none	none
1149	32	completed	1149	none	none
1150	32	completed	1150	none	none
1151	32	completed	1151	none	none
1152	32	completed	1152	none	none
1153	32	completed	1153	none	none
1154	32	completed	1154	none	none
1155	32	completed	1155	none	none
1156	32	completed	1156	none	none
1157	32	completed	1157	none	none
1158	32	completed	1158	none	none
1159	32	completed	1159	none	none
1160	32	completed	1160	none	none
1161	32	completed	1161	none	none
1162	32	completed	1162	none	none
1163	32	completed	1163	none	none
1164	32	completed	1164	none	none
1165	32	completed	1165	none	none
1166	32	completed	1166	none	none
1167	32	completed	1167	none	none
1168	32	completed	1168	none	none
1169	32	completed	1169	none	none
1170	32	completed	1170	none	none
1171	32	completed	1171	none	none
1172	32	completed	1172	none	none
1173	32	completed	1173	none	none
1174	32	completed	1174	none	none
1175	32	completed	1175	none	none
1176	32	completed	1176	none	none
1177	32	completed	1177	none	none
1178	32	completed	1178	none	none
1179	32	completed	1179	none	none
1180	32	completed	1180	none	none
1181	32	completed	1181	none	none
1182	32	completed	1182	none	none
1183	32	completed	1183	none	none
1184	32	completed	1184	none	none
1185	32	completed	1185	none	none
1186	32	completed	1186	none	none
1187	32	completed	1187	none	none
1188	32	completed	1188	none	none
1189	32	completed	1189	none	none
1190	32	completed	1190	none	none
1191	32	completed	1191	none	none
1192	32	completed	1192	none	none
1193	32	completed	1193	none	none
1194	32	completed	1194	none	none
1195	32	completed	1195	none	none
1196	32	completed	1196	none	none
1197	32	completed	1197	none	none
1198	32	completed	1198	none	none
1199	32	completed	1199	none	none
1200	32	completed	1200	none	none
1201	32	completed	1201	none	none
1202	32	completed	1202	none	none
1203	32	completed	1203	none	none
1204	32	completed	1204	none	none
1205	32	completed	1205	none	none
1206	32	completed	1206	none	none
1207	32	completed	1207	none	none
1208	32	completed	1208	none	none
1209	32	completed	1209	none	none
1210	32	completed	1210	none	none
1211	32	completed	1211	none	none
1212	32	completed	1212	none	none
1213	32	completed	1213	none	none
1214	32	completed	1214	none	none
1215	32	completed	1215	none	none
1216	32	completed	1216	none	none
1217	32	completed	1217	none	none
1218	32	completed	1218	none	none
1219	32	completed	1219	none	none
1220	32	completed	1220	none	none
1221	32	completed	1221	none	none
1222	32	completed	1222	none	none
1223	32	completed	1223	none	none
1224	32	completed	1224	none	none
1225	32	completed	1225	none	none
1226	32	completed	1226	none	none
1227	32	completed	1227	none	none
1228	32	completed	1228	none	none
1229	32	completed	1229	none	none
1230	32	completed	1230	none	none
1231	32	completed	1231	none	none
1232	32	completed	1232	none	none
1233	32	completed	1233	none	none
1234	32	completed	1234	none	none
1235	32	completed	1235	none	none
1236	32	completed	1236	none	none
1237	32	completed	1237	none	none
1238	32	completed	1238	none	none
1239	32	completed	1239	none	none
1240	32	completed	1240	none	none
1241	32	completed	1241	none	none
1242	32	completed	1242	none	none
1243	32	completed	1243	none	none
1244	32	completed	1244	none	none
1245	32	completed	1245	none	none
1246	32	completed	1246	none	none
1247	32	completed	1247	none	none
1248	32	completed	1248	none	none
1249	32	completed	1249	none	none
1250	32	completed	1250	none	none
1251	32	completed	1251	none	none
1252	32	completed	1252	none	none
1253	32	completed	1253	none	none
1254	32	completed	1254	none	none
1255	32	completed	1255	none	none
1256	32	completed	1256	none	none
1257	32	completed	1257	none	none
1258	32	completed	1258	none	none
1259	32	completed	1259	none	none
1260	32	completed	1260	none	none
1261	32	completed	1261	none	none
1262	32	completed	1262	none	none
1263	32	completed	1263	none	none
1264	32	completed	1264	none	none
1265	32	completed	1265	none	none
1266	32	completed	1266	none	none
1267	32	completed	1267	none	none
1268	32	completed	1268	none	none
1269	32	completed	1269	none	none
1270	32	completed	1270	none	none
1271	32	completed	1271	none	none
1272	32	completed	1272	none	none
1273	32	completed	1273	none	none
1274	32	completed	1274	none	none
1275	32	completed	1275	none	none
1276	32	completed	1276	none	none
1277	32	completed	1277	none	none
1278	32	completed	1278	none	none
1279	32	completed	1279	none	none
1280	32	completed	1280	none	none
1281	32	completed	1281	none	none
1282	32	completed	1282	none	none
1283	32	completed	1283	none	none
1284	32	completed	1284	none	none
1285	32	completed	1285	none	none
1286	32	completed	1286	none	none
1287	32	completed	1287	none	none
1288	32	completed	1288	none	none
1289	32	completed	1289	none	none
1290	32	completed	1290	none	none
1291	32	completed	1291	none	none
1292	32	completed	1292	none	none
1293	32	completed	1293	none	none
1294	32	completed	1294	none	none
1295	32	completed	1295	none	none
1296	32	completed	1296	none	none
1297	32	completed	1297	none	none
1298	32	completed	1298	none	none
1299	32	completed	1299	none	none
1300	32	completed	1300	none	none
1301	32	completed	1301	none	none
1302	32	completed	1302	none	none
1303	32	completed	1303	none	none
1304	32	completed	1304	none	none
1305	32	completed	1305	none	none
1306	32	completed	1306	none	none
1307	32	completed	1307	none	none
1308	32	completed	1308	none	none
1309	32	completed	1309	none	none
1310	32	completed	1310	none	none
1311	32	completed	1311	none	none
1312	32	completed	1312	none	none
1313	32	completed	1313	none	none
1314	32	completed	1314	none	none
1315	32	completed	1315	none	none
1316	32	completed	1316	none	none
1317	32	completed	1317	none	none
1318	32	completed	1318	none	none
1319	32	completed	1319	none	none
1320	32	completed	1320	none	none
1321	32	completed	1321	none	none
1322	32	completed	1322	none	none
1323	32	completed	1323	none	none
1324	32	completed	1324	none	none
1325	32	completed	1325	none	none
1326	32	completed	1326	none	none
1327	32	completed	1327	none	none
1328	32	completed	1328	none	none
1329	32	completed	1329	none	none
1330	32	completed	1330	none	none
1331	32	completed	1331	none	none
1332	32	completed	1332	none	none
1333	32	completed	1333	none	none
1334	32	completed	1334	none	none
1335	32	completed	1335	none	none
1336	32	completed	1336	none	none
1337	32	completed	1337	none	none
1338	32	completed	1338	none	none
1339	32	completed	1339	none	none
1340	32	completed	1340	none	none
1341	32	completed	1341	none	none
1342	32	completed	1342	none	none
1343	32	completed	1343	none	none
1344	32	completed	1344	none	none
1345	32	completed	1345	none	none
1346	32	completed	1346	none	none
1347	32	completed	1347	none	none
1348	32	completed	1348	none	none
1349	32	completed	1349	none	none
1350	32	completed	1350	none	none
1351	32	completed	1351	none	none
1352	32	completed	1352	none	none
1353	32	completed	1353	none	none
1354	32	completed	1354	none	none
1355	32	completed	1355	none	none
1356	32	completed	1356	none	none
1357	32	completed	1357	none	none
1358	32	completed	1358	none	none
1359	32	completed	1359	none	none
1360	32	completed	1360	none	none
1361	32	completed	1361	none	none
1362	32	completed	1362	none	none
1363	32	completed	1363	none	none
1364	32	completed	1364	none	none
1365	32	completed	1365	none	none
1366	32	completed	1366	none	none
1367	32	completed	1367	none	none
1368	32	completed	1368	none	none
1369	32	completed	1369	none	none
1370	32	completed	1370	none	none
1371	32	completed	1371	none	none
1372	32	completed	1372	none	none
1373	32	completed	1373	none	none
1374	32	completed	1374	none	none
1375	32	completed	1375	none	none
1376	32	completed	1376	none	none
1377	32	completed	1377	none	none
1378	32	completed	1378	none	none
1379	32	completed	1379	none	none
1380	32	completed	1380	none	none
1381	32	completed	1381	none	none
1382	32	completed	1382	none	none
1383	32	completed	1383	none	none
1384	32	completed	1384	none	none
1385	32	completed	1385	none	none
1386	32	completed	1386	none	none
1387	32	completed	1387	none	none
1388	32	completed	1388	none	none
1389	32	completed	1389	none	none
1390	32	completed	1390	none	none
1391	32	completed	1391	none	none
1392	32	completed	1392	none	none
1393	32	completed	1393	none	none
1394	32	completed	1394	none	none
1395	32	completed	1395	none	none
1396	32	completed	1396	none	none
1397	32	completed	1397	none	none
1398	32	completed	1398	none	none
1399	32	completed	1399	none	none
1400	32	completed	1400	none	none
1401	32	completed	1401	none	none
1402	32	completed	1402	none	none
1403	32	completed	1403	none	none
1404	32	completed	1404	none	none
1405	32	completed	1405	none	none
1406	32	completed	1406	none	none
1407	32	completed	1407	none	none
1408	32	completed	1408	none	none
1409	32	completed	1409	none	none
1410	32	completed	1410	none	none
1411	32	completed	1411	none	none
1412	32	completed	1412	none	none
1413	32	completed	1413	none	none
1414	32	completed	1414	none	none
1415	32	completed	1415	none	none
1416	32	completed	1416	none	none
1417	32	completed	1417	none	none
1418	32	completed	1418	none	none
1419	32	completed	1419	none	none
1420	32	completed	1420	none	none
1421	32	completed	1421	none	none
1422	32	completed	1422	none	none
1423	32	completed	1423	none	none
1424	32	completed	1424	none	none
1425	32	completed	1425	none	none
1426	32	completed	1426	none	none
1427	32	completed	1427	none	none
1428	32	completed	1428	none	none
1429	32	completed	1429	none	none
1430	32	completed	1430	none	none
1431	32	completed	1431	none	none
1432	32	completed	1432	none	none
1433	32	completed	1433	none	none
1434	32	completed	1434	none	none
1435	32	completed	1435	none	none
1436	32	completed	1436	none	none
1437	32	completed	1437	none	none
1438	32	completed	1438	none	none
1439	32	completed	1439	none	none
1440	32	completed	1440	none	none
1441	32	completed	1441	none	none
1442	32	completed	1442	none	none
1443	32	completed	1443	none	none
1444	32	completed	1444	none	none
1445	32	completed	1445	none	none
1446	32	completed	1446	none	none
1447	32	completed	1447	none	none
1448	32	completed	1448	none	none
1449	32	completed	1449	none	none
1450	32	completed	1450	none	none
1451	32	completed	1451	none	none
1452	32	completed	1452	none	none
1453	32	completed	1453	none	none
1454	32	completed	1454	none	none
1455	32	completed	1455	none	none
1456	32	completed	1456	none	none
1457	32	completed	1457	none	none
1458	32	completed	1458	none	none
1459	32	completed	1459	none	none
1460	32	completed	1460	none	none
1461	32	completed	1461	none	none
1462	32	completed	1462	none	none
1463	32	completed	1463	none	none
1464	32	completed	1464	none	none
1465	32	completed	1465	none	none
1466	32	completed	1466	none	none
1467	32	completed	1467	none	none
1468	32	completed	1468	none	none
1469	32	completed	1469	none	none
1470	32	completed	1470	none	none
1471	32	completed	1471	none	none
1472	32	completed	1472	none	none
1473	32	completed	1473	none	none
1474	32	completed	1474	none	none
1475	32	completed	1475	none	none
1476	32	completed	1476	none	none
1477	32	completed	1477	none	none
1478	32	completed	1478	none	none
1479	32	completed	1479	none	none
1480	32	completed	1480	none	none
1481	32	completed	1481	none	none
1482	32	completed	1482	none	none
1483	32	completed	1483	none	none
1484	32	completed	1484	none	none
1485	32	completed	1485	none	none
1486	32	completed	1486	none	none
1487	32	completed	1487	none	none
1488	32	completed	1488	none	none
1489	32	completed	1489	none	none
1490	32	completed	1490	none	none
1491	32	completed	1491	none	none
1492	32	completed	1492	none	none
1493	32	completed	1493	none	none
1494	32	completed	1494	none	none
1495	32	completed	1495	none	none
1496	32	completed	1496	none	none
1497	32	completed	1497	none	none
1498	32	completed	1498	none	none
1499	32	completed	1499	none	none
1500	32	completed	1500	none	none
1501	32	completed	1501	none	none
1502	32	completed	1502	none	none
1503	32	completed	1503	none	none
1504	32	completed	1504	none	none
1505	32	completed	1505	none	none
1506	32	completed	1506	none	none
1507	32	completed	1507	none	none
1508	32	completed	1508	none	none
1509	32	completed	1509	none	none
1510	32	completed	1510	none	none
1511	32	completed	1511	none	none
1512	32	completed	1512	none	none
1513	32	completed	1513	none	none
1514	32	completed	1514	none	none
1515	32	completed	1515	none	none
1516	32	completed	1516	none	none
1517	32	completed	1517	none	none
1518	32	completed	1518	none	none
1519	32	completed	1519	none	none
1520	32	completed	1520	none	none
1521	32	completed	1521	none	none
1522	32	completed	1522	none	none
1523	32	completed	1523	none	none
1524	32	completed	1524	none	none
1525	32	completed	1525	none	none
1526	32	completed	1526	none	none
1527	32	completed	1527	none	none
1528	32	completed	1528	none	none
1529	32	completed	1529	none	none
1530	32	completed	1530	none	none
1531	32	completed	1531	none	none
1532	32	completed	1532	none	none
1533	32	completed	1533	none	none
1534	32	completed	1534	none	none
1535	32	completed	1535	none	none
1536	32	completed	1536	none	none
1537	32	completed	1537	none	none
1538	32	completed	1538	none	none
1539	32	completed	1539	none	none
1540	32	completed	1540	none	none
1541	32	completed	1541	none	none
1542	32	completed	1542	none	none
1543	32	completed	1543	none	none
1544	32	completed	1544	none	none
1545	32	completed	1545	none	none
1546	32	completed	1546	none	none
1547	32	completed	1547	none	none
1548	32	completed	1548	none	none
1549	32	completed	1549	none	none
1550	32	completed	1550	none	none
1551	32	completed	1551	none	none
1552	32	completed	1552	none	none
1553	32	completed	1553	none	none
1554	32	completed	1554	none	none
1555	32	completed	1555	none	none
1556	32	completed	1556	none	none
1557	32	completed	1557	none	none
1558	32	completed	1558	none	none
1559	32	completed	1559	none	none
1560	32	completed	1560	none	none
1561	32	completed	1561	none	none
1562	32	completed	1562	none	none
1563	32	completed	1563	none	none
1564	32	completed	1564	none	none
1565	32	completed	1565	none	none
1566	32	completed	1566	none	none
1567	32	completed	1567	none	none
1568	32	completed	1568	none	none
1569	32	completed	1569	none	none
1570	32	completed	1570	none	none
1571	32	completed	1571	none	none
1572	32	completed	1572	none	none
1573	32	completed	1573	none	none
1574	32	completed	1574	none	none
1575	32	completed	1575	none	none
1576	32	completed	1576	none	none
1577	32	completed	1577	none	none
1578	32	completed	1578	none	none
1579	32	completed	1579	none	none
1580	32	completed	1580	none	none
1581	32	completed	1581	none	none
1582	32	completed	1582	none	none
1583	32	completed	1583	none	none
1584	32	completed	1584	none	none
1585	32	completed	1585	none	none
1586	32	completed	1586	none	none
1587	32	completed	1587	none	none
1588	32	completed	1588	none	none
1589	32	completed	1589	none	none
1590	32	completed	1590	none	none
1591	32	completed	1591	none	none
1592	32	completed	1592	none	none
1593	32	completed	1593	none	none
1594	32	completed	1594	none	none
1595	32	completed	1595	none	none
1596	32	completed	1596	none	none
1597	32	completed	1597	none	none
1598	32	completed	1598	none	none
1599	32	completed	1599	none	none
1600	32	completed	1600	none	none
1601	32	completed	1601	none	none
1602	32	completed	1602	none	none
1603	32	completed	1603	none	none
1604	32	completed	1604	none	none
1605	32	completed	1605	none	none
1606	32	completed	1606	none	none
1607	32	completed	1607	none	none
1608	32	completed	1608	none	none
1609	32	completed	1609	none	none
1610	32	completed	1610	none	none
1611	32	completed	1611	none	none
1612	32	completed	1612	none	none
1613	32	completed	1613	none	none
1614	32	completed	1614	none	none
1615	32	completed	1615	none	none
1616	32	completed	1616	none	none
1617	32	completed	1617	none	none
1618	32	completed	1618	none	none
1619	32	completed	1619	none	none
1620	32	completed	1620	none	none
1621	32	completed	1621	none	none
1622	32	completed	1622	none	none
1623	32	completed	1623	none	none
1624	32	completed	1624	none	none
1625	32	completed	1625	none	none
1626	32	completed	1626	none	none
1627	32	completed	1627	none	none
1628	32	completed	1628	none	none
1629	32	completed	1629	none	none
1630	32	completed	1630	none	none
1631	32	completed	1631	none	none
1632	32	completed	1632	none	none
1633	32	completed	1633	none	none
1634	32	completed	1634	none	none
1635	32	completed	1635	none	none
1636	32	completed	1636	none	none
1637	32	completed	1637	none	none
1638	32	completed	1638	none	none
1639	32	completed	1639	none	none
1640	32	completed	1640	none	none
1641	32	completed	1641	none	none
1642	32	completed	1642	none	none
1643	32	completed	1643	none	none
1644	32	completed	1644	none	none
1645	32	completed	1645	none	none
1646	32	completed	1646	none	none
1647	32	completed	1647	none	none
1648	32	completed	1648	none	none
1649	32	completed	1649	none	none
1650	32	completed	1650	none	none
1651	32	completed	1651	none	none
1652	32	completed	1652	none	none
1653	32	completed	1653	none	none
1654	32	completed	1654	none	none
1655	32	completed	1655	none	none
1656	32	completed	1656	none	none
1657	32	completed	1657	none	none
1658	32	completed	1658	none	none
1659	32	completed	1659	none	none
1660	32	completed	1660	none	none
1661	32	completed	1661	none	none
1662	32	completed	1662	none	none
1663	32	completed	1663	none	none
1664	32	completed	1664	none	none
1665	32	completed	1665	none	none
1666	32	completed	1666	none	none
1667	32	completed	1667	none	none
1668	32	completed	1668	none	none
1669	32	completed	1669	none	none
1670	32	completed	1670	none	none
1671	32	completed	1671	none	none
1672	32	completed	1672	none	none
1673	32	completed	1673	none	none
1674	32	completed	1674	none	none
1675	32	completed	1675	none	none
1676	32	completed	1676	none	none
1677	32	completed	1677	none	none
1678	32	completed	1678	none	none
1679	32	completed	1679	none	none
1680	32	completed	1680	none	none
1681	32	completed	1681	none	none
1682	32	completed	1682	none	none
1683	32	completed	1683	none	none
1684	32	completed	1684	none	none
1685	32	completed	1685	none	none
1686	32	completed	1686	none	none
1687	32	completed	1687	none	none
1688	32	completed	1688	none	none
1689	32	completed	1689	none	none
1690	32	completed	1690	none	none
1691	32	completed	1691	none	none
1692	32	completed	1692	none	none
1693	32	completed	1693	none	none
1694	32	completed	1694	none	none
1695	32	completed	1695	none	none
1696	32	completed	1696	none	none
1697	32	completed	1697	none	none
1698	32	completed	1698	none	none
1699	32	completed	1699	none	none
1700	32	completed	1700	none	none
1701	32	completed	1701	none	none
1702	32	completed	1702	none	none
1703	32	completed	1703	none	none
1704	32	completed	1704	none	none
1705	32	completed	1705	none	none
1706	32	completed	1706	none	none
1707	32	completed	1707	none	none
1708	32	completed	1708	none	none
1709	32	completed	1709	none	none
1710	32	completed	1710	none	none
1711	32	completed	1711	none	none
1712	32	completed	1712	none	none
1713	32	completed	1713	none	none
1714	32	completed	1714	none	none
1715	32	completed	1715	none	none
1716	32	completed	1716	none	none
1717	32	completed	1717	none	none
1718	32	completed	1718	none	none
1719	32	completed	1719	none	none
1720	32	completed	1720	none	none
1721	32	completed	1721	none	none
1722	32	completed	1722	none	none
1723	32	completed	1723	none	none
1724	32	completed	1724	none	none
1725	32	completed	1725	none	none
1726	32	completed	1726	none	none
1727	32	completed	1727	none	none
1728	32	completed	1728	none	none
1729	32	completed	1729	none	none
1730	32	completed	1730	none	none
1731	32	completed	1731	none	none
1732	32	completed	1732	none	none
1733	32	completed	1733	none	none
1734	32	completed	1734	none	none
1735	32	completed	1735	none	none
1736	32	completed	1736	none	none
1737	32	completed	1737	none	none
1738	32	completed	1738	none	none
1739	32	completed	1739	none	none
1740	32	completed	1740	none	none
1741	32	completed	1741	none	none
1742	32	completed	1742	none	none
1743	32	completed	1743	none	none
1744	32	completed	1744	none	none
1745	32	completed	1745	none	none
1746	32	completed	1746	none	none
1747	32	completed	1747	none	none
1748	32	completed	1748	none	none
1749	32	completed	1749	none	none
1750	32	completed	1750	none	none
1751	32	completed	1751	none	none
1752	32	completed	1752	none	none
1753	32	completed	1753	none	none
1754	32	completed	1754	none	none
1755	32	completed	1755	none	none
1756	32	completed	1756	none	none
1757	32	completed	1757	none	none
1758	32	completed	1758	none	none
1759	32	completed	1759	none	none
1760	32	completed	1760	none	none
1761	32	completed	1761	none	none
1762	32	completed	1762	none	none
1763	32	completed	1763	none	none
1764	32	completed	1764	none	none
1765	32	completed	1765	none	none
1766	32	completed	1766	none	none
1767	32	completed	1767	none	none
1768	32	completed	1768	none	none
1769	32	completed	1769	none	none
1770	32	completed	1770	none	none
1771	32	completed	1771	none	none
1772	32	completed	1772	none	none
1773	32	completed	1773	none	none
1774	32	completed	1774	none	none
1775	32	completed	1775	none	none
1776	32	completed	1776	none	none
1777	32	completed	1777	none	none
1778	32	completed	1778	none	none
1779	32	completed	1779	none	none
1780	32	completed	1780	none	none
1781	32	completed	1781	none	none
1782	32	completed	1782	none	none
1783	32	completed	1783	none	none
1784	32	completed	1784	none	none
1785	32	completed	1785	none	none
1786	32	completed	1786	none	none
1787	32	completed	1787	none	none
1788	32	completed	1788	none	none
1789	32	completed	1789	none	none
1790	32	completed	1790	none	none
1791	32	completed	1791	none	none
1792	32	completed	1792	none	none
1793	32	completed	1793	none	none
1794	32	completed	1794	none	none
1795	32	completed	1795	none	none
1796	32	completed	1796	none	none
1797	32	completed	1797	none	none
1798	32	completed	1798	none	none
1799	32	completed	1799	none	none
1800	32	completed	1800	none	none
1801	32	completed	1801	none	none
1802	32	completed	1802	none	none
1803	32	completed	1803	none	none
1804	32	completed	1804	none	none
1805	32	completed	1805	none	none
1806	32	completed	1806	none	none
1807	32	completed	1807	none	none
1808	32	completed	1808	none	none
1809	32	completed	1809	none	none
1810	32	completed	1810	none	none
1811	32	completed	1811	none	none
1812	32	completed	1812	none	none
1813	32	completed	1813	none	none
1814	32	completed	1814	none	none
1815	32	completed	1815	none	none
1816	32	completed	1816	none	none
1817	32	completed	1817	none	none
1818	32	completed	1818	none	none
1819	32	completed	1819	none	none
1820	32	completed	1820	none	none
1821	32	completed	1821	none	none
1822	32	completed	1822	none	none
1823	32	completed	1823	none	none
1824	32	completed	1824	none	none
1825	32	completed	1825	none	none
1826	32	completed	1826	none	none
1827	32	completed	1827	none	none
1828	32	completed	1828	none	none
1829	32	completed	1829	none	none
1830	32	completed	1830	none	none
1831	32	completed	1831	none	none
1832	32	completed	1832	none	none
1833	32	completed	1833	none	none
1834	32	completed	1834	none	none
1835	32	completed	1835	none	none
1836	32	completed	1836	none	none
1837	32	completed	1837	none	none
1838	32	completed	1838	none	none
1839	32	completed	1839	none	none
1840	32	completed	1840	none	none
1841	32	completed	1841	none	none
1842	32	completed	1842	none	none
1843	32	completed	1843	none	none
1844	32	completed	1844	none	none
1845	32	completed	1845	none	none
1846	32	completed	1846	none	none
1847	32	completed	1847	none	none
1848	32	completed	1848	none	none
1849	32	completed	1849	none	none
1850	32	completed	1850	none	none
1851	32	completed	1851	none	none
1852	32	completed	1852	none	none
1853	32	completed	1853	none	none
1854	32	completed	1854	none	none
1855	32	completed	1855	none	none
1856	32	completed	1856	none	none
1857	32	completed	1857	none	none
1858	32	completed	1858	none	none
1859	32	completed	1859	none	none
1860	32	completed	1860	none	none
1861	32	completed	1861	none	none
1862	32	completed	1862	none	none
1863	32	completed	1863	none	none
1864	32	completed	1864	none	none
1865	32	completed	1865	none	none
1866	32	completed	1866	none	none
1867	32	completed	1867	none	none
1868	32	completed	1868	none	none
1869	32	completed	1869	none	none
1870	32	completed	1870	none	none
1871	32	completed	1871	none	none
1872	32	completed	1872	none	none
1873	32	completed	1873	none	none
1874	32	completed	1874	none	none
1875	32	completed	1875	none	none
1876	32	completed	1876	none	none
1877	32	completed	1877	none	none
1878	32	completed	1878	none	none
1879	32	completed	1879	none	none
1880	32	completed	1880	none	none
1881	32	completed	1881	none	none
1882	32	completed	1882	none	none
1883	32	completed	1883	none	none
1884	32	completed	1884	none	none
1885	32	completed	1885	none	none
1886	32	completed	1886	none	none
1887	32	completed	1887	none	none
1888	32	completed	1888	none	none
1889	32	completed	1889	none	none
1890	32	completed	1890	none	none
1891	32	completed	1891	none	none
1892	32	completed	1892	none	none
1893	32	completed	1893	none	none
1894	32	completed	1894	none	none
1895	32	completed	1895	none	none
1896	32	completed	1896	none	none
1897	32	completed	1897	none	none
1898	32	completed	1898	none	none
1899	32	completed	1899	none	none
1900	32	completed	1900	none	none
1901	32	completed	1901	none	none
1902	32	completed	1902	none	none
1903	32	completed	1903	none	none
1904	32	completed	1904	none	none
1905	32	completed	1905	none	none
1906	32	completed	1906	none	none
1907	32	completed	1907	none	none
1908	32	completed	1908	none	none
1909	32	completed	1909	none	none
1910	32	completed	1910	none	none
1911	32	completed	1911	none	none
1912	32	completed	1912	none	none
1913	32	completed	1913	none	none
1914	32	completed	1914	none	none
1915	32	completed	1915	none	none
1916	32	completed	1916	none	none
1917	32	completed	1917	none	none
1918	32	completed	1918	none	none
1919	32	completed	1919	none	none
1920	32	completed	1920	none	none
1921	32	completed	1921	none	none
1922	32	completed	1922	none	none
1923	32	completed	1923	none	none
1924	32	completed	1924	none	none
1925	32	completed	1925	none	none
1926	32	completed	1926	none	none
1927	32	completed	1927	none	none
1928	32	completed	1928	none	none
1929	32	completed	1929	none	none
1930	32	completed	1930	none	none
1931	32	completed	1931	none	none
1932	32	completed	1932	none	none
1933	32	completed	1933	none	none
1934	32	completed	1934	none	none
1935	32	completed	1935	none	none
1936	32	completed	1936	none	none
1937	32	completed	1937	none	none
1938	32	completed	1938	none	none
1939	32	completed	1939	none	none
1940	32	completed	1940	none	none
1941	32	completed	1941	none	none
1942	32	completed	1942	none	none
1943	32	completed	1943	none	none
1944	32	completed	1944	none	none
1945	32	completed	1945	none	none
1946	32	completed	1946	none	none
1947	32	completed	1947	none	none
1948	32	completed	1948	none	none
1949	32	completed	1949	none	none
1950	32	completed	1950	none	none
1951	32	completed	1951	none	none
1952	32	completed	1952	none	none
1953	32	completed	1953	none	none
1954	32	completed	1954	none	none
1955	32	completed	1955	none	none
1956	32	completed	1956	none	none
1957	32	completed	1957	none	none
1958	32	completed	1958	none	none
1959	32	completed	1959	none	none
1960	32	completed	1960	none	none
1961	32	completed	1961	none	none
1962	32	completed	1962	none	none
1963	32	completed	1963	none	none
1964	32	completed	1964	none	none
1965	32	completed	1965	none	none
1966	32	completed	1966	none	none
1967	32	completed	1967	none	none
1968	32	completed	1968	none	none
1969	32	completed	1969	none	none
1970	32	completed	1970	none	none
1971	32	completed	1971	none	none
1972	32	completed	1972	none	none
1973	32	completed	1973	none	none
1974	32	completed	1974	none	none
1975	32	completed	1975	none	none
1976	32	completed	1976	none	none
1977	32	completed	1977	none	none
1978	32	completed	1978	none	none
1979	32	completed	1979	none	none
1980	32	completed	1980	none	none
1981	32	completed	1981	none	none
1982	32	completed	1982	none	none
1983	32	completed	1983	none	none
1984	32	completed	1984	none	none
1985	32	completed	1985	none	none
1986	32	completed	1986	none	none
1987	32	completed	1987	none	none
1988	32	completed	1988	none	none
1989	32	completed	1989	none	none
1990	32	completed	1990	none	none
1991	32	completed	1991	none	none
1992	32	completed	1992	none	none
1993	32	completed	1993	none	none
1994	32	completed	1994	none	none
1995	32	completed	1995	none	none
1996	32	completed	1996	none	none
1997	32	completed	1997	none	none
1998	32	completed	1998	none	none
1999	32	completed	1999	none	none
2000	32	completed	2000	none	none
2001	32	completed	2001	none	none
2002	32	completed	2002	none	none
2003	32	completed	2003	none	none
2004	32	completed	2004	none	none
2005	32	completed	2005	none	none
2006	32	completed	2006	none	none
2007	32	completed	2007	none	none
2008	32	completed	2008	none	none
2009	32	completed	2009	none	none
2010	32	completed	2010	none	none
2011	32	completed	2011	none	none
2012	32	completed	2012	none	none
2013	32	completed	2013	none	none
2014	32	completed	2014	none	none
2015	32	completed	2015	none	none
2016	32	completed	2016	none	none
2017	32	completed	2017	none	none
2018	32	completed	2018	none	none
2019	32	completed	2019	none	none
2020	32	completed	2020	none	none
2021	32	completed	2021	none	none
2022	32	completed	2022	none	none
2023	32	completed	2023	none	none
2024	32	completed	2024	none	none
2025	32	completed	2025	none	none
2026	32	completed	2026	none	none
2027	32	completed	2027	none	none
2028	32	completed	2028	none	none
2029	32	completed	2029	none	none
2030	32	completed	2030	none	none
2031	32	completed	2031	none	none
2032	32	completed	2032	none	none
2033	32	completed	2033	none	none
2034	32	completed	2034	none	none
2035	32	completed	2035	none	none
2036	32	completed	2036	none	none
2037	32	completed	2037	none	none
2038	32	completed	2038	none	none
2039	32	completed	2039	none	none
2040	32	completed	2040	none	none
2041	32	completed	2041	none	none
2042	32	completed	2042	none	none
2043	32	completed	2043	none	none
2044	32	completed	2044	none	none
2045	32	completed	2045	none	none
2046	32	completed	2046	none	none
2047	32	completed	2047	none	none
2048	32	completed	2048	none	none
4095	32	completed	4095	none	none
4096	32	completed	4096	none	none
4097	32	completed	4097	none	none
8191	32	completed	8191	none	none
8192	32	completed	8192	none	none
8193	32	completed	8193	none	none
16383	32	completed	16383	none	none
16384	32	completed	16384	none	none
16385	32	completed	16385	none	none
32767	32	completed	32767	none	none
32768	32	completed	32768	none	none
32769	32	completed	32769	none	none
65535	32	completed	65535	none	none
65536	32	completed	65536	none	none
65537	32	completed	65537	none	none
131071	32	completed	131071	none	none
131072	32	completed	131072	none	none
131073	32	completed	131073	none	none
262143	32	completed	262143	none	none
262144	32	completed	262144	none	none
262145	32	completed	262145	none	none
524287	32	completed	524287	none	none
524288	32	completed	524288	none	none
524289	32	completed	524289	none	none
1048575	32	completed	1048575	none	none
1048576	32	completed	1048576	none	none
1048577	32	completed	1048577	none	none
2097151	32	completed	2097151	none	none
2097152	32	completed	2097152	none	none
2097153	32	completed	2097153	none	none
4194303	32	completed	4194303	none	none
4194304	32	completed	4194304	none	none
4194305	32	completed	4194305	none	none
8388607	32	completed	8388607	none	none
8388608	32	completed	8388608	none	none
8388609	32	completed	8388609	none	none
16777215	32	completed	16777215	none	none
16777216	32	completed	16777216	none	none
16777217	32	completed	16777217	none	none
33554431	32	completed	33554431	none	none
33554432	32	completed	33554432	none	none
33554433	32	completed	33554433	none	none
67108863	32	completed	67108863	none	none
67108864	32	completed	67108864	none	none
67108865	32	completed	67108865	none	none
134217727	32	completed	134217727	none	none
134217728	32	completed	134217728	none	none
134217729	32	completed	134217729	none	none
268435455	32	completed	268435455	none	none
268435456	32	completed	268435456	none	none
1	1024	completed	1	none	none
2	1024	completed	2	none	none
3	1024	completed	3	none	none
4	1024	completed	4	none	none
5	1024	completed	5	none	none
6	1024	completed	6	none	none
7	1024	completed	7	none	none
8	1024	completed	8	none	none
9	1024	completed	9	none	none
10	1024	completed	10	none	none
11	1024	completed	11	none	none
12	1024	completed	12	none	none
13	1024	completed	13	none	none
14	1024	completed	14	none	none
15	1024	completed	15	none	none
16	1024	completed	16	none	none
17	1024	completed	17	none	none
18	1024	completed	18	none	none
19	1024	completed	19	none	none
20	1024	completed	20	none	none
21	1024	completed	21	none	none
22	1024	completed	22	none	none
23	1024	completed	23	none	none
24	1024	completed	24	none	none
25	1024	completed	25	none	none
26	1024	completed	26	none	none
27	1024	completed	27	none	none
28	1024	completed	28	none	none
29	1024	completed	29	none	none
30	1024	completed	30	none	none
31	1024	completed	31	none	none
32	1024	completed	32	none	none
33	1024	completed	33	none	none
34	1024	completed	34	none	none
35	1024	completed	35	none	none
36	1024	completed	36	none	none
37	1024	completed	37	none	none
38	1024	completed	38	none	none
39	1024	completed	39	none	none
40	1024	completed	40	none	none
41	1024	completed	41	none	none
42	1024	completed	42	none	none
43	1024	completed	43	none	none
44	1024	completed	44	none	none
45	1024	completed	45	none	none
46	1024	completed	46	none	none
47	1024	completed	47	none	none
48	1024	completed	48	none	none
49	1024	completed	49	none	none
50	1024	completed	50	none	none
51	1024	completed	51	none	none
52	1024	completed	52	none	none
53	1024	completed	53	none	none
54	1024	completed	54	none	none
55	1024	completed	55	none	none
56	1024	completed	56	none	none
57	1024	completed	57	none	none
58	1024	completed	58	none	none
59	1024	completed	59	none	none
60	1024	completed	60	none	none
61	1024	completed	61	none	none
62	1024	completed	62	none	none
63	1024	completed	63	none	none
64	1024	completed	64	none	none
65	1024	completed	65	none	none
66	1024	completed	66	none	none
67	1024	completed	67	none	none
68	1024	completed	68	none	none
69	1024	completed	69	none	none
70	1024	completed	70	none	none
71	1024	completed	71	none	none
72	1024	completed	72	none	none
73	1024	completed	73	none	none
74	1024	completed	74	none	none
75	1024	completed	75	none	none
76	1024	completed	76	none	none
77	1024	completed	77	none	none
78	1024	completed	78	none	none
79	1024	completed	79	none	none
80	1024	completed	80	none	none
81	1024	completed	81	none	none
82	1024	completed	82	none	none
83	1024	completed	83	none	none
84	1024	completed	84	none	none
85	1024	completed	85	none	none
86	1024	completed	86	none	none
87	1024	completed	87	none	none
88	1024	completed	88	none	none
89	1024	completed	89	none	none
90	1024	completed	90	none	none
91	1024	completed	91	none	none
92	1024	completed	92	none	none
93	1024	completed	93	none	none
94	1024	completed	94	none	none
95	1024	completed	95	none	none
96	1024	completed	96	none	none
97	1024	completed	97	none	none
98	1024	completed	98	none	none
99	1024	completed	99	none	none
100	1024	completed	100	none	none
101	1024	completed	101	none	none
102	1024	completed	102	none	none
103	1024	completed	103	none	none
104	1024	completed	104	none	none
105	1024	completed	105	none	none
106	1024	completed	106	none	none
107	1024	completed	107	none	none
108	1024	completed	108	none	none
109	1024	completed	109	none	none
110	1024	completed	110	none	none
111	1024	completed	111	none	none
112	1024	completed	112	none	none
113	1024	completed	113	none	none
114	1024	completed	114	none	none
115	1024	completed	115	none	none
116	1024	completed	116	none	none
117	1024	completed	117	none	none
118	1024	completed	118	none	none
119	1024	completed	119	none	none
120	1024	completed	120	none	none
121	1024	completed	121	none	none
122	1024	completed	122	none	none
123	1024	completed	123	none	none
124	1024	completed	124	none	none
125	1024	completed	125	none	none
126	1024	completed	126	none	none
127	1024	completed	127	none	none
128	1024	completed	128	none	none
129	1024	completed	129	none	none
130	1024	completed	130	none	none
131	1024	completed	131	none	none
132	1024	completed	132	none	none
133	1024	completed	133	none	none
134	1024	completed	134	none	none
135	1024	completed	135	none	none
136	1024	completed	136	none	none
137	1024	completed	137	none	none
138	1024	completed	138	none	none
139	1024	completed	139	none	none
140	1024	completed	140	none	none
141	1024	completed	141	none	none
142	1024	completed	142	none	none
143	1024	completed	143	none	none
144	1024	completed	144	none	none
145	1024	completed	145	none	none
146	1024	completed	146	none	none
147	1024	completed	147	none	none
148	1024	completed	148	none	none
149	1024	completed	149	none	none
150	1024	completed	150	none	none
151	1024	completed	151	none	none
152	1024	completed	152	none	none
153	1024	completed	153	none	none
154	1024	completed	154	none	none
155	1024	completed	155	none	none
156	1024	completed	156	none	none
157	1024	completed	157	none	none
158	1024	completed	158	none	none
159	1024	completed	159	none	none
160	1024	completed	160	none	none
161	1024	completed	161	none	none
162	1024	completed	162	none	none
163	1024	completed	163	none	none
164	1024	completed	164	none	none
165	1024	completed	165	none	none
166	1024	completed	166	none	none
167	1024	completed	167	none	none
168	1024	completed	168	none	none
169	1024	completed	169	none	none
170	1024	completed	170	none	none
171	1024	completed	171	none	none
172	1024	completed	172	none	none
173	1024	completed	173	none	none
174	1024	completed	174	none	none
175	1024	completed	175	none	none
176	1024	completed	176	none	none
177	1024	completed	177	none	none
178	1024	completed	178	none	none
179	1024	completed	179	none	none
180	1024	completed	180	none	none
181	1024	completed	181	none	none
182	1024	completed	182	none	none
183	1024	completed	183	none	none
184	1024	completed	184	none	none
185	1024	completed	185	none	none
186	1024	completed	186	none	none
187	1024	completed	187	none	none
188	1024	completed	188	none	none
189	1024	completed	189	none	none
190	1024	completed	190	none	none
191	1024	completed	191	none	none
192	1024	completed	192	none	none
193	1024	completed	193	none	none
194	1024	completed	194	none	none
195	1024	completed	195	none	none
196	1024	completed	196	none	none
197	1024	completed	197	none	none
198	1024	completed	198	none	none
199	1024	completed	199	none	none
200	1024	completed	200	none	none
201	1024	completed	201	none	none
202	1024	completed	202	none	none
203	1024	completed	203	none	none
204	1024	completed	204	none	none
205	1024	completed	205	none	none
206	1024	completed	206	none	none
207	1024	completed	207	none	none
208	1024	completed	208	none	none
209	1024	completed	209	none	none
210	1024	completed	210	none	none
211	1024	completed	211	none	none
212	1024	completed	212	none	none
213	1024	completed	213	none	none
214	1024	completed	214	none	none
215	1024	completed	215	none	none
216	1024	completed	216	none	none
217	1024	completed	217	none	none
218	1024	completed	218	none	none
219	1024	completed	219	none	none
220	1024	completed	220	none	none
221	1024	completed	221	none	none
222	1024	completed	222	none	none
223	1024	completed	223	none	none
224	1024	completed	224	none	none
225	1024	completed	225	none	none
226	1024	completed	226	none	none
227	1024	completed	227	none	none
228	1024	completed	228	none	none
229	1024	completed	229	none	none
230	1024	completed	230	none	none
231	1024	completed	231	none	none
232	1024	completed	232	none	none
233	1024	completed	233	none	none
234	1024	completed	234	none	none
235	1024	completed	235	none	none
236	1024	completed	236	none	none
237	1024	completed	237	none	none
238	1024	completed	238	none	none
239	1024	completed	239	none	none
240	1024	completed	240	none	none
241	1024	completed	241	none	none
242	1024	completed	242	none	none
243	1024	completed	243	none	none
244	1024	completed	244	none	none
245	1024	completed	245	none	none
246	1024	completed	246	none	none
247	1024	completed	247	none	none
248	1024	completed	248	none	none
249	1024	completed	249	none	none
250	1024	completed	250	none	none
251	1024	completed	251	none	none
252	1024	completed	252	none	none
253	1024	completed	253	none	none
254	1024	completed	254	none	none
255	1024	completed	255	none	none
256	1024	completed	256	none	none
257	1024	completed	257	none	none
258	1024	completed	258	none	none
259	1024	completed	259	none	none
260	1024	completed	260	none	none
261	1024	completed	261	none	none
262	1024	completed	262	none	none
263	1024	completed	263	none	none
264	1024	completed	264	none	none
265	1024	completed	265	none	none
266	1024	completed	266	none	none
267	1024	completed	267	none	none
268	1024	completed	268	none	none
269	1024	completed	269	none	none
270	1024	completed	270	none	none
271	1024	completed	271	none	none
272	1024	completed	272	none	none
273	1024	completed	273	none	none
274	1024	completed	274	none	none
275	1024	completed	275	none	none
276	1024	completed	276	none	none
277	1024	completed	277	none	none
278	1024	completed	278	none	none
279	1024	completed	279	none	none
280	1024	completed	280	none	none
281	1024	completed	281	none	none
282	1024	completed	282	none	none
283	1024	completed	283	none	none
284	1024	completed	284	none	none
285	1024	completed	285	none	none
286	1024	completed	286	none	none
287	1024	completed	287	none	none
288	1024	completed	288	none	none
289	1024	completed	289	none	none
290	1024	completed	290	none	none
291	1024	completed	291	none	none
292	1024	completed	292	none	none
293	1024	completed	293	none	none
294	1024	completed	294	none	none
295	1024	completed	295	none	none
296	1024	completed	296	none	none
297	1024	completed	297	none	none
298	1024	completed	298	none	none
299	1024	completed	299	none	none
300	1024	completed	300	none	none
301	1024	completed	301	none	none
302	1024	completed	302	none	none
303	1024	completed	303	none	none
304	1024	completed	304	none	none
305	1024	completed	305	none	none
306	1024	completed	306	none	none
307	1024	completed	307	none	none
308	1024	completed	308	none	none
309	1024	completed	309	none	none
310	1024	completed	310	none	none
311	1024	completed	311	none	none
312	1024	completed	312	none	none
313	1024	completed	313	none	none
314	1024	completed	314	none	none
315	1024	completed	315	none	none
316	1024	completed	316	none	none
317	1024	completed	317	none	none
318	1024	completed	318	none	none
319	1024	completed	319	none	none
320	1024	completed	320	none	none
321	1024	completed	321	none	none
322	1024	completed	322	none	none
323	1024	completed	323	none	none
324	1024	completed	324	none	none
325	1024	completed	325	none	none
326	1024	completed	326	none	none
327	1024	completed	327	none	none
328	1024	completed	328	none	none
329	1024	completed	329	none	none
330	1024	completed	330	none	none
331	1024	completed	331	none	none
332	1024	completed	332	none	none
333	1024	completed	333	none	none
334	1024	completed	334	none	none
335	1024	completed	335	none	none
336	1024	completed	336	none	none
337	1024	completed	337	none	none
338	1024	completed	338	none	none
339	1024	completed	339	none	none
340	1024	completed	340	none	none
341	1024	completed	341	none	none
342	1024	completed	342	none	none
343	1024	completed	343	none	none
344	1024	completed	344	none	none
345	1024	completed	345	none	none
346	1024	completed	346	none	none
347	1024	completed	347	none	none
348	1024	completed	348	none	none
349	1024	completed	349	none	none
350	1024	completed	350	none	none
351	1024	completed	351	none	none
352	1024	completed	352	none	none
353	1024	completed	353	none	none
354	1024	completed	354	none	none
355	1024	completed	355	none	none
356	1024	completed	356	none	none
357	1024	completed	357	none	none
358	1024	completed	358	none	none
359	1024	completed	359	none	none
360	1024	completed	360	none	none
361	1024	completed	361	none	none
362	1024	completed	362	none	none
363	1024	completed	363	none	none
364	1024	completed	364	none	none
365	1024	completed	365	none	none
366	1024	completed	366	none	none
367	1024	completed	367	none	none
368	1024	completed	368	none	none
369	1024	completed	369	none	none
370	1024	completed	370	none	none
371	1024	completed	371	none	none
372	1024	completed	372	none	none
373	1024	completed	373	none	none
374	1024	completed	374	none	none
375	1024	completed	375	none	none
376	1024	completed	376	none	none
377	1024	completed	377	none	none
378	1024	completed	378	none	none
379	1024	completed	379	none	none
380	1024	completed	380	none	none
381	1024	completed	381	none	none
382	1024	completed	382	none	none
383	1024	completed	383	none	none
384	1024	completed	384	none	none
385	1024	completed	385	none	none
386	1024	completed	386	none	none
387	1024	completed	387	none	none
388	1024	completed	388	none	none
389	1024	completed	389	none	none
390	1024	completed	390	none	none
391	1024	completed	391	none	none
392	1024	completed	392	none	none
393	1024	completed	393	none	none
394	1024	completed	394	none	none
395	1024	completed	395	none	none
396	1024	completed	396	none	none
397	1024	completed	397	none	none
398	1024	completed	398	none	none
399	1024	completed	399	none	none
400	1024	completed	400	none	none
401	1024	completed	401	none	none
402	1024	completed	402	none	none
403	1024	completed	403	none	none
404	1024	completed	404	none	none
405	1024	completed	405	none	none
406	1024	completed	406	none	none
407	1024	completed	407	none	none
408	1024	completed	408	none	none
409	1024	completed	409	none	none
410	1024	completed	410	none	none
411	1024	completed	411	none	none
412	1024	completed	412	none	none
413	1024	completed	413	none	none
414	1024	completed	414	none	none
415	1024	completed	415	none	none
416	1024	completed	416	none	none
417	1024	completed	417	none	none
418	1024	completed	418	none	none
419	1024	completed	419	none	none
420	1024	completed	420	none	none
421	1024	completed	421	none	none
422	1024	completed	422	none	none
423	1024	completed	423	none	none
424	1024	completed	424	none	none
425	1024	completed	425	none	none
426	1024	completed	426	none	none
427	1024	completed	427	none	none
428	1024	completed	428	none	none
429	1024	completed	429	none	none
430	1024	completed	430	none	none
431	1024	completed	431	none	none
432	1024	completed	432	none	none
433	1024	completed	433	none	none
434	1024	completed	434	none	none
435	1024	completed	435	none	none
436	1024	completed	436	none	none
437	1024	completed	437	none	none
438	1024	completed	438	none	none
439	1024	completed	439	none	none
440	1024	completed	440	none	none
441	1024	completed	441	none	none
442	1024	completed	442	none	none
443	1024	completed	443	none	none
444	1024	completed	444	none	none
445	1024	completed	445	none	none
446	1024	completed	446	none	none
447	1024	completed	447	none	none
448	1024	completed	448	none	none
449	1024	completed	449	none	none
450	1024	completed	450	none	none
451	1024	completed	451	none	none
452	1024	completed	452	none	none
453	1024	completed	453	none	none
454	1024	completed	454	none	none
455	1024	completed	455	none	none
456	1024	completed	456	none	none
457	1024	completed	457	none	none
458	1024	completed	458	none	none
459	1024	completed	459	none	none
460	1024	completed	460	none	none
461	1024	completed	461	none	none
462	1024	completed	462	none	none
463	1024	completed	463	none	none
464	1024	completed	464	none	none
465	1024	completed	465	none	none
466	1024	completed	466	none	none
467	1024	completed	467	none	none
468	1024	completed	468	none	none
469	1024	completed	469	none	none
470	1024	completed	470	none	none
471	1024	completed	471	none	none
472	1024	completed	472	none	none
473	1024	completed	473	none	none
474	1024	completed	474	none	none
475	1024	completed	475	none	none
476	1024	completed	476	none	none
477	1024	completed	477	none	none
478	1024	completed	478	none	none
479	1024	completed	479	none	none
480	1024	completed	480	none	none
481	1024	completed	481	none	none
482	1024	completed	482	none	none
483	1024	completed	483	none	none
484	1024	completed	484	none	none
485	1024	completed	485	none	none
486	1024	completed	486	none	none
487	1024	completed	487	none	none
488	1024	completed	488	none	none
489	1024	completed	489	none	none
490	1024	completed	490	none	none
491	1024	completed	491	none	none
492	1024	completed	492	none	none
493	1024	completed	493	none	none
494	1024	completed	494	none	none
495	1024	completed	495	none	none
496	1024	completed	496	none	none
497	1024	completed	497	none	none
498	1024	completed	498	none	none
499	1024	completed	499	none	none
500	1024	completed	500	none	none
501	1024	completed	501	none	none
502	1024	completed	502	none	none
503	1024	completed	503	none	none
504	1024	completed	504	none	none
505	1024	completed	505	none	none
506	1024	completed	506	none	none
507	1024	completed	507	none	none
508	1024	completed	508	none	none
509	1024	completed	509	none	none
510	1024	completed	510	none	none
511	1024	completed	511	none	none
512	1024	completed	512	none	none
513	1024	completed	513	none	none
514	1024	completed	514	none	none
515	1024	completed	515	none	none
516	1024	completed	516	none	none
517	1024	completed	517	none	none
518	1024	completed	518	none	none
519	1024	completed	519	none	none
520	1024	completed	520	none	none
521	1024	completed	521	none	none
522	1024	completed	522	none	none
523	1024	completed	523	none	none
524	1024	completed	524	none	none
525	1024	completed	525	none	none
526	1024	completed	526	none	none
527	1024	completed	527	none	none
528	1024	completed	528	none	none
529	1024	completed	529	none	none
530	1024	completed	530	none	none
531	1024	completed	531	none	none
532	1024	completed	532	none	none
533	1024	completed	533	none	none
534	1024	completed	534	none	none
535	1024	completed	535	none	none
536	1024	completed	536	none	none
537	1024	completed	537	none	none
538	1024	completed	538	none	none
539	1024	completed	539	none	none
540	1024	completed	540	none	none
541	1024	completed	541	none	none
542	1024	completed	542	none	none
543	1024	completed	543	none	none
544	1024	completed	544	none	none
545	1024	completed	545	none	none
546	1024	completed	546	none	none
547	1024	completed	547	none	none
548	1024	completed	548	none	none
549	1024	completed	549	none	none
550	1024	completed	550	none	none
551	1024	completed	551	none	none
552	1024	completed	552	none	none
553	1024	completed	553	none	none
554	1024	completed	554	none	none
555	1024	completed	555	none	none
556	1024	completed	556	none	none
557	1024	completed	557	none	none
558	1024	completed	558	none	none
559	1024	completed	559	none	none
560	1024	completed	560	none	none
561	1024	completed	561	none	none
562	1024	completed	562	none	none
563	1024	completed	563	none	none
564	1024	completed	564	none	none
565	1024	completed	565	none	none
566	1024	completed	566	none	none
567	1024	completed	567	none	none
568	1024	completed	568	none	none
569	1024	completed	569	none	none
570	1024	completed	570	none	none
571	1024	completed	571	none	none
572	1024	completed	572	none	none
573	1024	completed	573	none	none
574	1024	completed	574	none	none
575	1024	completed	575	none	none
576	1024	completed	576	none	none
577	1024	completed	577	none	none
578	1024	completed	578	none	none
579	1024	completed	579	none	none
580	1024	completed	580	none	none
581	1024	completed	581	none	none
582	1024	completed	582	none	none
583	1024	completed	583	none	none
584	1024	completed	584	none	none
585	1024	completed	585	none	none
586	1024	completed	586	none	none
587	1024	completed	587	none	none
588	1024	completed	588	none	none
589	1024	completed	589	none	none
590	1024	completed	590	none	none
591	1024	completed	591	none	none
592	1024	completed	592	none	none
593	1024	completed	593	none	none
594	1024	completed	594	none	none
595	1024	completed	595	none	none
596	1024	completed	596	none	none
597	1024	completed	597	none	none
598	1024	completed	598	none	none
599	1024	completed	599	none	none
600	1024	completed	600	none	none
601	1024	completed	601	none	none
602	1024	completed	602	none	none
603	1024	completed	603	none	none
604	1024	completed	604	none	none
605	1024	completed	605	none	none
606	1024	completed	606	none	none
607	1024	completed	607	none	none
608	1024	completed	608	none	none
609	1024	completed	609	none	none
610	1024	completed	610	none	none
611	1024	completed	611	none	none
612	1024	completed	612	none	none
613	1024	completed	613	none	none
614	1024	completed	614	none	none
615	1024	completed	615	none	none
616	1024	completed	616	none	none
617	1024	completed	617	none	none
618	1024	completed	618	none	none
619	1024	completed	619	none	none
620	1024	completed	620	none	none
621	1024	completed	621	none	none
622	1024	completed	622	none	none
623	1024	completed	623	none	none
624	1024	completed	624	none	none
625	1024	completed	625	none	none
626	1024	completed	626	none	none
627	1024	completed	627	none	none
628	1024	completed	628	none	none
629	1024	completed	629	none	none
630	1024	completed	630	none	none
631	1024	completed	631	none	none
632	1024	completed	632	none	none
633	1024	completed	633	none	none
634	1024	completed	634	none	none
635	1024	completed	635	none	none
636	1024	completed	636	none	none
637	1024	completed	637	none	none
638	1024	completed	638	none	none
639	1024	completed	639	none	none
640	1024	completed	640	none	none
641	1024	completed	641	none	none
642	1024	completed	642	none	none
643	1024	completed	643	none	none
644	1024	completed	644	none	none
645	1024	completed	645	none	none
646	1024	completed	646	none	none
647	1024	completed	647	none	none
648	1024	completed	648	none	none
649	1024	completed	649	none	none
650	1024	completed	650	none	none
651	1024	completed	651	none	none
652	1024	completed	652	none	none
653	1024	completed	653	none	none
654	1024	completed	654	none	none
655	1024	completed	655	none	none
656	1024	completed	656	none	none
657	1024	completed	657	none	none
658	1024	completed	658	none	none
659	1024	completed	659	none	none
660	1024	completed	660	none	none
661	1024	completed	661	none	none
662	1024	completed	662	none	none
663	1024	completed	663	none	none
664	1024	completed	664	none	none
665	1024	completed	665	none	none
666	1024	completed	666	none	none
667	1024	completed	667	none	none
668	1024	completed	668	none	none
669	1024	completed	669	none	none
670	1024	completed	670	none	none
671	1024	completed	671	none	none
672	1024	completed	672	none	none
673	1024	completed	673	none	none
674	1024	completed	674	none	none
675	1024	completed	675	none	none
676	1024	completed	676	none	none
677	1024	completed	677	none	none
678	1024	completed	678	none	none
679	1024	completed	679	none	none
680	1024	completed	680	none	none
681	1024	completed	681	none	none
682	1024	completed	682	none	none
683	1024	completed	683	none	none
684	1024	completed	684	none	none
685	1024	completed	685	none	none
686	1024	completed	686	none	none
687	1024	completed	687	none	none
688	1024	completed	688	none	none
689	1024	completed	689	none	none
690	1024	completed	690	none	none
691	1024	completed	691	none	none
692	1024	completed	692	none	none
693	1024	completed	693	none	none
694	1024	completed	694	none	none
695	1024	completed	695	none	none
696	1024	completed	696	none	none
697	1024	completed	697	none	none
698	1024	completed	698	none	none
699	1024	completed	699	none	none
700	1024	completed	700	none	none
701	1024	completed	701	none	none
702	1024	completed	702	none	none
703	1024	completed	703	none	none
704	1024	completed	704	none	none
705	1024	completed	705	none	none
706	1024	completed	706	none	none
707	1024	completed	707	none	none
708	1024	completed	708	none	none
709	1024	completed	709	none	none
710	1024	completed	710	none	none
711	1024	completed	711	none	none
712	1024	completed	712	none	none
713	1024	completed	713	none	none
714	1024	completed	714	none	none
715	1024	completed	715	none	none
716	1024	completed	716	none	none
717	1024	completed	717	none	none
718	1024	completed	718	none	none
719	1024	completed	719	none	none
720	1024	completed	720	none	none
721	1024	completed	721	none	none
722	1024	completed	722	none	none
723	1024	completed	723	none	none
724	1024	completed	724	none	none
725	1024	completed	725	none	none
726	1024	completed	726	none	none
727	1024	completed	727	none	none
728	1024	completed	728	none	none
729	1024	completed	729	none	none
730	1024	completed	730	none	none
731	1024	completed	731	none	none
732	1024	completed	732	none	none
733	1024	completed	733	none	none
734	1024	completed	734	none	none
735	1024	completed	735	none	none
736	1024	completed	736	none	none
737	1024	completed	737	none	none
738	1024	completed	738	none	none
739	1024	completed	739	none	none
740	1024	completed	740	none	none
741	1024	completed	741	none	none
742	1024	completed	742	none	none
743	1024	completed	743	none	none
744	1024	completed	744	none	none
745	1024	completed	745	none	none
746	1024	completed	746	none	none
747	1024	completed	747	none	none
748	1024	completed	748	none	none
749	1024	completed	749	none	none
750	1024	completed	750	none	none
751	1024	completed	751	none	none
752	1024	completed	752	none	none
753	1024	completed	753	none	none
754	1024	completed	754	none	none
755	1024	completed	755	none	none
756	1024	completed	756	none	none
757	1024	completed	757	none	none
758	1024	completed	758	none	none
759	1024	completed	759	none	none
760	1024	completed	760	none	none
761	1024	completed	761	none	none
762	1024	completed	762	none	none
763	1024	completed	763	none	none
764	1024	completed	764	none	none
765	1024	completed	765	none	none
766	1024	completed	766	none	none
767	1024	completed	767	none	none
768	1024	completed	768	none	none
769	1024	completed	769	none	none
770	1024	completed	770	none	none
771	1024	completed	771	none	none
772	1024	completed	772	none	none
773	1024	completed	773	none	none
774	1024	completed	774	none	none
775	1024	completed	775	none	none
776	1024	completed	776	none	none
777	1024	completed	777	none	none
778	1024	completed	778	none	none
779	1024	completed	779	none	none
780	1024	completed	780	none	none
781	1024	completed	781	none	none
782	1024	completed	782	none	none
783	1024	completed	783	none	none
784	1024	completed	784	none	none
785	1024	completed	785	none	none
786	1024	completed	786	none	none
787	1024	completed	787	none	none
788	1024	completed	788	none	none
789	1024	completed	789	none	none
790	1024	completed	790	none	none
791	1024	completed	791	none	none
792	1024	completed	792	none	none
793	1024	completed	793	none	none
794	1024	completed	794	none	none
795	1024	completed	795	none	none
796	1024	completed	796	none	none
797	1024	completed	797	none	none
798	1024	completed	798	none	none
799	1024	completed	799	none	none
800	1024	completed	800	none	none
801	1024	completed	801	none	none
802	1024	completed	802	none	none
803	1024	completed	803	none	none
804	1024	completed	804	none	none
805	1024	completed	805	none	none
806	1024	completed	806	none	none
807	1024	completed	807	none	none
808	1024	completed	808	none	none
809	1024	completed	809	none	none
810	1024	completed	810	none	none
811	1024	completed	811	none	none
812	1024	completed	812	none	none
813	1024	completed	813	none	none
814	1024	completed	814	none	none
815	1024	completed	815	none	none
816	1024	completed	816	none	none
817	1024	completed	817	none	none
818	1024	completed	818	none	none
819	1024	completed	819	none	none
820	1024	completed	820	none	none
821	1024	completed	821	none	none
822	1024	completed	822	none	none
823	1024	completed	823	none	none
824	1024	completed	824	none	none
825	1024	completed	825	none	none
826	1024	completed	826	none	none
827	1024	completed	827	none	none
828	1024	completed	828	none	none
829	1024	completed	829	none	none
830	1024	completed	830	none	none
831	1024	completed	831	none	none
832	1024	completed	832	none	none
833	1024	completed	833	none	none
834	1024	completed	834	none	none
835	1024	completed	835	none	none
836	1024	completed	836	none	none
837	1024	completed	837	none	none
838	1024	completed	838	none	none
839	1024	completed	839	none	none
840	1024	completed	840	none	none
841	1024	completed	841	none	none
842	1024	completed	842	none	none
843	1024	completed	843	none	none
844	1024	completed	844	none	none
845	1024	completed	845	none	none
846	1024	completed	846	none	none
847	1024	completed	847	none	none
848	1024	completed	848	none	none
849	1024	completed	849	none	none
850	1024	completed	850	none	none
851	1024	completed	851	none	none
852	1024	completed	852	none	none
853	1024	completed	853	none	none
854	1024	completed	854	none	none
855	1024	completed	855	none	none
856	1024	completed	856	none	none
857	1024	completed	857	none	none
858	1024	completed	858	none	none
859	1024	completed	859	none	none
860	1024	completed	860	none	none
861	1024	completed	861	none	none
862	1024	completed	862	none	none
863	1024	completed	863	none	none
864	1024	completed	864	none	none
865	1024	completed	865	none	none
866	1024	completed	866	none	none
867	1024	completed	867	none	none
868	1024	completed	868	none	none
869	1024	completed	869	none	none
870	1024	completed	870	none	none
871	1024	completed	871	none	none
872	1024	completed	872	none	none
873	1024	completed	873	none	none
874	1024	completed	874	none	none
875	1024	completed	875	none	none
876	1024	completed	876	none	none
877	1024	completed	877	none	none
878	1024	completed	878	none	none
879	1024	completed	879	none	none
880	1024	completed	880	none	none
881	1024	completed	881	none	none
882	1024	completed	882	none	none
883	1024	completed	883	none	none
884	1024	completed	884	none	none
885	1024	completed	885	none	none
886	1024	completed	886	none	none
887	1024	completed	887	none	none
888	1024	completed	888	none	none
889	1024	completed	889	none	none
890	1024	completed	890	none	none
891	1024	completed	891	none	none
892	1024	completed	892	none	none
893	1024	completed	893	none	none
894	1024	completed	894	none	none
895	1024	completed	895	none	none
896	1024	completed	896	none	none
897	1024	completed	897	none	none
898	1024	completed	898	none	none
899	1024	completed	899	none	none
900	1024	completed	900	none	none
901	1024	completed	901	none	none
902	1024	completed	902	none	none
903	1024	completed	903	none	none
904	1024	completed	904	none	none
905	1024	completed	905	none	none
906	1024	completed	906	none	none
907	1024	completed	907	none	none
908	1024	completed	908	none	none
909	1024	completed	909	none	none
910	1024	completed	910	none	none
911	1024	completed	911	none	none
912	1024	completed	912	none	none
913	1024	completed	913	none	none
914	1024	completed	914	none	none
915	1024	completed	915	none	none
916	1024	completed	916	none	none
917	1024	completed	917	none	none
918	1024	completed	918	none	none
919	1024	completed	919	none	none
920	1024	completed	920	none	none
921	1024	completed	921	none	none
922	1024	completed	922	none	none
923	1024	completed	923	none	none
924	1024	completed	924	none	none
925	1024	completed	925	none	none
926	1024	completed	926	none	none
927	1024	completed	927	none	none
928	1024	completed	928	none	none
929	1024	completed	929	none	none
930	1024	completed	930	none	none
931	1024	completed	931	none	none
932	1024	completed	932	none	none
933	1024	completed	933	none	none
934	1024	completed	934	none	none
935	1024	completed	935	none	none
936	1024	completed	936	none	none
937	1024	completed	937	none	none
938	1024	completed	938	none	none
939	1024	completed	939	none	none
940	1024	completed	940	none	none
941	1024	completed	941	none	none
942	1024	completed	942	none	none
943	1024	completed	943	none	none
944	1024	completed	944	none	none
945	1024	completed	945	none	none
946	1024	completed	946	none	none
947	1024	completed	947	none	none
948	1024	completed	948	none	none
949	1024	completed	949	none	none
950	1024	completed	950	none	none
951	1024	completed	951	none	none
952	1024	completed	952	none	none
953	1024	completed	953	none	none
954	1024	completed	954	none	none
955	1024	completed	955	none	none
956	1024	completed	956	none	none
957	1024	completed	957	none	none
958	1024	completed	958	none	none
959	1024	completed	959	none	none
960	1024	completed	960	none	none
961	1024	completed	961	none	none
962	1024	completed	962	none	none
963	1024	completed	963	none	none
964	1024	completed	964	none	none
965	1024	completed	965	none	none
966	1024	completed	966	none	none
967	1024	completed	967	none	none
968	1024	completed	968	none	none
969	1024	completed	969	none	none
970	1024	completed	970	none	none
971	1024	completed	971	none	none
972	1024	completed	972	none	none
973	1024	completed	973	none	none
974	1024	completed	974	none	none
975	1024	completed	975	none	none
976	1024	completed	976	none	none
977	1024	completed	977	none	none
978	1024	completed	978	none	none
979	1024	completed	979	none	none
980	1024	completed	980	none	none
981	1024	completed	981	none	none
982	1024	completed	982	none	none
983	1024	completed	983	none	none
984	1024	completed	984	none	none
985	1024	completed	985	none	none
986	1024	completed	986	none	none
987	1024	completed	987	none	none
988	1024	completed	988	none	none
989	1024	completed	989	none	none
990	1024	completed	990	none	none
991	1024	completed	991	none	none
992	1024	completed	992	none	none
993	1024	completed	993	none	none
994	1024	completed	994	none	none
995	1024	completed	995	none	none
996	1024	completed	996	none	none
997	1024	completed	997	none	none
998	1024	completed	998	none	none
999	1024	completed	999	none	none
1000	1024	completed	1000	none	none
1001	1024	completed	1001	none	none
1002	1024	completed	1002	none	none
1003	1024	completed	1003	none	none
1004	1024	completed	1004	none	none
1005	1024	completed	1005	none	none
1006	1024	completed	1006	none	none
1007	1024	completed	1007	none	none
1008	1024	completed	1008	none	none
1009	1024	completed	1009	none	none
1010	1024	completed	1010	none	none
1011	1024	completed	1011	none	none
1012	1024	completed	1012	none	none
1013	1024	completed	1013	none	none
1014	1024	completed	1014	none	none
1015	1024	completed	1015	none	none
1016	1024	completed	1016	none	none
1017	1024	completed	1017	none	none
1018	1024	completed	1018	none	none
1019	1024	completed	1019	none	none
1020	1024	completed	1020	none	none
1021	1024	completed	1021	none	none
1022	1024	completed	1022	none	none
1023	1024	completed	1023	none	none
1024	1024	completed	1024	none	none
1025	1024	completed	1025	none	none
1026	1024	completed	1026	none	none
1027	1024	completed	1027	none	none
1028	1024	completed	1028	none	none
1029	1024	completed	1029	none	none
1030	1024	completed	1030	none	none
1031	1024	completed	1031	none	none
1032	1024	completed	1032	none	none
1033	1024	completed	1033	none	none
1034	1024	completed	1034	none	none
1035	1024	completed	1035	none	none
1036	1024	completed	1036	none	none
1037	1024	completed	1037	none	none
1038	1024	completed	1038	none	none
1039	1024	completed	1039	none	none
1040	1024	completed	1040	none	none
1041	1024	completed	1041	none	none
1042	1024	completed	1042	none	none
1043	1024	completed	1043	none	none
1044	1024	completed	1044	none	none
1045	1024	completed	1045	none	none
1046	1024	completed	1046	none	none
1047	1024	completed	1047	none	none
1048	1024	completed	1048	none	none
1049	1024	completed	1049	none	none
1050	1024	completed	1050	none	none
1051	1024	completed	1051	none	none
1052	1024	completed	1052	none	none
1053	1024	completed	1053	none	none
1054	1024	completed	1054	none	none
1055	1024	completed	1055	none	none
1056	1024	completed	1056	none	none
1057	1024	completed	1057	none	none
1058	1024	completed	1058	none	none
1059	1024	completed	1059	none	none
1060	1024	completed	1060	none	none
1061	1024	completed	1061	none	none
1062	1024	completed	1062	none	none
1063	1024	completed	1063	none	none
1064	1024	completed	1064	none	none
1065	1024	completed	1065	none	none
1066	1024	completed	1066	none	none
1067	1024	completed	1067	none	none
1068	1024	completed	1068	none	none
1069	1024	completed	1069	none	none
1070	1024	completed	1070	none	none
1071	1024	completed	1071	none	none
1072	1024	completed	1072	none	none
1073	1024	completed	1073	none	none
1074	1024	completed	1074	none	none
1075	1024	completed	1075	none	none
1076	1024	completed	1076	none	none
1077	1024	completed	1077	none	none
1078	1024	completed	1078	none	none
1079	1024	completed	1079	none	none
1080	1024	completed	1080	none	none
1081	1024	completed	1081	none	none
1082	1024	completed	1082	none	none
1083	1024	completed	1083	none	none
1084	1024	completed	1084	none	none
1085	1024	completed	1085	none	none
1086	1024	completed	1086	none	none
1087	1024	completed	1087	none	none
1088	1024	completed	1088	none	none
1089	1024	completed	1089	none	none
1090	1024	completed	1090	none	none
1091	1024	completed	1091	none	none
1092	1024	completed	1092	none	none
1093	1024	completed	1093	none	none
1094	1024	completed	1094	none	none
1095	1024	completed	1095	none	none
1096	1024	completed	1096	none	none
1097	1024	completed	1097	none	none
1098	1024	completed	1098	none	none
1099	1024	completed	1099	none	none
1100	1024	completed	1100	none	none
1101	1024	completed	1101	none	none
1102	1024	completed	1102	none	none
1103	1024	completed	1103	none	none
1104	1024	completed	1104	none	none
1105	1024	completed	1105	none	none
1106	1024	completed	1106	none	none
1107	1024	completed	1107	none	none
1108	1024	completed	1108	none	none
1109	1024	completed	1109	none	none
1110	1024	completed	1110	none	none
1111	1024	completed	1111	none	none
1112	1024	completed	1112	none	none
1113	1024	completed	1113	none	none
1114	1024	completed	1114	none	none
1115	1024	completed	1115	none	none
1116	1024	completed	1116	none	none
1117	1024	completed	1117	none	none
1118	1024	completed	1118	none	none
1119	1024	completed	1119	none	none
1120	1024	completed	1120	none	none
1121	1024	completed	1121	none	none
1122	1024	completed	1122	none	none
1123	1024	completed	1123	none	none
1124	1024	completed	1124	none	none
1125	1024	completed	1125	none	none
1126	1024	completed	1126	none	none
1127	1024	completed	1127	none	none
1128	1024	completed	1128	none	none
1129	1024	completed	1129	none	none
1130	1024	completed	1130	none	none
1131	1024	completed	1131	none	none
1132	1024	completed	1132	none	none
1133	1024	completed	1133	none	none
1134	1024	completed	1134	none	none
1135	1024	completed	1135	none	none
1136	1024	completed	1136	none	none
1137	1024	completed	1137	none	none
1138	1024	completed	1138	none	none
1139	1024	completed	1139	none	none
1140	1024	completed	1140	none	none
1141	1024	completed	1141	none	none
1142	1024	completed	1142	none	none
1143	1024	completed	1143	none	none
1144	1024	completed	1144	none	none
1145	1024	completed	1145	none	none
1146	1024	completed	1146	none	none
1147	1024	completed	1147	none	none
1148	1024	completed	1148	none	none
1149	1024	completed	1149	none	none
1150	1024	completed	1150	none	none
1151	1024	completed	1151	none	none
1152	1024	completed	1152	none	none
1153	1024	completed	1153	none	none
1154	1024	completed	1154	none	none
1155	1024	completed	1155	none	none
1156	1024	completed	1156	none	none
1157	1024	completed	1157	none	none
1158	1024	completed	1158	none	none
1159	1024	completed	1159	none	none
1160	1024	completed	1160	none	none
1161	1024	completed	1161	none	none
1162	1024	completed	1162	none	none
1163	1024	completed	1163	none	none
1164	1024	completed	1164	none	none
1165	1024	completed	1165	none	none
1166	1024	completed	1166	none	none
1167	1024	completed	1167	none	none
1168	1024	completed	1168	none	none
1169	1024	completed	1169	none	none
1170	1024	completed	1170	none	none
1171	1024	completed	1171	none	none
1172	1024	completed	1172	none	none
1173	1024	completed	1173	none	none
1174	1024	completed	1174	none	none
1175	1024	completed	1175	none	none
1176	1024	completed	1176	none	none
1177	1024	completed	1177	none	none
1178	1024	completed	1178	none	none
1179	1024	completed	1179	none	none
1180	1024	completed	1180	none	none
1181	1024	completed	1181	none	none
1182	1024	completed	1182	none	none
1183	1024	completed	1183	none	none
1184	1024	completed	1184	none	none
1185	1024	completed	1185	none	none
1186	1024	completed	1186	none	none
1187	1024	completed	1187	none	none
1188	1024	completed	1188	none	none
1189	1024	completed	1189	none	none
1190	1024	completed	1190	none	none
1191	1024	completed	1191	none	none
1192	1024	completed	1192	none	none
1193	1024	completed	1193	none	none
1194	1024	completed	1194	none	none
1195	1024	completed	1195	none	none
1196	1024	completed	1196	none	none
1197	1024	completed	1197	none	none
1198	1024	completed	1198	none	none
1199	1024	completed	1199	none	none
1200	1024	completed	1200	none	none
1201	1024	completed	1201	none	none
1202	1024	completed	1202	none	none
1203	1024	completed	1203	none	none
1204	1024	completed	1204	none	none
1205	1024	completed	1205	none	none
1206	1024	completed	1206	none	none
1207	1024	completed	1207	none	none
1208	1024	completed	1208	none	none
1209	1024	completed	1209	none	none
1210	1024	completed	1210	none	none
1211	1024	completed	1211	none	none
1212	1024	completed	1212	none	none
1213	1024	completed	1213	none	none
1214	1024	completed	1214	none	none
1215	1024	completed	1215	none	none
1216	1024	completed	1216	none	none
1217	1024	completed	1217	none	none
1218	1024	completed	1218	none	none
1219	1024	completed	1219	none	none
1220	1024	completed	1220	none	none
1221	1024	completed	1221	none	none
1222	1024	completed	1222	none	none
1223	1024	completed	1223	none	none
1224	1024	completed	1224	none	none
1225	1024	completed	1225	none	none
1226	1024	completed	1226	none	none
1227	1024	completed	1227	none	none
1228	1024	completed	1228	none	none
1229	1024	completed	1229	none	none
1230	1024	completed	1230	none	none
1231	1024	completed	1231	none	none
1232	1024	completed	1232	none	none
1233	1024	completed	1233	none	none
1234	1024	completed	1234	none	none
1235	1024	completed	1235	none	none
1236	1024	completed	1236	none	none
1237	1024	completed	1237	none	none
1238	1024	completed	1238	none	none
1239	1024	completed	1239	none	none
1240	1024	completed	1240	none	none
1241	1024	completed	1241	none	none
1242	1024	completed	1242	none	none
1243	1024	completed	1243	none	none
1244	1024	completed	1244	none	none
1245	1024	completed	1245	none	none
1246	1024	completed	1246	none	none
1247	1024	completed	1247	none	none
1248	1024	completed	1248	none	none
1249	1024	completed	1249	none	none
1250	1024	completed	1250	none	none
1251	1024	completed	1251	none	none
1252	1024	completed	1252	none	none
1253	1024	completed	1253	none	none
1254	1024	completed	1254	none	none
1255	1024	completed	1255	none	none
1256	1024	completed	1256	none	none
1257	1024	completed	1257	none	none
1258	1024	completed	1258	none	none
1259	1024	completed	1259	none	none
1260	1024	completed	1260	none	none
1261	1024	completed	1261	none	none
1262	1024	completed	1262	none	none
1263	1024	completed	1263	none	none
1264	1024	completed	1264	none	none
1265	1024	completed	1265	none	none
1266	1024	completed	1266	none	none
1267	1024	completed	1267	none	none
1268	1024	completed	1268	none	none
1269	1024	completed	1269	none	none
1270	1024	completed	1270	none	none
1271	1024	completed	1271	none	none
1272	1024	completed	1272	none	none
1273	1024	completed	1273	none	none
1274	1024	completed	1274	none	none
1275	1024	completed	1275	none	none
1276	1024	completed	1276	none	none
1277	1024	completed	1277	none	none
1278	1024	completed	1278	none	none
1279	1024	completed	1279	none	none
1280	1024	completed	1280	none	none
1281	1024	completed	1281	none	none
1282	1024	completed	1282	none	none
1283	1024	completed	1283	none	none
1284	1024	completed	1284	none	none
1285	1024	completed	1285	none	none
1286	1024	completed	1286	none	none
1287	1024	completed	1287	none	none
1288	1024	completed	1288	none	none
1289	1024	completed	1289	none	none
1290	1024	completed	1290	none	none
1291	1024	completed	1291	none	none
1292	1024	completed	1292	none	none
1293	1024	completed	1293	none	none
1294	1024	completed	1294	none	none
1295	1024	completed	1295	none	none
1296	1024	completed	1296	none	none
1297	1024	completed	1297	none	none
1298	1024	completed	1298	none	none
1299	1024	completed	1299	none	none
1300	1024	completed	1300	none	none
1301	1024	completed	1301	none	none
1302	1024	completed	1302	none	none
1303	1024	completed	1303	none	none
1304	1024	completed	1304	none	none
1305	1024	completed	1305	none	none
1306	1024	completed	1306	none	none
1307	1024	completed	1307	none	none
1308	1024	completed	1308	none	none
1309	1024	completed	1309	none	none
1310	1024	completed	1310	none	none
1311	1024	completed	1311	none	none
1312	1024	completed	1312	none	none
1313	1024	completed	1313	none	none
1314	1024	completed	1314	none	none
1315	1024	completed	1315	none	none
1316	1024	completed	1316	none	none
1317	1024	completed	1317	none	none
1318	1024	completed	1318	none	none
1319	1024	completed	1319	none	none
1320	1024	completed	1320	none	none
1321	1024	completed	1321	none	none
1322	1024	completed	1322	none	none
1323	1024	completed	1323	none	none
1324	1024	completed	1324	none	none
1325	1024	completed	1325	none	none
1326	1024	completed	1326	none	none
1327	1024	completed	1327	none	none
1328	1024	completed	1328	none	none
1329	1024	completed	1329	none	none
1330	1024	completed	1330	none	none
1331	1024	completed	1331	none	none
1332	1024	completed	1332	none	none
1333	1024	completed	1333	none	none
1334	1024	completed	1334	none	none
1335	1024	completed	1335	none	none
1336	1024	completed	1336	none	none
1337	1024	completed	1337	none	none
1338	1024	completed	1338	none	none
1339	1024	completed	1339	none	none
1340	1024	completed	1340	none	none
1341	1024	completed	1341	none	none
1342	1024	completed	1342	none	none
1343	1024	completed	1343	none	none
1344	1024	completed	1344	none	none
1345	1024	completed	1345	none	none
1346	1024	completed	1346	none	none
1347	1024	completed	1347	none	none
1348	1024	completed	1348	none	none
1349	1024	completed	1349	none	none
1350	1024	completed	1350	none	none
1351	1024	completed	1351	none	none
1352	1024	completed	1352	none	none
1353	1024	completed	1353	none	none
1354	1024	completed	1354	none	none
1355	1024	completed	1355	none	none
1356	1024	completed	1356	none	none
1357	1024	completed	1357	none	none
1358	1024	completed	1358	none	none
1359	1024	completed	1359	none	none
1360	1024	completed	1360	none	none
1361	1024	completed	1361	none	none
1362	1024	completed	1362	none	none
1363	1024	completed	1363	none	none
1364	1024	completed	1364	none	none
1365	1024	completed	1365	none	none
1366	1024	completed	1366	none	none
1367	1024	completed	1367	none	none
1368	1024	completed	1368	none	none
1369	1024	completed	1369	none	none
1370	1024	completed	1370	none	none
1371	1024	completed	1371	none	none
1372	1024	completed	1372	none	none
1373	1024	completed	1373	none	none
1374	1024	completed	1374	none	none
1375	1024	completed	1375	none	none
1376	1024	completed	1376	none	none
1377	1024	completed	1377	none	none
1378	1024	completed	1378	none	none
1379	1024	completed	1379	none	none
1380	1024	completed	1380	none	none
1381	1024	completed	1381	none	none
1382	1024	completed	1382	none	none
1383	1024	completed	1383	none	none
1384	1024	completed	1384	none	none
1385	1024	completed	1385	none	none
1386	1024	completed	1386	none	none
1387	1024	completed	1387	none	none
1388	1024	completed	1388	none	none
1389	1024	completed	1389	none	none
1390	1024	completed	1390	none	none
1391	1024	completed	1391	none	none
1392	1024	completed	1392	none	none
1393	1024	completed	1393	none	none
1394	1024	completed	1394	none	none
1395	1024	completed	1395	none	none
1396	1024	completed	1396	none	none
1397	1024	completed	1397	none	none
1398	1024	completed	1398	none	none
1399	1024	completed	1399	none	none
1400	1024	completed	1400	none	none
1401	1024	completed	1401	none	none
1402	1024	completed	1402	none	none
1403	1024	completed	1403	none	none
1404	1024	completed	1404	none	none
1405	1024	completed	1405	none	none
1406	1024	completed	1406	none	none
1407	1024	completed	1407	none	none
1408	1024	completed	1408	none	none
1409	1024	completed	1409	none	none
1410	1024	completed	1410	none	none
1411	1024	completed	1411	none	none
1412	1024	completed	1412	none	none
1413	1024	completed	1413	none	none
1414	1024	completed	1414	none	none
1415	1024	completed	1415	none	none
1416	1024	completed	1416	none	none
1417	1024	completed	1417	none	none
1418	1024	completed	1418	none	none
1419	1024	completed	1419	none	none
1420	1024	completed	1420	none	none
1421	1024	completed	1421	none	none
1422	1024	completed	1422	none	none
1423	1024	completed	1423	none	none
1424	1024	completed	1424	none	none
1425	1024	completed	1425	none	none
1426	1024	completed	1426	none	none
1427	1024	completed	1427	none	none
1428	1024	completed	1428	none	none
1429	1024	completed	1429	none	none
1430	1024	completed	1430	none	none
1431	1024	completed	1431	none	none
1432	1024	completed	1432	none	none
1433	1024	completed	1433	none	none
1434	1024	completed	1434	none	none
1435	1024	completed	1435	none	none
1436	1024	completed	1436	none	none
1437	1024	completed	1437	none	none
1438	1024	completed	1438	none	none
1439	1024	completed	1439	none	none
1440	1024	completed	1440	none	none
1441	1024	completed	1441	none	none
1442	1024	completed	1442	none	none
1443	1024	completed	1443	none	none
1444	1024	completed	1444	none	none
1445	1024	completed	1445	none	none
1446	1024	completed	1446	none	none
1447	1024	completed	1447	none	none
1448	1024	completed	1448	none	none
1449	1024	completed	1449	none	none
1450	1024	completed	1450	none	none
1451	1024	completed	1451	none	none
1452	1024	completed	1452	none	none
1453	1024	completed	1453	none	none
1454	1024	completed	1454	none	none
1455	1024	completed	1455	none	none
1456	1024	completed	1456	none	none
1457	1024	completed	1457	none	none
1458	1024	completed	1458	none	none
1459	1024	completed	1459	none	none
1460	1024	completed	1460	none	none
1461	1024	completed	1461	none	none
1462	1024	completed	1462	none	none
1463	1024	completed	1463	none	none
1464	1024	completed	1464	none	none
1465	1024	completed	1465	none	none
1466	1024	completed	1466	none	none
1467	1024	completed	1467	none	none
1468	1024	completed	1468	none	none
1469	1024	completed	1469	none	none
1470	1024	completed	1470	none	none
1471	1024	completed	1471	none	none
1472	1024	completed	1472	none	none
1473	1024	completed	1473	none	none
1474	1024	completed	1474	none	none
1475	1024	completed	1475	none	none
1476	1024	completed	1476	none	none
1477	1024	completed	1477	none	none
1478	1024	completed	1478	none	none
1479	1024	completed	1479	none	none
1480	1024	completed	1480	none	none
1481	1024	completed	1481	none	none
1482	1024	completed	1482	none	none
1483	1024	completed	1483	none	none
1484	1024	completed	1484	none	none
1485	1024	completed	1485	none	none
1486	1024	completed	1486	none	none
1487	1024	completed	1487	none	none
1488	1024	completed	1488	none	none
1489	1024	completed	1489	none	none
1490	1024	completed	1490	none	none
1491	1024	completed	1491	none	none
1492	1024	completed	1492	none	none
1493	1024	completed	1493	none	none
1494	1024	completed	1494	none	none
1495	1024	completed	1495	none	none
1496	1024	completed	1496	none	none
1497	1024	completed	1497	none	none
1498	1024	completed	1498	none	none
1499	1024	completed	1499	none	none
1500	1024	completed	1500	none	none
1501	1024	completed	1501	none	none
1502	1024	completed	1502	none	none
1503	1024	completed	1503	none	none
1504	1024	completed	1504	none	none
1505	1024	completed	1505	none	none
1506	1024	completed	1506	none	none
1507	1024	completed	1507	none	none
1508	1024	completed	1508	none	none
1509	1024	completed	1509	none	none
1510	1024	completed	1510	none	none
1511	1024	completed	1511	none	none
1512	1024	completed	1512	none	none
1513	1024	completed	1513	none	none
1514	1024	completed	1514	none	none
1515	1024	completed	1515	none	none
1516	1024	completed	1516	none	none
1517	1024	completed	1517	none	none
1518	1024	completed	1518	none	none
1519	1024	completed	1519	none	none
1520	1024	completed	1520	none	none
1521	1024	completed	1521	none	none
1522	1024	completed	1522	none	none
1523	1024	completed	1523	none	none
1524	1024	completed	1524	none	none
1525	1024	completed	1525	none	none
1526	1024	completed	1526	none	none
1527	1024	completed	1527	none	none
1528	1024	completed	1528	none	none
1529	1024	completed	1529	none	none
1530	1024	completed	1530	none	none
1531	1024	completed	1531	none	none
1532	1024	completed	1532	none	none
1533	1024	completed	1533	none	none
1534	1024	completed	1534	none	none
1535	1024	completed	1535	none	none
1536	1024	completed	1536	none	none
1537	1024	completed	1537	none	none
1538	1024	completed	1538	none	none
1539	1024	completed	1539	none	none
1540	1024	completed	1540	none	none
1541	1024	completed	1541	none	none
1542	1024	completed	1542	none	none
1543	1024	completed	1543	none	none
1544	1024	completed	1544	none	none
1545	1024	completed	1545	none	none
1546	1024	completed	1546	none	none
1547	1024	completed	1547	none	none
1548	1024	completed	1548	none	none
1549	1024	completed	1549	none	none
1550	1024	completed	1550	none	none
1551	1024	completed	1551	none	none
1552	1024	completed	1552	none	none
1553	1024	completed	1553	none	none
1554	1024	completed	1554	none	none
1555	1024	completed	1555	none	none
1556	1024	completed	1556	none	none
1557	1024	completed	1557	none	none
1558	1024	completed	1558	none	none
1559	1024	completed	1559	none	none
1560	1024	completed	1560	none	none
1561	1024	completed	1561	none	none
1562	1024	completed	1562	none	none
1563	1024	completed	1563	none	none
1564	1024	completed	1564	none	none
1565	1024	completed	1565	none	none
1566	1024	completed	1566	none	none
1567	1024	completed	1567	none	none
1568	1024	completed	1568	none	none
1569	1024	completed	1569	none	none
1570	1024	completed	1570	none	none
1571	1024	completed	1571	none	none
1572	1024	completed	1572	none	none
1573	1024	completed	1573	none	none
1574	1024	completed	1574	none	none
1575	1024	completed	1575	none	none
1576	1024	completed	1576	none	none
1577	1024	completed	1577	none	none
1578	1024	completed	1578	none	none
1579	1024	completed	1579	none	none
1580	1024	completed	1580	none	none
1581	1024	completed	1581	none	none
1582	1024	completed	1582	none	none
1583	1024	completed	1583	none	none
1584	1024	completed	1584	none	none
1585	1024	completed	1585	none	none
1586	1024	completed	1586	none	none
1587	1024	completed	1587	none	none
1588	1024	completed	1588	none	none
1589	1024	completed	1589	none	none
1590	1024	completed	1590	none	none
1591	1024	completed	1591	none	none
1592	1024	completed	1592	none	none
1593	1024	completed	1593	none	none
1594	1024	completed	1594	none	none
1595	1024	completed	1595	none	none
1596	1024	completed	1596	none	none
1597	1024	completed	1597	none	none
1598	1024	completed	1598	none	none
1599	1024	completed	1599	none	none
1600	1024	completed	1600	none	none
1601	1024	completed	1601	none	none
1602	1024	completed	1602	none	none
1603	1024	completed	1603	none	none
1604	1024	completed	1604	none	none
1605	1024	completed	1605	none	none
1606	1024	completed	1606	none	none
1607	1024	completed	1607	none	none
1608	1024	completed	1608	none	none
1609	1024	completed	1609	none	none
1610	1024	completed	1610	none	none
1611	1024	completed	1611	none	none
1612	1024	completed	1612	none	none
1613	1024	completed	1613	none	none
1614	1024	completed	1614	none	none
1615	1024	completed	1615	none	none
1616	1024	completed	1616	none	none
1617	1024	completed	1617	none	none
1618	1024	completed	1618	none	none
1619	1024	completed	1619	none	none
1620	1024	completed	1620	none	none
1621	1024	completed	1621	none	none
1622	1024	completed	1622	none	none
1623	1024	completed	1623	none	none
1624	1024	completed	1624	none	none
1625	1024	completed	1625	none	none
1626	1024	completed	1626	none	none
1627	1024	completed	1627	none	none
1628	1024	completed	1628	none	none
1629	1024	completed	1629	none	none
1630	1024	completed	1630	none	none
1631	1024	completed	1631	none	none
1632	1024	completed	1632	none	none
1633	1024	completed	1633	none	none
1634	1024	completed	1634	none	none
1635	1024	completed	1635	none	none
1636	1024	completed	1636	none	none
1637	1024	completed	1637	none	none
1638	1024	completed	1638	none	none
1639	1024	completed	1639	none	none
1640	1024	completed	1640	none	none
1641	1024	completed	1641	none	none
1642	1024	completed	1642	none	none
1643	1024	completed	1643	none	none
1644	1024	completed	1644	none	none
1645	1024	completed	1645	none	none
1646	1024	completed	1646	none	none
1647	1024	completed	1647	none	none
1648	1024	completed	1648	none	none
1649	1024	completed	1649	none	none
1650	1024	completed	1650	none	none
1651	1024	completed	1651	none	none
1652	1024	completed	1652	none	none
1653	1024	completed	1653	none	none
1654	1024	completed	1654	none	none
1655	1024	completed	1655	none	none
1656	1024	completed	1656	none	none
1657	1024	completed	1657	none	none
1658	1024	completed	1658	none	none
1659	1024	completed	1659	none	none
1660	1024	completed	1660	none	none
1661	1024	completed	1661	none	none
1662	1024	completed	1662	none	none
1663	1024	completed	1663	none	none
1664	1024	completed	1664	none	none
1665	1024	completed	1665	none	none
1666	1024	completed	1666	none	none
1667	1024	completed	1667	none	none
1668	1024	completed	1668	none	none
1669	1024	completed	1669	none	none
1670	1024	completed	1670	none	none
1671	1024	completed	1671	none	none
1672	1024	completed	1672	none	none
1673	1024	completed	1673	none	none
1674	1024	completed	1674	none	none
1675	1024	completed	1675	none	none
1676	1024	completed	1676	none	none
1677	1024	completed	1677	none	none
1678	1024	completed	1678	none	none
1679	1024	completed	1679	none	none
1680	1024	completed	1680	none	none
1681	1024	completed	1681	none	none
1682	1024	completed	1682	none	none
1683	1024	completed	1683	none	none
1684	1024	completed	1684	none	none
1685	1024	completed	1685	none	none
1686	1024	completed	1686	none	none
1687	1024	completed	1687	none	none
1688	1024	completed	1688	none	none
1689	1024	completed	1689	none	none
1690	1024	completed	1690	none	none
1691	1024	completed	1691	none	none
1692	1024	completed	1692	none	none
1693	1024	completed	1693	none	none
1694	1024	completed	1694	none	none
1695	1024	completed	1695	none	none
1696	1024	completed	1696	none	none
1697	1024	completed	1697	none	none
1698	1024	completed	1698	none	none
1699	1024	completed	1699	none	none
1700	1024	completed	1700	none	none
1701	1024	completed	1701	none	none
1702	1024	completed	1702	none	none
1703	1024	completed	1703	none	none
1704	1024	completed	1704	none	none
1705	1024	completed	1705	none	none
1706	1024	completed	1706	none	none
1707	1024	completed	1707	none	none
1708	1024	completed	1708	none	none
1709	1024	completed	1709	none	none
1710	1024	completed	1710	none	none
1711	1024	completed	1711	none	none
1712	1024	completed	1712	none	none
1713	1024	completed	1713	none	none
1714	1024	completed	1714	none	none
1715	1024	completed	1715	none	none
1716	1024	completed	1716	none	none
1717	1024	completed	1717	none	none
1718	1024	completed	1718	none	none
1719	1024	completed	1719	none	none
1720	1024	completed	1720	none	none
1721	1024	completed	1721	none	none
1722	1024	completed	1722	none	none
1723	1024	completed	1723	none	none
1724	1024	completed	1724	none	none
1725	1024	completed	1725	none	none
1726	1024	completed	1726	none	none
1727	1024	completed	1727	none	none
1728	1024	completed	1728	none	none
1729	1024	completed	1729	none	none
1730	1024	completed	1730	none	none
1731	1024	completed	1731	none	none
1732	1024	completed	1732	none	none
1733	1024	completed	1733	none	none
1734	1024	completed	1734	none	none
1735	1024	completed	1735	none	none
1736	1024	completed	1736	none	none
1737	1024	completed	1737	none	none
1738	1024	completed	1738	none	none
1739	1024	completed	1739	none	none
1740	1024	completed	1740	none	none
1741	1024	completed	1741	none	none
1742	1024	completed	1742	none	none
1743	1024	completed	1743	none	none
1744	1024	completed	1744	none	none
1745	1024	completed	1745	none	none
1746	1024	completed	1746	none	none
1747	1024	completed	1747	none	none
1748	1024	completed	1748	none	none
1749	1024	completed	1749	none	none
1750	1024	completed	1750	none	none
1751	1024	completed	1751	none	none
1752	1024	completed	1752	none	none
1753	1024	completed	1753	none	none
1754	1024	completed	1754	none	none
1755	1024	completed	1755	none	none
1756	1024	completed	1756	none	none
1757	1024	completed	1757	none	none
1758	1024	completed	1758	none	none
1759	1024	completed	1759	none	none
1760	1024	completed	1760	none	none
1761	1024	completed	1761	none	none
1762	1024	completed	1762	none	none
1763	1024	completed	1763	none	none
1764	1024	completed	1764	none	none
1765	1024	completed	1765	none	none
1766	1024	completed	1766	none	none
1767	1024	completed	1767	none	none
1768	1024	completed	1768	none	none
1769	1024	completed	1769	none	none
1770	1024	completed	1770	none	none
1771	1024	completed	1771	none	none
1772	1024	completed	1772	none	none
1773	1024	completed	1773	none	none
1774	1024	completed	1774	none	none
1775	1024	completed	1775	none	none
1776	1024	completed	1776	none	none
1777	1024	completed	1777	none	none
1778	1024	completed	1778	none	none
1779	1024	completed	1779	none	none
1780	1024	completed	1780	none	none
1781	1024	completed	1781	none	none
1782	1024	completed	1782	none	none
1783	1024	completed	1783	none	none
1784	1024	completed	1784	none	none
1785	1024	completed	1785	none	none
1786	1024	completed	1786	none	none
1787	1024	completed	1787	none	none
1788	1024	completed	1788	none	none
1789	1024	completed	1789	none	none
1790	1024	completed	1790	none	none
1791	1024	completed	1791	none	none
1792	1024	completed	1792	none	none
1793	1024	completed	1793	none	none
1794	1024	completed	1794	none	none
1795	1024	completed	1795	none	none
1796	1024	completed	1796	none	none
1797	1024	completed	1797	none	none
1798	1024	completed	1798	none	none
1799	1024	completed	1799	none	none
1800	1024	completed	1800	none	none
1801	1024	completed	1801	none	none
1802	1024	completed	1802	none	none
1803	1024	completed	1803	none	none
1804	1024	completed	1804	none	none
1805	1024	completed	1805	none	none
1806	1024	completed	1806	none	none
1807	1024	completed	1807	none	none
1808	1024	completed	1808	none	none
1809	1024	completed	1809	none	none
1810	1024	completed	1810	none	none
1811	1024	completed	1811	none	none
1812	1024	completed	1812	none	none
1813	1024	completed	1813	none	none
1814	1024	completed	1814	none	none
1815	1024	completed	1815	none	none
1816	1024	completed	1816	none	none
1817	1024	completed	1817	none	none
1818	1024	completed	1818	none	none
1819	1024	completed	1819	none	none
1820	1024	completed	1820	none	none
1821	1024	completed	1821	none	none
1822	1024	completed	1822	none	none
1823	1024	completed	1823	none	none
1824	1024	completed	1824	none	none
1825	1024	completed	1825	none	none
1826	1024	completed	1826	none	none
1827	1024	completed	1827	none	none
1828	1024	completed	1828	none	none
1829	1024	completed	1829	none	none
1830	1024	completed	1830	none	none
1831	1024	completed	1831	none	none
1832	1024	completed	1832	none	none
1833	1024	completed	1833	none	none
1834	1024	completed	1834	none	none
1835	1024	completed	1835	none	none
1836	1024	completed	1836	none	none
1837	1024	completed	1837	none	none
1838	1024	completed	1838	none	none
1839	1024	completed	1839	none	none
1840	1024	completed	1840	none	none
1841	1024	completed	1841	none	none
1842	1024	completed	1842	none	none
1843	1024	completed	1843	none	none
1844	1024	completed	1844	none	none
1845	1024	completed	1845	none	none
1846	1024	completed	1846	none	none
1847	1024	completed	1847	none	none
1848	1024	completed	1848	none	none
1849	1024	completed	1849	none	none
1850	1024	completed	1850	none	none
1851	1024	completed	1851	none	none
1852	1024	completed	1852	none	none
1853	1024	completed	1853	none	none
1854	1024	completed	1854	none	none
1855	1024	completed	1855	none	none
1856	1024	completed	1856	none	none
1857	1024	completed	1857	none	none
1858	1024	completed	1858	none	none
1859	1024	completed	1859	none	none
1860	1024	completed	1860	none	none
1861	1024	completed	1861	none	none
1862	1024	completed	1862	none	none
1863	1024	completed	1863	none	none
1864	1024	completed	1864	none	none
1865	1024	completed	1865	none	none
1866	1024	completed	1866	none	none
1867	1024	completed	1867	none	none
1868	1024	completed	1868	none	none
1869	1024	completed	1869	none	none
1870	1024	completed	1870	none	none
1871	1024	completed	1871	none	none
1872	1024	completed	1872	none	none
1873	1024	completed	1873	none	none
1874	1024	completed	1874	none	none
1875	1024	completed	1875	none	none
1876	1024	completed	1876	none	none
1877	1024	completed	1877	none	none
1878	1024	completed	1878	none	none
1879	1024	completed	1879	none	none
1880	1024	completed	1880	none	none
1881	1024	completed	1881	none	none
1882	1024	completed	1882	none	none
1883	1024	completed	1883	none	none
1884	1024	completed	1884	none	none
1885	1024	completed	1885	none	none
1886	1024	completed	1886	none	none
1887	1024	completed	1887	none	none
1888	1024	completed	1888	none	none
1889	1024	completed	1889	none	none
1890	1024	completed	1890	none	none
1891	1024	completed	1891	none	none
1892	1024	completed	1892	none	none
1893	1024	completed	1893	none	none
1894	1024	completed	1894	none	none
1895	1024	completed	1895	none	none
1896	1024	completed	1896	none	none
1897	1024	completed	1897	none	none
1898	1024	completed	1898	none	none
1899	1024	completed	1899	none	none
1900	1024	completed	1900	none	none
1901	1024	completed	1901	none	none
1902	1024	completed	1902	none	none
1903	1024	completed	1903	none	none
1904	1024	completed	1904	none	none
1905	1024	completed	1905	none	none
1906	1024	completed	1906	none	none
1907	1024	completed	1907	none	none
1908	1024	completed	1908	none	none
1909	1024	completed	1909	none	none
1910	1024	completed	1910	none	none
1911	1024	completed	1911	none	none
1912	1024	completed	1912	none	none
1913	1024	completed	1913	none	none
1914	1024	completed	1914	none	none
1915	1024	completed	1915	none	none
1916	1024	completed	1916	none	none
1917	1024	completed	1917	none	none
1918	1024	completed	1918	none	none
1919	1024	completed	1919	none	none
1920	1024	completed	1920	none	none
1921	1024	completed	1921	none	none
1922	1024	completed	1922	none	none
1923	1024	completed	1923	none	none
1924	1024	completed	1924	none	none
1925	1024	completed	1925	none	none
1926	1024	completed	1926	none	none
1927	1024	completed	1927	none	none
1928	1024	completed	1928	none	none
1929	1024	completed	1929	none	none
1930	1024	completed	1930	none	none
1931	1024	completed	1931	none	none
1932	1024	completed	1932	none	none
1933	1024	completed	1933	none	none
1934	1024	completed	1934	none	none
1935	1024	completed	1935	none	none
1936	1024	completed	1936	none	none
1937	1024	completed	1937	none	none
1938	1024	completed	1938	none	none
1939	1024	completed	1939	none	none
1940	1024	completed	1940	none	none
1941	1024	completed	1941	none	none
1942	1024	completed	1942	none	none
1943	1024	completed	1943	none	none
1944	1024	completed	1944	none	none
1945	1024	completed	1945	none	none
1946	1024	completed	1946	none	none
1947	1024	completed	1947	none	none
1948	1024	completed	1948	none	none
1949	1024	completed	1949	none	none
1950	1024	completed	1950	none	none
1951	1024	completed	1951	none	none
1952	1024	completed	1952	none	none
1953	1024	completed	1953	none	none
1954	1024	completed	1954	none	none
1955	1024	completed	1955	none	none
1956	1024	completed	1956	none	none
1957	1024	completed	1957	none	none
1958	1024	completed	1958	none	none
1959	1024	completed	1959	none	none
1960	1024	completed	1960	none	none
1961	1024	completed	1961	none	none
1962	1024	completed	1962	none	none
1963	1024	completed	1963	none	none
1964	1024	completed	1964	none	none
1965	1024	completed	1965	none	none
1966	1024	completed	1966	none	none
1967	1024	completed	1967	none	none
1968	1024	completed	1968	none	none
1969	1024	completed	1969	none	none
1970	1024	completed	1970	none	none
1971	1024	completed	1971	none	none
1972	1024	completed	1972	none	none
1973	1024	completed	1973	none	none
1974	1024	completed	1974	none	none
1975	1024	completed	1975	none	none
1976	1024	completed	1976	none	none
1977	1024	completed	1977	none	none
1978	1024	completed	1978	none	none
1979	1024	completed	1979	none	none
1980	1024	completed	1980	none	none
1981	1024	completed	1981	none	none
1982	1024	completed	1982	none	none
1983	1024	completed	1983	none	none
1984	1024	completed	1984	none	none
1985	1024	completed	1985	none	none
1986	1024	completed	1986	none	none
1987	1024	completed	1987	none	none
1988	1024	completed	1988	none	none
1989	1024	completed	1989	none	none
1990	1024	completed	1990	none	none
1991	1024	completed	1991	none	none
1992	1024	completed	1992	none	none
1993	1024	completed	1993	none	none
1994	1024	completed	1994	none	none
1995	1024	completed	1995	none	none
1996	1024	completed	1996	none	none
1997	1024	completed	1997	none	none
1998	1024	completed	1998	none	none
1999	1024	completed	1999	none	none
2000	1024	completed	2000	none	none
2001	1024	completed	2001	none	none
2002	1024	completed	2002	none	none
2003	1024	completed	2003	none	none
2004	1024	completed	2004	none	none
2005	1024	completed	2005	none	none
2006	1024	completed	2006	none	none
2007	1024	completed	2007	none	none
2008	1024	completed	2008	none	none
2009	1024	completed	2009	none	none
2010	1024	completed	2010	none	none
2011	1024	completed	2011	none	none
2012	1024	completed	2012	none	none
2013	1024	completed	2013	none	none
2014	1024	completed	2014	none	none
2015	1024	completed	2015	none	none
2016	1024	completed	2016	none	none
2017	1024	completed	2017	none	none
2018	1024	completed	2018	none	none
2019	1024	completed	2019	none	none
2020	1024	completed	2020	none	none
2021	1024	completed	2021	none	none
2022	1024	completed	2022	none	none
2023	1024	completed	2023	none	none
2024	1024	completed	2024	none	none
2025	1024	completed	2025	none	none
2026	1024	completed	2026	none	none
2027	1024	completed	2027	none	none
2028	1024	completed	2028	none	none
2029	1024	completed	2029	none	none
2030	1024	completed	2030	none	none
2031	1024	completed	2031	none	none
2032	1024	completed	2032	none	none
2033	1024	completed	2033	none	none
2034	1024	completed	2034	none	none
2035	1024	completed	2035	none	none
2036	1024	completed	2036	none	none
2037	1024	completed	2037	none	none
2038	1024	completed	2038	none	none
2039	1024	completed	2039	none	none
2040	1024	completed	2040	none	none
2041	1024	completed	2041	none	none
2042	1024	completed	2042	none	none
2043	1024	completed	2043	none	none
2044	1024	completed	2044	none	none
2045	1024	completed	2045	none	none
2046	1024	completed	2046	none	none
2047	1024	completed	2047	none	none
2048	1024	completed	2048	none	none
4095	1024	completed	4095	none	none
4096	1024	completed	4096	none	none
4097	1024	completed	4097	none	none
8191	1024	completed	8191	none	none
8192	1024	completed	8192	none	none
8193	1024	completed	8193	none	none
16383	1024	completed	16383	none	none
16384	1024	completed	16384	none	none
16385	1024	completed	16385	none	none
32767	1024	completed	32767	none	none
32768	1024	completed	32768	none	none
32769	1024	completed	32769	none	none
65535	1024	completed	65535	none	none
65536	1024	completed	65536	none	none
65537	1024	completed	65537	none	none
131071	1024	completed	131071	none	none
131072	1024	completed	131072	none	none
131073	1024	completed	131073	none	none
262143	1024	completed	262143	none	none
262144	1024	completed	262144	none	none
262145	1024	completed	262145	none	none
524287	1024	completed	524287	none	none
524288	1024	completed	524288	none	none
524289	1024	completed	524289	none	none
1048575	1024	completed	1048575	none	none
1048576	1024	completed	1048576	none	none
1048577	1024	completed	1048577	none	none
2097151	1024	completed	2097151	none	none
2097152	1024	completed	2097152	none	none
2097153	1024	completed	2097153	none	none
4194303	1024	completed	4194303	none	none
4194304	1024	completed	4194304	none	none
4194305	1024	completed	4194305	none	none
8388607	1024	completed	8388607	none	none
8388608	1024	completed	8388608	none	none
8388609	1024	completed	8388609	none	none
16777215	1024	completed	16777215	none	none
16777216	1024	completed	16777216	none	none
16777217	1024	completed	16777217	none	none
33554431	1024	completed	33554431	none	none
33554432	1024	completed	33554432	none	none
33554433	1024	completed	33554433	none	none
67108863	1024	completed	67108863	none	none
67108864	1024	completed	67108864	none	none
67108865	1024	completed	67108865	none	none
134217727	1024	completed	134217727	none	none
134217728	1024	completed	134217728	none	none
134217729	1024	completed	134217729	none	none
268435455	1024	completed	268435455	none	none
268435456	1024	completed	268435456	none	none

# widest extent verified at every tested threadgroup width	268435456
# exhaustive below	2049	# sampled above, so the guarantee between rungs is an interpolation and is stated as one
