tensor	profile	shape	groups	relative_frobenius_error	max_abs_error	min_scale	max_scale	stored_bytes
model.embed_tokens.weight	per-tensor-u4	151936x1024	1	3.558958e-01	1.875000e-02	3.750000e-02	3.750000e-02	77791237
model.embed_tokens.weight	per-tensor-u8	151936x1024	1	2.110941e-02	1.102939e-03	2.205882e-03	2.205882e-03	155582469
model.embed_tokens.weight	per-channel-u4	151936x1024	151936	1.279038e-01	1.708984e-02	7.080078e-03	3.424479e-02	78474944
model.embed_tokens.weight	per-channel-u8	151936x1024	151936	7.522952e-03	1.007080e-03	4.164752e-04	2.014400e-03	156342144
model.embed_tokens.weight	per-group32-u4	151936x1024	4861952	8.068958e-02	1.627605e-02	8.626302e-04	3.424479e-02	99670016
model.embed_tokens.weight	per-group64-u4	151936x1024	2430976	9.097335e-02	1.702474e-02	1.180013e-03	3.424479e-02	88730624
model.embed_tokens.weight	per-group128-u4	151936x1024	1215488	1.006248e-01	1.708984e-02	1.542155e-03	3.424479e-02	83260928
model.embed_tokens.weight	per-group128-u8	151936x1024	1215488	5.919068e-03	9.842217e-04	9.071500e-05	2.014400e-03	161659904
model.layers.0.mlp.down_proj.weight	per-tensor-u4	1024x3072	1	5.885250e-01	2.746582e-02	5.494792e-02	5.494792e-02	1572869
model.layers.0.mlp.down_proj.weight	per-tensor-u8	1024x3072	1	3.516175e-02	1.614799e-03	3.232230e-03	3.232230e-03	3145733
model.layers.0.mlp.down_proj.weight	per-channel-u4	1024x3072	1024	1.539857e-01	2.746582e-02	9.570313e-03	5.494792e-02	1577472
model.layers.0.mlp.down_proj.weight	per-channel-u8	1024x3072	1024	9.060854e-03	1.614198e-03	5.629596e-04	3.232230e-03	3150848
model.layers.0.mlp.down_proj.weight	per-group32-u4	1024x3072	98304	8.235369e-02	1.920573e-02	1.615397e-03	3.873698e-02	2015232
model.layers.0.mlp.down_proj.weight	per-group64-u4	1024x3072	49152	9.375255e-02	1.932780e-02	2.368164e-03	3.873698e-02	1794048
model.layers.0.mlp.down_proj.weight	per-group128-u4	1024x3072	24576	1.047372e-01	2.172852e-02	3.019206e-03	4.361979e-02	1683456
model.layers.0.mlp.down_proj.weight	per-group128-u8	1024x3072	24576	6.163064e-03	1.273364e-03	1.776003e-04	2.565870e-03	3268608
model.layers.0.mlp.gate_proj.weight	per-tensor-u4	3072x1024	1	3.687690e-01	2.376302e-02	4.752604e-02	4.752604e-02	1572869
model.layers.0.mlp.gate_proj.weight	per-tensor-u8	3072x1024	1	2.177014e-02	1.397826e-03	2.795649e-03	2.795649e-03	3145733
model.layers.0.mlp.gate_proj.weight	per-channel-u4	3072x1024	3072	1.323575e-01	2.233887e-02	8.675130e-03	4.479166e-02	1586688
model.layers.0.mlp.gate_proj.weight	per-channel-u8	3072x1024	3072	7.795259e-03	1.314919e-03	5.103018e-04	2.634804e-03	3161088
model.layers.0.mlp.gate_proj.weight	per-group32-u4	3072x1024	98304	8.135541e-02	2.139486e-02	2.856445e-03	4.479166e-02	2015232
model.layers.0.mlp.gate_proj.weight	per-group64-u4	3072x1024	49152	9.202685e-02	2.172852e-02	4.370117e-03	4.479166e-02	1794048
model.layers.0.mlp.gate_proj.weight	per-group128-u4	3072x1024	24576	1.020118e-01	2.220052e-02	5.273438e-03	4.479166e-02	1683456
model.layers.0.mlp.gate_proj.weight	per-group128-u8	3072x1024	24576	6.008070e-03	1.314919e-03	3.102022e-04	2.634804e-03	3268608
model.layers.0.mlp.up_proj.weight	per-tensor-u4	3072x1024	1	5.302574e-01	2.427572e-02	4.856771e-02	4.856771e-02	1572869
model.layers.0.mlp.up_proj.weight	per-tensor-u8	3072x1024	1	3.152728e-02	1.427265e-03	2.856924e-03	2.856924e-03	3145733
model.layers.0.mlp.up_proj.weight	per-channel-u4	3072x1024	3072	1.333953e-01	2.427572e-02	8.235677e-03	4.856771e-02	1586688
model.layers.0.mlp.up_proj.weight	per-channel-u8	3072x1024	3072	7.859377e-03	1.427265e-03	4.844516e-04	2.856924e-03	3161088
model.layers.0.mlp.up_proj.weight	per-group32-u4	3072x1024	98304	8.162589e-02	2.380371e-02	2.360026e-03	4.856771e-02	2015232
model.layers.0.mlp.up_proj.weight	per-group64-u4	3072x1024	49152	9.262860e-02	2.380371e-02	3.857422e-03	4.856771e-02	1794048
model.layers.0.mlp.up_proj.weight	per-group128-u4	3072x1024	24576	1.029473e-01	2.380371e-02	4.492187e-03	4.856771e-02	1683456
model.layers.0.mlp.up_proj.weight	per-group128-u8	3072x1024	24576	6.059712e-03	1.427265e-03	2.642463e-04	2.856924e-03	3268608
model.layers.0.self_attn.k_proj.weight	per-tensor-u4	1024x1024	1	5.100613e-01	2.783203e-02	5.572917e-02	5.572917e-02	524293
model.layers.0.self_attn.k_proj.weight	per-tensor-u8	1024x1024	1	3.055685e-02	1.638136e-03	3.278186e-03	3.278186e-03	1048581
model.layers.0.self_attn.k_proj.weight	per-channel-u4	1024x1024	1024	1.321576e-01	2.783203e-02	2.604167e-03	5.572917e-02	528896
model.layers.0.self_attn.k_proj.weight	per-channel-u8	1024x1024	1024	7.777576e-03	1.638136e-03	1.531863e-04	3.278186e-03	1053696
model.layers.0.self_attn.k_proj.weight	per-group32-u4	1024x1024	32768	8.124781e-02	2.298178e-02	1.159668e-03	4.700521e-02	671744
model.layers.0.self_attn.k_proj.weight	per-group64-u4	1024x1024	16384	9.215892e-02	2.721354e-02	1.440430e-03	5.572917e-02	598016
model.layers.0.self_attn.k_proj.weight	per-group128-u4	1024x1024	8192	1.022538e-01	2.721354e-02	1.733398e-03	5.572917e-02	561152
model.layers.0.self_attn.k_proj.weight	per-group128-u8	1024x1024	8192	6.016438e-03	1.619950e-03	1.019646e-04	3.278186e-03	1089536
model.layers.0.self_attn.o_proj.weight	per-tensor-u4	1024x2048	1	5.022746e-01	2.329915e-02	4.661458e-02	4.661458e-02	1048581
model.layers.0.self_attn.o_proj.weight	per-tensor-u8	1024x2048	1	3.029082e-02	1.370059e-03	2.742034e-03	2.742034e-03	2097157
model.layers.0.self_attn.o_proj.weight	per-channel-u4	1024x2048	1024	1.659896e-01	2.051595e-02	8.886719e-03	4.114584e-02	1053184
model.layers.0.self_attn.o_proj.weight	per-channel-u8	1024x2048	1024	9.792548e-03	1.209095e-03	5.227482e-04	2.420343e-03	2102272
model.layers.0.self_attn.o_proj.weight	per-group32-u4	1024x2048	65536	8.104692e-02	1.586914e-02	1.379395e-03	3.411458e-02	1343488
model.layers.0.self_attn.o_proj.weight	per-group64-u4	1024x2048	32768	9.149223e-02	1.629232e-02	1.835124e-03	3.411458e-02	1196032
model.layers.0.self_attn.o_proj.weight	per-group128-u4	1024x2048	16384	1.011609e-01	1.684570e-02	1.981608e-03	3.417969e-02	1122304
model.layers.0.self_attn.o_proj.weight	per-group128-u8	1024x2048	16384	5.952057e-03	9.981040e-04	1.165652e-04	2.010570e-03	2179072
model.layers.0.self_attn.q_proj.weight	per-tensor-u4	2048x1024	1	7.002305e-01	4.218751e-02	8.437500e-02	8.437500e-02	1048581
model.layers.0.self_attn.q_proj.weight	per-tensor-u8	2048x1024	1	4.516635e-02	2.481610e-03	4.963235e-03	4.963235e-03	2097157
model.layers.0.self_attn.q_proj.weight	per-channel-u4	2048x1024	2048	1.445210e-01	4.213867e-02	2.087402e-03	8.437500e-02	1057792
model.layers.0.self_attn.q_proj.weight	per-channel-u8	2048x1024	2048	8.496723e-03	2.477311e-03	1.227884e-04	4.963235e-03	2107392
model.layers.0.self_attn.q_proj.weight	per-group32-u4	2048x1024	65536	8.229664e-02	4.062501e-02	1.005046e-03	8.437500e-02	1343488
model.layers.0.self_attn.q_proj.weight	per-group64-u4	2048x1024	32768	9.378039e-02	4.062501e-02	1.177978e-03	8.437500e-02	1196032
model.layers.0.self_attn.q_proj.weight	per-group128-u4	2048x1024	16384	1.050154e-01	4.160156e-02	1.619466e-03	8.437500e-02	1122304
model.layers.0.self_attn.q_proj.weight	per-group128-u8	2048x1024	16384	6.177057e-03	2.464384e-03	9.526272e-05	4.963235e-03	2179072
model.layers.0.self_attn.v_proj.weight	per-tensor-u4	1024x1024	1	2.324020e-01	1.086426e-02	2.174479e-02	2.174479e-02	524293
model.layers.0.self_attn.v_proj.weight	per-tensor-u8	1024x1024	1	1.366179e-02	6.393129e-04	1.279105e-03	1.279105e-03	1048581
model.layers.0.self_attn.v_proj.weight	per-channel-u4	1024x1024	1024	1.324832e-01	9.708660e-03	5.729167e-03	1.946614e-02	528896
model.layers.0.self_attn.v_proj.weight	per-channel-u8	1024x1024	1024	7.797282e-03	5.718153e-04	3.370098e-04	1.145067e-03	1053696
model.layers.0.self_attn.v_proj.weight	per-group32-u4	1024x1024	32768	8.187421e-02	7.922363e-03	2.034505e-03	1.682943e-02	671744
model.layers.0.self_attn.v_proj.weight	per-group64-u4	1024x1024	16384	9.276916e-02	9.033203e-03	3.515625e-03	1.806641e-02	598016
model.layers.0.self_attn.v_proj.weight	per-group128-u4	1024x1024	8192	1.029747e-01	9.643555e-03	4.410808e-03	1.946614e-02	561152
model.layers.0.self_attn.v_proj.weight	per-group128-u8	1024x1024	8192	6.058498e-03	5.678665e-04	2.594593e-04	1.145067e-03	1089536
model.layers.1.mlp.down_proj.weight	per-tensor-u4	1024x3072	1	5.242983e-01	2.120768e-02	4.244792e-02	4.244792e-02	1572869
model.layers.1.mlp.down_proj.weight	per-tensor-u8	1024x3072	1	3.131169e-02	1.248228e-03	2.496936e-03	2.496936e-03	3145733
model.layers.1.mlp.down_proj.weight	per-channel-u4	1024x3072	1024	1.625101e-01	2.120768e-02	8.528646e-03	4.244792e-02	1577472
model.layers.1.mlp.down_proj.weight	per-channel-u8	1024x3072	1024	9.563108e-03	1.248228e-03	5.016851e-04	2.496936e-03	3150848
model.layers.1.mlp.down_proj.weight	per-group32-u4	1024x3072	98304	8.336555e-02	1.591797e-02	1.302083e-03	3.229167e-02	2015232
model.layers.1.mlp.down_proj.weight	per-group64-u4	1024x3072	49152	9.550746e-02	1.665039e-02	2.425130e-03	3.339844e-02	1794048
model.layers.1.mlp.down_proj.weight	per-group128-u4	1024x3072	24576	1.073676e-01	2.099609e-02	3.173828e-03	4.244792e-02	1683456
model.layers.1.mlp.down_proj.weight	per-group128-u8	1024x3072	24576	6.315648e-03	1.237218e-03	1.866958e-04	2.496936e-03	3268608
model.layers.1.mlp.gate_proj.weight	per-tensor-u4	3072x1024	1	3.184854e-01	2.442220e-02	4.895834e-02	4.895834e-02	1572869
model.layers.1.mlp.gate_proj.weight	per-tensor-u8	3072x1024	1	1.877799e-02	1.437946e-03	2.879902e-03	2.879902e-03	3145733
model.layers.1.mlp.gate_proj.weight	per-channel-u4	3072x1024	3072	1.290945e-01	2.332357e-02	4.947917e-03	4.700521e-02	1586688
model.layers.1.mlp.gate_proj.weight	per-channel-u8	3072x1024	3072	7.595107e-03	1.378678e-03	2.910539e-04	2.765012e-03	3161088
model.layers.1.mlp.gate_proj.weight	per-group32-u4	3072x1024	98304	8.074911e-02	2.281901e-02	1.615397e-03	4.700521e-02	2015232
model.layers.1.mlp.gate_proj.weight	per-group64-u4	3072x1024	49152	9.110729e-02	2.285157e-02	2.119954e-03	4.700521e-02	1794048
model.layers.1.mlp.gate_proj.weight	per-group128-u4	3072x1024	24576	1.008508e-01	2.330729e-02	2.669271e-03	4.700521e-02	1683456
model.layers.1.mlp.gate_proj.weight	per-group128-u8	3072x1024	24576	5.935038e-03	1.351871e-03	1.570159e-04	2.765012e-03	3268608
model.layers.1.mlp.up_proj.weight	per-tensor-u4	3072x1024	1	4.785747e-01	1.977539e-02	3.958333e-02	3.958333e-02	1572869
model.layers.1.mlp.up_proj.weight	per-tensor-u8	3072x1024	1	2.841177e-02	1.162600e-03	2.328431e-03	2.328431e-03	3145733
model.layers.1.mlp.up_proj.weight	per-channel-u4	3072x1024	3072	1.326040e-01	1.481120e-02	6.103516e-03	2.962240e-02	1586688
model.layers.1.mlp.up_proj.weight	per-channel-u8	3072x1024	3072	7.796554e-03	8.712485e-04	3.590303e-04	1.742494e-03	3161088
model.layers.1.mlp.up_proj.weight	per-group32-u4	3072x1024	98304	8.154957e-02	1.380208e-02	1.863607e-03	2.877604e-02	2015232
model.layers.1.mlp.up_proj.weight	per-group64-u4	3072x1024	49152	9.236809e-02	1.412760e-02	2.107747e-03	2.962240e-02	1794048
model.layers.1.mlp.up_proj.weight	per-group128-u4	3072x1024	24576	1.025420e-01	1.470947e-02	2.644857e-03	2.962240e-02	1683456
model.layers.1.mlp.up_proj.weight	per-group128-u8	3072x1024	24576	6.032660e-03	8.616745e-04	1.555798e-04	1.742494e-03	3268608
model.layers.1.self_attn.k_proj.weight	per-tensor-u4	1024x1024	1	4.547586e-01	2.331543e-02	4.674479e-02	4.674479e-02	524293
model.layers.1.self_attn.k_proj.weight	per-tensor-u8	1024x1024	1	2.708328e-02	1.373889e-03	2.749694e-03	2.749694e-03	1048581
model.layers.1.self_attn.k_proj.weight	per-channel-u4	1024x1024	1024	1.343499e-01	2.050781e-02	4.028320e-03	4.101562e-02	528896
model.layers.1.self_attn.k_proj.weight	per-channel-u8	1024x1024	1024	7.909786e-03	1.206342e-03	2.369600e-04	2.412684e-03	1053696
model.layers.1.self_attn.k_proj.weight	per-group32-u4	1024x1024	32768	8.169869e-02	1.843262e-02	1.725260e-03	3.710938e-02	671744
model.layers.1.self_attn.k_proj.weight	per-group64-u4	1024x1024	16384	9.263711e-02	2.038574e-02	2.323405e-03	4.101562e-02	598016
model.layers.1.self_attn.k_proj.weight	per-group128-u4	1024x1024	8192	1.029187e-01	2.038574e-02	2.766927e-03	4.101562e-02	561152
model.layers.1.self_attn.k_proj.weight	per-group128-u8	1024x1024	8192	6.054588e-03	1.199162e-03	1.627604e-04	2.412684e-03	1089536
model.layers.1.self_attn.o_proj.weight	per-tensor-u4	1024x2048	1	3.869075e-01	1.822917e-02	3.645833e-02	3.645833e-02	1048581
model.layers.1.self_attn.o_proj.weight	per-tensor-u8	1024x2048	1	2.285709e-02	1.072317e-03	2.144608e-03	2.144608e-03	2097157
model.layers.1.self_attn.o_proj.weight	per-channel-u4	1024x2048	1024	1.474925e-01	1.822917e-02	6.705729e-03	3.645833e-02	1053184
model.layers.1.self_attn.o_proj.weight	per-channel-u8	1024x2048	1024	8.678376e-03	1.072317e-03	3.944547e-04	2.144608e-03	2102272
model.layers.1.self_attn.o_proj.weight	per-group32-u4	1024x2048	65536	8.135122e-02	1.492513e-02	1.517741e-03	3.268229e-02	1343488
model.layers.1.self_attn.o_proj.weight	per-group64-u4	1024x2048	32768	9.195692e-02	1.647949e-02	1.888021e-03	3.339844e-02	1196032
model.layers.1.self_attn.o_proj.weight	per-group128-u4	1024x2048	16384	1.017780e-01	1.650391e-02	2.156575e-03	3.339844e-02	1122304
model.layers.1.self_attn.o_proj.weight	per-group128-u8	1024x2048	16384	5.990240e-03	9.765625e-04	1.268574e-04	1.964614e-03	2179072
model.layers.1.self_attn.q_proj.weight	per-tensor-u4	2048x1024	1	6.435510e-01	3.749999e-02	7.500000e-02	7.500000e-02	1048581
model.layers.1.self_attn.q_proj.weight	per-tensor-u8	2048x1024	1	4.095563e-02	2.205893e-03	4.411765e-03	4.411765e-03	2097157
model.layers.1.self_attn.q_proj.weight	per-channel-u4	2048x1024	2048	1.352509e-01	3.743489e-02	1.436361e-03	7.486979e-02	1057792
model.layers.1.self_attn.q_proj.weight	per-channel-u8	2048x1024	2048	7.958912e-03	2.202056e-03	8.449180e-05	4.404105e-03	2107392
model.layers.1.self_attn.q_proj.weight	per-group32-u4	2048x1024	65536	8.156239e-02	3.629557e-02	6.846110e-04	7.486979e-02	1343488
model.layers.1.self_attn.q_proj.weight	per-group64-u4	2048x1024	32768	9.251270e-02	3.629557e-02	7.670085e-04	7.486979e-02	1196032
model.layers.1.self_attn.q_proj.weight	per-group128-u4	2048x1024	16384	1.029456e-01	3.743489e-02	9.195964e-04	7.486979e-02	1122304
model.layers.1.self_attn.q_proj.weight	per-group128-u8	2048x1024	16384	6.061007e-03	2.202056e-03	5.409390e-05	4.404105e-03	2179072
model.layers.1.self_attn.v_proj.weight	per-tensor-u4	1024x1024	1	2.511771e-01	1.253255e-02	2.506510e-02	2.506510e-02	524293
model.layers.1.self_attn.v_proj.weight	per-tensor-u8	1024x1024	1	1.482133e-02	7.372126e-04	1.474418e-03	1.474418e-03	1048581
model.layers.1.self_attn.v_proj.weight	per-channel-u4	1024x1024	1024	1.314251e-01	1.031494e-02	9.016927e-03	2.063802e-02	528896
model.layers.1.self_attn.v_proj.weight	per-channel-u8	1024x1024	1024	7.743180e-03	6.066416e-04	5.304075e-04	1.214001e-03	1053696
model.layers.1.self_attn.v_proj.weight	per-group32-u4	1024x1024	32768	8.146674e-02	9.212241e-03	2.067057e-03	2.037760e-02	671744
model.layers.1.self_attn.v_proj.weight	per-group64-u4	1024x1024	16384	9.230570e-02	9.765625e-03	4.223633e-03	2.037760e-02	598016
model.layers.1.self_attn.v_proj.weight	per-group128-u4	1024x1024	8192	1.023875e-01	1.011556e-02	5.094401e-03	2.037760e-02	561152
model.layers.1.self_attn.v_proj.weight	per-group128-u8	1024x1024	8192	6.028277e-03	5.918015e-04	2.996706e-04	1.198683e-03	1089536
model.layers.10.mlp.down_proj.weight	per-tensor-u4	1024x3072	1	5.617403e-01	2.421874e-02	4.843750e-02	4.843750e-02	1572869
model.layers.10.mlp.down_proj.weight	per-tensor-u8	1024x3072	1	3.441523e-02	1.424633e-03	2.849265e-03	2.849265e-03	3145733
model.layers.10.mlp.down_proj.weight	per-channel-u4	1024x3072	1024	1.766381e-01	1.954753e-02	6.705729e-03	3.919271e-02	1577472
model.layers.10.mlp.down_proj.weight	per-channel-u8	1024x3072	1024	1.040556e-02	1.151291e-03	3.944547e-04	2.305453e-03	3150848
model.layers.10.mlp.down_proj.weight	per-group32-u4	1024x3072	98304	8.411388e-02	1.899414e-02	1.094564e-03	3.828125e-02	2015232
model.layers.10.mlp.down_proj.weight	per-group64-u4	1024x3072	49152	9.679492e-02	1.899414e-02	1.652018e-03	3.828125e-02	1794048
model.layers.10.mlp.down_proj.weight	per-group128-u4	1024x3072	24576	1.092315e-01	1.899414e-02	2.644857e-03	3.828125e-02	1683456
model.layers.10.mlp.down_proj.weight	per-group128-u8	1024x3072	24576	6.431787e-03	1.105811e-03	1.555798e-04	2.251838e-03	3268608
model.layers.10.mlp.gate_proj.weight	per-tensor-u4	3072x1024	1	5.218671e-01	3.190105e-02	6.380209e-02	6.380209e-02	1572869
model.layers.10.mlp.gate_proj.weight	per-tensor-u8	3072x1024	1	3.192557e-02	1.876533e-03	3.753064e-03	3.753064e-03	3145733
model.layers.10.mlp.gate_proj.weight	per-channel-u4	3072x1024	3072	1.361671e-01	2.915853e-02	4.492187e-03	5.833333e-02	1586688
model.layers.10.mlp.gate_proj.weight	per-channel-u8	3072x1024	3072	8.019618e-03	1.707548e-03	2.642463e-04	3.431373e-03	3161088
model.layers.10.mlp.gate_proj.weight	per-group32-u4	3072x1024	98304	8.146301e-02	2.600098e-02	1.765950e-03	5.429687e-02	2015232
model.layers.10.mlp.gate_proj.weight	per-group64-u4	3072x1024	49152	9.220123e-02	2.868652e-02	2.164714e-03	5.755208e-02	1794048
model.layers.10.mlp.gate_proj.weight	per-group128-u4	3072x1024	24576	1.023470e-01	2.868652e-02	2.766927e-03	5.755208e-02	1683456
model.layers.10.mlp.gate_proj.weight	per-group128-u8	3072x1024	24576	6.026240e-03	1.692712e-03	1.627604e-04	3.385417e-03	3268608
model.layers.10.mlp.up_proj.weight	per-tensor-u4	3072x1024	1	5.174983e-01	2.408855e-02	4.817708e-02	4.817708e-02	1572869
model.layers.10.mlp.up_proj.weight	per-tensor-u8	3072x1024	1	3.090386e-02	1.416981e-03	2.833946e-03	2.833946e-03	3145733
model.layers.10.mlp.up_proj.weight	per-channel-u4	3072x1024	3072	1.390065e-01	1.874998e-02	6.673177e-03	3.750000e-02	1586688
model.layers.10.mlp.up_proj.weight	per-channel-u8	3072x1024	3072	8.200909e-03	1.102924e-03	3.925398e-04	2.205882e-03	3161088
model.layers.10.mlp.up_proj.weight	per-group32-u4	3072x1024	98304	8.186116e-02	1.802571e-02	1.379395e-03	3.684896e-02	2015232
model.layers.10.mlp.up_proj.weight	per-group64-u4	3072x1024	49152	9.294494e-02	1.805013e-02	2.323405e-03	3.684896e-02	1794048
model.layers.10.mlp.up_proj.weight	per-group128-u4	3072x1024	24576	1.035732e-01	1.874998e-02	2.921549e-03	3.750000e-02	1683456
model.layers.10.mlp.up_proj.weight	per-group128-u8	3072x1024	24576	6.097864e-03	1.102924e-03	1.718558e-04	2.205882e-03	3268608
model.layers.10.self_attn.k_proj.weight	per-tensor-u4	1024x1024	1	3.546608e-01	1.681315e-02	3.365885e-02	3.365885e-02	524293
model.layers.10.self_attn.k_proj.weight	per-tensor-u8	1024x1024	1	2.098829e-02	9.885300e-04	1.979933e-03	1.979933e-03	1048581
model.layers.10.self_attn.k_proj.weight	per-channel-u4	1024x1024	1024	1.320303e-01	1.611328e-02	1.940918e-03	3.229167e-02	528896
model.layers.10.self_attn.k_proj.weight	per-channel-u8	1024x1024	1024	7.762578e-03	9.478405e-04	1.141716e-04	1.899510e-03	1053696
model.layers.10.self_attn.k_proj.weight	per-group32-u4	1024x1024	32768	8.121373e-02	1.490886e-02	7.934570e-04	3.020833e-02	671744
model.layers.10.self_attn.k_proj.weight	per-group64-u4	1024x1024	16384	9.171560e-02	1.490886e-02	9.480795e-04	3.020833e-02	598016
model.layers.10.self_attn.k_proj.weight	per-group128-u4	1024x1024	8192	1.017112e-01	1.608072e-02	1.220703e-03	3.229167e-02	561152
model.layers.10.self_attn.k_proj.weight	per-group128-u8	1024x1024	8192	5.989267e-03	9.478405e-04	7.180607e-05	1.899510e-03	1089536
model.layers.10.self_attn.o_proj.weight	per-tensor-u4	1024x2048	1	4.798856e-01	2.109375e-02	4.218750e-02	4.218750e-02	1048581
model.layers.10.self_attn.o_proj.weight	per-tensor-u8	1024x2048	1	2.881645e-02	1.240805e-03	2.481618e-03	2.481618e-03	2097157
model.layers.10.self_attn.o_proj.weight	per-channel-u4	1024x2048	1024	1.542343e-01	1.940918e-02	4.223633e-03	3.893229e-02	1053184
model.layers.10.self_attn.o_proj.weight	per-channel-u8	1024x2048	1024	9.068554e-03	1.144409e-03	2.484490e-04	2.290135e-03	2102272
model.layers.10.self_attn.o_proj.weight	per-group32-u4	1024x2048	65536	8.151800e-02	1.632487e-02	1.139323e-03	3.268229e-02	1343488
model.layers.10.self_attn.o_proj.weight	per-group64-u4	1024x2048	32768	9.229524e-02	1.717122e-02	1.546224e-03	3.483073e-02	1196032
model.layers.10.self_attn.o_proj.weight	per-group128-u4	1024x2048	16384	1.020532e-01	1.940104e-02	1.839193e-03	3.893229e-02	1122304
model.layers.10.self_attn.o_proj.weight	per-group128-u8	1024x2048	16384	6.006750e-03	1.135491e-03	1.081878e-04	2.290135e-03	2179072
model.layers.10.self_attn.q_proj.weight	per-tensor-u4	2048x1024	1	4.355588e-01	2.232259e-02	4.466146e-02	4.466146e-02	1048581
model.layers.10.self_attn.q_proj.weight	per-tensor-u8	2048x1024	1	2.591504e-02	1.312256e-03	2.627145e-03	2.627145e-03	2097157
model.layers.10.self_attn.q_proj.weight	per-channel-u4	2048x1024	2048	1.343620e-01	2.232259e-02	4.402669e-03	4.466146e-02	1057792
model.layers.10.self_attn.q_proj.weight	per-channel-u8	2048x1024	2048	7.906724e-03	1.311660e-03	2.589806e-04	2.627145e-03	2107392
model.layers.10.self_attn.q_proj.weight	per-group32-u4	2048x1024	65536	8.165507e-02	1.757812e-02	1.306152e-03	3.580729e-02	1343488
model.layers.10.self_attn.q_proj.weight	per-group64-u4	2048x1024	32768	9.249088e-02	1.992188e-02	1.843262e-03	3.990885e-02	1196032
model.layers.10.self_attn.q_proj.weight	per-group128-u4	2048x1024	16384	1.028559e-01	1.992188e-02	2.563477e-03	3.990885e-02	1122304
model.layers.10.self_attn.q_proj.weight	per-group128-u8	2048x1024	16384	6.050192e-03	1.154162e-03	1.507927e-04	2.347580e-03	2179072
model.layers.10.self_attn.v_proj.weight	per-tensor-u4	1024x1024	1	2.237896e-01	1.060384e-02	2.122396e-02	2.122396e-02	524293
model.layers.10.self_attn.v_proj.weight	per-tensor-u8	1024x1024	1	1.319517e-02	6.241142e-04	1.248468e-03	1.248468e-03	1048581
model.layers.10.self_attn.v_proj.weight	per-channel-u4	1024x1024	1024	1.328182e-01	9.094238e-03	8.919271e-03	1.819661e-02	528896
model.layers.10.self_attn.v_proj.weight	per-channel-u8	1024x1024	1024	7.826489e-03	5.347156e-04	5.246630e-04	1.070389e-03	1053696
model.layers.10.self_attn.v_proj.weight	per-group32-u4	1024x1024	32768	8.182316e-02	8.789062e-03	1.704915e-03	1.757812e-02	671744
model.layers.10.self_attn.v_proj.weight	per-group64-u4	1024x1024	16384	9.276351e-02	8.789062e-03	3.051758e-03	1.757812e-02	598016
model.layers.10.self_attn.v_proj.weight	per-group128-u4	1024x1024	8192	1.030513e-01	8.789062e-03	4.687500e-03	1.757812e-02	561152
model.layers.10.self_attn.v_proj.weight	per-group128-u8	1024x1024	8192	6.062110e-03	5.170051e-04	2.757353e-04	1.034007e-03	1089536
model.layers.11.mlp.down_proj.weight	per-tensor-u4	1024x3072	1	5.737577e-01	2.609050e-02	5.221354e-02	5.221354e-02	1572869
model.layers.11.mlp.down_proj.weight	per-tensor-u8	1024x3072	1	3.498004e-02	1.534734e-03	3.071385e-03	3.071385e-03	3145733
model.layers.11.mlp.down_proj.weight	per-channel-u4	1024x3072	1024	1.666773e-01	2.609050e-02	6.575521e-03	5.221354e-02	1577472
model.layers.11.mlp.down_proj.weight	per-channel-u8	1024x3072	1024	9.805047e-03	1.534734e-03	3.867953e-04	3.071385e-03	3150848
model.layers.11.mlp.down_proj.weight	per-group32-u4	1024x3072	98304	8.353122e-02	2.336426e-02	1.534017e-03	4.765625e-02	2015232
model.layers.11.mlp.down_proj.weight	per-group64-u4	1024x3072	49152	9.565063e-02	2.336426e-02	1.688639e-03	4.765625e-02	1794048
model.layers.11.mlp.down_proj.weight	per-group128-u4	1024x3072	24576	1.074948e-01	2.427572e-02	2.209473e-03	4.856771e-02	1683456
model.layers.11.mlp.down_proj.weight	per-group128-u8	1024x3072	24576	6.318131e-03	1.424633e-03	1.299690e-04	2.856924e-03	3268608
model.layers.11.mlp.gate_proj.weight	per-tensor-u4	3072x1024	1	5.611261e-01	3.157552e-02	6.315104e-02	6.315104e-02	1572869
model.layers.11.mlp.gate_proj.weight	per-tensor-u8	3072x1024	1	3.411658e-02	1.857378e-03	3.714767e-03	3.714767e-03	3145733
model.layers.11.mlp.gate_proj.weight	per-channel-u4	3072x1024	3072	1.353346e-01	3.149414e-02	6.054687e-03	6.315104e-02	1586688
model.layers.11.mlp.gate_proj.weight	per-channel-u8	3072x1024	3072	7.971493e-03	1.856187e-03	3.561581e-04	3.714767e-03	3161088
model.layers.11.mlp.gate_proj.weight	per-group32-u4	3072x1024	98304	8.141400e-02	2.669272e-02	1.664225e-03	6.315104e-02	2015232
model.layers.11.mlp.gate_proj.weight	per-group64-u4	3072x1024	49152	9.216906e-02	2.832031e-02	2.229818e-03	6.315104e-02	1794048
model.layers.11.mlp.gate_proj.weight	per-group128-u4	3072x1024	24576	1.024113e-01	3.063965e-02	2.579753e-03	6.315104e-02	1683456
model.layers.11.mlp.gate_proj.weight	per-group128-u8	3072x1024	24576	6.025617e-03	1.828661e-03	1.517502e-04	3.714767e-03	3268608
model.layers.11.mlp.up_proj.weight	per-tensor-u4	3072x1024	1	4.015701e-01	1.904297e-02	3.815104e-02	3.815104e-02	1572869
model.layers.11.mlp.up_proj.weight	per-tensor-u8	3072x1024	1	2.373938e-02	1.121851e-03	2.244179e-03	2.244179e-03	3145733
model.layers.11.mlp.up_proj.weight	per-channel-u4	3072x1024	3072	1.340745e-01	1.904297e-02	7.666016e-03	3.815104e-02	1586688
model.layers.11.mlp.up_proj.weight	per-channel-u8	3072x1024	3072	7.895392e-03	1.121851e-03	4.509421e-04	2.244179e-03	3161088
model.layers.11.mlp.up_proj.weight	per-group32-u4	3072x1024	98304	8.153148e-02	1.831055e-02	1.912435e-03	3.815104e-02	2015232
model.layers.11.mlp.up_proj.weight	per-group64-u4	3072x1024	49152	9.238007e-02	1.831055e-02	2.644857e-03	3.815104e-02	1794048
model.layers.11.mlp.up_proj.weight	per-group128-u4	3072x1024	24576	1.026733e-01	1.904297e-02	3.222656e-03	3.815104e-02	1683456
model.layers.11.mlp.up_proj.weight	per-group128-u8	3072x1024	24576	6.042854e-03	1.121521e-03	1.895680e-04	2.244179e-03	3268608
model.layers.11.self_attn.k_proj.weight	per-tensor-u4	1024x1024	1	4.770919e-01	2.355957e-02	4.713542e-02	4.713542e-02	524293
model.layers.11.self_attn.k_proj.weight	per-tensor-u8	1024x1024	1	2.974555e-02	1.386097e-03	2.772672e-03	2.772672e-03	1048581
model.layers.11.self_attn.k_proj.weight	per-channel-u4	1024x1024	1024	1.449743e-01	2.355957e-02	2.502441e-03	4.713542e-02	528896
model.layers.11.self_attn.k_proj.weight	per-channel-u8	1024x1024	1024	8.536190e-03	1.386097e-03	1.472024e-04	2.772672e-03	1053696
model.layers.11.self_attn.k_proj.weight	per-group32-u4	1024x1024	32768	8.282534e-02	2.136230e-02	9.033203e-04	4.309896e-02	671744
model.layers.11.self_attn.k_proj.weight	per-group64-u4	1024x1024	16384	9.427372e-02	2.242839e-02	1.245117e-03	4.713542e-02	598016
model.layers.11.self_attn.k_proj.weight	per-group128-u4	1024x1024	8192	1.053799e-01	2.317708e-02	1.529948e-03	4.713542e-02	561152
model.layers.11.self_attn.k_proj.weight	per-group128-u8	1024x1024	8192	6.196929e-03	1.378674e-03	8.999694e-05	2.772672e-03	1089536
model.layers.11.self_attn.o_proj.weight	per-tensor-u4	1024x2048	1	5.980389e-01	2.604167e-02	5.208333e-02	5.208333e-02	1048581
model.layers.11.self_attn.o_proj.weight	per-tensor-u8	1024x2048	1	3.759605e-02	1.531869e-03	3.063726e-03	3.063726e-03	2097157
model.layers.11.self_attn.o_proj.weight	per-channel-u4	1024x2048	1024	1.839567e-01	2.460937e-02	5.094401e-03	4.921875e-02	1053184
model.layers.11.self_attn.o_proj.weight	per-channel-u8	1024x2048	1024	1.106303e-02	1.447611e-03	2.996706e-04	2.895221e-03	2102272
model.layers.11.self_attn.o_proj.weight	per-group32-u4	1024x2048	65536	8.188087e-02	2.180990e-02	1.029460e-03	4.427083e-02	1343488
model.layers.11.self_attn.o_proj.weight	per-group64-u4	1024x2048	32768	9.282927e-02	2.304687e-02	1.538086e-03	4.726563e-02	1196032
model.layers.11.self_attn.o_proj.weight	per-group128-u4	1024x2048	16384	1.027792e-01	2.386068e-02	1.794434e-03	4.791667e-02	1122304
model.layers.11.self_attn.o_proj.weight	per-group128-u8	1024x2048	16384	6.049681e-03	1.401655e-03	1.055549e-04	2.818628e-03	2179072
model.layers.11.self_attn.q_proj.weight	per-tensor-u4	2048x1024	1	5.042622e-01	2.994792e-02	5.989583e-02	5.989583e-02	1048581
model.layers.11.self_attn.q_proj.weight	per-tensor-u8	2048x1024	1	3.209220e-02	1.761645e-03	3.523284e-03	3.523284e-03	2097157
model.layers.11.self_attn.q_proj.weight	per-channel-u4	2048x1024	2048	1.376887e-01	2.988281e-02	2.278646e-03	5.976563e-02	1057792
model.layers.11.self_attn.q_proj.weight	per-channel-u8	2048x1024	2048	8.103613e-03	1.757815e-03	1.340380e-04	3.515625e-03	2107392
model.layers.11.self_attn.q_proj.weight	per-group32-u4	2048x1024	65536	8.221800e-02	2.958984e-02	7.792155e-04	5.976563e-02	1343488
model.layers.11.self_attn.q_proj.weight	per-group64-u4	2048x1024	32768	9.345325e-02	2.968750e-02	1.070150e-03	5.976563e-02	1196032
model.layers.11.self_attn.q_proj.weight	per-group128-u4	2048x1024	16384	1.041709e-01	2.988281e-02	1.265462e-03	5.976563e-02	1122304
model.layers.11.self_attn.q_proj.weight	per-group128-u8	2048x1024	16384	6.124315e-03	1.757815e-03	7.443895e-05	3.515625e-03	2179072
model.layers.11.self_attn.v_proj.weight	per-tensor-u4	1024x1024	1	2.994125e-01	1.361084e-02	2.727864e-02	2.727864e-02	524293
model.layers.11.self_attn.v_proj.weight	per-tensor-u8	1024x1024	1	1.788096e-02	8.013556e-04	1.604626e-03	1.604626e-03	1048581
model.layers.11.self_attn.v_proj.weight	per-channel-u4	1024x1024	1024	1.436244e-01	1.120199e-02	6.640625e-03	2.249349e-02	528896
model.layers.11.self_attn.v_proj.weight	per-channel-u8	1024x1024	1024	8.463849e-03	6.606169e-04	3.906250e-04	1.323146e-03	1053696
model.layers.11.self_attn.v_proj.weight	per-group32-u4	1024x1024	32768	8.319318e-02	9.912109e-03	1.509603e-03	2.011719e-02	671744
model.layers.11.self_attn.v_proj.weight	per-group64-u4	1024x1024	16384	9.496326e-02	1.119792e-02	2.640788e-03	2.249349e-02	598016
model.layers.11.self_attn.v_proj.weight	per-group128-u4	1024x1024	8192	1.063108e-01	1.119792e-02	3.580729e-03	2.249349e-02	561152
model.layers.11.self_attn.v_proj.weight	per-group128-u8	1024x1024	8192	6.255182e-03	6.606169e-04	2.106311e-04	1.323146e-03	1089536
model.layers.12.mlp.down_proj.weight	per-tensor-u4	1024x3072	1	6.790840e-01	3.194987e-02	6.393229e-02	6.393229e-02	1572869
model.layers.12.mlp.down_proj.weight	per-tensor-u8	1024x3072	1	4.301125e-02	1.878440e-03	3.760723e-03	3.760723e-03	3145733
model.layers.12.mlp.down_proj.weight	per-channel-u4	1024x3072	1024	1.648677e-01	3.194987e-02	5.533854e-03	6.393229e-02	1577472
model.layers.12.mlp.down_proj.weight	per-channel-u8	1024x3072	1024	9.703417e-03	1.878440e-03	3.255208e-04	3.760723e-03	3150848
model.layers.12.mlp.down_proj.weight	per-group32-u4	1024x3072	98304	8.334280e-02	2.673340e-02	1.340739e-03	5.377604e-02	2015232
model.layers.12.mlp.down_proj.weight	per-group64-u4	1024x3072	49152	9.531228e-02	2.673340e-02	1.765950e-03	5.377604e-02	1794048
model.layers.12.mlp.down_proj.weight	per-group128-u4	1024x3072	24576	1.068219e-01	2.673340e-02	2.071126e-03	5.377604e-02	1683456
model.layers.12.mlp.down_proj.weight	per-group128-u8	1024x3072	24576	6.284322e-03	1.580693e-03	1.218310e-04	3.163296e-03	3268608
model.layers.12.mlp.gate_proj.weight	per-tensor-u4	3072x1024	1	3.879880e-01	2.031252e-02	4.062500e-02	4.062500e-02	1572869
model.layers.12.mlp.gate_proj.weight	per-tensor-u8	3072x1024	1	2.292076e-02	1.194857e-03	2.389706e-03	2.389706e-03	3145733
model.layers.12.mlp.gate_proj.weight	per-channel-u4	3072x1024	3072	1.340946e-01	1.855469e-02	6.542969e-03	3.717448e-02	1586688
model.layers.12.mlp.gate_proj.weight	per-channel-u8	3072x1024	3072	7.897702e-03	1.092828e-03	3.848805e-04	2.186734e-03	3161088
model.layers.12.mlp.gate_proj.weight	per-group32-u4	3072x1024	98304	8.132392e-02	1.757812e-02	1.953125e-03	3.515625e-02	2015232
model.layers.12.mlp.gate_proj.weight	per-group64-u4	3072x1024	49152	9.200773e-02	1.757812e-02	2.482096e-03	3.515625e-02	1794048
model.layers.12.mlp.gate_proj.weight	per-group128-u4	3072x1024	24576	1.021611e-01	1.824544e-02	3.295898e-03	3.717448e-02	1683456
model.layers.12.mlp.gate_proj.weight	per-group128-u8	3072x1024	24576	6.014191e-03	1.087024e-03	1.938764e-04	2.186734e-03	3268608
model.layers.12.mlp.up_proj.weight	per-tensor-u4	3072x1024	1	4.068401e-01	1.904297e-02	3.815104e-02	3.815104e-02	1572869
model.layers.12.mlp.up_proj.weight	per-tensor-u8	3072x1024	1	2.407001e-02	1.121851e-03	2.244179e-03	2.244179e-03	3145733
model.layers.12.mlp.up_proj.weight	per-channel-u4	3072x1024	3072	1.355570e-01	1.843262e-02	7.340495e-03	3.697916e-02	1586688
model.layers.12.mlp.up_proj.weight	per-channel-u8	3072x1024	3072	7.980204e-03	1.086664e-03	4.317938e-04	2.175245e-03	3161088
model.layers.12.mlp.up_proj.weight	per-group32-u4	3072x1024	98304	8.163941e-02	1.683756e-02	1.940918e-03	3.697916e-02	2015232
model.layers.12.mlp.up_proj.weight	per-group64-u4	3072x1024	49152	9.259095e-02	1.830241e-02	2.783203e-03	3.697916e-02	1794048
model.layers.12.mlp.up_proj.weight	per-group128-u4	3072x1024	24576	1.029706e-01	1.830241e-02	3.108724e-03	3.697916e-02	1683456
model.layers.12.mlp.up_proj.weight	per-group128-u8	3072x1024	24576	6.058475e-03	1.085110e-03	1.828661e-04	2.175245e-03	3268608
model.layers.12.self_attn.k_proj.weight	per-tensor-u4	1024x1024	1	5.051940e-01	2.343750e-02	4.687500e-02	4.687500e-02	524293
model.layers.12.self_attn.k_proj.weight	per-tensor-u8	1024x1024	1	3.064989e-02	1.378685e-03	2.757353e-03	2.757353e-03	1048581
model.layers.12.self_attn.k_proj.weight	per-channel-u4	1024x1024	1024	1.404329e-01	2.148438e-02	3.564453e-03	4.296875e-02	528896
model.layers.12.self_attn.k_proj.weight	per-channel-u8	1024x1024	1024	8.256760e-03	1.263790e-03	2.096737e-04	2.527574e-03	1053696
model.layers.12.self_attn.k_proj.weight	per-group32-u4	1024x1024	32768	8.177518e-02	2.032064e-02	1.359049e-03	4.192708e-02	671744
model.layers.12.self_attn.k_proj.weight	per-group64-u4	1024x1024	16384	9.278033e-02	2.136230e-02	1.757812e-03	4.296875e-02	598016
model.layers.12.self_attn.k_proj.weight	per-group128-u4	1024x1024	8192	1.031214e-01	2.148438e-02	2.522786e-03	4.296875e-02	561152
model.layers.12.self_attn.k_proj.weight	per-group128-u8	1024x1024	8192	6.062949e-03	1.263790e-03	1.483992e-04	2.527574e-03	1089536
model.layers.12.self_attn.o_proj.weight	per-tensor-u4	1024x2048	1	4.473263e-01	1.844076e-02	3.697916e-02	3.697916e-02	1048581
model.layers.12.self_attn.o_proj.weight	per-tensor-u8	1024x2048	1	2.672687e-02	1.086664e-03	2.175245e-03	2.175245e-03	2097157
model.layers.12.self_attn.o_proj.weight	per-channel-u4	1024x2048	1024	1.460428e-01	1.611328e-02	3.401693e-03	3.229167e-02	1053184
model.layers.12.self_attn.o_proj.weight	per-channel-u8	1024x2048	1024	8.594303e-03	9.478405e-04	2.000996e-04	1.899510e-03	2102272
model.layers.12.self_attn.o_proj.weight	per-group32-u4	1024x2048	65536	8.149328e-02	1.464844e-02	1.251221e-03	2.929688e-02	1343488
model.layers.12.self_attn.o_proj.weight	per-group64-u4	1024x2048	32768	9.217071e-02	1.464844e-02	1.631673e-03	2.929688e-02	1196032
model.layers.12.self_attn.o_proj.weight	per-group128-u4	1024x2048	16384	1.019990e-01	1.486409e-02	1.965332e-03	2.981771e-02	1122304
model.layers.12.self_attn.o_proj.weight	per-group128-u8	1024x2048	16384	5.996642e-03	8.693337e-04	1.156078e-04	1.753983e-03	2179072
model.layers.12.self_attn.q_proj.weight	per-tensor-u4	2048x1024	1	4.377296e-01	2.376302e-02	4.752604e-02	4.752604e-02	1048581
model.layers.12.self_attn.q_proj.weight	per-tensor-u8	2048x1024	1	2.632982e-02	1.397833e-03	2.795649e-03	2.795649e-03	2097157
model.layers.12.self_attn.q_proj.weight	per-channel-u4	2048x1024	2048	1.329550e-01	2.148438e-02	3.336589e-03	4.296875e-02	1057792
model.layers.12.self_attn.q_proj.weight	per-channel-u8	2048x1024	2048	7.823166e-03	1.263797e-03	1.962699e-04	2.527574e-03	2107392
model.layers.12.self_attn.q_proj.weight	per-group32-u4	2048x1024	65536	8.144634e-02	1.787109e-02	1.180013e-03	3.710938e-02	1343488
model.layers.12.self_attn.q_proj.weight	per-group64-u4	2048x1024	32768	9.227853e-02	1.989746e-02	1.652018e-03	3.997396e-02	1196032
model.layers.12.self_attn.q_proj.weight	per-group128-u4	2048x1024	16384	1.025815e-01	1.989746e-02	1.888021e-03	3.997396e-02	1122304
model.layers.12.self_attn.q_proj.weight	per-group128-u8	2048x1024	16384	6.029438e-03	1.145065e-03	1.110600e-04	2.351409e-03	2179072
model.layers.12.self_attn.v_proj.weight	per-tensor-u4	1024x1024	1	2.259705e-01	1.044922e-02	2.089844e-02	2.089844e-02	524293
model.layers.12.self_attn.v_proj.weight	per-tensor-u8	1024x1024	1	1.330688e-02	6.146617e-04	1.229320e-03	1.229320e-03	1048581
model.layers.12.self_attn.v_proj.weight	per-channel-u4	1024x1024	1024	1.326979e-01	9.570312e-03	7.958984e-03	1.914063e-02	528896
model.layers.12.self_attn.v_proj.weight	per-channel-u8	1024x1024	1024	7.811743e-03	5.629584e-04	4.681755e-04	1.125919e-03	1053696
model.layers.12.self_attn.v_proj.weight	per-group32-u4	1024x1024	32768	8.167160e-02	9.212241e-03	1.680501e-03	1.881510e-02	671744
model.layers.12.self_attn.v_proj.weight	per-group64-u4	1024x1024	16384	9.251022e-02	9.338379e-03	2.400716e-03	1.914063e-02	598016
model.layers.12.self_attn.v_proj.weight	per-group128-u4	1024x1024	8192	1.026423e-01	9.570312e-03	4.345703e-03	1.914063e-02	561152
model.layers.12.self_attn.v_proj.weight	per-group128-u8	1024x1024	8192	6.042709e-03	5.629584e-04	2.556296e-04	1.125919e-03	1089536
model.layers.13.mlp.down_proj.weight	per-tensor-u4	1024x3072	1	6.346166e-01	2.832031e-02	5.664062e-02	5.664062e-02	1572869
model.layers.13.mlp.down_proj.weight	per-tensor-u8	1024x3072	1	3.962339e-02	1.665905e-03	3.331801e-03	3.331801e-03	3145733
model.layers.13.mlp.down_proj.weight	per-channel-u4	1024x3072	1024	1.687528e-01	2.832031e-02	5.826823e-03	5.664062e-02	1577472
model.layers.13.mlp.down_proj.weight	per-channel-u8	1024x3072	1024	9.931470e-03	1.665905e-03	3.427543e-04	3.331801e-03	3150848
model.layers.13.mlp.down_proj.weight	per-group32-u4	1024x3072	98304	8.386137e-02	2.115886e-02	1.094564e-03	4.264323e-02	2015232
model.layers.13.mlp.down_proj.weight	per-group64-u4	1024x3072	49152	9.613421e-02	2.115886e-02	1.542155e-03	4.264323e-02	1794048
model.layers.13.mlp.down_proj.weight	per-group128-u4	1024x3072	24576	1.081333e-01	2.311198e-02	1.737467e-03	4.654948e-02	1683456
model.layers.13.mlp.down_proj.weight	per-group128-u8	1024x3072	24576	6.364789e-03	1.364313e-03	1.022040e-04	2.738205e-03	3268608
model.layers.13.mlp.gate_proj.weight	per-tensor-u4	3072x1024	1	6.068685e-01	3.190104e-02	6.380209e-02	6.380209e-02	1572869
model.layers.13.mlp.gate_proj.weight	per-tensor-u8	3072x1024	1	3.747857e-02	1.876533e-03	3.753064e-03	3.753064e-03	3145733
model.layers.13.mlp.gate_proj.weight	per-channel-u4	3072x1024	3072	1.380842e-01	3.190104e-02	6.380208e-03	6.380209e-02	1586688
model.layers.13.mlp.gate_proj.weight	per-channel-u8	3072x1024	3072	8.134846e-03	1.876533e-03	3.753064e-04	3.753064e-03	3161088
model.layers.13.mlp.gate_proj.weight	per-group32-u4	3072x1024	98304	8.163696e-02	2.746582e-02	1.839193e-03	5.677084e-02	2015232
model.layers.13.mlp.gate_proj.weight	per-group64-u4	3072x1024	49152	9.258474e-02	3.056641e-02	2.766927e-03	6.132812e-02	1794048
model.layers.13.mlp.gate_proj.weight	per-group128-u4	3072x1024	24576	1.029011e-01	3.056641e-02	3.287760e-03	6.132812e-02	1683456
model.layers.13.mlp.gate_proj.weight	per-group128-u8	3072x1024	24576	6.063504e-03	1.795154e-03	1.933977e-04	3.607537e-03	3268608
model.layers.13.mlp.up_proj.weight	per-tensor-u4	3072x1024	1	3.532779e-01	1.583659e-02	3.170573e-02	3.170573e-02	1572869
model.layers.13.mlp.up_proj.weight	per-tensor-u8	3072x1024	1	2.085077e-02	9.315610e-04	1.865043e-03	1.865043e-03	3145733
model.layers.13.mlp.up_proj.weight	per-channel-u4	3072x1024	3072	1.357573e-01	1.534831e-02	7.014974e-03	3.072917e-02	1586688
model.layers.13.mlp.up_proj.weight	per-channel-u8	3072x1024	3072	7.997928e-03	9.018853e-04	4.126455e-04	1.807598e-03	3161088
model.layers.13.mlp.up_proj.weight	per-group32-u4	3072x1024	98304	8.175510e-02	1.391602e-02	1.492310e-03	2.832031e-02	2015232
model.layers.13.mlp.up_proj.weight	per-group64-u4	3072x1024	49152	9.272317e-02	1.391602e-02	2.563477e-03	2.832031e-02	1794048
model.layers.13.mlp.up_proj.weight	per-group128-u4	3072x1024	24576	1.031355e-01	1.391602e-02	3.304037e-03	2.832031e-02	1683456
model.layers.13.mlp.up_proj.weight	per-group128-u8	3072x1024	24576	6.070043e-03	8.257702e-04	1.943551e-04	1.665901e-03	3268608
model.layers.13.self_attn.k_proj.weight	per-tensor-u4	1024x1024	1	4.333094e-01	1.875000e-02	3.750000e-02	3.750000e-02	524293
model.layers.13.self_attn.k_proj.weight	per-tensor-u8	1024x1024	1	2.593554e-02	1.102947e-03	2.205882e-03	2.205882e-03	1048581
model.layers.13.self_attn.k_proj.weight	per-channel-u4	1024x1024	1024	1.402204e-01	1.759440e-02	1.481120e-03	3.528646e-02	528896
model.layers.13.self_attn.k_proj.weight	per-channel-u8	1024x1024	1024	8.246267e-03	1.037119e-03	8.712470e-05	2.075674e-03	1053696
model.layers.13.self_attn.k_proj.weight	per-group32-u4	1024x1024	32768	8.156388e-02	1.733398e-02	6.632487e-04	3.528646e-02	671744
model.layers.13.self_attn.k_proj.weight	per-group64-u4	1024x1024	16384	9.254133e-02	1.733398e-02	8.687337e-04	3.528646e-02	598016
model.layers.13.self_attn.k_proj.weight	per-group128-u4	1024x1024	8192	1.029432e-01	1.735026e-02	9.541829e-04	3.528646e-02	561152
model.layers.13.self_attn.k_proj.weight	per-group128-u8	1024x1024	8192	6.060916e-03	1.030177e-03	5.612841e-05	2.075674e-03	1089536
model.layers.13.self_attn.o_proj.weight	per-tensor-u4	1024x2048	1	4.150750e-01	1.660156e-02	3.326823e-02	3.326823e-02	1048581
model.layers.13.self_attn.o_proj.weight	per-tensor-u8	1024x2048	1	2.480063e-02	9.765625e-04	1.956955e-03	1.956955e-03	2097157
model.layers.13.self_attn.o_proj.weight	per-channel-u4	1024x2048	1024	1.512102e-01	1.555583e-02	3.328450e-03	3.111979e-02	1053184
model.layers.13.self_attn.o_proj.weight	per-channel-u8	1024x2048	1024	8.897218e-03	9.145699e-04	1.957912e-04	1.830576e-03	2102272
model.layers.13.self_attn.o_proj.weight	per-group32-u4	1024x2048	65536	8.161232e-02	1.458740e-02	8.524577e-04	2.929688e-02	1343488
model.layers.13.self_attn.o_proj.weight	per-group64-u4	1024x2048	32768	9.230088e-02	1.458740e-02	1.269531e-03	2.929688e-02	1196032
model.layers.13.self_attn.o_proj.weight	per-group128-u4	1024x2048	16384	1.022056e-01	1.464844e-02	1.468913e-03	2.929688e-02	1122304
model.layers.13.self_attn.o_proj.weight	per-group128-u8	1024x2048	16384	6.010001e-03	8.616745e-04	8.640663e-05	1.723346e-03	2179072
model.layers.13.self_attn.q_proj.weight	per-tensor-u4	2048x1024	1	5.269128e-01	2.832845e-02	5.677084e-02	5.677084e-02	1048581
model.layers.13.self_attn.q_proj.weight	per-tensor-u8	2048x1024	1	3.264099e-02	1.668623e-03	3.339461e-03	3.339461e-03	2097157
model.layers.13.self_attn.q_proj.weight	per-channel-u4	2048x1024	2048	1.323960e-01	2.441406e-02	3.108724e-03	4.882812e-02	1057792
model.layers.13.self_attn.q_proj.weight	per-channel-u8	2048x1024	2048	7.787430e-03	1.436122e-03	1.828661e-04	2.872243e-03	2107392
model.layers.13.self_attn.q_proj.weight	per-group32-u4	2048x1024	65536	8.131921e-02	2.167969e-02	9.012858e-04	4.511719e-02	1343488
model.layers.13.self_attn.q_proj.weight	per-group64-u4	2048x1024	32768	9.215325e-02	2.255859e-02	1.228841e-03	4.511719e-02	1196032
model.layers.13.self_attn.q_proj.weight	per-group128-u4	2048x1024	16384	1.022957e-01	2.255859e-02	1.725260e-03	4.511719e-02	1122304
model.layers.13.self_attn.q_proj.weight	per-group128-u8	2048x1024	16384	6.020399e-03	1.326978e-03	1.014859e-04	2.653952e-03	2179072
model.layers.13.self_attn.v_proj.weight	per-tensor-u4	1024x1024	1	2.172990e-01	9.977214e-03	1.998698e-02	1.998698e-02	524293
model.layers.13.self_attn.v_proj.weight	per-tensor-u8	1024x1024	1	1.280843e-02	5.876124e-04	1.175705e-03	1.175705e-03	1048581
model.layers.13.self_attn.v_proj.weight	per-channel-u4	1024x1024	1024	1.323601e-01	9.765625e-03	8.186849e-03	1.953125e-02	528896
model.layers.13.self_attn.v_proj.weight	per-channel-u8	1024x1024	1024	7.786339e-03	5.744547e-04	4.815793e-04	1.148897e-03	1053696
model.layers.13.self_attn.v_proj.weight	per-group32-u4	1024x1024	32768	8.153503e-02	8.178711e-03	1.521810e-03	1.708984e-02	671744
model.layers.13.self_attn.v_proj.weight	per-group64-u4	1024x1024	16384	9.236314e-02	8.642577e-03	2.058919e-03	1.748047e-02	598016
model.layers.13.self_attn.v_proj.weight	per-group128-u4	1024x1024	8192	1.025535e-01	8.642577e-03	4.191081e-03	1.748047e-02	561152
model.layers.13.self_attn.v_proj.weight	per-group128-u8	1024x1024	8192	6.039349e-03	5.112588e-04	2.465342e-04	1.028263e-03	1089536
model.layers.14.mlp.down_proj.weight	per-tensor-u4	1024x3072	1	5.444265e-01	2.324218e-02	4.648437e-02	4.648437e-02	1572869
model.layers.14.mlp.down_proj.weight	per-tensor-u8	1024x3072	1	3.310986e-02	1.367196e-03	2.734375e-03	2.734375e-03	3145733
model.layers.14.mlp.down_proj.weight	per-channel-u4	1024x3072	1024	1.722170e-01	2.324218e-02	5.094401e-03	4.648437e-02	1577472
model.layers.14.mlp.down_proj.weight	per-channel-u8	1024x3072	1024	1.013126e-02	1.367196e-03	2.996706e-04	2.734375e-03	3150848
model.layers.14.mlp.down_proj.weight	per-group32-u4	1024x3072	98304	8.421447e-02	1.818848e-02	1.029460e-03	3.684896e-02	2015232
model.layers.14.mlp.down_proj.weight	per-group64-u4	1024x3072	49152	9.677130e-02	1.831055e-02	1.558431e-03	3.684896e-02	1794048
model.layers.14.mlp.down_proj.weight	per-group128-u4	1024x3072	24576	1.091164e-01	2.141927e-02	2.050781e-03	4.440104e-02	1683456
model.layers.14.mlp.down_proj.weight	per-group128-u8	1024x3072	24576	6.418607e-03	1.284849e-03	1.206342e-04	2.611826e-03	3268608
model.layers.14.mlp.gate_proj.weight	per-tensor-u4	3072x1024	1	5.521491e-01	2.734375e-02	5.468750e-02	5.468750e-02	1572869
model.layers.14.mlp.gate_proj.weight	per-tensor-u8	3072x1024	1	3.361156e-02	1.608461e-03	3.216912e-03	3.216912e-03	3145733
model.layers.14.mlp.gate_proj.weight	per-channel-u4	3072x1024	3072	1.406271e-01	2.429199e-02	5.517578e-03	4.869791e-02	1586688
model.layers.14.mlp.gate_proj.weight	per-channel-u8	3072x1024	3072	8.298182e-03	1.432300e-03	3.245634e-04	2.864583e-03	3161088
model.layers.14.mlp.gate_proj.weight	per-group32-u4	3072x1024	98304	8.196110e-02	2.319336e-02	1.200358e-03	4.739583e-02	2015232
model.layers.14.mlp.gate_proj.weight	per-group64-u4	3072x1024	49152	9.297815e-02	2.428385e-02	1.517741e-03	4.869791e-02	1794048
model.layers.14.mlp.gate_proj.weight	per-group128-u4	3072x1024	24576	1.036004e-01	2.428385e-02	1.778158e-03	4.869791e-02	1683456
model.layers.14.mlp.gate_proj.weight	per-group128-u8	3072x1024	24576	6.106593e-03	1.432292e-03	1.045975e-04	2.864583e-03	3268608
model.layers.14.mlp.up_proj.weight	per-tensor-u4	3072x1024	1	4.916462e-01	2.148438e-02	4.296875e-02	4.296875e-02	1572869
model.layers.14.mlp.up_proj.weight	per-tensor-u8	3072x1024	1	2.930987e-02	1.263797e-03	2.527574e-03	2.527574e-03	3145733
model.layers.14.mlp.up_proj.weight	per-channel-u4	3072x1024	3072	1.376136e-01	1.977539e-02	6.787109e-03	3.958333e-02	1586688
model.layers.14.mlp.up_proj.weight	per-channel-u8	3072x1024	3072	8.115689e-03	1.162302e-03	3.992417e-04	2.328431e-03	3161088
model.layers.14.mlp.up_proj.weight	per-group32-u4	3072x1024	98304	8.194414e-02	1.796877e-02	1.558431e-03	3.619792e-02	2015232
model.layers.14.mlp.up_proj.weight	per-group64-u4	3072x1024	49152	9.300827e-02	1.886393e-02	2.408854e-03	3.958333e-02	1794048
model.layers.14.mlp.up_proj.weight	per-group128-u4	3072x1024	24576	1.035819e-01	1.886393e-02	3.320313e-03	3.958333e-02	1683456
model.layers.14.mlp.up_proj.weight	per-group128-u8	3072x1024	24576	6.098399e-03	1.156554e-03	1.953125e-04	2.328431e-03	3268608
model.layers.14.self_attn.k_proj.weight	per-tensor-u4	1024x1024	1	5.150580e-01	2.285156e-02	4.570312e-02	4.570312e-02	524293
model.layers.14.self_attn.k_proj.weight	per-tensor-u8	1024x1024	1	3.170810e-02	1.344204e-03	2.688419e-03	2.688419e-03	1048581
model.layers.14.self_attn.k_proj.weight	per-channel-u4	1024x1024	1024	1.447589e-01	2.246094e-02	7.202149e-04	4.492188e-02	528896
model.layers.14.self_attn.k_proj.weight	per-channel-u8	1024x1024	1024	8.522064e-03	1.321241e-03	4.236558e-05	2.642463e-03	1053696
model.layers.14.self_attn.k_proj.weight	per-group32-u4	1024x1024	32768	8.207040e-02	1.933594e-02	2.232869e-04	3.932292e-02	671744
model.layers.14.self_attn.k_proj.weight	per-group64-u4	1024x1024	16384	9.342411e-02	1.956380e-02	2.955119e-04	3.958333e-02	598016
model.layers.14.self_attn.k_proj.weight	per-group128-u4	1024x1024	8192	1.040795e-01	2.190755e-02	4.079183e-04	4.388021e-02	561152
model.layers.14.self_attn.k_proj.weight	per-group128-u8	1024x1024	8192	6.134138e-03	1.263782e-03	2.399519e-05	2.581189e-03	1089536
model.layers.14.self_attn.o_proj.weight	per-tensor-u4	1024x2048	1	4.672758e-01	1.827800e-02	3.658854e-02	3.658854e-02	1048581
model.layers.14.self_attn.o_proj.weight	per-tensor-u8	1024x2048	1	2.805718e-02	1.075745e-03	2.152267e-03	2.152267e-03	2097157
model.layers.14.self_attn.o_proj.weight	per-channel-u4	1024x2048	1024	1.474279e-01	1.827800e-02	3.238932e-03	3.658854e-02	1053184
model.layers.14.self_attn.o_proj.weight	per-channel-u8	1024x2048	1024	8.672792e-03	1.073262e-03	1.905254e-04	2.152267e-03	2102272
model.layers.14.self_attn.o_proj.weight	per-group32-u4	1024x2048	65536	8.144451e-02	1.751302e-02	9.806316e-04	3.509115e-02	1343488
model.layers.14.self_attn.o_proj.weight	per-group64-u4	1024x2048	32768	9.204317e-02	1.751302e-02	1.051839e-03	3.593750e-02	1196032
model.layers.14.self_attn.o_proj.weight	per-group128-u4	1024x2048	16384	1.019438e-01	1.824544e-02	1.367187e-03	3.658854e-02	1122304
model.layers.14.self_attn.o_proj.weight	per-group128-u8	1024x2048	16384	6.005461e-03	1.067337e-03	8.042280e-05	2.152267e-03	2179072
model.layers.14.self_attn.q_proj.weight	per-tensor-u4	2048x1024	1	4.338934e-01	2.246094e-02	4.492188e-02	4.492188e-02	1048581
model.layers.14.self_attn.q_proj.weight	per-tensor-u8	2048x1024	1	2.631057e-02	1.321241e-03	2.642463e-03	2.642463e-03	2097157
model.layers.14.self_attn.q_proj.weight	per-channel-u4	2048x1024	2048	1.370627e-01	2.160645e-02	1.546224e-03	4.322917e-02	1057792
model.layers.14.self_attn.q_proj.weight	per-channel-u8	2048x1024	2048	8.060029e-03	1.267612e-03	9.095435e-05	2.542892e-03	2107392
model.layers.14.self_attn.q_proj.weight	per-group32-u4	2048x1024	65536	8.174437e-02	2.018230e-02	5.218506e-04	4.166667e-02	1343488
model.layers.14.self_attn.q_proj.weight	per-group64-u4	2048x1024	32768	9.275362e-02	2.050781e-02	7.934570e-04	4.166667e-02	1196032
model.layers.14.self_attn.q_proj.weight	per-group128-u4	2048x1024	16384	1.031508e-01	2.075195e-02	9.541829e-04	4.166667e-02	1122304
model.layers.14.self_attn.q_proj.weight	per-group128-u8	2048x1024	16384	6.076199e-03	1.223098e-03	5.612841e-05	2.450980e-03	2179072
model.layers.14.self_attn.v_proj.weight	per-tensor-u4	1024x1024	1	2.188632e-01	9.521484e-03	1.907552e-02	1.907552e-02	524293
model.layers.14.self_attn.v_proj.weight	per-tensor-u8	1024x1024	1	1.291477e-02	5.609253e-04	1.122089e-03	1.122089e-03	1048581
model.layers.14.self_attn.v_proj.weight	per-channel-u4	1024x1024	1024	1.335899e-01	8.512370e-03	7.747396e-03	1.705729e-02	528896
model.layers.14.self_attn.v_proj.weight	per-channel-u8	1024x1024	1024	7.867281e-03	5.007312e-04	4.557292e-04	1.003370e-03	1053696
model.layers.14.self_attn.v_proj.weight	per-group32-u4	1024x1024	32768	8.173180e-02	7.629395e-03	1.521810e-03	1.582031e-02	671744
model.layers.14.self_attn.v_proj.weight	per-group64-u4	1024x1024	16384	9.259564e-02	8.349612e-03	2.612305e-03	1.669922e-02	598016
model.layers.14.self_attn.v_proj.weight	per-group128-u4	1024x1024	8192	1.029762e-01	8.447267e-03	3.759766e-03	1.705729e-02	561152
model.layers.14.self_attn.v_proj.weight	per-group128-u8	1024x1024	8192	6.056173e-03	4.997700e-04	2.211627e-04	1.003370e-03	1089536
model.layers.15.mlp.down_proj.weight	per-tensor-u4	1024x3072	1	5.781847e-01	2.486980e-02	4.973958e-02	4.973958e-02	1572869
model.layers.15.mlp.down_proj.weight	per-tensor-u8	1024x3072	1	3.547347e-02	1.462936e-03	2.925858e-03	2.925858e-03	3145733
model.layers.15.mlp.down_proj.weight	per-channel-u4	1024x3072	1024	1.705125e-01	2.486980e-02	4.606120e-03	4.973958e-02	1577472
model.layers.15.mlp.down_proj.weight	per-channel-u8	1024x3072	1024	1.003614e-02	1.462936e-03	2.709482e-04	2.925858e-03	3150848
model.layers.15.mlp.down_proj.weight	per-group32-u4	1024x3072	98304	8.411254e-02	2.460937e-02	1.094564e-03	4.973958e-02	2015232
model.layers.15.mlp.down_proj.weight	per-group64-u4	1024x3072	49152	9.667592e-02	2.460937e-02	1.363119e-03	4.973958e-02	1794048
model.layers.15.mlp.down_proj.weight	per-group128-u4	1024x3072	24576	1.089441e-01	2.483724e-02	1.708984e-03	4.973958e-02	1683456
model.layers.15.mlp.down_proj.weight	per-group128-u8	1024x3072	24576	6.403741e-03	1.453385e-03	1.005285e-04	2.925858e-03	3268608
model.layers.15.mlp.gate_proj.weight	per-tensor-u4	3072x1024	1	6.581358e-01	3.442383e-02	6.888021e-02	6.888021e-02	1572869
model.layers.15.mlp.gate_proj.weight	per-tensor-u8	3072x1024	1	4.215446e-02	2.023973e-03	4.051777e-03	4.051777e-03	3145733
model.layers.15.mlp.gate_proj.weight	per-channel-u4	3072x1024	3072	1.434888e-01	3.442383e-02	6.363933e-03	6.888021e-02	1586688
model.layers.15.mlp.gate_proj.weight	per-channel-u8	3072x1024	3072	8.461690e-03	2.023496e-03	3.743490e-04	4.051777e-03	3161088
model.layers.15.mlp.gate_proj.weight	per-group32-u4	3072x1024	98304	8.200979e-02	3.417969e-02	1.212565e-03	6.835938e-02	2015232
model.layers.15.mlp.gate_proj.weight	per-group64-u4	3072x1024	49152	9.319487e-02	3.393555e-02	1.607259e-03	6.888021e-02	1794048
model.layers.15.mlp.gate_proj.weight	per-group128-u4	3072x1024	24576	1.040016e-01	3.393555e-02	2.136230e-03	6.888021e-02	1683456
model.layers.15.mlp.gate_proj.weight	per-group128-u8	3072x1024	24576	6.132055e-03	2.023496e-03	1.256606e-04	4.051777e-03	3268608
model.layers.15.mlp.up_proj.weight	per-tensor-u4	3072x1024	1	4.772397e-01	2.128905e-02	4.257812e-02	4.257812e-02	1572869
model.layers.15.mlp.up_proj.weight	per-tensor-u8	3072x1024	1	2.846353e-02	1.252301e-03	2.504596e-03	2.504596e-03	3145733
model.layers.15.mlp.up_proj.weight	per-channel-u4	3072x1024	3072	1.392257e-01	1.870117e-02	6.526693e-03	3.750000e-02	1586688
model.layers.15.mlp.up_proj.weight	per-channel-u8	3072x1024	3072	8.208893e-03	1.100067e-03	3.839231e-04	2.205882e-03	3161088
model.layers.15.mlp.up_proj.weight	per-group32-u4	3072x1024	98304	8.193180e-02	1.562500e-02	1.269531e-03	3.255208e-02	2015232
model.layers.15.mlp.up_proj.weight	per-group64-u4	3072x1024	49152	9.304415e-02	1.582845e-02	1.843262e-03	3.255208e-02	1794048
model.layers.15.mlp.up_proj.weight	per-group128-u4	3072x1024	24576	1.037074e-01	1.860352e-02	2.148438e-03	3.750000e-02	1683456
model.layers.15.mlp.up_proj.weight	per-group128-u8	3072x1024	24576	6.110086e-03	1.100067e-03	1.263787e-04	2.205882e-03	3268608
model.layers.15.self_attn.k_proj.weight	per-tensor-u4	1024x1024	1	4.403506e-01	1.782227e-02	3.567708e-02	3.567708e-02	524293
model.layers.15.self_attn.k_proj.weight	per-tensor-u8	1024x1024	1	2.624025e-02	1.047410e-03	2.098652e-03	2.098652e-03	1048581
model.layers.15.self_attn.k_proj.weight	per-channel-u4	1024x1024	1024	1.390955e-01	1.604818e-02	3.637695e-03	3.216146e-02	528896
model.layers.15.self_attn.k_proj.weight	per-channel-u8	1024x1024	1024	8.177524e-03	9.422302e-04	2.139821e-04	1.891850e-03	1053696
model.layers.15.self_attn.k_proj.weight	per-group32-u4	1024x1024	32768	8.185832e-02	1.592611e-02	1.538086e-03	3.216146e-02	671744
model.layers.15.self_attn.k_proj.weight	per-group64-u4	1024x1024	16384	9.282619e-02	1.592611e-02	2.001953e-03	3.216146e-02	598016
model.layers.15.self_attn.k_proj.weight	per-group128-u4	1024x1024	8192	1.034346e-01	1.592611e-02	2.441406e-03	3.216146e-02	561152
model.layers.15.self_attn.k_proj.weight	per-group128-u8	1024x1024	8192	6.081751e-03	9.267777e-04	1.436121e-04	1.891850e-03	1089536
model.layers.15.self_attn.o_proj.weight	per-tensor-u4	1024x2048	1	4.590370e-01	1.894531e-02	3.789062e-02	3.789062e-02	1048581
model.layers.15.self_attn.o_proj.weight	per-tensor-u8	1024x2048	1	2.761262e-02	1.114428e-03	2.228860e-03	2.228860e-03	2097157
model.layers.15.self_attn.o_proj.weight	per-channel-u4	1024x2048	1024	1.551603e-01	1.892090e-02	3.287760e-03	3.789062e-02	1053184
model.layers.15.self_attn.o_proj.weight	per-channel-u8	1024x2048	1024	9.131937e-03	1.113892e-03	1.933977e-04	2.228860e-03	2102272
model.layers.15.self_attn.o_proj.weight	per-group32-u4	1024x2048	65536	8.176488e-02	1.637370e-02	8.585612e-04	3.333334e-02	1343488
model.layers.15.self_attn.o_proj.weight	per-group64-u4	1024x2048	32768	9.262251e-02	1.637370e-02	1.212565e-03	3.333334e-02	1196032
model.layers.15.self_attn.o_proj.weight	per-group128-u4	1024x2048	16384	1.026745e-01	1.892090e-02	1.383464e-03	3.789062e-02	1122304
model.layers.15.self_attn.o_proj.weight	per-group128-u8	1024x2048	16384	6.044193e-03	1.108687e-03	8.138021e-05	2.228860e-03	2179072
model.layers.15.self_attn.q_proj.weight	per-tensor-u4	2048x1024	1	5.394661e-01	2.941895e-02	5.885417e-02	5.885417e-02	1048581
model.layers.15.self_attn.q_proj.weight	per-tensor-u8	2048x1024	1	3.388947e-02	1.730137e-03	3.462010e-03	3.462010e-03	2097157
model.layers.15.self_attn.q_proj.weight	per-channel-u4	2048x1024	2048	1.348814e-01	2.929688e-02	5.655924e-04	5.859375e-02	1057792
model.layers.15.self_attn.q_proj.weight	per-channel-u8	2048x1024	2048	7.946073e-03	1.723349e-03	3.327015e-05	3.446691e-03	2107392
model.layers.15.self_attn.q_proj.weight	per-group32-u4	2048x1024	65536	8.161473e-02	2.832031e-02	2.522786e-04	5.859375e-02	1343488
model.layers.15.self_attn.q_proj.weight	per-group64-u4	2048x1024	32768	9.244952e-02	2.880859e-02	3.082276e-04	5.859375e-02	1196032
model.layers.15.self_attn.q_proj.weight	per-group128-u4	2048x1024	16384	1.027781e-01	2.929688e-02	4.109700e-04	5.859375e-02	1122304
model.layers.15.self_attn.q_proj.weight	per-group128-u8	2048x1024	16384	6.046860e-03	1.723349e-03	2.417471e-05	3.446691e-03	2179072
model.layers.15.self_attn.v_proj.weight	per-tensor-u4	1024x1024	1	3.687559e-01	1.684570e-02	3.372396e-02	3.372396e-02	524293
model.layers.15.self_attn.v_proj.weight	per-tensor-u8	1024x1024	1	2.191590e-02	9.918213e-04	1.983762e-03	1.983762e-03	1048581
model.layers.15.self_attn.v_proj.weight	per-channel-u4	1024x1024	1024	1.436154e-01	1.577149e-02	8.821615e-03	3.164063e-02	528896
model.layers.15.self_attn.v_proj.weight	per-channel-u8	1024x1024	1024	8.463930e-03	9.304271e-04	5.189185e-04	1.861213e-03	1053696
model.layers.15.self_attn.v_proj.weight	per-group32-u4	1024x1024	32768	8.236010e-02	1.464844e-02	1.314290e-03	2.968750e-02	671744
model.layers.15.self_attn.v_proj.weight	per-group64-u4	1024x1024	16384	9.375551e-02	1.516927e-02	2.522786e-03	3.098958e-02	598016
model.layers.15.self_attn.v_proj.weight	per-group128-u4	1024x1024	8192	1.047263e-01	1.577149e-02	4.125976e-03	3.164063e-02	561152
model.layers.15.self_attn.v_proj.weight	per-group128-u8	1024x1024	8192	6.170576e-03	9.304271e-04	2.427045e-04	1.861213e-03	1089536
model.layers.16.mlp.down_proj.weight	per-tensor-u4	1024x3072	1	6.845470e-01	3.076172e-02	6.158854e-02	6.158854e-02	1572869
model.layers.16.mlp.down_proj.weight	per-tensor-u8	1024x3072	1	4.341629e-02	1.809515e-03	3.622855e-03	3.622855e-03	3145733
model.layers.16.mlp.down_proj.weight	per-channel-u4	1024x3072	1024	1.870761e-01	3.076172e-02	1.077474e-02	6.158854e-02	1577472
model.layers.16.mlp.down_proj.weight	per-channel-u8	1024x3072	1024	1.104810e-02	1.809515e-03	6.338082e-04	3.622855e-03	3150848
model.layers.16.mlp.down_proj.weight	per-group32-u4	1024x3072	98304	8.493290e-02	2.148438e-02	1.863607e-03	4.355469e-02	2015232
model.layers.16.mlp.down_proj.weight	per-group64-u4	1024x3072	49152	9.806229e-02	2.198080e-02	1.928711e-03	4.407552e-02	1794048
model.layers.16.mlp.down_proj.weight	per-group128-u4	1024x3072	24576	1.112241e-01	2.258301e-02	3.271484e-03	4.531250e-02	1683456
model.layers.16.mlp.down_proj.weight	per-group128-u8	1024x3072	24576	6.543818e-03	1.309745e-03	1.924403e-04	2.665441e-03	3268608
model.layers.16.mlp.gate_proj.weight	per-tensor-u4	3072x1024	1	5.344782e-01	2.648926e-02	5.299479e-02	5.299479e-02	1572869
model.layers.16.mlp.gate_proj.weight	per-tensor-u8	3072x1024	1	3.272119e-02	1.557712e-03	3.117341e-03	3.117341e-03	3145733
model.layers.16.mlp.gate_proj.weight	per-channel-u4	3072x1024	3072	1.443736e-01	2.311198e-02	6.233724e-03	4.622396e-02	1586688
model.layers.16.mlp.gate_proj.weight	per-channel-u8	3072x1024	3072	8.508052e-03	1.359530e-03	3.666896e-04	2.719056e-03	3161088
model.layers.16.mlp.gate_proj.weight	per-group32-u4	3072x1024	98304	8.257885e-02	1.954753e-02	1.352946e-03	4.029948e-02	2015232
model.layers.16.mlp.gate_proj.weight	per-group64-u4	3072x1024	49152	9.383630e-02	1.954753e-02	1.977539e-03	4.036458e-02	1794048
model.layers.16.mlp.gate_proj.weight	per-group128-u4	3072x1024	24576	1.048317e-01	2.290853e-02	2.547201e-03	4.622396e-02	1683456
model.layers.16.mlp.gate_proj.weight	per-group128-u8	3072x1024	24576	6.179976e-03	1.349956e-03	1.498353e-04	2.719056e-03	3268608
model.layers.16.mlp.up_proj.weight	per-tensor-u4	3072x1024	1	4.976380e-01	2.324219e-02	4.648437e-02	4.648437e-02	1572869
model.layers.16.mlp.up_proj.weight	per-tensor-u8	3072x1024	1	3.008204e-02	1.367196e-03	2.734375e-03	2.734375e-03	3145733
model.layers.16.mlp.up_proj.weight	per-channel-u4	3072x1024	3072	1.451562e-01	2.124023e-02	6.868490e-03	4.257812e-02	1586688
model.layers.16.mlp.up_proj.weight	per-channel-u8	3072x1024	3072	8.571329e-03	1.249425e-03	4.040288e-04	2.504596e-03	3161088
model.layers.16.mlp.up_proj.weight	per-group32-u4	3072x1024	98304	8.259526e-02	2.070314e-02	1.265462e-03	4.257812e-02	2015232
model.layers.16.mlp.up_proj.weight	per-group64-u4	3072x1024	49152	9.412715e-02	2.070314e-02	1.839193e-03	4.257812e-02	1794048
model.layers.16.mlp.up_proj.weight	per-group128-u4	3072x1024	24576	1.053036e-01	2.099609e-02	2.823893e-03	4.257812e-02	1683456
model.layers.16.mlp.up_proj.weight	per-group128-u8	3072x1024	24576	6.204959e-03	1.243591e-03	1.661114e-04	2.504596e-03	3268608
model.layers.16.self_attn.k_proj.weight	per-tensor-u4	1024x1024	1	8.231450e-01	4.752604e-02	9.505209e-02	9.505209e-02	524293
model.layers.16.self_attn.k_proj.weight	per-tensor-u8	1024x1024	1	6.711697e-02	2.795652e-03	5.591299e-03	5.591299e-03	1048581
model.layers.16.self_attn.k_proj.weight	per-channel-u4	1024x1024	1024	1.549672e-01	4.716797e-02	1.346843e-03	9.453125e-02	528896
model.layers.16.self_attn.k_proj.weight	per-channel-u8	1024x1024	1024	9.154407e-03	2.778895e-03	7.922603e-05	5.560662e-03	1053696
model.layers.16.self_attn.k_proj.weight	per-group32-u4	1024x1024	32768	8.389381e-02	3.149414e-02	4.760742e-04	6.653646e-02	671744
model.layers.16.self_attn.k_proj.weight	per-group64-u4	1024x1024	16384	9.656780e-02	3.320312e-02	7.039388e-04	6.653646e-02	598016
model.layers.16.self_attn.k_proj.weight	per-group128-u4	1024x1024	8192	1.095473e-01	3.587240e-02	9.318034e-04	7.408854e-02	561152
model.layers.16.self_attn.k_proj.weight	per-group128-u8	1024x1024	8192	6.448614e-03	2.176203e-03	5.481196e-05	4.358150e-03	1089536
model.layers.16.self_attn.o_proj.weight	per-tensor-u4	1024x2048	1	5.146864e-01	2.128905e-02	4.257812e-02	4.257812e-02	1048581
model.layers.16.self_attn.o_proj.weight	per-tensor-u8	1024x2048	1	3.127457e-02	1.252294e-03	2.504596e-03	2.504596e-03	2097157
model.layers.16.self_attn.o_proj.weight	per-channel-u4	1024x2048	1024	1.570446e-01	2.036947e-02	2.872721e-03	4.075521e-02	1053184
model.layers.16.self_attn.o_proj.weight	per-channel-u8	1024x2048	1024	9.240001e-03	1.192939e-03	1.689836e-04	2.397365e-03	2102272
model.layers.16.self_attn.o_proj.weight	per-group32-u4	1024x2048	65536	8.173943e-02	1.879883e-02	8.768718e-04	3.808594e-02	1343488
model.layers.16.self_attn.o_proj.weight	per-group64-u4	1024x2048	32768	9.254903e-02	2.027995e-02	1.180013e-03	4.075521e-02	1196032
model.layers.16.self_attn.o_proj.weight	per-group128-u4	1024x2048	16384	1.025469e-01	2.027995e-02	1.354981e-03	4.075521e-02	1122304
model.layers.16.self_attn.o_proj.weight	per-group128-u8	1024x2048	16384	6.031932e-03	1.184322e-03	7.970473e-05	2.397365e-03	2179072
model.layers.16.self_attn.q_proj.weight	per-tensor-u4	2048x1024	1	4.613343e-01	2.746582e-02	5.494792e-02	5.494792e-02	1048581
model.layers.16.self_attn.q_proj.weight	per-tensor-u8	2048x1024	1	2.911103e-02	1.614799e-03	3.232230e-03	3.232230e-03	2097157
model.layers.16.self_attn.q_proj.weight	per-channel-u4	2048x1024	2048	1.356748e-01	2.408854e-02	1.639811e-03	4.817708e-02	1057792
model.layers.16.self_attn.q_proj.weight	per-channel-u8	2048x1024	2048	8.035041e-03	1.416974e-03	9.645948e-05	2.833946e-03	2107392
model.layers.16.self_attn.q_proj.weight	per-group32-u4	2048x1024	65536	8.177359e-02	2.265626e-02	5.076090e-04	4.531250e-02	1343488
model.layers.16.self_attn.q_proj.weight	per-group64-u4	2048x1024	32768	9.281776e-02	2.265626e-02	7.324219e-04	4.531250e-02	1196032
model.layers.16.self_attn.q_proj.weight	per-group128-u4	2048x1024	16384	1.034200e-01	2.343750e-02	1.074219e-03	4.687500e-02	1122304
model.layers.16.self_attn.q_proj.weight	per-group128-u8	2048x1024	16384	6.089603e-03	1.378685e-03	6.318934e-05	2.757353e-03	2179072
model.layers.16.self_attn.v_proj.weight	per-tensor-u4	1024x1024	1	2.421535e-01	1.090495e-02	2.180990e-02	2.180990e-02	524293
model.layers.16.self_attn.v_proj.weight	per-tensor-u8	1024x1024	1	1.430079e-02	6.414652e-04	1.282935e-03	1.282935e-03	1048581
model.layers.16.self_attn.v_proj.weight	per-channel-u4	1024x1024	1024	1.381679e-01	9.488933e-03	6.982422e-03	1.901042e-02	528896
model.layers.16.self_attn.v_proj.weight	per-channel-u8	1024x1024	1024	8.131787e-03	5.581733e-04	4.107307e-04	1.118260e-03	1053696
model.layers.16.self_attn.v_proj.weight	per-group32-u4	1024x1024	32768	8.224731e-02	8.284505e-03	1.452637e-03	1.682943e-02	671744
model.layers.16.self_attn.v_proj.weight	per-group64-u4	1024x1024	16384	9.351730e-02	9.033203e-03	2.539062e-03	1.806641e-02	598016
model.layers.16.self_attn.v_proj.weight	per-group128-u4	1024x1024	8192	1.044715e-01	9.277344e-03	3.491211e-03	1.865234e-02	561152
model.layers.16.self_attn.v_proj.weight	per-group128-u8	1024x1024	8192	6.147926e-03	5.373480e-04	2.053653e-04	1.097197e-03	1089536
model.layers.17.mlp.down_proj.weight	per-tensor-u4	1024x3072	1	5.143630e-01	2.197266e-02	4.401042e-02	4.401042e-02	1572869
model.layers.17.mlp.down_proj.weight	per-tensor-u8	1024x3072	1	3.082096e-02	1.292030e-03	2.588848e-03	2.588848e-03	3145733
model.layers.17.mlp.down_proj.weight	per-channel-u4	1024x3072	1024	1.692294e-01	2.197266e-02	9.895833e-03	4.401042e-02	1577472
model.layers.17.mlp.down_proj.weight	per-channel-u8	1024x3072	1024	9.955845e-03	1.292030e-03	5.821079e-04	2.588848e-03	3150848
model.layers.17.mlp.down_proj.weight	per-group32-u4	1024x3072	98304	8.390248e-02	1.858724e-02	1.676432e-03	3.854167e-02	2015232
model.layers.17.mlp.down_proj.weight	per-group64-u4	1024x3072	49152	9.640542e-02	2.184245e-02	2.168783e-03	4.388021e-02	1794048
model.layers.17.mlp.down_proj.weight	per-group128-u4	1024x3072	24576	1.086677e-01	2.184245e-02	2.905273e-03	4.388021e-02	1683456
model.layers.17.mlp.down_proj.weight	per-group128-u8	1024x3072	24576	6.392370e-03	1.287723e-03	1.708984e-04	2.581189e-03	3268608
model.layers.17.mlp.gate_proj.weight	per-tensor-u4	3072x1024	1	5.277798e-01	2.604167e-02	5.208333e-02	5.208333e-02	1572869
model.layers.17.mlp.gate_proj.weight	per-tensor-u8	3072x1024	1	3.203216e-02	1.531862e-03	3.063726e-03	3.063726e-03	3145733
model.layers.17.mlp.gate_proj.weight	per-channel-u4	3072x1024	3072	1.475964e-01	2.502441e-02	5.452474e-03	5.026042e-02	1586688
model.layers.17.mlp.gate_proj.weight	per-channel-u8	3072x1024	3072	8.694961e-03	1.476811e-03	3.207338e-04	2.956495e-03	3161088
model.layers.17.mlp.gate_proj.weight	per-group32-u4	3072x1024	98304	8.239266e-02	2.209473e-02	1.704915e-03	4.518229e-02	2015232
model.layers.17.mlp.gate_proj.weight	per-group64-u4	3072x1024	49152	9.375758e-02	2.493490e-02	2.266439e-03	5.026042e-02	1794048
model.layers.17.mlp.gate_proj.weight	per-group128-u4	3072x1024	24576	1.049108e-01	2.493490e-02	2.791341e-03	5.026042e-02	1683456
model.layers.17.mlp.gate_proj.weight	per-group128-u8	3072x1024	24576	6.176560e-03	1.440909e-03	1.641965e-04	2.956495e-03	3268608
model.layers.17.mlp.up_proj.weight	per-tensor-u4	3072x1024	1	4.116738e-01	1.953125e-02	3.906250e-02	3.906250e-02	1572869
model.layers.17.mlp.up_proj.weight	per-tensor-u8	3072x1024	1	2.442212e-02	1.148909e-03	2.297794e-03	2.297794e-03	3145733
model.layers.17.mlp.up_proj.weight	per-channel-u4	3072x1024	3072	1.390032e-01	1.647949e-02	6.250000e-03	3.300781e-02	1586688
model.layers.17.mlp.up_proj.weight	per-channel-u8	3072x1024	3072	8.189056e-03	9.693820e-04	3.676471e-04	1.941636e-03	3161088
model.layers.17.mlp.up_proj.weight	per-group32-u4	3072x1024	98304	8.199125e-02	1.470947e-02	1.570638e-03	3.014323e-02	2015232
model.layers.17.mlp.up_proj.weight	per-group64-u4	3072x1024	49152	9.315414e-02	1.481120e-02	2.433268e-03	3.092448e-02	1794048
model.layers.17.mlp.up_proj.weight	per-group128-u4	3072x1024	24576	1.037773e-01	1.645508e-02	3.320313e-03	3.300781e-02	1683456
model.layers.17.mlp.up_proj.weight	per-group128-u8	3072x1024	24576	6.110445e-03	9.593293e-04	1.953125e-04	1.941636e-03	3268608
model.layers.17.self_attn.k_proj.weight	per-tensor-u4	1024x1024	1	4.075566e-01	1.676432e-02	3.352864e-02	3.352864e-02	524293
model.layers.17.self_attn.k_proj.weight	per-tensor-u8	1024x1024	1	2.415680e-02	9.861365e-04	1.972273e-03	1.972273e-03	1048581
model.layers.17.self_attn.k_proj.weight	per-channel-u4	1024x1024	1024	1.444258e-01	1.623535e-02	4.931641e-03	3.248698e-02	528896
model.layers.17.self_attn.k_proj.weight	per-channel-u8	1024x1024	1024	8.511041e-03	9.550191e-04	2.900965e-04	1.910999e-03	1053696
model.layers.17.self_attn.k_proj.weight	per-group32-u4	1024x1024	32768	8.203335e-02	1.562500e-02	1.550293e-03	3.125000e-02	671744
model.layers.17.self_attn.k_proj.weight	per-group64-u4	1024x1024	16384	9.331411e-02	1.541341e-02	1.737467e-03	3.248698e-02	598016
model.layers.17.self_attn.k_proj.weight	per-group128-u4	1024x1024	8192	1.039334e-01	1.601563e-02	2.807617e-03	3.248698e-02	561152
model.layers.17.self_attn.k_proj.weight	per-group128-u8	1024x1024	8192	6.117028e-03	9.503532e-04	1.651539e-04	1.910999e-03	1089536
model.layers.17.self_attn.o_proj.weight	per-tensor-u4	1024x2048	1	4.136473e-01	1.676432e-02	3.352864e-02	3.352864e-02	1048581
model.layers.17.self_attn.o_proj.weight	per-tensor-u8	1024x2048	1	2.456767e-02	9.861365e-04	1.972273e-03	1.972273e-03	2097157
model.layers.17.self_attn.o_proj.weight	per-channel-u4	1024x2048	1024	1.615533e-01	1.477051e-02	4.964193e-03	2.955729e-02	1053184
model.layers.17.self_attn.o_proj.weight	per-channel-u8	1024x2048	1024	9.509858e-03	8.680755e-04	2.920113e-04	1.738664e-03	2102272
model.layers.17.self_attn.o_proj.weight	per-group32-u4	1024x2048	65536	8.177023e-02	1.347656e-02	1.153564e-03	2.695313e-02	1343488
model.layers.17.self_attn.o_proj.weight	per-group64-u4	1024x2048	32768	9.257083e-02	1.347656e-02	1.326497e-03	2.695313e-02	1196032
model.layers.17.self_attn.o_proj.weight	per-group128-u4	1024x2048	16384	1.027653e-01	1.460368e-02	2.079264e-03	2.955729e-02	1122304
model.layers.17.self_attn.o_proj.weight	per-group128-u8	1024x2048	16384	6.041460e-03	8.674189e-04	1.223097e-04	1.738664e-03	2179072
model.layers.17.self_attn.q_proj.weight	per-tensor-u4	2048x1024	1	4.241582e-01	2.294922e-02	4.596354e-02	4.596354e-02	1048581
model.layers.17.self_attn.q_proj.weight	per-tensor-u8	2048x1024	1	2.584076e-02	1.350403e-03	2.703738e-03	2.703738e-03	2097157
model.layers.17.self_attn.q_proj.weight	per-channel-u4	2048x1024	2048	1.384610e-01	2.180990e-02	1.574707e-03	4.361979e-02	1057792
model.layers.17.self_attn.q_proj.weight	per-channel-u8	2048x1024	2048	8.162051e-03	1.282930e-03	9.262982e-05	2.565870e-03	2107392
model.layers.17.self_attn.q_proj.weight	per-group32-u4	2048x1024	65536	8.207878e-02	1.796875e-02	5.472819e-04	4.062500e-02	1343488
model.layers.17.self_attn.q_proj.weight	per-group64-u4	2048x1024	32768	9.336233e-02	1.933594e-02	7.375081e-04	4.062500e-02	1196032
model.layers.17.self_attn.q_proj.weight	per-group128-u4	2048x1024	16384	1.042780e-01	2.079264e-02	1.151530e-03	4.166667e-02	1122304
model.layers.17.self_attn.q_proj.weight	per-group128-u8	2048x1024	16384	6.136715e-03	1.215920e-03	6.773706e-05	2.450980e-03	2179072
model.layers.17.self_attn.v_proj.weight	per-tensor-u4	1024x1024	1	2.715385e-01	1.263428e-02	2.532552e-02	2.532552e-02	524293
model.layers.17.self_attn.v_proj.weight	per-tensor-u8	1024x1024	1	1.605403e-02	7.438660e-04	1.489736e-03	1.489736e-03	1048581
model.layers.17.self_attn.v_proj.weight	per-channel-u4	1024x1024	1024	1.391492e-01	1.095378e-02	7.047526e-03	2.194010e-02	528896
model.layers.17.self_attn.v_proj.weight	per-channel-u8	1024x1024	1024	8.195577e-03	6.448184e-04	4.145603e-04	1.290594e-03	1053696
model.layers.17.self_attn.v_proj.weight	per-group32-u4	1024x1024	32768	8.251846e-02	9.635419e-03	1.566569e-03	1.927083e-02	671744
model.layers.17.self_attn.v_proj.weight	per-group64-u4	1024x1024	16384	9.384719e-02	9.765625e-03	2.185059e-03	1.959636e-02	598016
model.layers.17.self_attn.v_proj.weight	per-group128-u4	1024x1024	8192	1.047552e-01	1.033122e-02	3.670248e-03	2.076823e-02	561152
model.layers.17.self_attn.v_proj.weight	per-group128-u8	1024x1024	8192	6.163256e-03	6.074794e-04	2.158969e-04	1.221661e-03	1089536
model.layers.18.mlp.down_proj.weight	per-tensor-u4	1024x3072	1	5.831166e-01	2.648926e-02	5.299479e-02	5.299479e-02	1572869
model.layers.18.mlp.down_proj.weight	per-tensor-u8	1024x3072	1	3.556238e-02	1.557712e-03	3.117341e-03	3.117341e-03	3145733
model.layers.18.mlp.down_proj.weight	per-channel-u4	1024x3072	1024	1.758944e-01	2.648926e-02	1.044922e-02	5.299479e-02	1577472
model.layers.18.mlp.down_proj.weight	per-channel-u8	1024x3072	1024	1.036010e-02	1.557712e-03	6.146599e-04	3.117341e-03	3150848
model.layers.18.mlp.down_proj.weight	per-group32-u4	1024x3072	98304	8.415399e-02	2.244466e-02	1.652018e-03	4.661458e-02	2015232
model.layers.18.mlp.down_proj.weight	per-group64-u4	1024x3072	49152	9.688498e-02	2.278645e-02	1.957194e-03	4.661458e-02	1794048
model.layers.18.mlp.down_proj.weight	per-group128-u4	1024x3072	24576	1.095450e-01	2.319336e-02	3.474935e-03	4.661458e-02	1683456
model.layers.18.mlp.down_proj.weight	per-group128-u8	1024x3072	24576	6.444823e-03	1.359537e-03	2.044079e-04	2.742034e-03	3268608
model.layers.18.mlp.gate_proj.weight	per-tensor-u4	3072x1024	1	7.025065e-01	3.759766e-02	7.526042e-02	7.526042e-02	1572869
model.layers.18.mlp.gate_proj.weight	per-tensor-u8	3072x1024	1	4.629586e-02	2.213545e-03	4.427083e-03	4.427083e-03	3145733
model.layers.18.mlp.gate_proj.weight	per-channel-u4	3072x1024	3072	1.514046e-01	3.588867e-02	5.289713e-03	7.187500e-02	1586688
model.layers.18.mlp.gate_proj.weight	per-channel-u8	3072x1024	3072	8.924121e-03	2.108227e-03	3.111596e-04	4.227941e-03	3161088
model.layers.18.mlp.gate_proj.weight	per-group32-u4	3072x1024	98304	8.275838e-02	3.393555e-02	1.420085e-03	7.187500e-02	2015232
model.layers.18.mlp.gate_proj.weight	per-group64-u4	3072x1024	49152	9.421659e-02	3.574219e-02	1.859538e-03	7.187500e-02	1794048
model.layers.18.mlp.gate_proj.weight	per-group128-u4	3072x1024	24576	1.056587e-01	3.588867e-02	2.579753e-03	7.187500e-02	1683456
model.layers.18.mlp.gate_proj.weight	per-group128-u8	3072x1024	24576	6.219524e-03	2.086684e-03	1.517502e-04	4.227941e-03	3268608
model.layers.18.mlp.up_proj.weight	per-tensor-u4	3072x1024	1	3.918510e-01	1.875000e-02	3.750000e-02	3.750000e-02	1572869
model.layers.18.mlp.up_proj.weight	per-tensor-u8	3072x1024	1	2.323241e-02	1.102947e-03	2.205882e-03	2.205882e-03	3145733
model.layers.18.mlp.up_proj.weight	per-channel-u4	3072x1024	3072	1.400132e-01	1.870117e-02	6.949870e-03	3.750000e-02	1586688
model.layers.18.mlp.up_proj.weight	per-channel-u8	3072x1024	3072	8.244971e-03	1.102583e-03	4.088159e-04	2.205882e-03	3161088
model.layers.18.mlp.up_proj.weight	per-group32-u4	3072x1024	98304	8.206916e-02	1.627605e-02	1.700846e-03	3.489583e-02	2015232
model.layers.18.mlp.up_proj.weight	per-group64-u4	3072x1024	49152	9.332687e-02	1.835939e-02	2.807617e-03	3.750000e-02	1794048
model.layers.18.mlp.up_proj.weight	per-group128-u4	3072x1024	24576	1.040624e-01	1.865234e-02	3.621419e-03	3.750000e-02	1683456
model.layers.18.mlp.up_proj.weight	per-group128-u8	3072x1024	24576	6.124249e-03	1.102583e-03	2.130247e-04	2.205882e-03	3268608
model.layers.18.self_attn.k_proj.weight	per-tensor-u4	1024x1024	1	6.060138e-01	2.604167e-02	5.208333e-02	5.208333e-02	524293
model.layers.18.self_attn.k_proj.weight	per-tensor-u8	1024x1024	1	3.851201e-02	1.531862e-03	3.063726e-03	3.063726e-03	1048581
model.layers.18.self_attn.k_proj.weight	per-channel-u4	1024x1024	1024	1.430872e-01	2.021485e-02	1.019287e-03	4.042969e-02	528896
model.layers.18.self_attn.k_proj.weight	per-channel-u8	1024x1024	1024	8.420918e-03	1.189113e-03	5.995806e-05	2.378217e-03	1053696
model.layers.18.self_attn.k_proj.weight	per-group32-u4	1024x1024	32768	8.279987e-02	1.829427e-02	2.807617e-04	3.802083e-02	671744
model.layers.18.self_attn.k_proj.weight	per-group64-u4	1024x1024	16384	9.442205e-02	1.848958e-02	4.364014e-04	3.802083e-02	598016
model.layers.18.self_attn.k_proj.weight	per-group128-u4	1024x1024	8192	1.057118e-01	1.972657e-02	5.737304e-04	4.042969e-02	561152
model.layers.18.self_attn.k_proj.weight	per-group128-u8	1024x1024	8192	6.210635e-03	1.174748e-03	3.374885e-05	2.378217e-03	1089536
model.layers.18.self_attn.o_proj.weight	per-tensor-u4	1024x2048	1	4.158835e-01	1.621094e-02	3.242188e-02	3.242188e-02	1048581
model.layers.18.self_attn.o_proj.weight	per-tensor-u8	1024x2048	1	2.468662e-02	9.535849e-04	1.907169e-03	1.907169e-03	2097157
model.layers.18.self_attn.o_proj.weight	per-channel-u4	1024x2048	1024	1.514655e-01	1.464844e-02	4.378255e-03	2.929688e-02	1053184
model.layers.18.self_attn.o_proj.weight	per-channel-u8	1024x2048	1024	8.912618e-03	8.616745e-04	2.575444e-04	1.723346e-03	2102272
model.layers.18.self_attn.o_proj.weight	per-group32-u4	1024x2048	65536	8.184997e-02	1.406250e-02	1.314290e-03	2.877604e-02	1343488
model.layers.18.self_attn.o_proj.weight	per-group64-u4	1024x2048	32768	9.276814e-02	1.406250e-02	1.965332e-03	2.877604e-02	1196032
model.layers.18.self_attn.o_proj.weight	per-group128-u4	1024x2048	16384	1.028565e-01	1.422526e-02	2.412923e-03	2.877604e-02	1122304
model.layers.18.self_attn.o_proj.weight	per-group128-u8	1024x2048	16384	6.050258e-03	8.463524e-04	1.419367e-04	1.692708e-03	2179072
model.layers.18.self_attn.q_proj.weight	per-tensor-u4	2048x1024	1	4.735823e-01	2.675781e-02	5.351562e-02	5.351562e-02	1048581
model.layers.18.self_attn.q_proj.weight	per-tensor-u8	2048x1024	1	2.954088e-02	1.573995e-03	3.147978e-03	3.147978e-03	2097157
model.layers.18.self_attn.q_proj.weight	per-channel-u4	2048x1024	2048	1.343331e-01	2.363281e-02	2.014160e-03	4.765625e-02	1057792
model.layers.18.self_attn.q_proj.weight	per-channel-u8	2048x1024	2048	7.901649e-03	1.398779e-03	1.184800e-04	2.803309e-03	2107392
model.layers.18.self_attn.q_proj.weight	per-group32-u4	2048x1024	65536	8.157641e-02	2.119140e-02	4.191081e-04	4.257812e-02	1343488
model.layers.18.self_attn.q_proj.weight	per-group64-u4	2048x1024	32768	9.237005e-02	2.128905e-02	6.429037e-04	4.375000e-02	1196032
model.layers.18.self_attn.q_proj.weight	per-group128-u4	2048x1024	16384	1.026391e-01	2.348633e-02	1.043701e-03	4.765625e-02	1122304
model.layers.18.self_attn.q_proj.weight	per-group128-u8	2048x1024	16384	6.041987e-03	1.398779e-03	6.139419e-05	2.803309e-03	2179072
model.layers.18.self_attn.v_proj.weight	per-tensor-u4	1024x1024	1	2.650587e-01	1.184082e-02	2.369792e-02	2.369792e-02	524293
model.layers.18.self_attn.v_proj.weight	per-tensor-u8	1024x1024	1	1.566869e-02	6.965175e-04	1.393995e-03	1.393995e-03	1048581
model.layers.18.self_attn.v_proj.weight	per-channel-u4	1024x1024	1024	1.430094e-01	1.184082e-02	8.593750e-03	2.369792e-02	528896
model.layers.18.self_attn.v_proj.weight	per-channel-u8	1024x1024	1024	8.430483e-03	6.965175e-04	5.055147e-04	1.393995e-03	1053696
model.layers.18.self_attn.v_proj.weight	per-group32-u4	1024x1024	32768	8.264889e-02	9.745279e-03	1.302083e-03	2.018229e-02	671744
model.layers.18.self_attn.v_proj.weight	per-group64-u4	1024x1024	16384	9.422691e-02	1.040853e-02	2.286784e-03	2.102865e-02	598016
model.layers.18.self_attn.v_proj.weight	per-group128-u4	1024x1024	8192	1.053893e-01	1.040853e-02	3.279622e-03	2.102865e-02	561152
model.layers.18.self_attn.v_proj.weight	per-group128-u8	1024x1024	8192	6.204343e-03	6.103516e-04	1.929190e-04	1.236979e-03	1089536
model.layers.19.mlp.down_proj.weight	per-tensor-u4	1024x3072	1	5.576001e-01	2.675781e-02	5.351562e-02	5.351562e-02	1572869
model.layers.19.mlp.down_proj.weight	per-tensor-u8	1024x3072	1	3.395199e-02	1.573995e-03	3.147978e-03	3.147978e-03	3145733
model.layers.19.mlp.down_proj.weight	per-channel-u4	1024x3072	1024	1.845091e-01	2.421875e-02	1.057943e-02	4.843750e-02	1577472
model.layers.19.mlp.down_proj.weight	per-channel-u8	1024x3072	1024	1.090486e-02	1.424633e-03	6.223192e-04	2.849265e-03	3150848
model.layers.19.mlp.down_proj.weight	per-group32-u4	1024x3072	98304	8.438079e-02	2.111816e-02	1.586914e-03	4.277344e-02	2015232
model.layers.19.mlp.down_proj.weight	per-group64-u4	1024x3072	49152	9.739136e-02	2.111816e-02	2.001953e-03	4.277344e-02	1794048
model.layers.19.mlp.down_proj.weight	per-group128-u4	1024x3072	24576	1.106093e-01	2.331543e-02	2.490234e-03	4.674479e-02	1683456
model.layers.19.mlp.down_proj.weight	per-group128-u8	1024x3072	24576	6.510673e-03	1.365274e-03	1.464844e-04	2.749694e-03	3268608
model.layers.19.mlp.gate_proj.weight	per-tensor-u4	3072x1024	1	5.632409e-01	2.758789e-02	5.520833e-02	5.520833e-02	1572869
model.layers.19.mlp.gate_proj.weight	per-tensor-u8	3072x1024	1	3.455535e-02	1.622578e-03	3.247549e-03	3.247549e-03	3145733
model.layers.19.mlp.gate_proj.weight	per-channel-u4	3072x1024	3072	1.510566e-01	2.324219e-02	5.387370e-03	4.648437e-02	1586688
model.layers.19.mlp.gate_proj.weight	per-channel-u8	3072x1024	3072	8.902259e-03	1.367189e-03	3.169041e-04	2.734375e-03	3161088
model.layers.19.mlp.gate_proj.weight	per-group32-u4	3072x1024	98304	8.271523e-02	2.265625e-02	1.448568e-03	4.563802e-02	2015232
model.layers.19.mlp.gate_proj.weight	per-group64-u4	3072x1024	49152	9.413083e-02	2.307129e-02	1.969401e-03	4.622396e-02	1794048
model.layers.19.mlp.gate_proj.weight	per-group128-u4	3072x1024	24576	1.055360e-01	2.307129e-02	2.449544e-03	4.622396e-02	1683456
model.layers.19.mlp.gate_proj.weight	per-group128-u8	3072x1024	24576	6.214663e-03	1.354741e-03	1.440908e-04	2.719056e-03	3268608
model.layers.19.mlp.up_proj.weight	per-tensor-u4	3072x1024	1	6.714619e-01	3.580730e-02	7.161459e-02	7.161459e-02	1572869
model.layers.19.mlp.up_proj.weight	per-tensor-u8	3072x1024	1	4.236745e-02	2.106309e-03	4.212623e-03	4.212623e-03	3145733
model.layers.19.mlp.up_proj.weight	per-channel-u4	3072x1024	3072	1.456858e-01	2.874349e-02	8.284505e-03	5.755208e-02	1586688
model.layers.19.mlp.up_proj.weight	per-channel-u8	3072x1024	3072	8.632294e-03	1.692709e-03	4.873238e-04	3.385417e-03	3161088
model.layers.19.mlp.up_proj.weight	per-group32-u4	3072x1024	98304	8.237728e-02	2.050781e-02	1.338704e-03	4.357096e-02	2015232
model.layers.19.mlp.up_proj.weight	per-group64-u4	3072x1024	49152	9.379365e-02	2.062174e-02	1.839193e-03	4.357096e-02	1794048
model.layers.19.mlp.up_proj.weight	per-group128-u4	3072x1024	24576	1.048868e-01	2.612305e-02	3.157552e-03	5.240886e-02	1683456
model.layers.19.mlp.up_proj.weight	per-group128-u8	3072x1024	24576	6.181887e-03	1.533508e-03	1.857384e-04	3.082874e-03	3268608
model.layers.19.self_attn.k_proj.weight	per-tensor-u4	1024x1024	1	5.992248e-01	2.571614e-02	5.143229e-02	5.143229e-02	524293
model.layers.19.self_attn.k_proj.weight	per-tensor-u8	1024x1024	1	3.768098e-02	1.512714e-03	3.025429e-03	3.025429e-03	1048581
model.layers.19.self_attn.k_proj.weight	per-channel-u4	1024x1024	1024	1.433918e-01	2.270508e-02	5.381266e-04	4.544271e-02	528896
model.layers.19.self_attn.k_proj.weight	per-channel-u8	1024x1024	1024	8.437938e-03	1.335951e-03	3.165451e-05	2.673100e-03	1053696
model.layers.19.self_attn.k_proj.weight	per-group32-u4	1024x1024	32768	8.278093e-02	2.242839e-02	1.810710e-04	4.544271e-02	671744
model.layers.19.self_attn.k_proj.weight	per-group64-u4	1024x1024	16384	9.446594e-02	2.242839e-02	2.426147e-04	4.544271e-02	598016
model.layers.19.self_attn.k_proj.weight	per-group128-u4	1024x1024	8192	1.055090e-01	2.258301e-02	3.092448e-04	4.544271e-02	561152
model.layers.19.self_attn.k_proj.weight	per-group128-u8	1024x1024	8192	6.211854e-03	1.332721e-03	1.819087e-05	2.673100e-03	1089536
model.layers.19.self_attn.o_proj.weight	per-tensor-u4	1024x2048	1	4.533891e-01	1.867676e-02	3.736979e-02	3.736979e-02	1048581
model.layers.19.self_attn.o_proj.weight	per-tensor-u8	1024x2048	1	2.699685e-02	1.098633e-03	2.198223e-03	2.198223e-03	2097157
model.layers.19.self_attn.o_proj.weight	per-channel-u4	1024x2048	1024	1.602698e-01	1.661784e-02	4.996745e-03	3.333334e-02	1053184
model.layers.19.self_attn.o_proj.weight	per-channel-u8	1024x2048	1024	9.428543e-03	9.775236e-04	2.939262e-04	1.960784e-03	2102272
model.layers.19.self_attn.o_proj.weight	per-group32-u4	1024x2048	65536	8.178025e-02	1.538086e-02	1.371257e-03	3.125000e-02	1343488
model.layers.19.self_attn.o_proj.weight	per-group64-u4	1024x2048	32768	9.260345e-02	1.538086e-02	1.863607e-03	3.125000e-02	1196032
model.layers.19.self_attn.o_proj.weight	per-group128-u4	1024x2048	16384	1.027465e-01	1.636556e-02	2.262370e-03	3.333334e-02	1122304
model.layers.19.self_attn.o_proj.weight	per-group128-u8	1024x2048	16384	6.044403e-03	9.775236e-04	1.330806e-04	1.960784e-03	2179072
model.layers.19.self_attn.q_proj.weight	per-tensor-u4	2048x1024	1	4.438439e-01	2.637533e-02	5.286459e-02	5.286459e-02	1048581
model.layers.19.self_attn.q_proj.weight	per-tensor-u8	2048x1024	1	2.788171e-02	1.553882e-03	3.109681e-03	3.109681e-03	2097157
model.layers.19.self_attn.q_proj.weight	per-channel-u4	2048x1024	2048	1.350152e-01	2.428385e-02	9.623209e-04	4.869791e-02	1057792
model.layers.19.self_attn.q_proj.weight	per-channel-u8	2048x1024	2048	7.944857e-03	1.432300e-03	5.660711e-05	2.864583e-03	2107392
model.layers.19.self_attn.q_proj.weight	per-group32-u4	2048x1024	65536	8.154228e-02	2.141927e-02	3.672282e-04	4.440104e-02	1343488
model.layers.19.self_attn.q_proj.weight	per-group64-u4	2048x1024	32768	9.246977e-02	2.404785e-02	4.597982e-04	4.830729e-02	1196032
model.layers.19.self_attn.q_proj.weight	per-group128-u4	2048x1024	16384	1.028770e-01	2.418620e-02	6.062826e-04	4.869791e-02	1122304
model.layers.19.self_attn.q_proj.weight	per-group128-u8	2048x1024	16384	6.062685e-03	1.432300e-03	3.566368e-05	2.864583e-03	2179072
model.layers.19.self_attn.v_proj.weight	per-tensor-u4	1024x1024	1	2.946892e-01	1.341146e-02	2.682292e-02	2.682292e-02	524293
model.layers.19.self_attn.v_proj.weight	per-tensor-u8	1024x1024	1	1.746980e-02	7.889122e-04	1.577819e-03	1.577819e-03	1048581
model.layers.19.self_attn.v_proj.weight	per-channel-u4	1024x1024	1024	1.543028e-01	1.172282e-02	6.787109e-03	2.350261e-02	528896
model.layers.19.self_attn.v_proj.weight	per-channel-u8	1024x1024	1024	9.094483e-03	6.898169e-04	3.992417e-04	1.382506e-03	1053696
model.layers.19.self_attn.v_proj.weight	per-group32-u4	1024x1024	32768	8.313268e-02	1.132812e-02	1.647949e-03	2.298177e-02	671744
model.layers.19.self_attn.v_proj.weight	per-group64-u4	1024x1024	16384	9.485722e-02	1.160482e-02	2.437337e-03	2.330729e-02	598016
model.layers.19.self_attn.v_proj.weight	per-group128-u4	1024x1024	8192	1.068824e-01	1.160482e-02	4.085287e-03	2.330729e-02	561152
model.layers.19.self_attn.v_proj.weight	per-group128-u8	1024x1024	8192	6.296952e-03	6.807223e-04	2.403110e-04	1.371017e-03	1089536
model.layers.2.mlp.down_proj.weight	per-tensor-u4	1024x3072	1	8.150439e-01	3.854167e-02	7.708333e-02	7.708333e-02	1572869
model.layers.2.mlp.down_proj.weight	per-tensor-u8	1024x3072	1	5.459640e-02	2.267122e-03	4.534314e-03	4.534314e-03	3145733
model.layers.2.mlp.down_proj.weight	per-channel-u4	1024x3072	1024	1.694813e-01	3.854167e-02	9.277344e-03	7.708333e-02	1577472
model.layers.2.mlp.down_proj.weight	per-channel-u8	1024x3072	1024	1.002029e-02	2.267122e-03	5.457261e-04	4.534314e-03	3150848
model.layers.2.mlp.down_proj.weight	per-group32-u4	1024x3072	98304	8.333425e-02	3.854167e-02	1.291911e-03	7.708333e-02	2015232
model.layers.2.mlp.down_proj.weight	per-group64-u4	1024x3072	49152	9.549147e-02	3.854167e-02	1.741536e-03	7.708333e-02	1794048
model.layers.2.mlp.down_proj.weight	per-group128-u4	1024x3072	24576	1.074146e-01	3.854167e-02	1.818848e-03	7.708333e-02	1683456
model.layers.2.mlp.down_proj.weight	per-group128-u8	1024x3072	24576	6.326858e-03	2.267122e-03	1.069910e-04	4.534314e-03	3268608
model.layers.2.mlp.gate_proj.weight	per-tensor-u4	3072x1024	1	3.777782e-01	2.637533e-02	5.286459e-02	5.286459e-02	1572869
model.layers.2.mlp.gate_proj.weight	per-tensor-u8	3072x1024	1	2.234556e-02	1.553882e-03	3.109681e-03	3.109681e-03	3145733
model.layers.2.mlp.gate_proj.weight	per-channel-u4	3072x1024	3072	1.312188e-01	2.111816e-02	8.300781e-03	4.231771e-02	1586688
model.layers.2.mlp.gate_proj.weight	per-channel-u8	3072x1024	3072	7.720661e-03	1.237458e-03	4.882812e-04	2.489277e-03	3161088
model.layers.2.mlp.gate_proj.weight	per-group32-u4	3072x1024	98304	8.103332e-02	2.071126e-02	2.286784e-03	4.231771e-02	2015232
model.layers.2.mlp.gate_proj.weight	per-group64-u4	3072x1024	49152	9.160142e-02	2.083333e-02	2.709961e-03	4.231771e-02	1794048
model.layers.2.mlp.gate_proj.weight	per-group128-u4	3072x1024	24576	1.015284e-01	2.107747e-02	2.840169e-03	4.231771e-02	1683456
model.layers.2.mlp.gate_proj.weight	per-group128-u8	3072x1024	24576	5.974384e-03	1.237458e-03	1.670688e-04	2.489277e-03	3268608
model.layers.2.mlp.up_proj.weight	per-tensor-u4	3072x1024	1	6.151834e-01	2.612305e-02	5.227865e-02	5.227865e-02	1572869
model.layers.2.mlp.up_proj.weight	per-tensor-u8	3072x1024	1	3.710080e-02	1.535691e-03	3.075215e-03	3.075215e-03	3145733
model.layers.2.mlp.up_proj.weight	per-channel-u4	3072x1024	3072	1.340158e-01	2.532552e-02	6.559245e-03	5.071615e-02	1586688
model.layers.2.mlp.up_proj.weight	per-channel-u8	3072x1024	3072	7.899813e-03	1.488780e-03	3.858379e-04	2.983303e-03	3161088
model.layers.2.mlp.up_proj.weight	per-group32-u4	3072x1024	98304	8.151875e-02	2.471517e-02	2.054850e-03	5.071615e-02	2015232
model.layers.2.mlp.up_proj.weight	per-group64-u4	3072x1024	49152	9.245742e-02	2.514648e-02	2.457682e-03	5.071615e-02	1794048
model.layers.2.mlp.up_proj.weight	per-group128-u4	3072x1024	24576	1.028110e-01	2.526855e-02	3.621419e-03	5.071615e-02	1683456
model.layers.2.mlp.up_proj.weight	per-group128-u8	3072x1024	24576	6.052527e-03	1.488780e-03	2.130247e-04	2.983303e-03	3268608
model.layers.2.self_attn.k_proj.weight	per-tensor-u4	1024x1024	1	3.369089e-01	1.679687e-02	3.359375e-02	3.359375e-02	524293
model.layers.2.self_attn.k_proj.weight	per-tensor-u8	1024x1024	1	2.010564e-02	9.880438e-04	1.976103e-03	1.976103e-03	1048581
model.layers.2.self_attn.k_proj.weight	per-channel-u4	1024x1024	1024	1.358211e-01	1.599935e-02	1.310221e-03	3.209635e-02	528896
model.layers.2.self_attn.k_proj.weight	per-channel-u8	1024x1024	1024	7.995131e-03	9.440109e-04	7.707185e-05	1.888021e-03	1053696
model.layers.2.self_attn.k_proj.weight	per-group32-u4	1024x1024	32768	8.145945e-02	1.295573e-02	4.567464e-04	2.649740e-02	671744
model.layers.2.self_attn.k_proj.weight	per-group64-u4	1024x1024	16384	9.221413e-02	1.561686e-02	5.350749e-04	3.209635e-02	598016
model.layers.2.self_attn.k_proj.weight	per-group128-u4	1024x1024	8192	1.026621e-01	1.588542e-02	7.222493e-04	3.209635e-02	561152
model.layers.2.self_attn.k_proj.weight	per-group128-u8	1024x1024	8192	6.030047e-03	9.440109e-04	4.248526e-05	1.888021e-03	1089536
model.layers.2.self_attn.o_proj.weight	per-tensor-u4	1024x2048	1	4.409395e-01	1.995443e-02	3.997396e-02	3.997396e-02	1048581
model.layers.2.self_attn.o_proj.weight	per-tensor-u8	1024x2048	1	2.611543e-02	1.175225e-03	2.351409e-03	2.351409e-03	2097157
model.layers.2.self_attn.o_proj.weight	per-channel-u4	1024x2048	1024	1.565439e-01	1.800130e-02	6.575521e-03	3.606771e-02	1053184
model.layers.2.self_attn.o_proj.weight	per-channel-u8	1024x2048	1024	9.209501e-03	1.058901e-03	3.867953e-04	2.121630e-03	2102272
model.layers.2.self_attn.o_proj.weight	per-group32-u4	1024x2048	65536	8.137759e-02	1.611328e-02	1.831055e-03	3.222656e-02	1343488
model.layers.2.self_attn.o_proj.weight	per-group64-u4	1024x2048	32768	9.196254e-02	1.728515e-02	2.246094e-03	3.489583e-02	1196032
model.layers.2.self_attn.o_proj.weight	per-group128-u4	1024x2048	16384	1.018178e-01	1.743978e-02	2.579753e-03	3.489583e-02	1122304
model.layers.2.self_attn.o_proj.weight	per-group128-u8	1024x2048	16384	5.991556e-03	1.018211e-03	1.517502e-04	2.052696e-03	2179072
model.layers.2.self_attn.q_proj.weight	per-tensor-u4	2048x1024	1	5.547914e-01	3.085938e-02	6.171875e-02	6.171875e-02	1048581
model.layers.2.self_attn.q_proj.weight	per-tensor-u8	2048x1024	1	3.448230e-02	1.815259e-03	3.630515e-03	3.630515e-03	2097157
model.layers.2.self_attn.q_proj.weight	per-channel-u4	2048x1024	2048	1.378758e-01	2.578126e-02	2.457682e-03	5.162760e-02	1057792
model.layers.2.self_attn.q_proj.weight	per-channel-u8	2048x1024	2048	8.107250e-03	1.517501e-03	1.445696e-04	3.036918e-03	2107392
model.layers.2.self_attn.q_proj.weight	per-group32-u4	2048x1024	65536	8.191280e-02	2.075195e-02	8.911133e-04	4.414063e-02	1343488
model.layers.2.self_attn.q_proj.weight	per-group64-u4	2048x1024	32768	9.304022e-02	2.172852e-02	1.062012e-03	4.414063e-02	1196032
model.layers.2.self_attn.q_proj.weight	per-group128-u4	2048x1024	16384	1.038088e-01	2.226563e-02	1.489258e-03	4.466146e-02	1122304
model.layers.2.self_attn.q_proj.weight	per-group128-u8	2048x1024	16384	6.104541e-03	1.294419e-03	8.760340e-05	2.627145e-03	2179072
model.layers.2.self_attn.v_proj.weight	per-tensor-u4	1024x1024	1	2.465844e-01	1.206869e-02	2.415365e-02	2.415365e-02	524293
model.layers.2.self_attn.v_proj.weight	per-tensor-u8	1024x1024	1	1.454877e-02	7.095337e-04	1.420803e-03	1.420803e-03	1048581
model.layers.2.self_attn.v_proj.weight	per-channel-u4	1024x1024	1024	1.316824e-01	1.041667e-02	6.770833e-03	2.083333e-02	528896
model.layers.2.self_attn.v_proj.weight	per-channel-u8	1024x1024	1024	7.753972e-03	6.127506e-04	3.982843e-04	1.225490e-03	1053696
model.layers.2.self_attn.v_proj.weight	per-group32-u4	1024x1024	32768	8.167886e-02	8.455403e-03	2.067057e-03	1.738281e-02	671744
model.layers.2.self_attn.v_proj.weight	per-group64-u4	1024x1024	16384	9.254760e-02	9.358725e-03	3.002930e-03	1.891276e-02	598016
model.layers.2.self_attn.v_proj.weight	per-group128-u4	1024x1024	8192	1.027696e-01	1.041666e-02	3.515625e-03	2.083333e-02	561152
model.layers.2.self_attn.v_proj.weight	per-group128-u8	1024x1024	8192	6.052349e-03	6.127506e-04	2.068015e-04	1.225490e-03	1089536
model.layers.20.mlp.down_proj.weight	per-tensor-u4	1024x3072	1	5.975068e-01	3.066406e-02	6.132812e-02	6.132812e-02	1572869
model.layers.20.mlp.down_proj.weight	per-tensor-u8	1024x3072	1	3.667539e-02	1.803771e-03	3.607537e-03	3.607537e-03	3145733
model.layers.20.mlp.down_proj.weight	per-channel-u4	1024x3072	1024	1.734826e-01	2.944336e-02	5.159505e-03	5.898438e-02	1577472
model.layers.20.mlp.down_proj.weight	per-channel-u8	1024x3072	1024	1.024433e-02	1.732680e-03	3.035003e-04	3.469669e-03	3150848
model.layers.20.mlp.down_proj.weight	per-group32-u4	1024x3072	98304	8.316402e-02	2.093099e-02	1.399740e-03	4.251302e-02	2015232
model.layers.20.mlp.down_proj.weight	per-group64-u4	1024x3072	49152	9.535757e-02	2.376302e-02	1.639811e-03	4.947917e-02	1794048
model.layers.20.mlp.down_proj.weight	per-group128-u4	1024x3072	24576	1.073973e-01	2.858887e-02	2.587891e-03	5.898438e-02	1683456
model.layers.20.mlp.down_proj.weight	per-group128-u8	1024x3072	24576	6.323502e-03	1.727654e-03	1.522289e-04	3.469669e-03	3268608
model.layers.20.mlp.gate_proj.weight	per-tensor-u4	3072x1024	1	6.836181e-01	3.554687e-02	7.109375e-02	7.109375e-02	1572869
model.layers.20.mlp.gate_proj.weight	per-tensor-u8	3072x1024	1	4.342770e-02	2.090991e-03	4.181985e-03	4.181985e-03	3145733
model.layers.20.mlp.gate_proj.weight	per-channel-u4	3072x1024	3072	1.468521e-01	3.447266e-02	6.119792e-03	6.914063e-02	1586688
model.layers.20.mlp.gate_proj.weight	per-channel-u8	3072x1024	3072	8.640195e-03	2.024930e-03	3.599878e-04	4.067095e-03	3161088
model.layers.20.mlp.gate_proj.weight	per-group32-u4	3072x1024	98304	8.242971e-02	3.212891e-02	1.770020e-03	6.484375e-02	2015232
model.layers.20.mlp.gate_proj.weight	per-group64-u4	3072x1024	49152	9.371771e-02	3.222656e-02	2.587891e-03	6.484375e-02	1794048
model.layers.20.mlp.gate_proj.weight	per-group128-u4	3072x1024	24576	1.047854e-01	3.222656e-02	3.206380e-03	6.484375e-02	1683456
model.layers.20.mlp.gate_proj.weight	per-group128-u8	3072x1024	24576	6.169703e-03	1.895681e-03	1.886106e-04	3.814338e-03	3268608
model.layers.20.mlp.up_proj.weight	per-tensor-u4	3072x1024	1	5.359136e-01	2.871093e-02	5.742187e-02	5.742187e-02	1572869
model.layers.20.mlp.up_proj.weight	per-tensor-u8	3072x1024	1	3.226030e-02	1.688868e-03	3.377757e-03	3.377757e-03	3145733
model.layers.20.mlp.up_proj.weight	per-channel-u4	3072x1024	3072	1.391382e-01	2.429199e-02	6.608073e-03	4.882812e-02	1586688
model.layers.20.mlp.up_proj.weight	per-channel-u8	3072x1024	3072	8.215917e-03	1.430736e-03	3.887102e-04	2.872243e-03	3161088
model.layers.20.mlp.up_proj.weight	per-group32-u4	3072x1024	98304	8.210729e-02	2.368164e-02	1.554362e-03	4.882812e-02	2015232
model.layers.20.mlp.up_proj.weight	per-group64-u4	3072x1024	49152	9.327979e-02	2.368164e-02	1.892090e-03	4.882812e-02	1794048
model.layers.20.mlp.up_proj.weight	per-group128-u4	3072x1024	24576	1.039710e-01	2.368164e-02	2.962240e-03	4.882812e-02	1683456
model.layers.20.mlp.up_proj.weight	per-group128-u8	3072x1024	24576	6.121970e-03	1.430736e-03	1.742494e-04	2.872243e-03	3268608
model.layers.20.self_attn.k_proj.weight	per-tensor-u4	1024x1024	1	4.697060e-01	2.099609e-02	4.205729e-02	4.205729e-02	524293
model.layers.20.self_attn.k_proj.weight	per-tensor-u8	1024x1024	1	2.849989e-02	1.236983e-03	2.473958e-03	2.473958e-03	1048581
model.layers.20.self_attn.k_proj.weight	per-channel-u4	1024x1024	1024	1.507831e-01	1.940918e-02	2.608236e-03	3.893229e-02	528896
model.layers.20.self_attn.k_proj.weight	per-channel-u8	1024x1024	1024	8.890753e-03	1.143631e-03	1.534256e-04	2.290135e-03	1053696
model.layers.20.self_attn.k_proj.weight	per-group32-u4	1024x1024	32768	8.309477e-02	1.733398e-02	6.856283e-04	3.502604e-02	671744
model.layers.20.self_attn.k_proj.weight	per-group64-u4	1024x1024	16384	9.510084e-02	1.933594e-02	8.687337e-04	3.867187e-02	598016
model.layers.20.self_attn.k_proj.weight	per-group128-u4	1024x1024	8192	1.066438e-01	1.933594e-02	1.139323e-03	3.867187e-02	561152
model.layers.20.self_attn.k_proj.weight	per-group128-u8	1024x1024	8192	6.278228e-03	1.137406e-03	6.701900e-05	2.274816e-03	1089536
model.layers.20.self_attn.o_proj.weight	per-tensor-u4	1024x2048	1	5.506196e-01	2.441406e-02	4.882812e-02	4.882812e-02	1048581
model.layers.20.self_attn.o_proj.weight	per-tensor-u8	1024x2048	1	3.349921e-02	1.436122e-03	2.872243e-03	2.872243e-03	2097157
model.layers.20.self_attn.o_proj.weight	per-channel-u4	1024x2048	1024	1.602278e-01	2.258301e-02	5.419922e-03	4.518229e-02	1053184
model.layers.20.self_attn.o_proj.weight	per-channel-u8	1024x2048	1024	9.466789e-03	1.327515e-03	3.188189e-04	2.657782e-03	2102272
model.layers.20.self_attn.o_proj.weight	per-group32-u4	1024x2048	65536	8.224714e-02	1.953125e-02	1.265462e-03	3.971354e-02	1343488
model.layers.20.self_attn.o_proj.weight	per-group64-u4	1024x2048	32768	9.325916e-02	2.258301e-02	1.521810e-03	4.518229e-02	1196032
model.layers.20.self_attn.o_proj.weight	per-group128-u4	1024x2048	16384	1.034627e-01	2.258301e-02	2.197266e-03	4.518229e-02	1122304
model.layers.20.self_attn.o_proj.weight	per-group128-u8	1024x2048	16384	6.083496e-03	1.325056e-03	1.292509e-04	2.657782e-03	2179072
model.layers.20.self_attn.q_proj.weight	per-tensor-u4	2048x1024	1	4.670381e-01	2.968750e-02	5.937500e-02	5.937500e-02	1048581
model.layers.20.self_attn.q_proj.weight	per-tensor-u8	2048x1024	1	2.988558e-02	1.746327e-03	3.492647e-03	3.492647e-03	2097157
model.layers.20.self_attn.q_proj.weight	per-channel-u4	2048x1024	2048	1.406686e-01	2.673340e-02	1.916504e-03	5.364583e-02	1057792
model.layers.20.self_attn.q_proj.weight	per-channel-u8	2048x1024	2048	8.288539e-03	1.574587e-03	1.127355e-04	3.155637e-03	2107392
model.layers.20.self_attn.q_proj.weight	per-group32-u4	2048x1024	65536	8.230455e-02	2.539062e-02	4.628499e-04	5.117188e-02	1343488
model.layers.20.self_attn.q_proj.weight	per-group64-u4	2048x1024	32768	9.367999e-02	2.539062e-02	6.551107e-04	5.117188e-02	1196032
model.layers.20.self_attn.q_proj.weight	per-group128-u4	2048x1024	16384	1.046782e-01	2.656250e-02	9.277344e-04	5.312500e-02	1122304
model.layers.20.self_attn.q_proj.weight	per-group128-u8	2048x1024	16384	6.156442e-03	1.562506e-03	5.457261e-05	3.125000e-03	2179072
model.layers.20.self_attn.v_proj.weight	per-tensor-u4	1024x1024	1	3.639798e-01	1.743978e-02	3.489583e-02	3.489583e-02	524293
model.layers.20.self_attn.v_proj.weight	per-tensor-u8	1024x1024	1	2.174915e-02	1.024911e-03	2.052696e-03	2.052696e-03	1048581
model.layers.20.self_attn.v_proj.weight	per-channel-u4	1024x1024	1024	1.624197e-01	1.472575e-02	7.438151e-03	2.955729e-02	528896
model.layers.20.self_attn.v_proj.weight	per-channel-u8	1024x1024	1024	9.591722e-03	8.678958e-04	4.375383e-04	1.738664e-03	1053696
model.layers.20.self_attn.v_proj.weight	per-group32-u4	1024x1024	32768	8.406609e-02	1.344401e-02	1.306152e-03	2.721354e-02	671744
model.layers.20.self_attn.v_proj.weight	per-group64-u4	1024x1024	16384	9.651910e-02	1.434326e-02	2.156575e-03	2.910156e-02	598016
model.layers.20.self_attn.v_proj.weight	per-group128-u4	1024x1024	8192	1.094350e-01	1.434326e-02	3.206380e-03	2.910156e-02	561152
model.layers.20.self_attn.v_proj.weight	per-group128-u8	1024x1024	8192	6.451265e-03	8.501858e-04	1.886106e-04	1.711857e-03	1089536
model.layers.21.mlp.down_proj.weight	per-tensor-u4	1024x3072	1	5.982992e-01	3.300782e-02	6.601562e-02	6.601562e-02	1572869
model.layers.21.mlp.down_proj.weight	per-tensor-u8	1024x3072	1	3.677071e-02	1.941636e-03	3.883272e-03	3.883272e-03	3145733
model.layers.21.mlp.down_proj.weight	per-channel-u4	1024x3072	1024	1.666537e-01	2.551270e-02	8.007812e-03	5.104167e-02	1577472
model.layers.21.mlp.down_proj.weight	per-channel-u8	1024x3072	1024	9.817322e-03	1.500029e-03	4.710478e-04	3.002451e-03	3150848
model.layers.21.mlp.down_proj.weight	per-group32-u4	1024x3072	98304	8.221794e-02	2.404785e-02	1.477051e-03	5.104167e-02	2015232
model.layers.21.mlp.down_proj.weight	per-group64-u4	1024x3072	49152	9.356646e-02	2.455241e-02	1.924642e-03	5.104167e-02	1794048
model.layers.21.mlp.down_proj.weight	per-group128-u4	1024x3072	24576	1.046706e-01	2.455241e-02	2.270508e-03	5.104167e-02	1683456
model.layers.21.mlp.down_proj.weight	per-group128-u8	1024x3072	24576	6.162217e-03	1.495481e-03	1.335593e-04	3.002451e-03	3268608
model.layers.21.mlp.gate_proj.weight	per-tensor-u4	3072x1024	1	7.458581e-01	4.046224e-02	8.098958e-02	8.098958e-02	1572869
model.layers.21.mlp.gate_proj.weight	per-tensor-u8	3072x1024	1	4.845796e-02	2.380371e-03	4.764093e-03	4.764093e-03	3145733
model.layers.21.mlp.gate_proj.weight	per-channel-u4	3072x1024	3072	1.437542e-01	4.046224e-02	6.949870e-03	8.098958e-02	1586688
model.layers.21.mlp.gate_proj.weight	per-channel-u8	3072x1024	3072	8.475395e-03	2.380371e-03	4.088159e-04	4.764093e-03	3161088
model.layers.21.mlp.gate_proj.weight	per-group32-u4	3072x1024	98304	8.208352e-02	3.697917e-02	2.242025e-03	7.604167e-02	2015232
model.layers.21.mlp.gate_proj.weight	per-group64-u4	3072x1024	49152	9.324324e-02	3.997396e-02	3.100586e-03	8.098958e-02	1794048
model.layers.21.mlp.gate_proj.weight	per-group128-u4	3072x1024	24576	1.041683e-01	3.997396e-02	3.629557e-03	8.098958e-02	1683456
model.layers.21.mlp.gate_proj.weight	per-group128-u8	3072x1024	24576	6.127937e-03	2.362899e-03	2.135034e-04	4.764093e-03	3268608
model.layers.21.mlp.up_proj.weight	per-tensor-u4	3072x1024	1	6.891362e-01	4.078776e-02	8.177083e-02	8.177083e-02	1572869
model.layers.21.mlp.up_proj.weight	per-tensor-u8	3072x1024	1	4.302161e-02	2.403827e-03	4.810049e-03	4.810049e-03	3145733
model.layers.21.mlp.up_proj.weight	per-channel-u4	3072x1024	3072	1.384087e-01	3.557943e-02	6.542969e-03	7.122396e-02	1586688
model.layers.21.mlp.up_proj.weight	per-channel-u8	3072x1024	3072	8.172972e-03	2.092905e-03	3.848805e-04	4.189644e-03	3161088
model.layers.21.mlp.up_proj.weight	per-group32-u4	3072x1024	98304	8.195782e-02	3.090820e-02	1.936849e-03	6.289063e-02	2015232
model.layers.21.mlp.up_proj.weight	per-group64-u4	3072x1024	49152	9.301995e-02	3.385419e-02	2.897135e-03	7.122396e-02	1794048
model.layers.21.mlp.up_proj.weight	per-group128-u4	3072x1024	24576	1.037197e-01	3.533529e-02	4.044597e-03	7.122396e-02	1683456
model.layers.21.mlp.up_proj.weight	per-group128-u8	3072x1024	24576	6.107410e-03	2.057723e-03	2.379174e-04	4.189644e-03	3268608
model.layers.21.self_attn.k_proj.weight	per-tensor-u4	1024x1024	1	7.598122e-01	4.199219e-02	8.411458e-02	8.411458e-02	524293
model.layers.21.self_attn.k_proj.weight	per-tensor-u8	1024x1024	1	5.564210e-02	2.473958e-03	4.947917e-03	4.947917e-03	1048581
model.layers.21.self_attn.k_proj.weight	per-channel-u4	1024x1024	1024	1.511237e-01	4.052734e-02	3.997803e-04	8.125000e-02	528896
model.layers.21.self_attn.k_proj.weight	per-channel-u8	1024x1024	1024	8.943878e-03	2.385397e-03	2.351649e-05	4.779412e-03	1053696
model.layers.21.self_attn.k_proj.weight	per-group32-u4	1024x1024	32768	8.306445e-02	2.456055e-02	1.307170e-04	4.921875e-02	671744
model.layers.21.self_attn.k_proj.weight	per-group64-u4	1024x1024	16384	9.530464e-02	2.734375e-02	2.029419e-04	5.729167e-02	598016
model.layers.21.self_attn.k_proj.weight	per-group128-u4	1024x1024	8192	1.073469e-01	3.662109e-02	2.309163e-04	7.343750e-02	561152
model.layers.21.self_attn.k_proj.weight	per-group128-u8	1024x1024	8192	6.309246e-03	2.136946e-03	1.358331e-05	4.319853e-03	1089536
model.layers.21.self_attn.o_proj.weight	per-tensor-u4	1024x2048	1	4.279352e-01	1.954753e-02	3.919271e-02	3.919271e-02	1048581
model.layers.21.self_attn.o_proj.weight	per-tensor-u8	1024x2048	1	2.541161e-02	1.152039e-03	2.305453e-03	2.305453e-03	2097157
model.layers.21.self_attn.o_proj.weight	per-channel-u4	1024x2048	1024	1.661085e-01	1.953125e-02	6.461589e-03	3.906250e-02	1053184
model.layers.21.self_attn.o_proj.weight	per-channel-u8	1024x2048	1024	9.772857e-03	1.148898e-03	3.800934e-04	2.297794e-03	2102272
model.layers.21.self_attn.o_proj.weight	per-group32-u4	1024x2048	65536	8.190820e-02	1.928711e-02	1.354981e-03	3.906250e-02	1343488
model.layers.21.self_attn.o_proj.weight	per-group64-u4	1024x2048	32768	9.269170e-02	1.928711e-02	1.639811e-03	3.906250e-02	1196032
model.layers.21.self_attn.o_proj.weight	per-group128-u4	1024x2048	16384	1.026655e-01	1.928711e-02	1.932780e-03	3.906250e-02	1122304
model.layers.21.self_attn.o_proj.weight	per-group128-u8	1024x2048	16384	6.043144e-03	1.127357e-03	1.136929e-04	2.297794e-03	2179072
model.layers.21.self_attn.q_proj.weight	per-tensor-u4	2048x1024	1	4.267003e-01	2.695313e-02	5.390625e-02	5.390625e-02	1048581
model.layers.21.self_attn.q_proj.weight	per-tensor-u8	2048x1024	1	2.665319e-02	1.585484e-03	3.170956e-03	3.170956e-03	2097157
model.layers.21.self_attn.q_proj.weight	per-channel-u4	2048x1024	2048	1.360301e-01	2.465820e-02	1.704915e-03	4.934896e-02	1057792
model.layers.21.self_attn.q_proj.weight	per-channel-u8	2048x1024	2048	8.001762e-03	1.449585e-03	1.002891e-04	2.902880e-03	2107392
model.layers.21.self_attn.q_proj.weight	per-group32-u4	2048x1024	65536	8.207898e-02	2.019857e-02	5.279541e-04	4.205729e-02	1343488
model.layers.21.self_attn.q_proj.weight	per-group64-u4	2048x1024	32768	9.314239e-02	2.197266e-02	7.385254e-04	4.505209e-02	1196032
model.layers.21.self_attn.q_proj.weight	per-group128-u4	2048x1024	16384	1.036461e-01	2.332357e-02	8.565267e-04	4.700521e-02	1122304
model.layers.21.self_attn.q_proj.weight	per-group128-u8	2048x1024	16384	6.096670e-03	1.380593e-03	5.038392e-05	2.765012e-03	2179072
model.layers.21.self_attn.v_proj.weight	per-tensor-u4	1024x1024	1	3.186795e-01	1.630859e-02	3.261719e-02	3.261719e-02	524293
model.layers.21.self_attn.v_proj.weight	per-tensor-u8	1024x1024	1	1.900349e-02	9.593293e-04	1.918658e-03	1.918658e-03	1048581
model.layers.21.self_attn.v_proj.weight	per-channel-u4	1024x1024	1024	1.501052e-01	1.497396e-02	7.080078e-03	2.994792e-02	528896
model.layers.21.self_attn.v_proj.weight	per-channel-u8	1024x1024	1024	8.864169e-03	8.808225e-04	4.164752e-04	1.761642e-03	1053696
model.layers.21.self_attn.v_proj.weight	per-group32-u4	1024x1024	32768	8.301577e-02	1.337890e-02	1.226807e-03	2.675781e-02	671744
model.layers.21.self_attn.v_proj.weight	per-group64-u4	1024x1024	16384	9.479706e-02	1.350911e-02	2.006022e-03	2.766927e-02	598016
model.layers.21.self_attn.v_proj.weight	per-group128-u4	1024x1024	8192	1.066354e-01	1.453451e-02	3.653971e-03	2.916667e-02	561152
model.layers.21.self_attn.v_proj.weight	per-group128-u8	1024x1024	8192	6.279958e-03	8.559283e-04	2.149395e-04	1.715686e-03	1089536
model.layers.22.mlp.down_proj.weight	per-tensor-u4	1024x3072	1	6.906801e-01	4.150391e-02	8.307292e-02	8.307292e-02	1572869
model.layers.22.mlp.down_proj.weight	per-tensor-u8	1024x3072	1	4.384901e-02	2.441406e-03	4.886642e-03	4.886642e-03	3145733
model.layers.22.mlp.down_proj.weight	per-channel-u4	1024x3072	1024	1.590145e-01	3.139649e-02	5.078125e-03	6.289063e-02	1577472
model.layers.22.mlp.down_proj.weight	per-channel-u8	1024x3072	1024	9.360780e-03	1.848288e-03	2.987132e-04	3.699448e-03	3150848
model.layers.22.mlp.down_proj.weight	per-group32-u4	1024x3072	98304	8.185242e-02	2.356771e-02	1.273600e-03	4.772135e-02	2015232
model.layers.22.mlp.down_proj.weight	per-group64-u4	1024x3072	49152	9.300533e-02	2.380371e-02	1.688639e-03	4.772135e-02	1794048
model.layers.22.mlp.down_proj.weight	per-group128-u4	1024x3072	24576	1.037377e-01	2.509765e-02	2.030436e-03	5.087890e-02	1683456
model.layers.22.mlp.down_proj.weight	per-group128-u8	1024x3072	24576	6.100769e-03	1.493207e-03	1.194374e-04	2.992877e-03	3268608
model.layers.22.mlp.gate_proj.weight	per-tensor-u4	3072x1024	1	7.671146e-01	4.296875e-02	8.593750e-02	8.593750e-02	1572869
model.layers.22.mlp.gate_proj.weight	per-tensor-u8	3072x1024	1	4.988879e-02	2.527595e-03	5.055147e-03	5.055147e-03	3145733
model.layers.22.mlp.gate_proj.weight	per-channel-u4	3072x1024	3072	1.407629e-01	4.103190e-02	7.926432e-03	8.229167e-02	1586688
model.layers.22.mlp.gate_proj.weight	per-channel-u8	3072x1024	3072	8.294916e-03	2.418189e-03	4.662607e-04	4.840686e-03	3161088
model.layers.22.mlp.gate_proj.weight	per-group32-u4	3072x1024	98304	8.179170e-02	3.881836e-02	2.124023e-03	7.890625e-02	2015232
model.layers.22.mlp.gate_proj.weight	per-group64-u4	3072x1024	49152	9.277914e-02	3.886719e-02	2.734375e-03	7.890625e-02	1794048
model.layers.22.mlp.gate_proj.weight	per-group128-u4	3072x1024	24576	1.033441e-01	4.078776e-02	2.970378e-03	8.229167e-02	1683456
model.layers.22.mlp.gate_proj.weight	per-group128-u8	3072x1024	24576	6.080009e-03	2.407895e-03	1.747281e-04	4.840686e-03	3268608
model.layers.22.mlp.up_proj.weight	per-tensor-u4	3072x1024	1	5.408654e-01	3.194987e-02	6.393229e-02	6.393229e-02	1572869
model.layers.22.mlp.up_proj.weight	per-tensor-u8	3072x1024	1	3.231638e-02	1.878440e-03	3.760723e-03	3.760723e-03	3145733
model.layers.22.mlp.up_proj.weight	per-channel-u4	3072x1024	3072	1.353718e-01	2.648926e-02	5.908203e-03	5.299479e-02	1586688
model.layers.22.mlp.up_proj.weight	per-channel-u8	3072x1024	3072	7.968763e-03	1.557712e-03	3.475414e-04	3.117341e-03	3161088
model.layers.22.mlp.up_proj.weight	per-group32-u4	3072x1024	98304	8.167144e-02	2.354329e-02	2.189127e-03	4.710286e-02	2015232
model.layers.22.mlp.up_proj.weight	per-group64-u4	3072x1024	49152	9.264104e-02	2.552897e-02	3.653971e-03	5.299479e-02	1794048
model.layers.22.mlp.up_proj.weight	per-group128-u4	3072x1024	24576	1.030824e-01	2.638346e-02	3.971354e-03	5.299479e-02	1683456
model.layers.22.mlp.up_proj.weight	per-group128-u8	3072x1024	24576	6.062811e-03	1.537606e-03	2.336091e-04	3.117341e-03	3268608
model.layers.22.self_attn.k_proj.weight	per-tensor-u4	1024x1024	1	3.943320e-01	1.841634e-02	3.684896e-02	3.684896e-02	524293
model.layers.22.self_attn.k_proj.weight	per-tensor-u8	1024x1024	1	2.381002e-02	1.083374e-03	2.167586e-03	2.167586e-03	1048581
model.layers.22.self_attn.k_proj.weight	per-channel-u4	1024x1024	1024	1.418991e-01	1.448568e-02	9.399414e-04	2.897135e-02	528896
model.layers.22.self_attn.k_proj.weight	per-channel-u8	1024x1024	1024	8.344074e-03	8.521006e-04	5.529067e-05	1.704197e-03	1053696
model.layers.22.self_attn.k_proj.weight	per-group32-u4	1024x1024	32768	8.211242e-02	1.302083e-02	2.410889e-04	2.669271e-02	671744
model.layers.22.self_attn.k_proj.weight	per-group64-u4	1024x1024	16384	9.349067e-02	1.310221e-02	3.280640e-04	2.669271e-02	598016
model.layers.22.self_attn.k_proj.weight	per-group128-u4	1024x1024	8192	1.041925e-01	1.420085e-02	4.597982e-04	2.897135e-02	561152
model.layers.22.self_attn.k_proj.weight	per-group128-u8	1024x1024	8192	6.131293e-03	8.425266e-04	2.704695e-05	1.704197e-03	1089536
model.layers.22.self_attn.o_proj.weight	per-tensor-u4	1024x2048	1	4.402057e-01	2.023112e-02	4.049479e-02	4.049479e-02	1048581
model.layers.22.self_attn.o_proj.weight	per-tensor-u8	1024x2048	1	2.615831e-02	1.190186e-03	2.382047e-03	2.382047e-03	2097157
model.layers.22.self_attn.o_proj.weight	per-channel-u4	1024x2048	1024	1.501770e-01	1.855469e-02	5.305990e-03	3.717448e-02	1053184
model.layers.22.self_attn.o_proj.weight	per-channel-u8	1024x2048	1024	8.839950e-03	1.092410e-03	3.121170e-04	2.186734e-03	2102272
model.layers.22.self_attn.o_proj.weight	per-group32-u4	1024x2048	65536	8.126444e-02	1.380208e-02	1.216634e-03	2.962240e-02	1343488
model.layers.22.self_attn.o_proj.weight	per-group64-u4	1024x2048	32768	9.171924e-02	1.806641e-02	1.660156e-03	3.632813e-02	1196032
model.layers.22.self_attn.o_proj.weight	per-group128-u4	1024x2048	16384	1.013791e-01	1.816407e-02	2.384440e-03	3.632813e-02	1122304
model.layers.22.self_attn.o_proj.weight	per-group128-u8	1024x2048	16384	5.964435e-03	1.068473e-03	1.402612e-04	2.136949e-03	2179072
model.layers.22.self_attn.q_proj.weight	per-tensor-u4	2048x1024	1	3.844773e-01	2.344564e-02	4.700521e-02	4.700521e-02	1048581
model.layers.22.self_attn.q_proj.weight	per-tensor-u8	2048x1024	1	2.362576e-02	1.380920e-03	2.765012e-03	2.765012e-03	2097157
model.layers.22.self_attn.q_proj.weight	per-channel-u4	2048x1024	2048	1.358756e-01	2.246908e-02	1.281738e-03	4.505209e-02	1057792
model.layers.22.self_attn.q_proj.weight	per-channel-u8	2048x1024	2048	7.986696e-03	1.319317e-03	7.539637e-05	2.650123e-03	2107392
model.layers.22.self_attn.q_proj.weight	per-group32-u4	2048x1024	65536	8.166613e-02	1.965332e-02	3.946940e-04	4.166667e-02	1343488
model.layers.22.self_attn.q_proj.weight	per-group64-u4	2048x1024	32768	9.269521e-02	2.067057e-02	4.323324e-04	4.166667e-02	1196032
model.layers.22.self_attn.q_proj.weight	per-group128-u4	2048x1024	16384	1.031032e-01	2.067057e-02	5.666097e-04	4.166667e-02	1122304
model.layers.22.self_attn.q_proj.weight	per-group128-u8	2048x1024	16384	6.063945e-03	1.206353e-03	3.332998e-05	2.450980e-03	2179072
model.layers.22.self_attn.v_proj.weight	per-tensor-u4	1024x1024	1	3.014307e-01	1.538086e-02	3.079427e-02	3.079427e-02	524293
model.layers.22.self_attn.v_proj.weight	per-tensor-u8	1024x1024	1	1.797197e-02	9.047575e-04	1.811428e-03	1.811428e-03	1048581
model.layers.22.self_attn.v_proj.weight	per-channel-u4	1024x1024	1024	1.507653e-01	1.336670e-02	7.828776e-03	2.675781e-02	528896
model.layers.22.self_attn.v_proj.weight	per-channel-u8	1024x1024	1024	8.899504e-03	7.862765e-04	4.605162e-04	1.573989e-03	1053696
model.layers.22.self_attn.v_proj.weight	per-group32-u4	1024x1024	32768	8.334572e-02	1.204427e-02	1.340739e-03	2.415365e-02	671744
model.layers.22.self_attn.v_proj.weight	per-group64-u4	1024x1024	16384	9.534817e-02	1.204427e-02	2.038574e-03	2.415365e-02	598016
model.layers.22.self_attn.v_proj.weight	per-group128-u4	1024x1024	8192	1.073421e-01	1.204427e-02	4.443360e-03	2.415365e-02	561152
model.layers.22.self_attn.v_proj.weight	per-group128-u8	1024x1024	8192	6.323410e-03	7.046573e-04	2.613741e-04	1.420803e-03	1089536
model.layers.23.mlp.down_proj.weight	per-tensor-u4	1024x3072	1	7.064498e-01	4.394531e-02	8.802083e-02	8.802083e-02	1572869
model.layers.23.mlp.down_proj.weight	per-tensor-u8	1024x3072	1	4.504667e-02	2.584061e-03	5.177696e-03	5.177696e-03	3145733
model.layers.23.mlp.down_proj.weight	per-channel-u4	1024x3072	1024	1.575964e-01	3.492839e-02	3.540039e-03	7.005208e-02	1577472
model.layers.23.mlp.down_proj.weight	per-channel-u8	1024x3072	1024	9.270773e-03	2.059937e-03	2.082376e-04	4.120711e-03	3150848
model.layers.23.mlp.down_proj.weight	per-group32-u4	1024x3072	98304	8.145329e-02	2.641601e-02	1.090495e-03	5.302734e-02	2015232
model.layers.23.mlp.down_proj.weight	per-group64-u4	1024x3072	49152	9.234816e-02	2.641601e-02	1.477051e-03	5.302734e-02	1794048
model.layers.23.mlp.down_proj.weight	per-group128-u4	1024x3072	24576	1.028416e-01	2.648926e-02	1.733398e-03	5.302734e-02	1683456
model.layers.23.mlp.down_proj.weight	per-group128-u8	1024x3072	24576	6.047670e-03	1.548139e-03	1.019646e-04	3.119255e-03	3268608
model.layers.23.mlp.gate_proj.weight	per-tensor-u4	3072x1024	1	6.247713e-01	3.307289e-02	6.614583e-02	6.614583e-02	1572869
model.layers.23.mlp.gate_proj.weight	per-tensor-u8	3072x1024	1	3.764791e-02	1.945466e-03	3.890931e-03	3.890931e-03	3145733
model.layers.23.mlp.gate_proj.weight	per-channel-u4	3072x1024	3072	1.351116e-01	2.929688e-02	8.203125e-03	5.872396e-02	1586688
model.layers.23.mlp.gate_proj.weight	per-channel-u8	3072x1024	3072	7.954831e-03	1.724303e-03	4.825368e-04	3.454350e-03	3161088
model.layers.23.mlp.gate_proj.weight	per-group32-u4	3072x1024	98304	8.138335e-02	2.773438e-02	2.913411e-03	5.872396e-02	2015232
model.layers.23.mlp.gate_proj.weight	per-group64-u4	3072x1024	49152	9.217370e-02	2.864581e-02	3.621419e-03	5.872396e-02	1794048
model.layers.23.mlp.gate_proj.weight	per-group128-u4	3072x1024	24576	1.024889e-01	2.918294e-02	4.321289e-03	5.872396e-02	1683456
model.layers.23.mlp.gate_proj.weight	per-group128-u8	3072x1024	24576	6.028863e-03	1.719516e-03	2.541935e-04	3.454350e-03	3268608
model.layers.23.mlp.up_proj.weight	per-tensor-u4	3072x1024	1	6.291648e-01	3.837891e-02	7.695313e-02	7.695313e-02	1572869
model.layers.23.mlp.up_proj.weight	per-tensor-u8	3072x1024	1	3.805928e-02	2.259020e-03	4.526654e-03	4.526654e-03	3145733
model.layers.23.mlp.up_proj.weight	per-channel-u4	3072x1024	3072	1.332195e-01	3.712565e-02	7.633463e-03	7.447917e-02	1586688
model.layers.23.mlp.up_proj.weight	per-channel-u8	3072x1024	3072	7.844534e-03	2.186738e-03	4.490273e-04	4.381128e-03	3161088
model.layers.23.mlp.up_proj.weight	per-group32-u4	3072x1024	98304	8.156442e-02	3.588867e-02	2.600098e-03	7.447917e-02	2015232
model.layers.23.mlp.up_proj.weight	per-group64-u4	3072x1024	49152	9.235842e-02	3.688151e-02	3.564453e-03	7.447917e-02	1794048
model.layers.23.mlp.up_proj.weight	per-group128-u4	3072x1024	24576	1.026195e-01	3.712565e-02	4.003906e-03	7.447917e-02	1683456
model.layers.23.mlp.up_proj.weight	per-group128-u8	3072x1024	24576	6.041918e-03	2.179086e-03	2.355239e-04	4.381128e-03	3268608
model.layers.23.self_attn.k_proj.weight	per-tensor-u4	1024x1024	1	4.084951e-01	1.835938e-02	3.671875e-02	3.671875e-02	524293
model.layers.23.self_attn.k_proj.weight	per-tensor-u8	1024x1024	1	2.441196e-02	1.079969e-03	2.159927e-03	2.159927e-03	1048581
model.layers.23.self_attn.k_proj.weight	per-channel-u4	1024x1024	1024	1.554044e-01	1.618652e-02	2.888997e-03	3.242188e-02	528896
model.layers.23.self_attn.k_proj.weight	per-channel-u8	1024x1024	1024	9.137665e-03	9.507127e-04	1.699410e-04	1.907169e-03	1053696
model.layers.23.self_attn.k_proj.weight	per-group32-u4	1024x1024	32768	8.294824e-02	1.518555e-02	9.318034e-04	3.203125e-02	671744
model.layers.23.self_attn.k_proj.weight	per-group64-u4	1024x1024	16384	9.478183e-02	1.586914e-02	1.169840e-03	3.203125e-02	598016
model.layers.23.self_attn.k_proj.weight	per-group128-u4	1024x1024	8192	1.060477e-01	1.618652e-02	1.546224e-03	3.242188e-02	561152
model.layers.23.self_attn.k_proj.weight	per-group128-u8	1024x1024	8192	6.238027e-03	9.464039e-04	9.095435e-05	1.907169e-03	1089536
model.layers.23.self_attn.o_proj.weight	per-tensor-u4	1024x2048	1	3.654401e-01	1.681315e-02	3.365885e-02	3.365885e-02	1048581
model.layers.23.self_attn.o_proj.weight	per-tensor-u8	1024x2048	1	2.160644e-02	9.885300e-04	1.979933e-03	1.979933e-03	2097157
model.layers.23.self_attn.o_proj.weight	per-channel-u4	1024x2048	1024	1.504189e-01	1.660156e-02	7.812500e-03	3.326823e-02	1053184
model.layers.23.self_attn.o_proj.weight	per-channel-u8	1024x2048	1024	8.847371e-03	9.689629e-04	4.595588e-04	1.956955e-03	2102272
model.layers.23.self_attn.o_proj.weight	per-group32-u4	1024x2048	65536	8.161127e-02	1.350912e-02	9.704590e-04	2.766927e-02	1343488
model.layers.23.self_attn.o_proj.weight	per-group64-u4	1024x2048	32768	9.237216e-02	1.501465e-02	1.277669e-03	3.020833e-02	1196032
model.layers.23.self_attn.o_proj.weight	per-group128-u4	1024x2048	16384	1.022945e-01	1.654460e-02	1.497396e-03	3.326823e-02	1122304
model.layers.23.self_attn.o_proj.weight	per-group128-u8	1024x2048	16384	6.023453e-03	9.689033e-04	8.808211e-05	1.956955e-03	2179072
model.layers.23.self_attn.q_proj.weight	per-tensor-u4	2048x1024	1	4.485745e-01	2.465820e-02	4.934896e-02	4.934896e-02	1048581
model.layers.23.self_attn.q_proj.weight	per-tensor-u8	2048x1024	1	2.729605e-02	1.450004e-03	2.902880e-03	2.902880e-03	2097157
model.layers.23.self_attn.q_proj.weight	per-channel-u4	2048x1024	2048	1.407865e-01	2.454427e-02	2.970378e-03	4.934896e-02	1057792
model.layers.23.self_attn.q_proj.weight	per-channel-u8	2048x1024	2048	8.275708e-03	1.447618e-03	1.747281e-04	2.902880e-03	2107392
model.layers.23.self_attn.q_proj.weight	per-group32-u4	2048x1024	65536	8.246039e-02	2.170410e-02	5.879720e-04	4.479166e-02	1343488
model.layers.23.self_attn.q_proj.weight	per-group64-u4	2048x1024	32768	9.386386e-02	2.221680e-02	1.224772e-03	4.479166e-02	1196032
model.layers.23.self_attn.q_proj.weight	per-group128-u4	2048x1024	16384	1.044043e-01	2.221680e-02	1.509603e-03	4.479166e-02	1122304
model.layers.23.self_attn.q_proj.weight	per-group128-u8	2048x1024	16384	6.141758e-03	1.309741e-03	8.880017e-05	2.634804e-03	2179072
model.layers.23.self_attn.v_proj.weight	per-tensor-u4	1024x1024	1	3.749248e-01	1.879883e-02	3.763021e-02	3.763021e-02	524293
model.layers.23.self_attn.v_proj.weight	per-tensor-u8	1024x1024	1	2.251815e-02	1.106771e-03	2.213542e-03	2.213542e-03	1048581
model.layers.23.self_attn.v_proj.weight	per-channel-u4	1024x1024	1024	1.570154e-01	1.611328e-02	7.389323e-03	3.229167e-02	528896
model.layers.23.self_attn.v_proj.weight	per-channel-u8	1024x1024	1024	9.261366e-03	9.496502e-04	4.346661e-04	1.899510e-03	1053696
model.layers.23.self_attn.v_proj.weight	per-group32-u4	1024x1024	32768	8.358226e-02	1.605631e-02	1.542155e-03	3.229167e-02	671744
model.layers.23.self_attn.v_proj.weight	per-group64-u4	1024x1024	16384	9.575681e-02	1.605631e-02	2.140299e-03	3.229167e-02	598016
model.layers.23.self_attn.v_proj.weight	per-group128-u4	1024x1024	8192	1.079813e-01	1.605631e-02	4.150391e-03	3.229167e-02	561152
model.layers.23.self_attn.v_proj.weight	per-group128-u8	1024x1024	8192	6.360940e-03	9.320425e-04	2.441406e-04	1.899510e-03	1089536
model.layers.24.mlp.down_proj.weight	per-tensor-u4	1024x3072	1	5.413067e-01	3.242189e-02	6.484375e-02	6.484375e-02	1572869
model.layers.24.mlp.down_proj.weight	per-tensor-u8	1024x3072	1	3.271592e-02	1.907170e-03	3.814338e-03	3.814338e-03	3145733
model.layers.24.mlp.down_proj.weight	per-channel-u4	1024x3072	1024	1.528126e-01	2.304687e-02	4.606120e-03	4.609375e-02	1577472
model.layers.24.mlp.down_proj.weight	per-channel-u8	1024x3072	1024	8.993287e-03	1.355693e-03	2.709482e-04	2.711397e-03	3150848
model.layers.24.mlp.down_proj.weight	per-group32-u4	1024x3072	98304	8.135153e-02	2.014160e-02	1.023356e-03	4.049479e-02	2015232
model.layers.24.mlp.down_proj.weight	per-group64-u4	1024x3072	49152	9.218068e-02	2.192383e-02	1.468913e-03	4.414063e-02	1794048
model.layers.24.mlp.down_proj.weight	per-group128-u4	1024x3072	24576	1.023867e-01	2.192383e-02	1.603190e-03	4.414063e-02	1683456
model.layers.24.mlp.down_proj.weight	per-group128-u8	1024x3072	24576	6.024216e-03	1.281019e-03	9.430530e-05	2.596507e-03	3268608
model.layers.24.mlp.gate_proj.weight	per-tensor-u4	3072x1024	1	7.577269e-01	4.150391e-02	8.307292e-02	8.307292e-02	1572869
model.layers.24.mlp.gate_proj.weight	per-tensor-u8	3072x1024	1	4.794133e-02	2.441406e-03	4.886642e-03	4.886642e-03	3145733
model.layers.24.mlp.gate_proj.weight	per-channel-u4	3072x1024	3072	1.347500e-01	4.150391e-02	7.991537e-03	8.307292e-02	1586688
model.layers.24.mlp.gate_proj.weight	per-channel-u8	3072x1024	3072	7.944548e-03	2.433747e-03	4.700904e-04	4.886642e-03	3161088
model.layers.24.mlp.gate_proj.weight	per-group32-u4	3072x1024	98304	8.129380e-02	3.958333e-02	2.307129e-03	8.307292e-02	2015232
model.layers.24.mlp.gate_proj.weight	per-group64-u4	3072x1024	49152	9.200855e-02	4.108073e-02	3.515625e-03	8.307292e-02	1794048
model.layers.24.mlp.gate_proj.weight	per-group128-u4	3072x1024	24576	1.022926e-01	4.108073e-02	4.524739e-03	8.307292e-02	1683456
model.layers.24.mlp.gate_proj.weight	per-group128-u8	3072x1024	24576	6.017821e-03	2.418429e-03	2.661612e-04	4.886642e-03	3268608
model.layers.24.mlp.up_proj.weight	per-tensor-u4	3072x1024	1	4.874416e-01	2.962240e-02	5.924479e-02	5.924479e-02	1572869
model.layers.24.mlp.up_proj.weight	per-tensor-u8	3072x1024	1	2.890561e-02	1.742490e-03	3.484988e-03	3.484988e-03	3145733
model.layers.24.mlp.up_proj.weight	per-channel-u4	3072x1024	3072	1.314634e-01	2.502441e-02	6.005859e-03	5.013021e-02	1586688
model.layers.24.mlp.up_proj.weight	per-channel-u8	3072x1024	3072	7.744324e-03	1.472024e-03	3.532858e-04	2.948836e-03	3161088
model.layers.24.mlp.up_proj.weight	per-group32-u4	3072x1024	98304	8.140751e-02	2.355957e-02	1.652018e-03	5.013021e-02	2015232
model.layers.24.mlp.up_proj.weight	per-group64-u4	3072x1024	49152	9.207723e-02	2.498372e-02	2.628581e-03	5.013021e-02	1794048
model.layers.24.mlp.up_proj.weight	per-group128-u4	3072x1024	24576	1.021866e-01	2.502441e-02	3.043620e-03	5.013021e-02	1683456
model.layers.24.mlp.up_proj.weight	per-group128-u8	3072x1024	24576	6.015456e-03	1.472024e-03	1.790365e-04	2.948836e-03	3268608
model.layers.24.self_attn.k_proj.weight	per-tensor-u4	1024x1024	1	3.547786e-01	1.601563e-02	3.209635e-02	3.209635e-02	524293
model.layers.24.self_attn.k_proj.weight	per-tensor-u8	1024x1024	1	2.126954e-02	9.440109e-04	1.888021e-03	1.888021e-03	1048581
model.layers.24.self_attn.k_proj.weight	per-channel-u4	1024x1024	1024	1.527465e-01	1.423340e-02	2.962240e-03	2.851563e-02	528896
model.layers.24.self_attn.k_proj.weight	per-channel-u8	1024x1024	1024	8.994760e-03	8.372590e-04	1.742494e-04	1.677390e-03	1053696
model.layers.24.self_attn.k_proj.weight	per-group32-u4	1024x1024	32768	8.307687e-02	1.321615e-02	8.117676e-04	2.708333e-02	671744
model.layers.24.self_attn.k_proj.weight	per-group64-u4	1024x1024	16384	9.471788e-02	1.350912e-02	1.444499e-03	2.766927e-02	598016
model.layers.24.self_attn.k_proj.weight	per-group128-u4	1024x1024	8192	1.060209e-01	1.423340e-02	1.619466e-03	2.851563e-02	561152
model.layers.24.self_attn.k_proj.weight	per-group128-u8	1024x1024	8192	6.230436e-03	8.157194e-04	9.526272e-05	1.677390e-03	1089536
model.layers.24.self_attn.o_proj.weight	per-tensor-u4	1024x2048	1	3.215693e-01	1.489258e-02	2.981771e-02	2.981771e-02	1048581
model.layers.24.self_attn.o_proj.weight	per-tensor-u8	1024x2048	1	1.898480e-02	8.766025e-04	1.753983e-03	1.753983e-03	2097157
model.layers.24.self_attn.o_proj.weight	per-channel-u4	1024x2048	1024	1.410982e-01	1.486409e-02	4.516602e-03	2.981771e-02	1053184
model.layers.24.self_attn.o_proj.weight	per-channel-u8	1024x2048	1024	8.309623e-03	8.750781e-04	2.656824e-04	1.753983e-03	2102272
model.layers.24.self_attn.o_proj.weight	per-group32-u4	1024x2048	65536	8.156844e-02	1.245117e-02	8.117676e-04	2.623698e-02	1343488
model.layers.24.self_attn.o_proj.weight	per-group64-u4	1024x2048	32768	9.215266e-02	1.280924e-02	1.147461e-03	2.623698e-02	1196032
model.layers.24.self_attn.o_proj.weight	per-group128-u4	1024x2048	16384	1.019920e-01	1.453451e-02	1.387533e-03	2.916667e-02	1122304
model.layers.24.self_attn.o_proj.weight	per-group128-u8	1024x2048	16384	5.998708e-03	8.559283e-04	8.161956e-05	1.715686e-03	2179072
model.layers.24.self_attn.q_proj.weight	per-tensor-u4	2048x1024	1	4.542637e-01	2.773438e-02	5.546875e-02	5.546875e-02	1048581
model.layers.24.self_attn.q_proj.weight	per-tensor-u8	2048x1024	1	2.845368e-02	1.631439e-03	3.262868e-03	3.262868e-03	2097157
model.layers.24.self_attn.q_proj.weight	per-channel-u4	2048x1024	2048	1.427334e-01	2.773438e-02	2.237956e-03	5.546875e-02	1057792
model.layers.24.self_attn.q_proj.weight	per-channel-u8	2048x1024	2048	8.401946e-03	1.631439e-03	1.316445e-04	3.262868e-03	2107392
model.layers.24.self_attn.q_proj.weight	per-group32-u4	2048x1024	65536	8.280549e-02	2.223308e-02	6.998698e-04	4.505209e-02	1343488
model.layers.24.self_attn.q_proj.weight	per-group64-u4	2048x1024	32768	9.444886e-02	2.246094e-02	9.785970e-04	4.505209e-02	1196032
model.layers.24.self_attn.q_proj.weight	per-group128-u4	2048x1024	16384	1.056419e-01	2.382813e-02	1.371257e-03	4.804688e-02	1122304
model.layers.24.self_attn.q_proj.weight	per-group128-u8	2048x1024	16384	6.214839e-03	1.401655e-03	8.066215e-05	2.826287e-03	2179072
model.layers.24.self_attn.v_proj.weight	per-tensor-u4	1024x1024	1	2.603030e-01	1.282552e-02	2.565104e-02	2.565104e-02	524293
model.layers.24.self_attn.v_proj.weight	per-tensor-u8	1024x1024	1	1.547861e-02	7.544458e-04	1.508885e-03	1.508885e-03	1048581
model.layers.24.self_attn.v_proj.weight	per-channel-u4	1024x1024	1024	1.486313e-01	1.129150e-02	8.219401e-03	2.259115e-02	528896
model.layers.24.self_attn.v_proj.weight	per-channel-u8	1024x1024	1024	8.766604e-03	6.630095e-04	4.834942e-04	1.328891e-03	1053696
model.layers.24.self_attn.v_proj.weight	per-group32-u4	1024x1024	32768	8.325179e-02	1.015625e-02	1.277669e-03	2.109375e-02	671744
model.layers.24.self_attn.v_proj.weight	per-group64-u4	1024x1024	16384	9.502694e-02	1.015625e-02	1.997884e-03	2.109375e-02	598016
model.layers.24.self_attn.v_proj.weight	per-group128-u4	1024x1024	8192	1.066075e-01	1.124674e-02	3.849284e-03	2.259115e-02	561152
model.layers.24.self_attn.v_proj.weight	per-group128-u8	1024x1024	8192	6.270681e-03	6.577447e-04	2.264285e-04	1.328891e-03	1089536
model.layers.25.mlp.down_proj.weight	per-tensor-u4	1024x3072	1	6.237387e-01	3.743489e-02	7.486979e-02	7.486979e-02	1572869
model.layers.25.mlp.down_proj.weight	per-tensor-u8	1024x3072	1	3.796213e-02	2.202049e-03	4.404105e-03	4.404105e-03	3145733
model.layers.25.mlp.down_proj.weight	per-channel-u4	1024x3072	1024	1.508245e-01	3.100586e-02	4.557292e-03	6.210937e-02	1577472
model.layers.25.mlp.down_proj.weight	per-channel-u8	1024x3072	1024	8.870081e-03	1.823872e-03	2.680760e-04	3.653493e-03	3150848
model.layers.25.mlp.down_proj.weight	per-group32-u4	1024x3072	98304	8.144082e-02	2.242839e-02	1.096598e-03	4.562175e-02	2015232
model.layers.25.mlp.down_proj.weight	per-group64-u4	1024x3072	49152	9.219022e-02	2.319336e-02	1.619466e-03	4.749349e-02	1794048
model.layers.25.mlp.down_proj.weight	per-group128-u4	1024x3072	24576	1.024132e-01	2.319336e-02	1.949056e-03	4.749349e-02	1683456
model.layers.25.mlp.down_proj.weight	per-group128-u8	1024x3072	24576	6.023187e-03	1.367666e-03	1.146503e-04	2.793735e-03	3268608
model.layers.25.mlp.gate_proj.weight	per-tensor-u4	3072x1024	1	6.617713e-01	3.398438e-02	6.796875e-02	6.796875e-02	1572869
model.layers.25.mlp.gate_proj.weight	per-tensor-u8	3072x1024	1	4.017893e-02	1.999080e-03	3.998162e-03	3.998162e-03	3145733
model.layers.25.mlp.gate_proj.weight	per-channel-u4	3072x1024	3072	1.358133e-01	3.393555e-02	8.186849e-03	6.796875e-02	1586688
model.layers.25.mlp.gate_proj.weight	per-channel-u8	3072x1024	3072	7.994931e-03	1.993336e-03	4.815793e-04	3.998162e-03	3161088
model.layers.25.mlp.gate_proj.weight	per-group32-u4	3072x1024	98304	8.142334e-02	3.377279e-02	2.160645e-03	6.770834e-02	2015232
model.layers.25.mlp.gate_proj.weight	per-group64-u4	3072x1024	49152	9.222589e-02	3.393555e-02	2.685547e-03	6.796875e-02	1794048
model.layers.25.mlp.gate_proj.weight	per-group128-u4	3072x1024	24576	1.026419e-01	3.393555e-02	3.564453e-03	6.796875e-02	1683456
model.layers.25.mlp.gate_proj.weight	per-group128-u8	3072x1024	24576	6.042488e-03	1.993336e-03	2.096737e-04	3.998162e-03	3268608
model.layers.25.mlp.up_proj.weight	per-tensor-u4	3072x1024	1	6.508022e-01	4.073893e-02	8.151042e-02	8.151042e-02	1572869
model.layers.25.mlp.up_proj.weight	per-tensor-u8	3072x1024	1	3.952821e-02	2.395630e-03	4.794730e-03	4.794730e-03	3145733
model.layers.25.mlp.up_proj.weight	per-channel-u4	3072x1024	3072	1.325500e-01	3.417969e-02	7.194011e-03	6.835938e-02	1586688
model.layers.25.mlp.up_proj.weight	per-channel-u8	3072x1024	3072	7.810176e-03	2.010569e-03	4.231771e-04	4.021140e-03	3161088
model.layers.25.mlp.up_proj.weight	per-group32-u4	3072x1024	98304	8.150519e-02	3.251953e-02	2.201335e-03	6.523438e-02	2015232
model.layers.25.mlp.up_proj.weight	per-group64-u4	3072x1024	49152	9.220761e-02	3.369141e-02	2.327474e-03	6.835938e-02	1794048
model.layers.25.mlp.up_proj.weight	per-group128-u4	3072x1024	24576	1.024484e-01	3.393555e-02	3.548177e-03	6.835938e-02	1683456
model.layers.25.mlp.up_proj.weight	per-group128-u8	3072x1024	24576	6.030393e-03	1.996208e-03	2.087163e-04	4.021140e-03	3268608
model.layers.25.self_attn.k_proj.weight	per-tensor-u4	1024x1024	1	3.177348e-01	1.342773e-02	2.688802e-02	2.688802e-02	524293
model.layers.25.self_attn.k_proj.weight	per-tensor-u8	1024x1024	1	1.899682e-02	7.903464e-04	1.581648e-03	1.581648e-03	1048581
model.layers.25.self_attn.k_proj.weight	per-channel-u4	1024x1024	1024	1.485065e-01	1.279297e-02	2.449544e-03	2.558594e-02	528896
model.layers.25.self_attn.k_proj.weight	per-channel-u8	1024x1024	1024	8.741746e-03	7.525310e-04	1.440908e-04	1.505055e-03	1053696
model.layers.25.self_attn.k_proj.weight	per-group32-u4	1024x1024	32768	8.279789e-02	1.171875e-02	7.334391e-04	2.343750e-02	671744
model.layers.25.self_attn.k_proj.weight	per-group64-u4	1024x1024	16384	9.424455e-02	1.171875e-02	1.135254e-03	2.343750e-02	598016
model.layers.25.self_attn.k_proj.weight	per-group128-u4	1024x1024	8192	1.050231e-01	1.269531e-02	1.245117e-03	2.558594e-02	561152
model.layers.25.self_attn.k_proj.weight	per-group128-u8	1024x1024	8192	6.184372e-03	7.496551e-04	7.324219e-05	1.505055e-03	1089536
model.layers.25.self_attn.o_proj.weight	per-tensor-u4	1024x2048	1	3.019672e-01	1.470947e-02	2.942708e-02	2.942708e-02	1048581
model.layers.25.self_attn.o_proj.weight	per-tensor-u8	1024x2048	1	1.778286e-02	8.650686e-04	1.731005e-03	1.731005e-03	2097157
model.layers.25.self_attn.o_proj.weight	per-channel-u4	1024x2048	1024	1.446018e-01	1.470947e-02	4.199219e-03	2.942708e-02	1053184
model.layers.25.self_attn.o_proj.weight	per-channel-u8	1024x2048	1024	8.511176e-03	8.645449e-04	2.470129e-04	1.731005e-03	2102272
model.layers.25.self_attn.o_proj.weight	per-group32-u4	1024x2048	65536	8.138312e-02	1.347657e-02	9.379069e-04	2.773437e-02	1343488
model.layers.25.self_attn.o_proj.weight	per-group64-u4	1024x2048	32768	9.188026e-02	1.385498e-02	1.078288e-03	2.773437e-02	1196032
model.layers.25.self_attn.o_proj.weight	per-group128-u4	1024x2048	16384	1.016104e-01	1.385498e-02	1.346843e-03	2.773437e-02	1122304
model.layers.25.self_attn.o_proj.weight	per-group128-u8	1024x2048	16384	5.979028e-03	8.035097e-04	7.922603e-05	1.631434e-03	2179072
model.layers.25.self_attn.q_proj.weight	per-tensor-u4	2048x1024	1	4.025221e-01	2.490234e-02	4.986979e-02	4.986979e-02	1048581
model.layers.25.self_attn.q_proj.weight	per-tensor-u8	2048x1024	1	2.521719e-02	1.464844e-03	2.933517e-03	2.933517e-03	2097157
model.layers.25.self_attn.q_proj.weight	per-channel-u4	2048x1024	2048	1.415896e-01	2.316081e-02	1.481120e-03	4.635417e-02	1057792
model.layers.25.self_attn.q_proj.weight	per-channel-u8	2048x1024	2048	8.336546e-03	1.361445e-03	8.712470e-05	2.726716e-03	2107392
model.layers.25.self_attn.q_proj.weight	per-group32-u4	2048x1024	65536	8.283046e-02	2.001953e-02	2.802531e-04	4.075521e-02	1343488
model.layers.25.self_attn.q_proj.weight	per-group64-u4	2048x1024	32768	9.450980e-02	2.093913e-02	4.882812e-04	4.205729e-02	1196032
model.layers.25.self_attn.q_proj.weight	per-group128-u4	2048x1024	16384	1.054647e-01	2.285156e-02	8.138021e-04	4.609375e-02	1122304
model.layers.25.self_attn.q_proj.weight	per-group128-u8	2048x1024	16384	6.205473e-03	1.338467e-03	4.787071e-05	2.711397e-03	2179072
model.layers.25.self_attn.v_proj.weight	per-tensor-u4	1024x1024	1	2.646720e-01	1.448568e-02	2.897135e-02	2.897135e-02	524293
model.layers.25.self_attn.v_proj.weight	per-tensor-u8	1024x1024	1	1.586510e-02	8.520968e-04	1.704197e-03	1.704197e-03	1048581
model.layers.25.self_attn.v_proj.weight	per-channel-u4	1024x1024	1024	1.456741e-01	1.253255e-02	9.863282e-03	2.506510e-02	528896
model.layers.25.self_attn.v_proj.weight	per-channel-u8	1024x1024	1024	8.602037e-03	7.372089e-04	5.801930e-04	1.474418e-03	1053696
model.layers.25.self_attn.v_proj.weight	per-group32-u4	1024x1024	32768	8.302476e-02	1.245117e-02	1.558431e-03	2.506510e-02	671744
model.layers.25.self_attn.v_proj.weight	per-group64-u4	1024x1024	16384	9.471204e-02	1.245117e-02	2.506510e-03	2.506510e-02	598016
model.layers.25.self_attn.v_proj.weight	per-group128-u4	1024x1024	8192	1.060240e-01	1.245117e-02	3.995768e-03	2.506510e-02	561152
model.layers.25.self_attn.v_proj.weight	per-group128-u8	1024x1024	8192	6.246440e-03	7.360121e-04	2.350452e-04	1.474418e-03	1089536
model.layers.26.mlp.down_proj.weight	per-tensor-u4	1024x3072	1	6.366632e-01	3.645834e-02	7.291666e-02	7.291666e-02	1572869
model.layers.26.mlp.down_proj.weight	per-tensor-u8	1024x3072	1	3.861169e-02	2.144612e-03	4.289216e-03	4.289216e-03	3145733
model.layers.26.mlp.down_proj.weight	per-channel-u4	1024x3072	1024	1.558704e-01	3.637695e-02	9.098307e-03	7.291666e-02	1577472
model.layers.26.mlp.down_proj.weight	per-channel-u8	1024x3072	1024	9.186353e-03	2.142215e-03	5.351945e-04	4.289216e-03	3150848
model.layers.26.mlp.down_proj.weight	per-group32-u4	1024x3072	98304	8.188199e-02	2.258301e-02	6.225586e-04	4.611003e-02	2015232
model.layers.26.mlp.down_proj.weight	per-group64-u4	1024x3072	49152	9.292026e-02	2.268880e-02	8.341472e-04	4.710286e-02	1794048
model.layers.26.mlp.down_proj.weight	per-group128-u4	1024x3072	24576	1.034563e-01	2.453613e-02	1.051839e-03	4.934896e-02	1683456
model.layers.26.mlp.down_proj.weight	per-group128-u8	1024x3072	24576	6.088300e-03	1.426067e-03	6.187290e-05	2.902880e-03	3268608
model.layers.26.mlp.gate_proj.weight	per-tensor-u4	3072x1024	1	9.311388e-01	6.367189e-02	1.273437e-01	1.273437e-01	1572869
model.layers.26.mlp.gate_proj.weight	per-tensor-u8	3072x1024	1	7.631667e-02	3.745407e-03	7.490809e-03	7.490809e-03	3145733
model.layers.26.mlp.gate_proj.weight	per-channel-u4	3072x1024	3072	1.400361e-01	6.367189e-02	7.356771e-03	1.273437e-01	1586688
model.layers.26.mlp.gate_proj.weight	per-channel-u8	3072x1024	3072	8.239202e-03	3.745407e-03	4.327512e-04	7.490809e-03	3161088
model.layers.26.mlp.gate_proj.weight	per-group32-u4	3072x1024	98304	8.167102e-02	5.455729e-02	2.490234e-03	1.122396e-01	2015232
model.layers.26.mlp.gate_proj.weight	per-group64-u4	3072x1024	49152	9.264197e-02	6.367189e-02	3.776042e-03	1.273437e-01	1794048
model.layers.26.mlp.gate_proj.weight	per-group128-u4	3072x1024	24576	1.034548e-01	6.367189e-02	4.166667e-03	1.273437e-01	1683456
model.layers.26.mlp.gate_proj.weight	per-group128-u8	3072x1024	24576	6.081415e-03	3.745407e-03	2.450981e-04	7.490809e-03	3268608
model.layers.26.mlp.up_proj.weight	per-tensor-u4	3072x1024	1	8.965972e-01	6.689453e-02	1.338542e-01	1.338542e-01	1572869
model.layers.26.mlp.up_proj.weight	per-tensor-u8	3072x1024	1	6.574273e-02	3.936768e-03	7.873775e-03	7.873775e-03	3145733
model.layers.26.mlp.up_proj.weight	per-channel-u4	3072x1024	3072	1.334584e-01	6.653646e-02	5.794271e-03	1.338542e-01	1586688
model.layers.26.mlp.up_proj.weight	per-channel-u8	3072x1024	3072	7.863108e-03	3.910080e-03	3.408395e-04	7.873775e-03	3161088
model.layers.26.mlp.up_proj.weight	per-group32-u4	3072x1024	98304	8.157434e-02	5.541992e-02	1.253255e-03	1.184896e-01	2015232
model.layers.26.mlp.up_proj.weight	per-group64-u4	3072x1024	49152	9.229912e-02	6.679690e-02	1.501465e-03	1.335938e-01	1794048
model.layers.26.mlp.up_proj.weight	per-group128-u4	3072x1024	24576	1.025440e-01	6.679690e-02	1.790365e-03	1.335938e-01	1683456
model.layers.26.mlp.up_proj.weight	per-group128-u8	3072x1024	24576	6.036128e-03	3.929228e-03	1.053156e-04	7.858456e-03	3268608
model.layers.26.self_attn.k_proj.weight	per-tensor-u4	1024x1024	1	3.541832e-01	1.474609e-02	2.949219e-02	2.949219e-02	524293
model.layers.26.self_attn.k_proj.weight	per-tensor-u8	1024x1024	1	2.119356e-02	8.674189e-04	1.734835e-03	1.734835e-03	1048581
model.layers.26.self_attn.k_proj.weight	per-channel-u4	1024x1024	1024	1.466627e-01	1.279297e-02	1.059977e-03	2.558594e-02	528896
model.layers.26.self_attn.k_proj.weight	per-channel-u8	1024x1024	1024	8.632805e-03	7.525235e-04	6.235160e-05	1.505055e-03	1053696
model.layers.26.self_attn.k_proj.weight	per-group32-u4	1024x1024	32768	8.216750e-02	1.031494e-02	2.904256e-04	2.089844e-02	671744
model.layers.26.self_attn.k_proj.weight	per-group64-u4	1024x1024	16384	9.343753e-02	1.075846e-02	4.486084e-04	2.210286e-02	598016
model.layers.26.self_attn.k_proj.weight	per-group128-u4	1024x1024	8192	1.040856e-01	1.172282e-02	5.198161e-04	2.350261e-02	561152
model.layers.26.self_attn.k_proj.weight	per-group128-u8	1024x1024	8192	6.131169e-03	6.812001e-04	3.057742e-05	1.382506e-03	1089536
model.layers.26.self_attn.o_proj.weight	per-tensor-u4	1024x2048	1	4.992557e-01	2.460937e-02	4.921875e-02	4.921875e-02	1048581
model.layers.26.self_attn.o_proj.weight	per-tensor-u8	1024x2048	1	3.005986e-02	1.447611e-03	2.895221e-03	2.895221e-03	2097157
model.layers.26.self_attn.o_proj.weight	per-channel-u4	1024x2048	1024	1.576993e-01	2.363282e-02	3.515625e-03	4.726563e-02	1053184
model.layers.26.self_attn.o_proj.weight	per-channel-u8	1024x2048	1024	9.281306e-03	1.390167e-03	2.068015e-04	2.780331e-03	2102272
model.layers.26.self_attn.o_proj.weight	per-group32-u4	1024x2048	65536	8.131876e-02	1.989746e-02	9.419759e-04	3.997396e-02	1343488
model.layers.26.self_attn.o_proj.weight	per-group64-u4	1024x2048	32768	9.201941e-02	2.100423e-02	1.228841e-03	4.212240e-02	1196032
model.layers.26.self_attn.o_proj.weight	per-group128-u4	1024x2048	16384	1.018490e-01	2.100423e-02	1.472982e-03	4.244792e-02	1122304
model.layers.26.self_attn.o_proj.weight	per-group128-u8	1024x2048	16384	5.994686e-03	1.243681e-03	8.664599e-05	2.496936e-03	2179072
model.layers.26.self_attn.q_proj.weight	per-tensor-u4	2048x1024	1	3.540049e-01	2.368164e-02	4.739583e-02	4.739583e-02	1048581
model.layers.26.self_attn.q_proj.weight	per-tensor-u8	2048x1024	1	2.216344e-02	1.393035e-03	2.787990e-03	2.787990e-03	2097157
model.layers.26.self_attn.q_proj.weight	per-channel-u4	2048x1024	2048	1.398224e-01	2.018229e-02	1.000977e-03	4.036458e-02	1057792
model.layers.26.self_attn.q_proj.weight	per-channel-u8	2048x1024	2048	8.230116e-03	1.187190e-03	5.888097e-05	2.374387e-03	2107392
model.layers.26.self_attn.q_proj.weight	per-group32-u4	2048x1024	65536	8.250489e-02	1.816407e-02	3.458659e-04	3.750000e-02	1343488
model.layers.26.self_attn.q_proj.weight	per-group64-u4	2048x1024	32768	9.373396e-02	1.835938e-02	5.076090e-04	3.867187e-02	1196032
model.layers.26.self_attn.q_proj.weight	per-group128-u4	2048x1024	16384	1.043227e-01	2.001953e-02	5.961100e-04	4.036458e-02	1122304
model.layers.26.self_attn.q_proj.weight	per-group128-u8	2048x1024	16384	6.139428e-03	1.163259e-03	3.506530e-05	2.374387e-03	2179072
model.layers.26.self_attn.v_proj.weight	per-tensor-u4	1024x1024	1	2.402510e-01	1.253255e-02	2.506510e-02	2.506510e-02	524293
model.layers.26.self_attn.v_proj.weight	per-tensor-u8	1024x1024	1	1.423211e-02	7.372126e-04	1.474418e-03	1.474418e-03	1048581
model.layers.26.self_attn.v_proj.weight	per-channel-u4	1024x1024	1024	1.374037e-01	1.086426e-02	7.210286e-03	2.174479e-02	528896
model.layers.26.self_attn.v_proj.weight	per-channel-u8	1024x1024	1024	8.109513e-03	6.393129e-04	4.241345e-04	1.279105e-03	1053696
model.layers.26.self_attn.v_proj.weight	per-group32-u4	1024x1024	32768	8.211179e-02	9.887695e-03	1.578776e-03	2.047526e-02	671744
model.layers.26.self_attn.v_proj.weight	per-group64-u4	1024x1024	16384	9.320322e-02	1.019287e-02	2.079264e-03	2.047526e-02	598016
model.layers.26.self_attn.v_proj.weight	per-group128-u4	1024x1024	8192	1.038770e-01	1.019287e-02	4.451497e-03	2.047526e-02	561152
model.layers.26.self_attn.v_proj.weight	per-group128-u8	1024x1024	8192	6.121286e-03	6.022155e-04	2.618528e-04	1.204427e-03	1089536
model.layers.27.mlp.down_proj.weight	per-tensor-u4	1024x3072	1	7.198830e-01	3.655599e-02	7.317708e-02	7.317708e-02	1572869
model.layers.27.mlp.down_proj.weight	per-tensor-u8	1024x3072	1	4.553538e-02	2.151489e-03	4.304534e-03	4.304534e-03	3145733
model.layers.27.mlp.down_proj.weight	per-channel-u4	1024x3072	1024	1.700855e-01	3.655599e-02	1.044922e-02	7.317708e-02	1577472
model.layers.27.mlp.down_proj.weight	per-channel-u8	1024x3072	1024	1.003244e-02	2.151489e-03	6.146599e-04	4.304534e-03	3150848
model.layers.27.mlp.down_proj.weight	per-group32-u4	1024x3072	98304	8.369695e-02	2.836100e-02	2.197266e-03	5.924479e-02	2015232
model.layers.27.mlp.down_proj.weight	per-group64-u4	1024x3072	49152	9.600194e-02	2.945964e-02	2.555338e-03	5.924479e-02	1794048
model.layers.27.mlp.down_proj.weight	per-group128-u4	1024x3072	24576	1.082428e-01	3.655599e-02	4.866536e-03	7.317708e-02	1683456
model.layers.27.mlp.down_proj.weight	per-group128-u8	1024x3072	24576	6.366930e-03	2.119716e-03	2.862668e-04	4.304534e-03	3268608
model.layers.27.mlp.gate_proj.weight	per-tensor-u4	3072x1024	1	9.035325e-01	7.265624e-02	1.453125e-01	1.453125e-01	1572869
model.layers.27.mlp.gate_proj.weight	per-tensor-u8	3072x1024	1	7.944902e-02	4.273891e-03	8.547794e-03	8.547794e-03	3145733
model.layers.27.mlp.gate_proj.weight	per-channel-u4	3072x1024	3072	1.395699e-01	7.265624e-02	6.087239e-03	1.453125e-01	1586688
model.layers.27.mlp.gate_proj.weight	per-channel-u8	3072x1024	3072	8.228674e-03	4.273891e-03	3.580729e-04	8.547794e-03	3161088
model.layers.27.mlp.gate_proj.weight	per-group32-u4	3072x1024	98304	8.143455e-02	6.341146e-02	2.067057e-03	1.278646e-01	2015232
model.layers.27.mlp.gate_proj.weight	per-group64-u4	3072x1024	49152	9.214645e-02	6.341146e-02	2.791341e-03	1.278646e-01	1794048
model.layers.27.mlp.gate_proj.weight	per-group128-u4	3072x1024	24576	1.025206e-01	6.341146e-02	3.572591e-03	1.278646e-01	1683456
model.layers.27.mlp.gate_proj.weight	per-group128-u8	3072x1024	24576	6.035217e-03	3.745407e-03	2.101524e-04	7.521446e-03	3268608
model.layers.27.mlp.up_proj.weight	per-tensor-u4	3072x1024	1	9.308005e-01	7.682294e-02	1.536458e-01	1.536458e-01	1572869
model.layers.27.mlp.up_proj.weight	per-tensor-u8	3072x1024	1	7.881613e-02	4.518986e-03	9.037990e-03	9.037990e-03	3145733
model.layers.27.mlp.up_proj.weight	per-channel-u4	3072x1024	3072	1.354589e-01	7.649739e-02	6.412760e-03	1.536458e-01	1586688
model.layers.27.mlp.up_proj.weight	per-channel-u8	3072x1024	3072	7.977377e-03	4.516602e-03	3.772212e-04	9.037990e-03	3161088
model.layers.27.mlp.up_proj.weight	per-group32-u4	3072x1024	98304	8.199590e-02	6.354168e-02	2.107747e-03	1.283854e-01	2015232
model.layers.27.mlp.up_proj.weight	per-group64-u4	3072x1024	49152	9.287600e-02	6.718752e-02	3.442383e-03	1.343750e-01	1794048
model.layers.27.mlp.up_proj.weight	per-group128-u4	3072x1024	24576	1.032889e-01	7.031250e-02	4.231771e-03	1.419271e-01	1683456
model.layers.27.mlp.up_proj.weight	per-group128-u8	3072x1024	24576	6.083807e-03	4.136026e-03	2.489277e-04	8.348652e-03	3268608
model.layers.27.self_attn.k_proj.weight	per-tensor-u4	1024x1024	1	7.994485e-01	4.557291e-02	9.114584e-02	9.114584e-02	524293
model.layers.27.self_attn.k_proj.weight	per-tensor-u8	1024x1024	1	5.354982e-02	2.680764e-03	5.361520e-03	5.361520e-03	1048581
model.layers.27.self_attn.k_proj.weight	per-channel-u4	1024x1024	1024	1.338002e-01	2.804362e-02	3.946940e-03	5.611979e-02	528896
model.layers.27.self_attn.k_proj.weight	per-channel-u8	1024x1024	1024	7.890598e-03	1.645796e-03	2.321729e-04	3.301164e-03	1053696
model.layers.27.self_attn.k_proj.weight	per-group32-u4	1024x1024	32768	8.124655e-02	2.478027e-02	1.686605e-03	5.299479e-02	671744
model.layers.27.self_attn.k_proj.weight	per-group64-u4	1024x1024	16384	9.198842e-02	2.792155e-02	2.062988e-03	5.611979e-02	598016
model.layers.27.self_attn.k_proj.weight	per-group128-u4	1024x1024	8192	1.021580e-01	2.792155e-02	2.197266e-03	5.611979e-02	561152
model.layers.27.self_attn.k_proj.weight	per-group128-u8	1024x1024	8192	6.020235e-03	1.618508e-03	1.292509e-04	3.301164e-03	1089536
model.layers.27.self_attn.o_proj.weight	per-tensor-u4	1024x2048	1	4.143413e-01	2.115886e-02	4.231771e-02	4.231771e-02	1048581
model.layers.27.self_attn.o_proj.weight	per-tensor-u8	1024x2048	1	2.442113e-02	1.244634e-03	2.489277e-03	2.489277e-03	2097157
model.layers.27.self_attn.o_proj.weight	per-channel-u4	1024x2048	1024	1.396916e-01	2.115886e-02	3.434245e-03	4.231771e-02	1053184
model.layers.27.self_attn.o_proj.weight	per-channel-u8	1024x2048	1024	8.222903e-03	1.244634e-03	2.020144e-04	2.489277e-03	2102272
model.layers.27.self_attn.o_proj.weight	per-group32-u4	1024x2048	65536	8.094128e-02	2.068685e-02	6.001790e-04	4.192708e-02	1343488
model.layers.27.self_attn.o_proj.weight	per-group64-u4	1024x2048	32768	9.125852e-02	2.075195e-02	6.896973e-04	4.192708e-02	1196032
model.layers.27.self_attn.o_proj.weight	per-group128-u4	1024x2048	16384	1.007508e-01	2.115885e-02	7.954916e-04	4.231771e-02	1122304
model.layers.27.self_attn.o_proj.weight	per-group128-u8	1024x2048	16384	5.932805e-03	1.244634e-03	4.679362e-05	2.489277e-03	2179072
model.layers.27.self_attn.q_proj.weight	per-tensor-u4	2048x1024	1	5.179153e-01	2.851562e-02	5.703125e-02	5.703125e-02	1048581
model.layers.27.self_attn.q_proj.weight	per-tensor-u8	2048x1024	1	3.114388e-02	1.677394e-03	3.354779e-03	3.354779e-03	2097157
model.layers.27.self_attn.q_proj.weight	per-channel-u4	2048x1024	2048	1.307469e-01	2.343750e-02	5.061849e-03	4.700521e-02	1057792
model.layers.27.self_attn.q_proj.weight	per-channel-u8	2048x1024	2048	7.691460e-03	1.380920e-03	2.977558e-04	2.765012e-03	2107392
model.layers.27.self_attn.q_proj.weight	per-group32-u4	2048x1024	65536	8.138708e-02	2.200521e-02	1.822917e-03	4.635417e-02	1343488
model.layers.27.self_attn.q_proj.weight	per-group64-u4	2048x1024	32768	9.200553e-02	2.218425e-02	2.718099e-03	4.635417e-02	1196032
model.layers.27.self_attn.q_proj.weight	per-group128-u4	2048x1024	16384	1.019807e-01	2.270508e-02	3.133138e-03	4.635417e-02	1122304
model.layers.27.self_attn.q_proj.weight	per-group128-u8	2048x1024	16384	6.000346e-03	1.355700e-03	1.843022e-04	2.726716e-03	2179072
model.layers.27.self_attn.v_proj.weight	per-tensor-u4	1024x1024	1	3.043425e-01	1.730143e-02	3.463542e-02	3.463542e-02	524293
model.layers.27.self_attn.v_proj.weight	per-tensor-u8	1024x1024	1	1.801310e-02	1.017731e-03	2.037378e-03	2.037378e-03	1048581
model.layers.27.self_attn.v_proj.weight	per-channel-u4	1024x1024	1024	1.320641e-01	1.533203e-02	7.275390e-03	3.066406e-02	528896
model.layers.27.self_attn.v_proj.weight	per-channel-u8	1024x1024	1024	7.773911e-03	9.018853e-04	4.279641e-04	1.803768e-03	1053696
model.layers.27.self_attn.v_proj.weight	per-group32-u4	1024x1024	32768	8.158406e-02	1.257324e-02	2.067057e-03	2.558594e-02	671744
model.layers.27.self_attn.v_proj.weight	per-group64-u4	1024x1024	16384	9.231305e-02	1.257324e-02	3.710937e-03	2.558594e-02	598016
model.layers.27.self_attn.v_proj.weight	per-group128-u4	1024x1024	8192	1.025490e-01	1.501465e-02	4.996745e-03	3.066406e-02	561152
model.layers.27.self_attn.v_proj.weight	per-group128-u8	1024x1024	8192	6.034793e-03	8.961400e-04	2.939262e-04	1.803768e-03	1089536
model.layers.3.mlp.down_proj.weight	per-tensor-u4	1024x3072	1	5.877561e-01	2.526855e-02	5.065104e-02	5.065104e-02	1572869
model.layers.3.mlp.down_proj.weight	per-tensor-u8	1024x3072	1	3.547846e-02	1.487732e-03	2.979473e-03	2.979473e-03	3145733
model.layers.3.mlp.down_proj.weight	per-channel-u4	1024x3072	1024	1.576732e-01	2.526855e-02	8.626302e-03	5.065104e-02	1577472
model.layers.3.mlp.down_proj.weight	per-channel-u8	1024x3072	1024	9.285750e-03	1.485907e-03	5.074295e-04	2.979473e-03	3150848
model.layers.3.mlp.down_proj.weight	per-group32-u4	1024x3072	98304	8.250413e-02	1.765951e-02	1.265462e-03	3.678386e-02	2015232
model.layers.3.mlp.down_proj.weight	per-group64-u4	1024x3072	49152	9.404331e-02	1.782227e-02	1.822917e-03	3.678386e-02	1794048
model.layers.3.mlp.down_proj.weight	per-group128-u4	1024x3072	24576	1.050443e-01	2.006836e-02	2.303060e-03	4.023438e-02	1683456
model.layers.3.mlp.down_proj.weight	per-group128-u8	1024x3072	24576	6.184258e-03	1.179054e-03	1.354741e-04	2.366728e-03	3268608
model.layers.3.mlp.gate_proj.weight	per-tensor-u4	3072x1024	1	4.203788e-01	2.954102e-02	5.911458e-02	5.911458e-02	1572869
model.layers.3.mlp.gate_proj.weight	per-tensor-u8	3072x1024	1	2.490990e-02	1.737827e-03	3.477328e-03	3.477328e-03	3145733
model.layers.3.mlp.gate_proj.weight	per-channel-u4	3072x1024	3072	1.303568e-01	2.331543e-02	8.186849e-03	4.667969e-02	1586688
model.layers.3.mlp.gate_proj.weight	per-channel-u8	3072x1024	3072	7.674896e-03	1.371137e-03	4.815793e-04	2.745864e-03	3161088
model.layers.3.mlp.gate_proj.weight	per-group32-u4	3072x1024	98304	8.103202e-02	1.907552e-02	1.961263e-03	3.942057e-02	2015232
model.layers.3.mlp.gate_proj.weight	per-group64-u4	3072x1024	49152	9.143391e-02	2.148438e-02	2.441406e-03	4.375000e-02	1794048
model.layers.3.mlp.gate_proj.weight	per-group128-u4	3072x1024	24576	1.013232e-01	2.172852e-02	2.888997e-03	4.381510e-02	1683456
model.layers.3.mlp.gate_proj.weight	per-group128-u8	3072x1024	24576	5.965409e-03	1.287991e-03	1.699410e-04	2.577359e-03	3268608
model.layers.3.mlp.up_proj.weight	per-tensor-u4	3072x1024	1	4.534631e-01	1.965332e-02	3.932292e-02	3.932292e-02	1572869
model.layers.3.mlp.up_proj.weight	per-tensor-u8	3072x1024	1	2.685737e-02	1.154641e-03	2.313113e-03	2.313113e-03	3145733
model.layers.3.mlp.up_proj.weight	per-channel-u4	3072x1024	3072	1.329233e-01	1.639811e-02	5.777995e-03	3.287761e-02	1586688
model.layers.3.mlp.up_proj.weight	per-channel-u8	3072x1024	3072	7.833736e-03	9.645941e-04	3.398820e-04	1.933977e-03	3161088
model.layers.3.mlp.up_proj.weight	per-group32-u4	3072x1024	98304	8.148230e-02	1.538086e-02	1.802572e-03	3.287761e-02	2015232
model.layers.3.mlp.up_proj.weight	per-group64-u4	3072x1024	49152	9.221833e-02	1.620280e-02	2.254232e-03	3.287761e-02	1794048
model.layers.3.mlp.up_proj.weight	per-group128-u4	3072x1024	24576	1.024745e-01	1.620280e-02	2.490234e-03	3.287761e-02	1683456
model.layers.3.mlp.up_proj.weight	per-group128-u8	3072x1024	24576	6.033413e-03	9.452067e-04	1.464844e-04	1.933977e-03	3268608
model.layers.3.self_attn.k_proj.weight	per-tensor-u4	1024x1024	1	6.200718e-01	3.398438e-02	6.796875e-02	6.796875e-02	524293
model.layers.3.self_attn.k_proj.weight	per-tensor-u8	1024x1024	1	3.965265e-02	1.999080e-03	3.998162e-03	3.998162e-03	1048581
model.layers.3.self_attn.k_proj.weight	per-channel-u4	1024x1024	1024	1.465154e-01	3.321940e-02	1.782227e-03	6.666667e-02	528896
model.layers.3.self_attn.k_proj.weight	per-channel-u8	1024x1024	1024	8.631978e-03	1.954086e-03	1.048369e-04	3.921569e-03	1053696
model.layers.3.self_attn.k_proj.weight	per-group32-u4	1024x1024	32768	8.267935e-02	2.612305e-02	7.609049e-04	5.273438e-02	671744
model.layers.3.self_attn.k_proj.weight	per-group64-u4	1024x1024	16384	9.450172e-02	3.297526e-02	1.007080e-03	6.666667e-02	598016
model.layers.3.self_attn.k_proj.weight	per-group128-u4	1024x1024	8192	1.060374e-01	3.297526e-02	1.175944e-03	6.666667e-02	561152
model.layers.3.self_attn.k_proj.weight	per-group128-u8	1024x1024	8192	6.242440e-03	1.953365e-03	6.917318e-05	3.921569e-03	1089536
model.layers.3.self_attn.o_proj.weight	per-tensor-u4	1024x2048	1	3.840930e-01	1.888021e-02	3.776042e-02	3.776042e-02	1048581
model.layers.3.self_attn.o_proj.weight	per-tensor-u8	1024x2048	1	2.269086e-02	1.110602e-03	2.221201e-03	2.221201e-03	2097157
model.layers.3.self_attn.o_proj.weight	per-channel-u4	1024x2048	1024	1.547237e-01	1.730143e-02	6.022135e-03	3.463542e-02	1053184
model.layers.3.self_attn.o_proj.weight	per-channel-u8	1024x2048	1024	9.103768e-03	1.017731e-03	3.542433e-04	2.037378e-03	2102272
model.layers.3.self_attn.o_proj.weight	per-group32-u4	1024x2048	65536	8.141598e-02	1.660156e-02	1.367187e-03	3.352864e-02	1343488
model.layers.3.self_attn.o_proj.weight	per-group64-u4	1024x2048	32768	9.209647e-02	1.660156e-02	2.046712e-03	3.352864e-02	1196032
model.layers.3.self_attn.o_proj.weight	per-group128-u4	1024x2048	16384	1.020220e-01	1.660156e-02	2.237956e-03	3.352864e-02	1122304
model.layers.3.self_attn.o_proj.weight	per-group128-u8	1024x2048	16384	6.001711e-03	9.765625e-04	1.316445e-04	1.972273e-03	2179072
model.layers.3.self_attn.q_proj.weight	per-tensor-u4	2048x1024	1	5.215426e-01	2.864584e-02	5.729167e-02	5.729167e-02	1048581
model.layers.3.self_attn.q_proj.weight	per-tensor-u8	2048x1024	1	3.189990e-02	1.685053e-03	3.370098e-03	3.370098e-03	2097157
model.layers.3.self_attn.q_proj.weight	per-channel-u4	2048x1024	2048	1.383126e-01	2.695312e-02	2.832031e-03	5.390625e-02	1057792
model.layers.3.self_attn.q_proj.weight	per-channel-u8	2048x1024	2048	8.137252e-03	1.585484e-03	1.665901e-04	3.170956e-03	2107392
model.layers.3.self_attn.q_proj.weight	per-group32-u4	2048x1024	65536	8.186069e-02	2.571614e-02	9.358724e-04	5.143229e-02	1343488
model.layers.3.self_attn.q_proj.weight	per-group64-u4	2048x1024	32768	9.288632e-02	2.571614e-02	1.497396e-03	5.143229e-02	1196032
model.layers.3.self_attn.q_proj.weight	per-group128-u4	2048x1024	16384	1.035929e-01	2.626953e-02	1.790365e-03	5.390625e-02	1122304
model.layers.3.self_attn.q_proj.weight	per-group128-u8	2048x1024	16384	6.101385e-03	1.551010e-03	1.053156e-04	3.170956e-03	2179072
model.layers.3.self_attn.v_proj.weight	per-tensor-u4	1024x1024	1	4.588522e-01	2.442220e-02	4.895834e-02	4.895834e-02	524293
model.layers.3.self_attn.v_proj.weight	per-tensor-u8	1024x1024	1	2.729539e-02	1.437946e-03	2.879902e-03	2.879902e-03	1048581
model.layers.3.self_attn.v_proj.weight	per-channel-u4	1024x1024	1024	1.375406e-01	2.197266e-02	8.398438e-03	4.401042e-02	528896
model.layers.3.self_attn.v_proj.weight	per-channel-u8	1024x1024	1024	8.109992e-03	1.290597e-03	4.940258e-04	2.588848e-03	1053696
model.layers.3.self_attn.v_proj.weight	per-group32-u4	1024x1024	32768	8.200222e-02	2.160645e-02	1.969401e-03	4.401042e-02	671744
model.layers.3.self_attn.v_proj.weight	per-group64-u4	1024x1024	16384	9.313980e-02	2.160645e-02	3.474935e-03	4.401042e-02	598016
model.layers.3.self_attn.v_proj.weight	per-group128-u4	1024x1024	8192	1.037822e-01	2.197266e-02	4.435221e-03	4.401042e-02	561152
model.layers.3.self_attn.v_proj.weight	per-group128-u8	1024x1024	8192	6.108812e-03	1.286525e-03	2.608954e-04	2.588848e-03	1089536
model.layers.4.mlp.down_proj.weight	per-tensor-u4	1024x3072	1	5.773369e-01	2.506510e-02	5.013021e-02	5.013021e-02	1572869
model.layers.4.mlp.down_proj.weight	per-tensor-u8	1024x3072	1	3.484959e-02	1.474418e-03	2.948836e-03	2.948836e-03	3145733
model.layers.4.mlp.down_proj.weight	per-channel-u4	1024x3072	1024	1.608619e-01	2.506510e-02	9.277344e-03	5.013021e-02	1577472
model.layers.4.mlp.down_proj.weight	per-channel-u8	1024x3072	1024	9.466671e-03	1.474418e-03	5.457261e-04	2.948836e-03	3150848
model.layers.4.mlp.down_proj.weight	per-group32-u4	1024x3072	98304	8.298173e-02	1.977539e-02	1.485189e-03	4.082031e-02	2015232
model.layers.4.mlp.down_proj.weight	per-group64-u4	1024x3072	49152	9.478643e-02	1.984049e-02	1.826986e-03	4.082031e-02	1794048
model.layers.4.mlp.down_proj.weight	per-group128-u4	1024x3072	24576	1.061404e-01	1.988932e-02	2.213542e-03	4.082031e-02	1683456
model.layers.4.mlp.down_proj.weight	per-group128-u8	1024x3072	24576	6.242181e-03	1.183391e-03	1.302083e-04	2.401195e-03	3268608
model.layers.4.mlp.gate_proj.weight	per-tensor-u4	3072x1024	1	4.096287e-01	2.753907e-02	5.507813e-02	5.507813e-02	1572869
model.layers.4.mlp.gate_proj.weight	per-tensor-u8	3072x1024	1	2.423312e-02	1.619935e-03	3.239890e-03	3.239890e-03	3145733
model.layers.4.mlp.gate_proj.weight	per-channel-u4	3072x1024	3072	1.292368e-01	2.453613e-02	7.275390e-03	4.908854e-02	1586688
model.layers.4.mlp.gate_proj.weight	per-channel-u8	3072x1024	3072	7.615979e-03	1.441626e-03	4.279641e-04	2.887561e-03	3161088
model.layers.4.mlp.gate_proj.weight	per-group32-u4	3072x1024	98304	8.087567e-02	2.071126e-02	1.993815e-03	4.231771e-02	2015232
model.layers.4.mlp.gate_proj.weight	per-group64-u4	3072x1024	49152	9.120249e-02	2.319336e-02	2.343750e-03	4.908854e-02	1794048
model.layers.4.mlp.gate_proj.weight	per-group128-u4	3072x1024	24576	1.008621e-01	2.441406e-02	3.043620e-03	4.908854e-02	1683456
model.layers.4.mlp.gate_proj.weight	per-group128-u8	3072x1024	24576	5.936397e-03	1.437318e-03	1.790365e-04	2.887561e-03	3268608
model.layers.4.mlp.up_proj.weight	per-tensor-u4	3072x1024	1	4.057689e-01	1.777343e-02	3.554688e-02	3.554688e-02	1572869
model.layers.4.mlp.up_proj.weight	per-tensor-u8	3072x1024	1	2.398846e-02	1.045495e-03	2.090993e-03	2.090993e-03	3145733
model.layers.4.mlp.up_proj.weight	per-channel-u4	3072x1024	3072	1.319924e-01	1.437581e-02	6.477864e-03	2.884115e-02	1586688
model.layers.4.mlp.up_proj.weight	per-channel-u8	3072x1024	3072	7.771435e-03	8.476702e-04	3.810509e-04	1.696538e-03	3161088
model.layers.4.mlp.up_proj.weight	per-group32-u4	3072x1024	98304	8.138838e-02	1.398519e-02	1.949056e-03	2.845052e-02	2015232
model.layers.4.mlp.up_proj.weight	per-group64-u4	3072x1024	49152	9.212643e-02	1.437175e-02	2.563477e-03	2.884115e-02	1794048
model.layers.4.mlp.up_proj.weight	per-group128-u4	3072x1024	24576	1.022382e-01	1.437175e-02	3.190104e-03	2.884115e-02	1683456
model.layers.4.mlp.up_proj.weight	per-group128-u8	3072x1024	24576	6.021026e-03	8.463562e-04	1.876532e-04	1.696538e-03	3268608
model.layers.4.self_attn.k_proj.weight	per-tensor-u4	1024x1024	1	4.576742e-01	2.316081e-02	4.635417e-02	4.635417e-02	524293
model.layers.4.self_attn.k_proj.weight	per-tensor-u8	1024x1024	1	2.758610e-02	1.362640e-03	2.726716e-03	2.726716e-03	1048581
model.layers.4.self_attn.k_proj.weight	per-channel-u4	1024x1024	1024	1.402938e-01	2.149251e-02	1.338704e-03	4.309896e-02	528896
model.layers.4.self_attn.k_proj.weight	per-channel-u8	1024x1024	1024	8.253087e-03	1.267137e-03	7.874732e-05	2.535233e-03	1053696
model.layers.4.self_attn.k_proj.weight	per-group32-u4	1024x1024	32768	8.171633e-02	2.008463e-02	5.808512e-04	4.140625e-02	671744
model.layers.4.self_attn.k_proj.weight	per-group64-u4	1024x1024	16384	9.256269e-02	2.111816e-02	6.998698e-04	4.309896e-02	598016
model.layers.4.self_attn.k_proj.weight	per-group128-u4	1024x1024	8192	1.031936e-01	2.135416e-02	8.056641e-04	4.309896e-02	561152
model.layers.4.self_attn.k_proj.weight	per-group128-u8	1024x1024	8192	6.068272e-03	1.267137e-03	4.739200e-05	2.535233e-03	1089536
model.layers.4.self_attn.o_proj.weight	per-tensor-u4	1024x2048	1	4.750176e-01	2.278646e-02	4.557292e-02	4.557292e-02	1048581
model.layers.4.self_attn.o_proj.weight	per-tensor-u8	1024x2048	1	2.829466e-02	1.340382e-03	2.680760e-03	2.680760e-03	2097157
model.layers.4.self_attn.o_proj.weight	per-channel-u4	1024x2048	1024	1.568100e-01	2.062988e-02	6.087239e-03	4.127604e-02	1053184
model.layers.4.self_attn.o_proj.weight	per-channel-u8	1024x2048	1024	9.227509e-03	1.213283e-03	3.580729e-04	2.428002e-03	2102272
model.layers.4.self_attn.o_proj.weight	per-group32-u4	1024x2048	65536	8.151207e-02	1.614583e-02	1.165772e-03	3.385417e-02	1343488
model.layers.4.self_attn.o_proj.weight	per-group64-u4	1024x2048	32768	9.222322e-02	1.992187e-02	1.753744e-03	4.127604e-02	1196032
model.layers.4.self_attn.o_proj.weight	per-group128-u4	1024x2048	16384	1.022362e-01	2.040202e-02	2.079264e-03	4.127604e-02	1122304
model.layers.4.self_attn.o_proj.weight	per-group128-u8	1024x2048	16384	6.013039e-03	1.210172e-03	1.223097e-04	2.428002e-03	2179072
model.layers.4.self_attn.q_proj.weight	per-tensor-u4	2048x1024	1	6.536768e-01	3.645834e-02	7.291666e-02	7.291666e-02	1048581
model.layers.4.self_attn.q_proj.weight	per-tensor-u8	2048x1024	1	4.164693e-02	2.144612e-03	4.289216e-03	4.289216e-03	2097157
model.layers.4.self_attn.q_proj.weight	per-channel-u4	2048x1024	2048	1.345054e-01	3.645833e-02	3.385417e-03	7.291666e-02	1057792
model.layers.4.self_attn.q_proj.weight	per-channel-u8	2048x1024	2048	7.915696e-03	2.144612e-03	1.991422e-04	4.289216e-03	2107392
model.layers.4.self_attn.q_proj.weight	per-group32-u4	2048x1024	65536	8.155555e-02	3.295898e-02	1.489258e-03	7.291666e-02	1343488
model.layers.4.self_attn.q_proj.weight	per-group64-u4	2048x1024	32768	9.245382e-02	3.597005e-02	1.859538e-03	7.291666e-02	1196032
model.layers.4.self_attn.q_proj.weight	per-group128-u4	2048x1024	16384	1.027447e-01	3.597005e-02	2.111816e-03	7.291666e-02	1122304
model.layers.4.self_attn.q_proj.weight	per-group128-u8	2048x1024	16384	6.045588e-03	2.077594e-03	1.242245e-04	4.289216e-03	2179072
model.layers.4.self_attn.v_proj.weight	per-tensor-u4	1024x1024	1	2.575264e-01	1.337890e-02	2.675781e-02	2.675781e-02	524293
model.layers.4.self_attn.v_proj.weight	per-tensor-u8	1024x1024	1	1.519373e-02	7.869974e-04	1.573989e-03	1.573989e-03	1048581
model.layers.4.self_attn.v_proj.weight	per-channel-u4	1024x1024	1024	1.332572e-01	1.269938e-02	7.552083e-03	2.545573e-02	528896
model.layers.4.self_attn.v_proj.weight	per-channel-u8	1024x1024	1024	7.841496e-03	7.486977e-04	4.442402e-04	1.497396e-03	1053696
model.layers.4.self_attn.v_proj.weight	per-group32-u4	1024x1024	32768	8.183339e-02	1.257324e-02	2.140299e-03	2.545573e-02	671744
model.layers.4.self_attn.v_proj.weight	per-group64-u4	1024x1024	16384	9.280853e-02	1.258138e-02	3.222656e-03	2.545573e-02	598016
model.layers.4.self_attn.v_proj.weight	per-group128-u4	1024x1024	8192	1.032872e-01	1.258138e-02	3.963216e-03	2.545573e-02	561152
model.layers.4.self_attn.v_proj.weight	per-group128-u8	1024x1024	8192	6.085238e-03	7.486977e-04	2.331304e-04	1.497396e-03	1089536
model.layers.5.mlp.down_proj.weight	per-tensor-u4	1024x3072	1	5.989922e-01	2.746582e-02	5.494792e-02	5.494792e-02	1572869
model.layers.5.mlp.down_proj.weight	per-tensor-u8	1024x3072	1	3.616945e-02	1.614799e-03	3.232230e-03	3.232230e-03	3145733
model.layers.5.mlp.down_proj.weight	per-channel-u4	1024x3072	1024	1.607453e-01	2.746582e-02	9.928386e-03	5.494792e-02	1577472
model.layers.5.mlp.down_proj.weight	per-channel-u8	1024x3072	1024	9.456852e-03	1.614198e-03	5.840227e-04	3.232230e-03	3150848
model.layers.5.mlp.down_proj.weight	per-group32-u4	1024x3072	98304	8.255366e-02	1.910807e-02	1.556396e-03	3.912760e-02	2015232
model.layers.5.mlp.down_proj.weight	per-group64-u4	1024x3072	49152	9.415610e-02	1.910807e-02	2.026367e-03	3.912760e-02	1794048
model.layers.5.mlp.down_proj.weight	per-group128-u4	1024x3072	24576	1.053998e-01	1.946615e-02	2.408854e-03	3.912760e-02	1683456
model.layers.5.mlp.down_proj.weight	per-group128-u8	1024x3072	24576	6.200422e-03	1.149855e-03	1.416973e-04	2.301624e-03	3268608
model.layers.5.mlp.gate_proj.weight	per-tensor-u4	3072x1024	1	6.036808e-01	3.749999e-02	7.500000e-02	7.500000e-02	1572869
model.layers.5.mlp.gate_proj.weight	per-tensor-u8	3072x1024	1	3.661184e-02	2.205878e-03	4.411765e-03	4.411765e-03	3145733
model.layers.5.mlp.gate_proj.weight	per-channel-u4	3072x1024	3072	1.309988e-01	3.740235e-02	6.526693e-03	7.500000e-02	1586688
model.layers.5.mlp.gate_proj.weight	per-channel-u8	3072x1024	3072	7.720766e-03	2.201215e-03	3.839231e-04	4.411765e-03	3161088
model.layers.5.mlp.gate_proj.weight	per-group32-u4	3072x1024	98304	8.103555e-02	3.198242e-02	1.672363e-03	6.471355e-02	2015232
model.layers.5.mlp.gate_proj.weight	per-group64-u4	3072x1024	49152	9.152914e-02	3.740235e-02	2.140299e-03	7.500000e-02	1794048
model.layers.5.mlp.gate_proj.weight	per-group128-u4	3072x1024	24576	1.013784e-01	3.740235e-02	2.783203e-03	7.500000e-02	1683456
model.layers.5.mlp.gate_proj.weight	per-group128-u8	3072x1024	24576	5.967808e-03	2.197266e-03	1.637178e-04	4.411765e-03	3268608
model.layers.5.mlp.up_proj.weight	per-tensor-u4	3072x1024	1	5.289894e-01	2.460939e-02	4.921875e-02	4.921875e-02	1572869
model.layers.5.mlp.up_proj.weight	per-tensor-u8	3072x1024	1	3.149627e-02	1.447611e-03	2.895221e-03	2.895221e-03	3145733
model.layers.5.mlp.up_proj.weight	per-channel-u4	3072x1024	3072	1.333362e-01	2.372233e-02	7.340495e-03	4.752604e-02	1586688
model.layers.5.mlp.up_proj.weight	per-channel-u8	3072x1024	3072	7.856669e-03	1.390644e-03	4.317938e-04	2.795649e-03	3161088
model.layers.5.mlp.up_proj.weight	per-group32-u4	3072x1024	98304	8.141393e-02	1.904297e-02	1.749674e-03	3.945313e-02	2015232
model.layers.5.mlp.up_proj.weight	per-group64-u4	3072x1024	49152	9.224910e-02	1.953125e-02	1.904297e-03	3.945313e-02	1794048
model.layers.5.mlp.up_proj.weight	per-group128-u4	3072x1024	24576	1.024206e-01	2.355957e-02	2.563477e-03	4.752604e-02	1683456
model.layers.5.mlp.up_proj.weight	per-group128-u8	3072x1024	24576	6.026177e-03	1.381069e-03	1.507927e-04	2.795649e-03	3268608
model.layers.5.self_attn.k_proj.weight	per-tensor-u4	1024x1024	1	5.279159e-01	2.648926e-02	5.299479e-02	5.299479e-02	524293
model.layers.5.self_attn.k_proj.weight	per-tensor-u8	1024x1024	1	3.194157e-02	1.557712e-03	3.117341e-03	3.117341e-03	1048581
model.layers.5.self_attn.k_proj.weight	per-channel-u4	1024x1024	1024	1.331429e-01	2.324219e-02	4.410808e-03	4.648437e-02	528896
model.layers.5.self_attn.k_proj.weight	per-channel-u8	1024x1024	1024	7.838813e-03	1.367196e-03	2.594593e-04	2.734375e-03	1053696
model.layers.5.self_attn.k_proj.weight	per-group32-u4	1024x1024	32768	8.126828e-02	1.643880e-02	1.501465e-03	3.304036e-02	671744
model.layers.5.self_attn.k_proj.weight	per-group64-u4	1024x1024	16384	9.205122e-02	2.314453e-02	2.006022e-03	4.648437e-02	598016
model.layers.5.self_attn.k_proj.weight	per-group128-u4	1024x1024	8192	1.020968e-01	2.314453e-02	2.559408e-03	4.648437e-02	561152
model.layers.5.self_attn.k_proj.weight	per-group128-u8	1024x1024	8192	6.010069e-03	1.367189e-03	1.505534e-04	2.734375e-03	1089536
model.layers.5.self_attn.o_proj.weight	per-tensor-u4	1024x2048	1	6.509857e-01	3.229168e-02	6.471355e-02	6.471355e-02	1048581
model.layers.5.self_attn.o_proj.weight	per-tensor-u8	1024x2048	1	4.047548e-02	1.901425e-03	3.806679e-03	3.806679e-03	2097157
model.layers.5.self_attn.o_proj.weight	per-channel-u4	1024x2048	1024	1.678830e-01	2.799479e-02	8.723958e-03	5.598958e-02	1053184
model.layers.5.self_attn.o_proj.weight	per-channel-u8	1024x2048	1024	9.887901e-03	1.646757e-03	5.131740e-04	3.293505e-03	2102272
model.layers.5.self_attn.o_proj.weight	per-group32-u4	1024x2048	65536	8.078175e-02	2.426758e-02	1.652018e-03	5.039062e-02	1343488
model.layers.5.self_attn.o_proj.weight	per-group64-u4	1024x2048	32768	9.104373e-02	2.779134e-02	1.883952e-03	5.598958e-02	1196032
model.layers.5.self_attn.o_proj.weight	per-group128-u4	1024x2048	16384	1.007017e-01	2.779134e-02	2.246094e-03	5.598958e-02	1122304
model.layers.5.self_attn.o_proj.weight	per-group128-u8	1024x2048	16384	5.921299e-03	1.637176e-03	1.321232e-04	3.293505e-03	2179072
model.layers.5.self_attn.q_proj.weight	per-tensor-u4	2048x1024	1	4.896350e-01	2.679037e-02	5.364583e-02	5.364583e-02	1048581
model.layers.5.self_attn.q_proj.weight	per-tensor-u8	2048x1024	1	2.950559e-02	1.576353e-03	3.155637e-03	3.155637e-03	2097157
model.layers.5.self_attn.q_proj.weight	per-channel-u4	2048x1024	2048	1.344467e-01	2.331543e-02	5.192057e-03	4.674479e-02	1057792
model.layers.5.self_attn.q_proj.weight	per-channel-u8	2048x1024	2048	7.904313e-03	1.373889e-03	3.054151e-04	2.749694e-03	2107392
model.layers.5.self_attn.q_proj.weight	per-group32-u4	2048x1024	65536	8.175933e-02	1.977539e-02	1.432292e-03	4.101562e-02	1343488
model.layers.5.self_attn.q_proj.weight	per-group64-u4	2048x1024	32768	9.275533e-02	2.180990e-02	2.010091e-03	4.459636e-02	1196032
model.layers.5.self_attn.q_proj.weight	per-group128-u4	2048x1024	16384	1.033083e-01	2.180990e-02	2.587891e-03	4.459636e-02	1122304
model.layers.5.self_attn.q_proj.weight	per-group128-u8	2048x1024	16384	6.081006e-03	1.292512e-03	1.522289e-04	2.623315e-03	2179072
model.layers.5.self_attn.v_proj.weight	per-tensor-u4	1024x1024	1	2.798342e-01	1.383464e-02	2.766927e-02	2.766927e-02	524293
model.layers.5.self_attn.v_proj.weight	per-tensor-u8	1024x1024	1	1.652209e-02	8.138046e-04	1.627604e-03	1.627604e-03	1048581
model.layers.5.self_attn.v_proj.weight	per-channel-u4	1024x1024	1024	1.416705e-01	1.214600e-02	9.212240e-03	2.434896e-02	528896
model.layers.5.self_attn.v_proj.weight	per-channel-u8	1024x1024	1024	8.337815e-03	7.161461e-04	5.418964e-04	1.432292e-03	1053696
model.layers.5.self_attn.v_proj.weight	per-group32-u4	1024x1024	32768	8.224589e-02	1.116943e-02	1.916504e-03	2.291667e-02	671744
model.layers.5.self_attn.v_proj.weight	per-group64-u4	1024x1024	16384	9.341604e-02	1.179199e-02	2.840169e-03	2.363281e-02	598016
model.layers.5.self_attn.v_proj.weight	per-group128-u4	1024x1024	8192	1.044434e-01	1.179199e-02	4.549154e-03	2.363281e-02	561152
model.layers.5.self_attn.v_proj.weight	per-group128-u8	1024x1024	8192	6.147946e-03	6.864667e-04	2.675973e-04	1.390165e-03	1089536
model.layers.6.mlp.down_proj.weight	per-tensor-u4	1024x3072	1	7.513054e-01	3.632814e-02	7.265625e-02	7.265625e-02	1572869
model.layers.6.mlp.down_proj.weight	per-tensor-u8	1024x3072	1	4.849186e-02	2.136946e-03	4.273897e-03	4.273897e-03	3145733
model.layers.6.mlp.down_proj.weight	per-channel-u4	1024x3072	1024	1.580061e-01	3.352864e-02	8.154297e-03	6.705729e-02	1577472
model.layers.6.mlp.down_proj.weight	per-channel-u8	1024x3072	1024	9.296311e-03	1.972273e-03	4.796645e-04	3.944546e-03	3150848
model.layers.6.mlp.down_proj.weight	per-group32-u4	1024x3072	98304	8.281232e-02	2.929688e-02	1.338704e-03	5.891927e-02	2015232
model.layers.6.mlp.down_proj.weight	per-group64-u4	1024x3072	49152	9.448046e-02	3.053386e-02	1.818848e-03	6.236979e-02	1794048
model.layers.6.mlp.down_proj.weight	per-group128-u4	1024x3072	24576	1.057479e-01	3.295898e-02	2.262370e-03	6.705729e-02	1683456
model.layers.6.mlp.down_proj.weight	per-group128-u8	1024x3072	24576	6.223275e-03	1.937567e-03	1.330806e-04	3.944546e-03	3268608
model.layers.6.mlp.gate_proj.weight	per-tensor-u4	3072x1024	1	3.545435e-01	2.083334e-02	4.166667e-02	4.166667e-02	1572869
model.layers.6.mlp.gate_proj.weight	per-tensor-u8	3072x1024	1	2.092615e-02	1.225501e-03	2.450980e-03	2.450980e-03	3145733
model.layers.6.mlp.gate_proj.weight	per-channel-u4	3072x1024	3072	1.303750e-01	2.050781e-02	6.054687e-03	4.101562e-02	1586688
model.layers.6.mlp.gate_proj.weight	per-channel-u8	3072x1024	3072	7.671721e-03	1.206342e-03	3.561581e-04	2.412684e-03	3161088
model.layers.6.mlp.gate_proj.weight	per-group32-u4	3072x1024	98304	8.106468e-02	2.050781e-02	1.826986e-03	4.101562e-02	2015232
model.layers.6.mlp.gate_proj.weight	per-group64-u4	3072x1024	49152	9.151315e-02	2.050781e-02	2.376302e-03	4.101562e-02	1794048
model.layers.6.mlp.gate_proj.weight	per-group128-u4	3072x1024	24576	1.012506e-01	2.050781e-02	3.108724e-03	4.101562e-02	1683456
model.layers.6.mlp.gate_proj.weight	per-group128-u8	3072x1024	24576	5.958118e-03	1.206342e-03	1.828661e-04	2.412684e-03	3268608
model.layers.6.mlp.up_proj.weight	per-tensor-u4	3072x1024	1	3.983126e-01	1.835937e-02	3.671875e-02	3.671875e-02	1572869
model.layers.6.mlp.up_proj.weight	per-tensor-u8	3072x1024	1	2.352482e-02	1.079969e-03	2.159927e-03	2.159927e-03	3145733
model.layers.6.mlp.up_proj.weight	per-channel-u4	3072x1024	3072	1.322385e-01	1.548665e-02	6.998698e-03	3.098958e-02	1586688
model.layers.6.mlp.up_proj.weight	per-channel-u8	3072x1024	3072	7.783363e-03	9.114593e-04	4.116881e-04	1.822917e-03	3161088
model.layers.6.mlp.up_proj.weight	per-group32-u4	3072x1024	98304	8.137413e-02	1.475423e-02	2.180990e-03	3.098958e-02	2015232
model.layers.6.mlp.up_proj.weight	per-group64-u4	3072x1024	49152	9.208005e-02	1.533203e-02	3.125000e-03	3.098958e-02	1794048
model.layers.6.mlp.up_proj.weight	per-group128-u4	3072x1024	24576	1.022486e-01	1.533203e-02	3.629557e-03	3.098958e-02	1683456
model.layers.6.mlp.up_proj.weight	per-group128-u8	3072x1024	24576	6.017930e-03	9.114593e-04	2.135034e-04	1.822917e-03	3268608
model.layers.6.self_attn.k_proj.weight	per-tensor-u4	1024x1024	1	6.097286e-01	3.287760e-02	6.575521e-02	6.575521e-02	524293
model.layers.6.self_attn.k_proj.weight	per-tensor-u8	1024x1024	1	4.004226e-02	1.933977e-03	3.867953e-03	3.867953e-03	1048581
model.layers.6.self_attn.k_proj.weight	per-channel-u4	1024x1024	1024	1.438994e-01	2.790527e-02	1.814779e-03	5.585938e-02	528896
model.layers.6.self_attn.k_proj.weight	per-channel-u8	1024x1024	1024	8.455344e-03	1.640048e-03	1.067517e-04	3.285846e-03	1053696
model.layers.6.self_attn.k_proj.weight	per-group32-u4	1024x1024	32768	8.227604e-02	2.311197e-02	5.777995e-04	4.856771e-02	671744
model.layers.6.self_attn.k_proj.weight	per-group64-u4	1024x1024	16384	9.356620e-02	2.530925e-02	9.256999e-04	5.143229e-02	598016
model.layers.6.self_attn.k_proj.weight	per-group128-u4	1024x1024	8192	1.045506e-01	2.571614e-02	9.908041e-04	5.143229e-02	561152
model.layers.6.self_attn.k_proj.weight	per-group128-u8	1024x1024	8192	6.159926e-03	1.512714e-03	5.828259e-05	3.025429e-03	1089536
model.layers.6.self_attn.o_proj.weight	per-tensor-u4	1024x2048	1	4.640077e-01	2.070312e-02	4.140625e-02	4.140625e-02	1048581
model.layers.6.self_attn.o_proj.weight	per-tensor-u8	1024x2048	1	2.773241e-02	1.217835e-03	2.435662e-03	2.435662e-03	2097157
model.layers.6.self_attn.o_proj.weight	per-channel-u4	1024x2048	1024	1.545059e-01	2.070312e-02	4.622396e-03	4.140625e-02	1053184
model.layers.6.self_attn.o_proj.weight	per-channel-u8	1024x2048	1024	9.086012e-03	1.217835e-03	2.719057e-04	2.435662e-03	2102272
model.layers.6.self_attn.o_proj.weight	per-group32-u4	1024x2048	65536	8.135265e-02	1.972656e-02	1.151530e-03	4.082031e-02	1343488
model.layers.6.self_attn.o_proj.weight	per-group64-u4	1024x2048	32768	9.196199e-02	1.931152e-02	1.460775e-03	4.140625e-02	1196032
model.layers.6.self_attn.o_proj.weight	per-group128-u4	1024x2048	16384	1.019265e-01	2.050781e-02	1.586914e-03	4.140625e-02	1122304
model.layers.6.self_attn.o_proj.weight	per-group128-u8	1024x2048	16384	5.993790e-03	1.200601e-03	9.334789e-05	2.435662e-03	2179072
model.layers.6.self_attn.q_proj.weight	per-tensor-u4	2048x1024	1	5.154881e-01	2.890626e-02	5.781250e-02	5.781250e-02	1048581
model.layers.6.self_attn.q_proj.weight	per-tensor-u8	2048x1024	1	3.216246e-02	1.700372e-03	3.400735e-03	3.400735e-03	2097157
model.layers.6.self_attn.q_proj.weight	per-channel-u4	2048x1024	2048	1.358062e-01	2.890626e-02	2.335612e-03	5.781250e-02	1057792
model.layers.6.self_attn.q_proj.weight	per-channel-u8	2048x1024	2048	7.991448e-03	1.700372e-03	1.373889e-04	3.400735e-03	2107392
model.layers.6.self_attn.q_proj.weight	per-group32-u4	2048x1024	65536	8.168397e-02	2.790527e-02	8.097331e-04	5.781250e-02	1343488
model.layers.6.self_attn.q_proj.weight	per-group64-u4	2048x1024	32768	9.251640e-02	2.890626e-02	1.035563e-03	5.781250e-02	1196032
model.layers.6.self_attn.q_proj.weight	per-group128-u4	2048x1024	16384	1.028545e-01	2.890626e-02	1.375325e-03	5.781250e-02	1122304
model.layers.6.self_attn.q_proj.weight	per-group128-u8	2048x1024	16384	6.055601e-03	1.700372e-03	8.090150e-05	3.400735e-03	2179072
model.layers.6.self_attn.v_proj.weight	per-tensor-u4	1024x1024	1	2.284087e-01	1.129150e-02	2.259115e-02	2.259115e-02	524293
model.layers.6.self_attn.v_proj.weight	per-tensor-u8	1024x1024	1	1.347777e-02	6.637573e-04	1.328891e-03	1.328891e-03	1048581
model.layers.6.self_attn.v_proj.weight	per-channel-u4	1024x1024	1024	1.339034e-01	1.067708e-02	7.194011e-03	2.141927e-02	528896
model.layers.6.self_attn.v_proj.weight	per-channel-u8	1024x1024	1024	7.876771e-03	6.280635e-04	4.231771e-04	1.259957e-03	1053696
model.layers.6.self_attn.v_proj.weight	per-group32-u4	1024x1024	32768	8.182342e-02	9.143066e-03	1.774089e-03	1.835937e-02	671744
model.layers.6.self_attn.v_proj.weight	per-group64-u4	1024x1024	16384	9.283691e-02	9.765625e-03	3.100586e-03	1.953125e-02	598016
model.layers.6.self_attn.v_proj.weight	per-group128-u4	1024x1024	8192	1.033470e-01	9.765625e-03	4.248047e-03	1.953125e-02	561152
model.layers.6.self_attn.v_proj.weight	per-group128-u8	1024x1024	8192	6.081264e-03	5.744472e-04	2.498851e-04	1.148897e-03	1089536
model.layers.7.mlp.down_proj.weight	per-tensor-u4	1024x3072	1	7.106738e-01	3.320312e-02	6.640625e-02	6.640625e-02	1572869
model.layers.7.mlp.down_proj.weight	per-tensor-u8	1024x3072	1	4.522503e-02	1.953125e-03	3.906250e-03	3.906250e-03	3145733
model.layers.7.mlp.down_proj.weight	per-channel-u4	1024x3072	1024	1.632537e-01	3.320312e-02	4.703776e-03	6.640625e-02	1577472
model.layers.7.mlp.down_proj.weight	per-channel-u8	1024x3072	1024	9.608258e-03	1.953125e-03	2.766927e-04	3.906250e-03	3150848
model.layers.7.mlp.down_proj.weight	per-group32-u4	1024x3072	98304	8.286665e-02	2.802734e-02	1.265462e-03	6.171875e-02	2015232
model.layers.7.mlp.down_proj.weight	per-group64-u4	1024x3072	49152	9.450087e-02	3.271484e-02	1.786296e-03	6.640625e-02	1794048
model.layers.7.mlp.down_proj.weight	per-group128-u4	1024x3072	24576	1.059099e-01	3.320312e-02	1.900228e-03	6.640625e-02	1683456
model.layers.7.mlp.down_proj.weight	per-group128-u8	1024x3072	24576	6.232166e-03	1.953125e-03	1.117781e-04	3.906250e-03	3268608
model.layers.7.mlp.gate_proj.weight	per-tensor-u4	3072x1024	1	3.708431e-01	2.190755e-02	4.388021e-02	4.388021e-02	1572869
model.layers.7.mlp.gate_proj.weight	per-tensor-u8	3072x1024	1	2.189758e-02	1.289637e-03	2.581189e-03	2.581189e-03	3145733
model.layers.7.mlp.gate_proj.weight	per-channel-u4	3072x1024	3072	1.293140e-01	2.054036e-02	5.281575e-03	4.127604e-02	1586688
model.layers.7.mlp.gate_proj.weight	per-channel-u8	3072x1024	3072	7.615002e-03	1.213283e-03	3.106809e-04	2.428002e-03	3161088
model.layers.7.mlp.gate_proj.weight	per-group32-u4	3072x1024	98304	8.094530e-02	1.940104e-02	1.220703e-03	3.932292e-02	2015232
model.layers.7.mlp.gate_proj.weight	per-group64-u4	3072x1024	49152	9.129354e-02	2.015788e-02	1.509603e-03	4.127604e-02	1794048
model.layers.7.mlp.gate_proj.weight	per-group128-u4	3072x1024	24576	1.009473e-01	2.015788e-02	1.664225e-03	4.127604e-02	1683456
model.layers.7.mlp.gate_proj.weight	per-group128-u8	3072x1024	24576	5.940683e-03	1.204427e-03	9.789560e-05	2.428002e-03	3268608
model.layers.7.mlp.up_proj.weight	per-tensor-u4	3072x1024	1	4.177065e-01	1.914063e-02	3.828125e-02	3.828125e-02	1572869
model.layers.7.mlp.up_proj.weight	per-tensor-u8	3072x1024	1	2.471133e-02	1.125932e-03	2.251838e-03	2.251838e-03	3145733
model.layers.7.mlp.up_proj.weight	per-channel-u4	3072x1024	3072	1.319939e-01	1.831055e-02	6.250000e-03	3.671875e-02	1586688
model.layers.7.mlp.up_proj.weight	per-channel-u8	3072x1024	3072	7.766150e-03	1.078526e-03	3.676471e-04	2.159927e-03	3161088
model.layers.7.mlp.up_proj.weight	per-group32-u4	3072x1024	98304	8.140741e-02	1.804199e-02	1.985677e-03	3.671875e-02	2015232
model.layers.7.mlp.up_proj.weight	per-group64-u4	3072x1024	49152	9.210742e-02	1.818848e-02	2.652995e-03	3.671875e-02	1794048
model.layers.7.mlp.up_proj.weight	per-group128-u4	3072x1024	24576	1.022264e-01	1.818848e-02	3.361003e-03	3.671875e-02	1683456
model.layers.7.mlp.up_proj.weight	per-group128-u8	3072x1024	24576	6.018095e-03	1.074937e-03	1.977060e-04	2.159927e-03	3268608
model.layers.7.self_attn.k_proj.weight	per-tensor-u4	1024x1024	1	3.761970e-01	1.741537e-02	3.483073e-02	3.483073e-02	524293
model.layers.7.self_attn.k_proj.weight	per-tensor-u8	1024x1024	1	2.225900e-02	1.024436e-03	2.048866e-03	2.048866e-03	1048581
model.layers.7.self_attn.k_proj.weight	per-channel-u4	1024x1024	1024	1.342389e-01	1.481120e-02	1.224772e-03	2.962240e-02	528896
model.layers.7.self_attn.k_proj.weight	per-channel-u8	1024x1024	1024	7.895738e-03	8.712448e-04	7.204542e-05	1.742494e-03	1053696
model.layers.7.self_attn.k_proj.weight	per-group32-u4	1024x1024	32768	8.138167e-02	1.236979e-02	4.862467e-04	2.506510e-02	671744
model.layers.7.self_attn.k_proj.weight	per-group64-u4	1024x1024	16384	9.189875e-02	1.428223e-02	6.551107e-04	2.871094e-02	598016
model.layers.7.self_attn.k_proj.weight	per-group128-u4	1024x1024	8192	1.020849e-01	1.428223e-02	8.483886e-04	2.871094e-02	561152
model.layers.7.self_attn.k_proj.weight	per-group128-u8	1024x1024	8192	6.011605e-03	8.386970e-04	4.990521e-05	1.688879e-03	1089536
model.layers.7.self_attn.o_proj.weight	per-tensor-u4	1024x2048	1	4.377767e-01	1.954753e-02	3.919271e-02	3.919271e-02	1048581
model.layers.7.self_attn.o_proj.weight	per-tensor-u8	1024x2048	1	2.602104e-02	1.152039e-03	2.305453e-03	2.305453e-03	2097157
model.layers.7.self_attn.o_proj.weight	per-channel-u4	1024x2048	1024	1.478762e-01	1.936849e-02	3.548177e-03	3.873698e-02	1053184
model.layers.7.self_attn.o_proj.weight	per-channel-u8	1024x2048	1024	8.706643e-03	1.139328e-03	2.087163e-04	2.278646e-03	2102272
model.layers.7.self_attn.o_proj.weight	per-group32-u4	1024x2048	65536	8.135925e-02	1.500651e-02	1.102702e-03	3.333334e-02	1343488
model.layers.7.self_attn.o_proj.weight	per-group64-u4	1024x2048	32768	9.194550e-02	1.692709e-02	1.289876e-03	3.548177e-02	1196032
model.layers.7.self_attn.o_proj.weight	per-group128-u4	1024x2048	16384	1.018252e-01	1.876628e-02	1.444499e-03	3.756510e-02	1122304
model.layers.7.self_attn.o_proj.weight	per-group128-u8	1024x2048	16384	5.986760e-03	1.102939e-03	8.497051e-05	2.209712e-03	2179072
model.layers.7.self_attn.q_proj.weight	per-tensor-u4	2048x1024	1	5.122583e-01	2.637533e-02	5.286459e-02	5.286459e-02	1048581
model.layers.7.self_attn.q_proj.weight	per-tensor-u8	2048x1024	1	3.087104e-02	1.553882e-03	3.109681e-03	3.109681e-03	2097157
model.layers.7.self_attn.q_proj.weight	per-channel-u4	2048x1024	2048	1.343669e-01	2.402344e-02	3.450521e-03	4.804688e-02	1057792
model.layers.7.self_attn.q_proj.weight	per-channel-u8	2048x1024	2048	7.907387e-03	1.413144e-03	2.029718e-04	2.826287e-03	2107392
model.layers.7.self_attn.q_proj.weight	per-group32-u4	2048x1024	65536	8.156567e-02	1.866862e-02	1.529948e-03	3.821615e-02	1343488
model.layers.7.self_attn.q_proj.weight	per-group64-u4	2048x1024	32768	9.247503e-02	2.070312e-02	1.818848e-03	4.179687e-02	1196032
model.layers.7.self_attn.q_proj.weight	per-group128-u4	2048x1024	16384	1.028387e-01	2.070312e-02	2.514648e-03	4.179687e-02	1122304
model.layers.7.self_attn.q_proj.weight	per-group128-u8	2048x1024	16384	6.051150e-03	1.219267e-03	1.479205e-04	2.458640e-03	2179072
model.layers.7.self_attn.v_proj.weight	per-tensor-u4	1024x1024	1	5.802797e-01	2.890625e-02	5.781250e-02	5.781250e-02	524293
model.layers.7.self_attn.v_proj.weight	per-tensor-u8	1024x1024	1	3.506175e-02	1.700372e-03	3.400735e-03	3.400735e-03	1048581
model.layers.7.self_attn.v_proj.weight	per-channel-u4	1024x1024	1024	1.376333e-01	2.233887e-02	9.016927e-03	4.485677e-02	528896
model.layers.7.self_attn.v_proj.weight	per-channel-u8	1024x1024	1024	8.111611e-03	1.315009e-03	5.304075e-04	2.638634e-03	1053696
model.layers.7.self_attn.v_proj.weight	per-group32-u4	1024x1024	32768	8.171923e-02	1.733398e-02	1.647949e-03	3.689779e-02	671744
model.layers.7.self_attn.v_proj.weight	per-group64-u4	1024x1024	16384	9.276322e-02	2.111816e-02	3.230794e-03	4.485677e-02	598016
model.layers.7.self_attn.v_proj.weight	per-group128-u4	1024x1024	8192	1.034282e-01	2.233887e-02	4.752604e-03	4.485677e-02	561152
model.layers.7.self_attn.v_proj.weight	per-group128-u8	1024x1024	8192	6.091498e-03	1.304956e-03	2.795650e-04	2.638634e-03	1089536
model.layers.8.mlp.down_proj.weight	per-tensor-u4	1024x3072	1	5.060150e-01	2.265626e-02	4.531250e-02	4.531250e-02	1572869
model.layers.8.mlp.down_proj.weight	per-tensor-u8	1024x3072	1	3.038815e-02	1.332715e-03	2.665441e-03	2.665441e-03	3145733
model.layers.8.mlp.down_proj.weight	per-channel-u4	1024x3072	1024	1.583764e-01	2.265626e-02	6.217448e-03	4.531250e-02	1577472
model.layers.8.mlp.down_proj.weight	per-channel-u8	1024x3072	1024	9.326093e-03	1.332715e-03	3.657322e-04	2.665441e-03	3150848
model.layers.8.mlp.down_proj.weight	per-group32-u4	1024x3072	98304	8.278473e-02	2.177735e-02	1.118978e-03	4.531250e-02	2015232
model.layers.8.mlp.down_proj.weight	per-group64-u4	1024x3072	49152	9.440097e-02	2.207032e-02	1.595052e-03	4.531250e-02	1794048
model.layers.8.mlp.down_proj.weight	per-group128-u4	1024x3072	24576	1.056501e-01	2.265626e-02	1.928711e-03	4.531250e-02	1683456
model.layers.8.mlp.down_proj.weight	per-group128-u8	1024x3072	24576	6.215215e-03	1.332715e-03	1.134536e-04	2.665441e-03	3268608
model.layers.8.mlp.gate_proj.weight	per-tensor-u4	3072x1024	1	7.459951e-01	4.765625e-02	9.531250e-02	9.531250e-02	1572869
model.layers.8.mlp.gate_proj.weight	per-tensor-u8	3072x1024	1	4.861801e-02	2.803311e-03	5.606618e-03	5.606618e-03	3145733
model.layers.8.mlp.gate_proj.weight	per-channel-u4	3072x1024	3072	1.308767e-01	4.765625e-02	6.445312e-03	9.531250e-02	1586688
model.layers.8.mlp.gate_proj.weight	per-channel-u8	3072x1024	3072	7.727876e-03	2.803311e-03	3.791360e-04	5.606618e-03	3161088
model.layers.8.mlp.gate_proj.weight	per-group32-u4	3072x1024	98304	8.105431e-02	4.283854e-02	1.770020e-03	8.697917e-02	2015232
model.layers.8.mlp.gate_proj.weight	per-group64-u4	3072x1024	49152	9.152180e-02	4.620768e-02	2.225749e-03	9.479167e-02	1794048
model.layers.8.mlp.gate_proj.weight	per-group128-u4	3072x1024	24576	1.013485e-01	4.718424e-02	2.319336e-03	9.479167e-02	1683456
model.layers.8.mlp.gate_proj.weight	per-group128-u8	3072x1024	24576	5.968333e-03	2.742037e-03	1.364315e-04	5.575981e-03	3268608
model.layers.8.mlp.up_proj.weight	per-tensor-u4	3072x1024	1	5.186039e-01	2.386068e-02	4.778646e-02	4.778646e-02	1572869
model.layers.8.mlp.up_proj.weight	per-tensor-u8	3072x1024	1	3.084144e-02	1.404528e-03	2.810968e-03	2.810968e-03	3145733
model.layers.8.mlp.up_proj.weight	per-channel-u4	3072x1024	3072	1.321402e-01	1.953125e-02	7.177734e-03	3.912760e-02	1586688
model.layers.8.mlp.up_proj.weight	per-channel-u8	3072x1024	3072	7.785445e-03	1.149855e-03	4.222197e-04	2.301624e-03	3161088
model.layers.8.mlp.up_proj.weight	per-group32-u4	3072x1024	98304	8.141549e-02	1.542971e-02	1.997884e-03	3.203125e-02	2015232
model.layers.8.mlp.up_proj.weight	per-group64-u4	3072x1024	49152	9.215587e-02	1.953125e-02	3.035482e-03	3.912760e-02	1794048
model.layers.8.mlp.up_proj.weight	per-group128-u4	3072x1024	24576	1.023524e-01	1.953125e-02	3.743490e-03	3.912760e-02	1683456
model.layers.8.mlp.up_proj.weight	per-group128-u8	3072x1024	24576	6.025799e-03	1.149855e-03	2.202053e-04	2.301624e-03	3268608
model.layers.8.self_attn.k_proj.weight	per-tensor-u4	1024x1024	1	7.402587e-01	4.150391e-02	8.307292e-02	8.307292e-02	524293
model.layers.8.self_attn.k_proj.weight	per-tensor-u8	1024x1024	1	5.175469e-02	2.441406e-03	4.886642e-03	4.886642e-03	1048581
model.layers.8.self_attn.k_proj.weight	per-channel-u4	1024x1024	1024	1.534856e-01	3.678385e-02	3.906250e-03	7.356771e-02	528896
model.layers.8.self_attn.k_proj.weight	per-channel-u8	1024x1024	1024	9.053902e-03	2.163760e-03	2.297794e-04	4.327512e-03	1053696
model.layers.8.self_attn.k_proj.weight	per-group32-u4	1024x1024	32768	8.278513e-02	3.063151e-02	1.521810e-03	6.236979e-02	671744
model.layers.8.self_attn.k_proj.weight	per-group64-u4	1024x1024	16384	9.475945e-02	3.662109e-02	2.046712e-03	7.356771e-02	598016
model.layers.8.self_attn.k_proj.weight	per-group128-u4	1024x1024	8192	1.064695e-01	3.662109e-02	2.408854e-03	7.356771e-02	561152
model.layers.8.self_attn.k_proj.weight	per-group128-u8	1024x1024	8192	6.285605e-03	2.149396e-03	1.416973e-04	4.327512e-03	1089536
model.layers.8.self_attn.o_proj.weight	per-tensor-u4	1024x2048	1	4.804703e-01	2.122396e-02	4.244792e-02	4.244792e-02	1048581
model.layers.8.self_attn.o_proj.weight	per-tensor-u8	1024x2048	1	2.881712e-02	1.248449e-03	2.496936e-03	2.496936e-03	2097157
model.layers.8.self_attn.o_proj.weight	per-channel-u4	1024x2048	1024	1.499931e-01	2.122396e-02	3.352865e-03	4.244792e-02	1053184
model.layers.8.self_attn.o_proj.weight	per-channel-u8	1024x2048	1024	8.828933e-03	1.248449e-03	1.972273e-04	2.496936e-03	2102272
model.layers.8.self_attn.o_proj.weight	per-group32-u4	1024x2048	65536	8.142672e-02	2.014974e-02	1.110840e-03	4.205729e-02	1343488
model.layers.8.self_attn.o_proj.weight	per-group64-u4	1024x2048	32768	9.199170e-02	2.083333e-02	1.310221e-03	4.205729e-02	1196032
model.layers.8.self_attn.o_proj.weight	per-group128-u4	1024x2048	16384	1.018278e-01	2.083333e-02	1.513672e-03	4.205729e-02	1122304
model.layers.8.self_attn.o_proj.weight	per-group128-u8	1024x2048	16384	5.990304e-03	1.236983e-03	8.903952e-05	2.473958e-03	2179072
model.layers.8.self_attn.q_proj.weight	per-tensor-u4	2048x1024	1	4.033453e-01	2.167970e-02	4.335938e-02	4.335938e-02	1048581
model.layers.8.self_attn.q_proj.weight	per-tensor-u8	2048x1024	1	2.425864e-02	1.275279e-03	2.550551e-03	2.550551e-03	2097157
model.layers.8.self_attn.q_proj.weight	per-channel-u4	2048x1024	2048	1.371050e-01	1.967774e-02	2.880859e-03	3.945313e-02	1057792
model.layers.8.self_attn.q_proj.weight	per-channel-u8	2048x1024	2048	8.071040e-03	1.158232e-03	1.694623e-04	2.320772e-03	2107392
model.layers.8.self_attn.q_proj.weight	per-group32-u4	2048x1024	65536	8.166437e-02	1.782227e-02	9.826660e-04	3.717448e-02	1343488
model.layers.8.self_attn.q_proj.weight	per-group64-u4	2048x1024	32768	9.251721e-02	1.849772e-02	1.139323e-03	3.717448e-02	1196032
model.layers.8.self_attn.q_proj.weight	per-group128-u4	2048x1024	16384	1.029914e-01	1.938476e-02	1.460775e-03	3.945313e-02	1122304
model.layers.8.self_attn.q_proj.weight	per-group128-u8	2048x1024	16384	6.057632e-03	1.156796e-03	8.592792e-05	2.320772e-03	2179072
model.layers.8.self_attn.v_proj.weight	per-tensor-u4	1024x1024	1	2.723680e-01	1.318766e-02	2.643229e-02	2.643229e-02	524293
model.layers.8.self_attn.v_proj.weight	per-tensor-u8	1024x1024	1	1.605990e-02	7.769410e-04	1.554841e-03	1.554841e-03	1048581
model.layers.8.self_attn.v_proj.weight	per-channel-u4	1024x1024	1024	1.334272e-01	1.067301e-02	9.407552e-03	2.135417e-02	528896
model.layers.8.self_attn.v_proj.weight	per-channel-u8	1024x1024	1024	7.858354e-03	6.239954e-04	5.533854e-04	1.256127e-03	1053696
model.layers.8.self_attn.v_proj.weight	per-group32-u4	1024x1024	32768	8.155730e-02	8.544922e-03	1.456706e-03	1.708984e-02	671744
model.layers.8.self_attn.v_proj.weight	per-group64-u4	1024x1024	16384	9.259642e-02	8.935547e-03	3.068034e-03	1.816406e-02	598016
model.layers.8.self_attn.v_proj.weight	per-group128-u4	1024x1024	8192	1.031494e-01	8.935547e-03	5.013021e-03	1.816406e-02	561152
model.layers.8.self_attn.v_proj.weight	per-group128-u8	1024x1024	8192	6.064203e-03	5.228978e-04	2.948836e-04	1.068474e-03	1089536
model.layers.9.mlp.down_proj.weight	per-tensor-u4	1024x3072	1	5.971111e-01	2.669271e-02	5.338542e-02	5.338542e-02	1572869
model.layers.9.mlp.down_proj.weight	per-tensor-u8	1024x3072	1	3.671864e-02	1.570158e-03	3.140319e-03	3.140319e-03	3145733
model.layers.9.mlp.down_proj.weight	per-channel-u4	1024x3072	1024	1.630474e-01	2.669271e-02	7.047526e-03	5.338542e-02	1577472
model.layers.9.mlp.down_proj.weight	per-channel-u8	1024x3072	1024	9.593954e-03	1.570158e-03	4.145603e-04	3.140319e-03	3150848
model.layers.9.mlp.down_proj.weight	per-group32-u4	1024x3072	98304	8.335855e-02	2.648926e-02	1.326497e-03	5.338542e-02	2015232
model.layers.9.mlp.down_proj.weight	per-group64-u4	1024x3072	49152	9.535376e-02	2.665202e-02	1.688639e-03	5.338542e-02	1794048
model.layers.9.mlp.down_proj.weight	per-group128-u4	1024x3072	24576	1.069945e-01	2.669271e-02	2.457682e-03	5.338542e-02	1683456
model.layers.9.mlp.down_proj.weight	per-group128-u8	1024x3072	24576	6.296362e-03	1.570158e-03	1.445696e-04	3.140319e-03	3268608
model.layers.9.mlp.gate_proj.weight	per-tensor-u4	3072x1024	1	4.512877e-01	2.701823e-02	5.403646e-02	5.403646e-02	1572869
model.layers.9.mlp.gate_proj.weight	per-tensor-u8	3072x1024	1	2.687940e-02	1.589306e-03	3.178615e-03	3.178615e-03	3145733
model.layers.9.mlp.gate_proj.weight	per-channel-u4	3072x1024	3072	1.323746e-01	2.478027e-02	4.248047e-03	4.973958e-02	1586688
model.layers.9.mlp.gate_proj.weight	per-channel-u8	3072x1024	3072	7.795251e-03	1.461014e-03	2.498851e-04	2.925858e-03	3161088
model.layers.9.mlp.gate_proj.weight	per-group32-u4	3072x1024	98304	8.112125e-02	2.252604e-02	1.806641e-03	4.687500e-02	2015232
model.layers.9.mlp.gate_proj.weight	per-group64-u4	3072x1024	49152	9.177421e-02	2.294922e-02	2.221680e-03	4.687500e-02	1794048
model.layers.9.mlp.gate_proj.weight	per-group128-u4	3072x1024	24576	1.016980e-01	2.460937e-02	2.750651e-03	4.973958e-02	1683456
model.layers.9.mlp.gate_proj.weight	per-group128-u8	3072x1024	24576	5.987462e-03	1.453355e-03	1.618030e-04	2.925858e-03	3268608
model.layers.9.mlp.up_proj.weight	per-tensor-u4	3072x1024	1	3.613676e-01	1.679687e-02	3.359375e-02	3.359375e-02	1572869
model.layers.9.mlp.up_proj.weight	per-tensor-u8	3072x1024	1	2.132237e-02	9.880438e-04	1.976103e-03	1.976103e-03	3145733
model.layers.9.mlp.up_proj.weight	per-channel-u4	3072x1024	3072	1.326625e-01	1.489258e-02	6.770833e-03	2.981771e-02	1586688
model.layers.9.mlp.up_proj.weight	per-channel-u8	3072x1024	3072	7.814719e-03	8.766025e-04	3.982843e-04	1.753983e-03	3161088
model.layers.9.mlp.up_proj.weight	per-group32-u4	3072x1024	98304	8.149280e-02	1.489258e-02	2.091471e-03	2.981771e-02	2015232
model.layers.9.mlp.up_proj.weight	per-group64-u4	3072x1024	49152	9.224887e-02	1.489258e-02	2.758789e-03	2.981771e-02	1794048
model.layers.9.mlp.up_proj.weight	per-group128-u4	3072x1024	24576	1.023344e-01	1.489258e-02	3.507487e-03	2.981771e-02	1683456
model.layers.9.mlp.up_proj.weight	per-group128-u8	3072x1024	24576	6.028652e-03	8.766025e-04	2.063228e-04	1.753983e-03	3268608
model.layers.9.self_attn.k_proj.weight	per-tensor-u4	1024x1024	1	6.646258e-01	3.390300e-02	6.783854e-02	6.783854e-02	524293
model.layers.9.self_attn.k_proj.weight	per-tensor-u8	1024x1024	1	4.280217e-02	1.994293e-03	3.990503e-03	3.990503e-03	1048581
model.layers.9.self_attn.k_proj.weight	per-channel-u4	1024x1024	1024	1.482704e-01	3.292643e-02	1.631673e-03	6.588542e-02	528896
model.layers.9.self_attn.k_proj.weight	per-channel-u8	1024x1024	1024	8.791624e-03	1.930117e-03	9.598077e-05	3.875613e-03	1053696
model.layers.9.self_attn.k_proj.weight	per-group32-u4	1024x1024	32768	8.243982e-02	2.929688e-02	5.086263e-04	5.859375e-02	671744
model.layers.9.self_attn.k_proj.weight	per-group64-u4	1024x1024	16384	9.358359e-02	3.271484e-02	7.212321e-04	6.588542e-02	598016
model.layers.9.self_attn.k_proj.weight	per-group128-u4	1024x1024	8192	1.043974e-01	3.271484e-02	9.053548e-04	6.588542e-02	561152
model.layers.9.self_attn.k_proj.weight	per-group128-u8	1024x1024	8192	6.164729e-03	1.918659e-03	5.325616e-05	3.875613e-03	1089536
model.layers.9.self_attn.o_proj.weight	per-tensor-u4	1024x2048	1	5.202622e-01	2.355957e-02	4.713542e-02	4.713542e-02	1048581
model.layers.9.self_attn.o_proj.weight	per-tensor-u8	1024x2048	1	3.151970e-02	1.386097e-03	2.772672e-03	2.772672e-03	2097157
model.layers.9.self_attn.o_proj.weight	per-channel-u4	1024x2048	1024	1.691881e-01	2.258301e-02	5.810547e-03	4.518229e-02	1053184
model.layers.9.self_attn.o_proj.weight	per-channel-u8	1024x2048	1024	9.970162e-03	1.327515e-03	3.417969e-04	2.657782e-03	2102272
model.layers.9.self_attn.o_proj.weight	per-group32-u4	1024x2048	65536	8.131568e-02	1.969401e-02	1.137288e-03	3.971354e-02	1343488
model.layers.9.self_attn.o_proj.weight	per-group64-u4	1024x2048	32768	9.205195e-02	2.246094e-02	1.542155e-03	4.518229e-02	1196032
model.layers.9.self_attn.o_proj.weight	per-group128-u4	1024x2048	16384	1.020134e-01	2.246094e-02	1.993815e-03	4.518229e-02	1122304
model.layers.9.self_attn.o_proj.weight	per-group128-u8	1024x2048	16384	6.006576e-03	1.314528e-03	1.172832e-04	2.657782e-03	2179072
model.layers.9.self_attn.q_proj.weight	per-tensor-u4	2048x1024	1	4.427441e-01	2.386068e-02	4.778646e-02	4.778646e-02	1048581
model.layers.9.self_attn.q_proj.weight	per-tensor-u8	2048x1024	1	2.677637e-02	1.404528e-03	2.810968e-03	2.810968e-03	2097157
model.layers.9.self_attn.q_proj.weight	per-channel-u4	2048x1024	2048	1.364435e-01	2.356771e-02	2.449544e-03	4.739583e-02	1057792
model.layers.9.self_attn.q_proj.weight	per-channel-u8	2048x1024	2048	8.030351e-03	1.393035e-03	1.440908e-04	2.787990e-03	2107392
model.layers.9.self_attn.q_proj.weight	per-group32-u4	2048x1024	65536	8.188746e-02	2.288412e-02	1.289876e-03	4.596354e-02	1343488
model.layers.9.self_attn.q_proj.weight	per-group64-u4	2048x1024	32768	9.289354e-02	2.291667e-02	1.375325e-03	4.596354e-02	1196032
model.layers.9.self_attn.q_proj.weight	per-group128-u4	2048x1024	16384	1.033888e-01	2.291667e-02	1.936849e-03	4.596354e-02	1122304
model.layers.9.self_attn.q_proj.weight	per-group128-u8	2048x1024	16384	6.074453e-03	1.348039e-03	1.139323e-04	2.703738e-03	2179072
model.layers.9.self_attn.v_proj.weight	per-tensor-u4	1024x1024	1	4.443126e-01	2.136230e-02	4.283854e-02	4.283854e-02	524293
model.layers.9.self_attn.v_proj.weight	per-tensor-u8	1024x1024	1	2.663921e-02	1.258850e-03	2.519914e-03	2.519914e-03	1048581
model.layers.9.self_attn.v_proj.weight	per-channel-u4	1024x1024	1024	1.400459e-01	1.843262e-02	7.226563e-03	3.691406e-02	528896
model.layers.9.self_attn.v_proj.weight	per-channel-u8	1024x1024	1024	8.252014e-03	1.084631e-03	4.250919e-04	2.171415e-03	1053696
model.layers.9.self_attn.v_proj.weight	per-group32-u4	1024x1024	32768	8.246157e-02	1.500651e-02	1.369222e-03	3.131510e-02	671744
model.layers.9.self_attn.v_proj.weight	per-group64-u4	1024x1024	16384	9.376276e-02	1.502278e-02	2.677409e-03	3.131510e-02	598016
model.layers.9.self_attn.v_proj.weight	per-group128-u4	1024x1024	8192	1.049596e-01	1.502278e-02	4.557292e-03	3.131510e-02	561152
model.layers.9.self_attn.v_proj.weight	per-group128-u8	1024x1024	8192	6.178240e-03	9.114593e-04	2.680760e-04	1.842065e-03	1089536
