sample_index	series_key	observation_index	duration_ns
0	0:governed-only:targets=1:providers=0:kind=empty:program=five-op	0	3208583
0	0:governed-only:targets=1:providers=0:kind=empty:program=five-op	1	3221916
0	0:governed-only:targets=1:providers=0:kind=empty:program=five-op	2	3210375
0	0:governed-only:targets=1:providers=0:kind=empty:program=five-op	3	3206750
0	0:governed-only:targets=1:providers=0:kind=empty:program=five-op	4	3212667
0	0:governed-only:targets=1:providers=0:kind=empty:program=five-op	5	3211375
0	0:governed-only:targets=1:providers=0:kind=empty:program=five-op	6	3209250
0	0:governed-only:targets=1:providers=0:kind=empty:program=five-op	7	3210709
0	0:governed-only:targets=1:providers=0:kind=empty:program=five-op	8	3206958
0	0:governed-only:targets=1:providers=0:kind=empty:program=five-op	9	3207250
0	0:governed-only:targets=1:providers=0:kind=empty:program=five-op	10	3209875
0	0:governed-only:targets=1:providers=0:kind=empty:program=five-op	11	3212750
0	0:governed-only:targets=1:providers=0:kind=empty:program=five-op	12	3217333
0	0:governed-only:targets=1:providers=0:kind=empty:program=five-op	13	3209334
0	0:governed-only:targets=1:providers=0:kind=empty:program=five-op	14	3212500
0	0:governed-only:targets=1:providers=0:kind=empty:program=five-op	15	3204250
0	0:governed-only:targets=1:providers=0:kind=empty:program=five-op	16	3209666
0	0:governed-only:targets=1:providers=0:kind=empty:program=five-op	17	3211708
0	0:governed-only:targets=1:providers=0:kind=empty:program=five-op	18	3203417
0	0:governed-only:targets=1:providers=0:kind=empty:program=five-op	19	3210334
0	0:governed-only:targets=1:providers=0:kind=empty:program=five-op	20	3205625
0	0:governed-only:targets=1:providers=0:kind=empty:program=five-op	21	3203292
0	0:governed-only:targets=1:providers=0:kind=empty:program=five-op	22	3202583
0	0:governed-only:targets=1:providers=0:kind=empty:program=five-op	23	3210666
0	0:governed-only:targets=1:providers=0:kind=empty:program=five-op	24	3209792
0	0:governed-only:targets=1:providers=0:kind=empty:program=five-op	25	3202416
0	0:governed-only:targets=1:providers=0:kind=empty:program=five-op	26	3203167
0	0:governed-only:targets=1:providers=0:kind=empty:program=five-op	27	3208375
0	0:governed-only:targets=1:providers=0:kind=empty:program=five-op	28	3199042
0	0:governed-only:targets=1:providers=0:kind=empty:program=five-op	29	3203166
0	0:governed-only:targets=1:providers=0:kind=empty:program=five-op	30	3204292
0	0:governed-only:targets=1:providers=0:kind=empty:program=five-op	31	3199250
0	0:governed-only:targets=1:providers=0:kind=empty:program=five-op	32	3218000
0	0:governed-only:targets=1:providers=0:kind=empty:program=five-op	33	3208208
0	0:governed-only:targets=1:providers=0:kind=empty:program=five-op	34	3203167
0	0:governed-only:targets=1:providers=0:kind=empty:program=five-op	35	3207250
0	0:governed-only:targets=1:providers=0:kind=empty:program=five-op	36	3206334
0	0:governed-only:targets=1:providers=0:kind=empty:program=five-op	37	3217166
0	0:governed-only:targets=1:providers=0:kind=empty:program=five-op	38	3203250
0	0:governed-only:targets=1:providers=0:kind=empty:program=five-op	39	3203166
0	0:governed-only:targets=1:providers=0:kind=empty:program=five-op	40	3200083
0	0:governed-only:targets=1:providers=0:kind=empty:program=five-op	41	3230750
0	0:governed-only:targets=1:providers=0:kind=empty:program=five-op	42	3204958
0	0:governed-only:targets=1:providers=0:kind=empty:program=five-op	43	3197042
0	0:governed-only:targets=1:providers=0:kind=empty:program=five-op	44	3204125
0	0:governed-only:targets=1:providers=0:kind=empty:program=five-op	45	3204209
0	0:governed-only:targets=1:providers=0:kind=empty:program=five-op	46	3200875
0	0:governed-only:targets=1:providers=0:kind=empty:program=five-op	47	3197125
0	0:governed-only:targets=1:providers=0:kind=empty:program=five-op	48	3212209
0	0:governed-only:targets=1:providers=0:kind=empty:program=five-op	49	3198792
1	1:external-vertical:targets=1:providers=1:kind=propose:program=five-op	0	3942875
1	1:external-vertical:targets=1:providers=1:kind=propose:program=five-op	1	3924667
1	1:external-vertical:targets=1:providers=1:kind=propose:program=five-op	2	3922166
1	1:external-vertical:targets=1:providers=1:kind=propose:program=five-op	3	3934959
1	1:external-vertical:targets=1:providers=1:kind=propose:program=five-op	4	3920375
1	1:external-vertical:targets=1:providers=1:kind=propose:program=five-op	5	3924084
1	1:external-vertical:targets=1:providers=1:kind=propose:program=five-op	6	3930167
1	1:external-vertical:targets=1:providers=1:kind=propose:program=five-op	7	3919667
1	1:external-vertical:targets=1:providers=1:kind=propose:program=five-op	8	3930250
1	1:external-vertical:targets=1:providers=1:kind=propose:program=five-op	9	3918500
1	1:external-vertical:targets=1:providers=1:kind=propose:program=five-op	10	3915000
1	1:external-vertical:targets=1:providers=1:kind=propose:program=five-op	11	3924417
1	1:external-vertical:targets=1:providers=1:kind=propose:program=five-op	12	3923292
1	1:external-vertical:targets=1:providers=1:kind=propose:program=five-op	13	3921333
1	1:external-vertical:targets=1:providers=1:kind=propose:program=five-op	14	3912459
1	1:external-vertical:targets=1:providers=1:kind=propose:program=five-op	15	3922375
1	1:external-vertical:targets=1:providers=1:kind=propose:program=five-op	16	3927625
1	1:external-vertical:targets=1:providers=1:kind=propose:program=five-op	17	3920250
1	1:external-vertical:targets=1:providers=1:kind=propose:program=five-op	18	3931542
1	1:external-vertical:targets=1:providers=1:kind=propose:program=five-op	19	3908833
1	1:external-vertical:targets=1:providers=1:kind=propose:program=five-op	20	3913292
1	1:external-vertical:targets=1:providers=1:kind=propose:program=five-op	21	3919625
1	1:external-vertical:targets=1:providers=1:kind=propose:program=five-op	22	3917000
1	1:external-vertical:targets=1:providers=1:kind=propose:program=five-op	23	3930375
1	1:external-vertical:targets=1:providers=1:kind=propose:program=five-op	24	3917000
1	1:external-vertical:targets=1:providers=1:kind=propose:program=five-op	25	3932333
1	1:external-vertical:targets=1:providers=1:kind=propose:program=five-op	26	3930041
1	1:external-vertical:targets=1:providers=1:kind=propose:program=five-op	27	3916625
1	1:external-vertical:targets=1:providers=1:kind=propose:program=five-op	28	3926125
1	1:external-vertical:targets=1:providers=1:kind=propose:program=five-op	29	3918375
1	1:external-vertical:targets=1:providers=1:kind=propose:program=five-op	30	3913000
1	1:external-vertical:targets=1:providers=1:kind=propose:program=five-op	31	3929959
1	1:external-vertical:targets=1:providers=1:kind=propose:program=five-op	32	3914000
1	1:external-vertical:targets=1:providers=1:kind=propose:program=five-op	33	3915583
1	1:external-vertical:targets=1:providers=1:kind=propose:program=five-op	34	3919000
1	1:external-vertical:targets=1:providers=1:kind=propose:program=five-op	35	3903250
1	1:external-vertical:targets=1:providers=1:kind=propose:program=five-op	36	3923250
1	1:external-vertical:targets=1:providers=1:kind=propose:program=five-op	37	3911625
1	1:external-vertical:targets=1:providers=1:kind=propose:program=five-op	38	3912750
1	1:external-vertical:targets=1:providers=1:kind=propose:program=five-op	39	3929042
1	1:external-vertical:targets=1:providers=1:kind=propose:program=five-op	40	3909416
1	1:external-vertical:targets=1:providers=1:kind=propose:program=five-op	41	3917084
1	1:external-vertical:targets=1:providers=1:kind=propose:program=five-op	42	3916459
1	1:external-vertical:targets=1:providers=1:kind=propose:program=five-op	43	3914625
1	1:external-vertical:targets=1:providers=1:kind=propose:program=five-op	44	3915375
1	1:external-vertical:targets=1:providers=1:kind=propose:program=five-op	45	3916625
1	1:external-vertical:targets=1:providers=1:kind=propose:program=five-op	46	3919917
1	1:external-vertical:targets=1:providers=1:kind=propose:program=five-op	47	3907958
1	1:external-vertical:targets=1:providers=1:kind=propose:program=five-op	48	3929583
1	1:external-vertical:targets=1:providers=1:kind=propose:program=five-op	49	3917917
2	2:request-five-governed:targets=1:providers=0:kind=empty:program=five-op	0	3873500
2	2:request-five-governed:targets=1:providers=0:kind=empty:program=five-op	1	3871209
2	2:request-five-governed:targets=1:providers=0:kind=empty:program=five-op	2	3861209
2	2:request-five-governed:targets=1:providers=0:kind=empty:program=five-op	3	3880209
2	2:request-five-governed:targets=1:providers=0:kind=empty:program=five-op	4	3865375
2	2:request-five-governed:targets=1:providers=0:kind=empty:program=five-op	5	3868833
2	2:request-five-governed:targets=1:providers=0:kind=empty:program=five-op	6	3873542
2	2:request-five-governed:targets=1:providers=0:kind=empty:program=five-op	7	3863000
2	2:request-five-governed:targets=1:providers=0:kind=empty:program=five-op	8	3876542
2	2:request-five-governed:targets=1:providers=0:kind=empty:program=five-op	9	3879709
2	2:request-five-governed:targets=1:providers=0:kind=empty:program=five-op	10	3881166
2	2:request-five-governed:targets=1:providers=0:kind=empty:program=five-op	11	3872292
2	2:request-five-governed:targets=1:providers=0:kind=empty:program=five-op	12	3861000
2	2:request-five-governed:targets=1:providers=0:kind=empty:program=five-op	13	3877417
2	2:request-five-governed:targets=1:providers=0:kind=empty:program=five-op	14	3866333
2	2:request-five-governed:targets=1:providers=0:kind=empty:program=five-op	15	3870334
2	2:request-five-governed:targets=1:providers=0:kind=empty:program=five-op	16	3870750
2	2:request-five-governed:targets=1:providers=0:kind=empty:program=five-op	17	3865292
2	2:request-five-governed:targets=1:providers=0:kind=empty:program=five-op	18	3866166
2	2:request-five-governed:targets=1:providers=0:kind=empty:program=five-op	19	3867292
2	2:request-five-governed:targets=1:providers=0:kind=empty:program=five-op	20	3864167
2	2:request-five-governed:targets=1:providers=0:kind=empty:program=five-op	21	3867291
2	2:request-five-governed:targets=1:providers=0:kind=empty:program=five-op	22	3863667
2	2:request-five-governed:targets=1:providers=0:kind=empty:program=five-op	23	3861792
2	2:request-five-governed:targets=1:providers=0:kind=empty:program=five-op	24	3864459
2	2:request-five-governed:targets=1:providers=0:kind=empty:program=five-op	25	3874375
2	2:request-five-governed:targets=1:providers=0:kind=empty:program=five-op	26	3869708
2	2:request-five-governed:targets=1:providers=0:kind=empty:program=five-op	27	3859375
2	2:request-five-governed:targets=1:providers=0:kind=empty:program=five-op	28	3871250
2	2:request-five-governed:targets=1:providers=0:kind=empty:program=five-op	29	3868375
2	2:request-five-governed:targets=1:providers=0:kind=empty:program=five-op	30	3865209
2	2:request-five-governed:targets=1:providers=0:kind=empty:program=five-op	31	3883375
2	2:request-five-governed:targets=1:providers=0:kind=empty:program=five-op	32	3861834
2	2:request-five-governed:targets=1:providers=0:kind=empty:program=five-op	33	3855000
2	2:request-five-governed:targets=1:providers=0:kind=empty:program=five-op	34	3868667
2	2:request-five-governed:targets=1:providers=0:kind=empty:program=five-op	35	3862875
2	2:request-five-governed:targets=1:providers=0:kind=empty:program=five-op	36	3860375
2	2:request-five-governed:targets=1:providers=0:kind=empty:program=five-op	37	3862750
2	2:request-five-governed:targets=1:providers=0:kind=empty:program=five-op	38	3859833
2	2:request-five-governed:targets=1:providers=0:kind=empty:program=five-op	39	3865625
2	2:request-five-governed:targets=1:providers=0:kind=empty:program=five-op	40	3863166
2	2:request-five-governed:targets=1:providers=0:kind=empty:program=five-op	41	3853583
2	2:request-five-governed:targets=1:providers=0:kind=empty:program=five-op	42	3872959
2	2:request-five-governed:targets=1:providers=0:kind=empty:program=five-op	43	3858334
2	2:request-five-governed:targets=1:providers=0:kind=empty:program=five-op	44	3869959
2	2:request-five-governed:targets=1:providers=0:kind=empty:program=five-op	45	3858958
2	2:request-five-governed:targets=1:providers=0:kind=empty:program=five-op	46	3859000
2	2:request-five-governed:targets=1:providers=0:kind=empty:program=five-op	47	3866500
2	2:request-five-governed:targets=1:providers=0:kind=empty:program=five-op	48	3853958
2	2:request-five-governed:targets=1:providers=0:kind=empty:program=five-op	49	3860542
3	3:request-five-specialist:targets=1:providers=1:kind=propose:program=five-op	0	6606167
3	3:request-five-specialist:targets=1:providers=1:kind=propose:program=five-op	1	6613709
3	3:request-five-specialist:targets=1:providers=1:kind=propose:program=five-op	2	6609750
3	3:request-five-specialist:targets=1:providers=1:kind=propose:program=five-op	3	6609750
3	3:request-five-specialist:targets=1:providers=1:kind=propose:program=five-op	4	6610583
3	3:request-five-specialist:targets=1:providers=1:kind=propose:program=five-op	5	6605875
3	3:request-five-specialist:targets=1:providers=1:kind=propose:program=five-op	6	6610625
3	3:request-five-specialist:targets=1:providers=1:kind=propose:program=five-op	7	6605958
3	3:request-five-specialist:targets=1:providers=1:kind=propose:program=five-op	8	6597584
3	3:request-five-specialist:targets=1:providers=1:kind=propose:program=five-op	9	6610125
3	3:request-five-specialist:targets=1:providers=1:kind=propose:program=five-op	10	6601583
3	3:request-five-specialist:targets=1:providers=1:kind=propose:program=five-op	11	6588875
3	3:request-five-specialist:targets=1:providers=1:kind=propose:program=five-op	12	6607417
3	3:request-five-specialist:targets=1:providers=1:kind=propose:program=five-op	13	6604208
3	3:request-five-specialist:targets=1:providers=1:kind=propose:program=five-op	14	6596416
3	3:request-five-specialist:targets=1:providers=1:kind=propose:program=five-op	15	6598584
3	3:request-five-specialist:targets=1:providers=1:kind=propose:program=five-op	16	6597875
3	3:request-five-specialist:targets=1:providers=1:kind=propose:program=five-op	17	6588375
3	3:request-five-specialist:targets=1:providers=1:kind=propose:program=five-op	18	6601167
3	3:request-five-specialist:targets=1:providers=1:kind=propose:program=five-op	19	6600084
3	3:request-five-specialist:targets=1:providers=1:kind=propose:program=five-op	20	6591042
3	3:request-five-specialist:targets=1:providers=1:kind=propose:program=five-op	21	6600958
3	3:request-five-specialist:targets=1:providers=1:kind=propose:program=five-op	22	6587959
3	3:request-five-specialist:targets=1:providers=1:kind=propose:program=five-op	23	6580292
3	3:request-five-specialist:targets=1:providers=1:kind=propose:program=five-op	24	6599667
3	3:request-five-specialist:targets=1:providers=1:kind=propose:program=five-op	25	6604625
3	3:request-five-specialist:targets=1:providers=1:kind=propose:program=five-op	26	6597459
3	3:request-five-specialist:targets=1:providers=1:kind=propose:program=five-op	27	6602000
3	3:request-five-specialist:targets=1:providers=1:kind=propose:program=five-op	28	6601083
3	3:request-five-specialist:targets=1:providers=1:kind=propose:program=five-op	29	6587167
3	3:request-five-specialist:targets=1:providers=1:kind=propose:program=five-op	30	6599834
3	3:request-five-specialist:targets=1:providers=1:kind=propose:program=five-op	31	6596791
3	3:request-five-specialist:targets=1:providers=1:kind=propose:program=five-op	32	6596000
3	3:request-five-specialist:targets=1:providers=1:kind=propose:program=five-op	33	6620375
3	3:request-five-specialist:targets=1:providers=1:kind=propose:program=five-op	34	6606792
3	3:request-five-specialist:targets=1:providers=1:kind=propose:program=five-op	35	6579166
3	3:request-five-specialist:targets=1:providers=1:kind=propose:program=five-op	36	6591458
3	3:request-five-specialist:targets=1:providers=1:kind=propose:program=five-op	37	6604917
3	3:request-five-specialist:targets=1:providers=1:kind=propose:program=five-op	38	6599333
3	3:request-five-specialist:targets=1:providers=1:kind=propose:program=five-op	39	6595875
3	3:request-five-specialist:targets=1:providers=1:kind=propose:program=five-op	40	6596584
3	3:request-five-specialist:targets=1:providers=1:kind=propose:program=five-op	41	6584959
3	3:request-five-specialist:targets=1:providers=1:kind=propose:program=five-op	42	6608958
3	3:request-five-specialist:targets=1:providers=1:kind=propose:program=five-op	43	6597291
3	3:request-five-specialist:targets=1:providers=1:kind=propose:program=five-op	44	6604750
3	3:request-five-specialist:targets=1:providers=1:kind=propose:program=five-op	45	6609458
3	3:request-five-specialist:targets=1:providers=1:kind=propose:program=five-op	46	6589250
3	3:request-five-specialist:targets=1:providers=1:kind=propose:program=five-op	47	6584708
3	3:request-five-specialist:targets=1:providers=1:kind=propose:program=five-op	48	6593458
3	3:request-five-specialist:targets=1:providers=1:kind=propose:program=five-op	49	6583625
4	4:request-add-four-groups:targets=1:providers=1:kind=propose:program=add-chain	0	3076125
4	4:request-add-four-groups:targets=1:providers=1:kind=propose:program=add-chain	1	3057625
4	4:request-add-four-groups:targets=1:providers=1:kind=propose:program=add-chain	2	3052000
4	4:request-add-four-groups:targets=1:providers=1:kind=propose:program=add-chain	3	3053083
4	4:request-add-four-groups:targets=1:providers=1:kind=propose:program=add-chain	4	3077209
4	4:request-add-four-groups:targets=1:providers=1:kind=propose:program=add-chain	5	3054083
4	4:request-add-four-groups:targets=1:providers=1:kind=propose:program=add-chain	6	3049833
4	4:request-add-four-groups:targets=1:providers=1:kind=propose:program=add-chain	7	3061125
4	4:request-add-four-groups:targets=1:providers=1:kind=propose:program=add-chain	8	3050208
4	4:request-add-four-groups:targets=1:providers=1:kind=propose:program=add-chain	9	3049500
4	4:request-add-four-groups:targets=1:providers=1:kind=propose:program=add-chain	10	3065166
4	4:request-add-four-groups:targets=1:providers=1:kind=propose:program=add-chain	11	3054542
4	4:request-add-four-groups:targets=1:providers=1:kind=propose:program=add-chain	12	3053917
4	4:request-add-four-groups:targets=1:providers=1:kind=propose:program=add-chain	13	3057666
4	4:request-add-four-groups:targets=1:providers=1:kind=propose:program=add-chain	14	3058667
4	4:request-add-four-groups:targets=1:providers=1:kind=propose:program=add-chain	15	3047666
4	4:request-add-four-groups:targets=1:providers=1:kind=propose:program=add-chain	16	3053250
4	4:request-add-four-groups:targets=1:providers=1:kind=propose:program=add-chain	17	3051041
4	4:request-add-four-groups:targets=1:providers=1:kind=propose:program=add-chain	18	3050250
4	4:request-add-four-groups:targets=1:providers=1:kind=propose:program=add-chain	19	3049750
4	4:request-add-four-groups:targets=1:providers=1:kind=propose:program=add-chain	20	3069959
4	4:request-add-four-groups:targets=1:providers=1:kind=propose:program=add-chain	21	3047875
4	4:request-add-four-groups:targets=1:providers=1:kind=propose:program=add-chain	22	3044375
4	4:request-add-four-groups:targets=1:providers=1:kind=propose:program=add-chain	23	3057459
4	4:request-add-four-groups:targets=1:providers=1:kind=propose:program=add-chain	24	3049916
4	4:request-add-four-groups:targets=1:providers=1:kind=propose:program=add-chain	25	3042167
4	4:request-add-four-groups:targets=1:providers=1:kind=propose:program=add-chain	26	3054333
4	4:request-add-four-groups:targets=1:providers=1:kind=propose:program=add-chain	27	3045166
4	4:request-add-four-groups:targets=1:providers=1:kind=propose:program=add-chain	28	3042042
4	4:request-add-four-groups:targets=1:providers=1:kind=propose:program=add-chain	29	3049584
4	4:request-add-four-groups:targets=1:providers=1:kind=propose:program=add-chain	30	3057708
4	4:request-add-four-groups:targets=1:providers=1:kind=propose:program=add-chain	31	3048500
4	4:request-add-four-groups:targets=1:providers=1:kind=propose:program=add-chain	32	3046792
4	4:request-add-four-groups:targets=1:providers=1:kind=propose:program=add-chain	33	3051750
4	4:request-add-four-groups:targets=1:providers=1:kind=propose:program=add-chain	34	3048416
4	4:request-add-four-groups:targets=1:providers=1:kind=propose:program=add-chain	35	3056875
4	4:request-add-four-groups:targets=1:providers=1:kind=propose:program=add-chain	36	3047875
4	4:request-add-four-groups:targets=1:providers=1:kind=propose:program=add-chain	37	3053500
4	4:request-add-four-groups:targets=1:providers=1:kind=propose:program=add-chain	38	3046333
4	4:request-add-four-groups:targets=1:providers=1:kind=propose:program=add-chain	39	3058250
4	4:request-add-four-groups:targets=1:providers=1:kind=propose:program=add-chain	40	3057083
4	4:request-add-four-groups:targets=1:providers=1:kind=propose:program=add-chain	41	3051583
4	4:request-add-four-groups:targets=1:providers=1:kind=propose:program=add-chain	42	3042959
4	4:request-add-four-groups:targets=1:providers=1:kind=propose:program=add-chain	43	3052875
4	4:request-add-four-groups:targets=1:providers=1:kind=propose:program=add-chain	44	3052125
4	4:request-add-four-groups:targets=1:providers=1:kind=propose:program=add-chain	45	3042666
4	4:request-add-four-groups:targets=1:providers=1:kind=propose:program=add-chain	46	3053000
4	4:request-add-four-groups:targets=1:providers=1:kind=propose:program=add-chain	47	3050667
4	4:request-add-four-groups:targets=1:providers=1:kind=propose:program=add-chain	48	3047083
4	4:request-add-four-groups:targets=1:providers=1:kind=propose:program=add-chain	49	3053417
5	5:request-five-governed:targets=2:providers=0:kind=empty:program=five-op	0	7798000
5	5:request-five-governed:targets=2:providers=0:kind=empty:program=five-op	1	7772666
5	5:request-five-governed:targets=2:providers=0:kind=empty:program=five-op	2	7776542
5	5:request-five-governed:targets=2:providers=0:kind=empty:program=five-op	3	7773500
5	5:request-five-governed:targets=2:providers=0:kind=empty:program=five-op	4	7780625
5	5:request-five-governed:targets=2:providers=0:kind=empty:program=five-op	5	7797417
5	5:request-five-governed:targets=2:providers=0:kind=empty:program=five-op	6	7776333
5	5:request-five-governed:targets=2:providers=0:kind=empty:program=five-op	7	7779000
5	5:request-five-governed:targets=2:providers=0:kind=empty:program=five-op	8	7767291
5	5:request-five-governed:targets=2:providers=0:kind=empty:program=five-op	9	7762875
5	5:request-five-governed:targets=2:providers=0:kind=empty:program=five-op	10	7767500
5	5:request-five-governed:targets=2:providers=0:kind=empty:program=five-op	11	7761584
5	5:request-five-governed:targets=2:providers=0:kind=empty:program=five-op	12	7772166
5	5:request-five-governed:targets=2:providers=0:kind=empty:program=five-op	13	7756667
5	5:request-five-governed:targets=2:providers=0:kind=empty:program=five-op	14	7764416
5	5:request-five-governed:targets=2:providers=0:kind=empty:program=five-op	15	7760750
5	5:request-five-governed:targets=2:providers=0:kind=empty:program=five-op	16	7774750
5	5:request-five-governed:targets=2:providers=0:kind=empty:program=five-op	17	7768959
5	5:request-five-governed:targets=2:providers=0:kind=empty:program=five-op	18	7771875
5	5:request-five-governed:targets=2:providers=0:kind=empty:program=five-op	19	7770542
5	5:request-five-governed:targets=2:providers=0:kind=empty:program=five-op	20	7777958
5	5:request-five-governed:targets=2:providers=0:kind=empty:program=five-op	21	7756375
5	5:request-five-governed:targets=2:providers=0:kind=empty:program=five-op	22	7754292
5	5:request-five-governed:targets=2:providers=0:kind=empty:program=five-op	23	7770417
5	5:request-five-governed:targets=2:providers=0:kind=empty:program=five-op	24	7760000
5	5:request-five-governed:targets=2:providers=0:kind=empty:program=five-op	25	7766875
5	5:request-five-governed:targets=2:providers=0:kind=empty:program=five-op	26	7760250
5	5:request-five-governed:targets=2:providers=0:kind=empty:program=five-op	27	7763125
5	5:request-five-governed:targets=2:providers=0:kind=empty:program=five-op	28	7783458
5	5:request-five-governed:targets=2:providers=0:kind=empty:program=five-op	29	7765583
5	5:request-five-governed:targets=2:providers=0:kind=empty:program=five-op	30	7767583
5	5:request-five-governed:targets=2:providers=0:kind=empty:program=five-op	31	7765250
5	5:request-five-governed:targets=2:providers=0:kind=empty:program=five-op	32	7771208
5	5:request-five-governed:targets=2:providers=0:kind=empty:program=five-op	33	7753542
5	5:request-five-governed:targets=2:providers=0:kind=empty:program=five-op	34	7760875
5	5:request-five-governed:targets=2:providers=0:kind=empty:program=five-op	35	7756583
5	5:request-five-governed:targets=2:providers=0:kind=empty:program=five-op	36	7753542
5	5:request-five-governed:targets=2:providers=0:kind=empty:program=five-op	37	7763584
5	5:request-five-governed:targets=2:providers=0:kind=empty:program=five-op	38	7750333
5	5:request-five-governed:targets=2:providers=0:kind=empty:program=five-op	39	7756333
5	5:request-five-governed:targets=2:providers=0:kind=empty:program=five-op	40	7781625
5	5:request-five-governed:targets=2:providers=0:kind=empty:program=five-op	41	7770125
5	5:request-five-governed:targets=2:providers=0:kind=empty:program=five-op	42	7753584
5	5:request-five-governed:targets=2:providers=0:kind=empty:program=five-op	43	7761333
5	5:request-five-governed:targets=2:providers=0:kind=empty:program=five-op	44	7757208
5	5:request-five-governed:targets=2:providers=0:kind=empty:program=five-op	45	7751125
5	5:request-five-governed:targets=2:providers=0:kind=empty:program=five-op	46	7761625
5	5:request-five-governed:targets=2:providers=0:kind=empty:program=five-op	47	7766916
5	5:request-five-governed:targets=2:providers=0:kind=empty:program=five-op	48	7768375
5	5:request-five-governed:targets=2:providers=0:kind=empty:program=five-op	49	7765667
6	6:request-five-specialist:targets=2:providers=1:kind=propose:program=five-op	0	13322959
6	6:request-five-specialist:targets=2:providers=1:kind=propose:program=five-op	1	13317666
6	6:request-five-specialist:targets=2:providers=1:kind=propose:program=five-op	2	13309459
6	6:request-five-specialist:targets=2:providers=1:kind=propose:program=five-op	3	13305667
6	6:request-five-specialist:targets=2:providers=1:kind=propose:program=five-op	4	13303916
6	6:request-five-specialist:targets=2:providers=1:kind=propose:program=five-op	5	13294875
6	6:request-five-specialist:targets=2:providers=1:kind=propose:program=five-op	6	13313125
6	6:request-five-specialist:targets=2:providers=1:kind=propose:program=five-op	7	13315083
6	6:request-five-specialist:targets=2:providers=1:kind=propose:program=five-op	8	13310750
6	6:request-five-specialist:targets=2:providers=1:kind=propose:program=five-op	9	13295791
6	6:request-five-specialist:targets=2:providers=1:kind=propose:program=five-op	10	13338917
6	6:request-five-specialist:targets=2:providers=1:kind=propose:program=five-op	11	13364791
6	6:request-five-specialist:targets=2:providers=1:kind=propose:program=five-op	12	13321417
6	6:request-five-specialist:targets=2:providers=1:kind=propose:program=five-op	13	13328791
6	6:request-five-specialist:targets=2:providers=1:kind=propose:program=five-op	14	13313250
6	6:request-five-specialist:targets=2:providers=1:kind=propose:program=five-op	15	13307084
6	6:request-five-specialist:targets=2:providers=1:kind=propose:program=five-op	16	13318167
6	6:request-five-specialist:targets=2:providers=1:kind=propose:program=five-op	17	13322875
6	6:request-five-specialist:targets=2:providers=1:kind=propose:program=five-op	18	13295208
6	6:request-five-specialist:targets=2:providers=1:kind=propose:program=five-op	19	13297375
6	6:request-five-specialist:targets=2:providers=1:kind=propose:program=five-op	20	13318917
6	6:request-five-specialist:targets=2:providers=1:kind=propose:program=five-op	21	13315333
6	6:request-five-specialist:targets=2:providers=1:kind=propose:program=five-op	22	13323375
6	6:request-five-specialist:targets=2:providers=1:kind=propose:program=five-op	23	13294125
6	6:request-five-specialist:targets=2:providers=1:kind=propose:program=five-op	24	13279209
6	6:request-five-specialist:targets=2:providers=1:kind=propose:program=five-op	25	13303958
6	6:request-five-specialist:targets=2:providers=1:kind=propose:program=five-op	26	13319375
6	6:request-five-specialist:targets=2:providers=1:kind=propose:program=five-op	27	13291583
6	6:request-five-specialist:targets=2:providers=1:kind=propose:program=five-op	28	13325708
6	6:request-five-specialist:targets=2:providers=1:kind=propose:program=five-op	29	13291250
6	6:request-five-specialist:targets=2:providers=1:kind=propose:program=five-op	30	13302292
6	6:request-five-specialist:targets=2:providers=1:kind=propose:program=five-op	31	13305625
6	6:request-five-specialist:targets=2:providers=1:kind=propose:program=five-op	32	13284209
6	6:request-five-specialist:targets=2:providers=1:kind=propose:program=five-op	33	13286917
6	6:request-five-specialist:targets=2:providers=1:kind=propose:program=five-op	34	13288875
6	6:request-five-specialist:targets=2:providers=1:kind=propose:program=five-op	35	13296250
6	6:request-five-specialist:targets=2:providers=1:kind=propose:program=five-op	36	13294875
6	6:request-five-specialist:targets=2:providers=1:kind=propose:program=five-op	37	13326375
6	6:request-five-specialist:targets=2:providers=1:kind=propose:program=five-op	38	13283833
6	6:request-five-specialist:targets=2:providers=1:kind=propose:program=five-op	39	13302125
6	6:request-five-specialist:targets=2:providers=1:kind=propose:program=five-op	40	13287292
6	6:request-five-specialist:targets=2:providers=1:kind=propose:program=five-op	41	13274583
6	6:request-five-specialist:targets=2:providers=1:kind=propose:program=five-op	42	13290458
6	6:request-five-specialist:targets=2:providers=1:kind=propose:program=five-op	43	13291083
6	6:request-five-specialist:targets=2:providers=1:kind=propose:program=five-op	44	13282917
6	6:request-five-specialist:targets=2:providers=1:kind=propose:program=five-op	45	13278250
6	6:request-five-specialist:targets=2:providers=1:kind=propose:program=five-op	46	13312000
6	6:request-five-specialist:targets=2:providers=1:kind=propose:program=five-op	47	13280875
6	6:request-five-specialist:targets=2:providers=1:kind=propose:program=five-op	48	13293625
6	6:request-five-specialist:targets=2:providers=1:kind=propose:program=five-op	49	13296500
7	7:request-add-four-groups:targets=2:providers=1:kind=propose:program=add-chain	0	6117375
7	7:request-add-four-groups:targets=2:providers=1:kind=propose:program=add-chain	1	6118084
7	7:request-add-four-groups:targets=2:providers=1:kind=propose:program=add-chain	2	6132958
7	7:request-add-four-groups:targets=2:providers=1:kind=propose:program=add-chain	3	6119125
7	7:request-add-four-groups:targets=2:providers=1:kind=propose:program=add-chain	4	6110292
7	7:request-add-four-groups:targets=2:providers=1:kind=propose:program=add-chain	5	6116916
7	7:request-add-four-groups:targets=2:providers=1:kind=propose:program=add-chain	6	6114500
7	7:request-add-four-groups:targets=2:providers=1:kind=propose:program=add-chain	7	6121292
7	7:request-add-four-groups:targets=2:providers=1:kind=propose:program=add-chain	8	6134916
7	7:request-add-four-groups:targets=2:providers=1:kind=propose:program=add-chain	9	6121084
7	7:request-add-four-groups:targets=2:providers=1:kind=propose:program=add-chain	10	6124791
7	7:request-add-four-groups:targets=2:providers=1:kind=propose:program=add-chain	11	6114334
7	7:request-add-four-groups:targets=2:providers=1:kind=propose:program=add-chain	12	6115625
7	7:request-add-four-groups:targets=2:providers=1:kind=propose:program=add-chain	13	6129250
7	7:request-add-four-groups:targets=2:providers=1:kind=propose:program=add-chain	14	6113042
7	7:request-add-four-groups:targets=2:providers=1:kind=propose:program=add-chain	15	6123917
7	7:request-add-four-groups:targets=2:providers=1:kind=propose:program=add-chain	16	6113916
7	7:request-add-four-groups:targets=2:providers=1:kind=propose:program=add-chain	17	6121667
7	7:request-add-four-groups:targets=2:providers=1:kind=propose:program=add-chain	18	6113084
7	7:request-add-four-groups:targets=2:providers=1:kind=propose:program=add-chain	19	6105833
7	7:request-add-four-groups:targets=2:providers=1:kind=propose:program=add-chain	20	6137125
7	7:request-add-four-groups:targets=2:providers=1:kind=propose:program=add-chain	21	6120417
7	7:request-add-four-groups:targets=2:providers=1:kind=propose:program=add-chain	22	6105916
7	7:request-add-four-groups:targets=2:providers=1:kind=propose:program=add-chain	23	6120000
7	7:request-add-four-groups:targets=2:providers=1:kind=propose:program=add-chain	24	6105000
7	7:request-add-four-groups:targets=2:providers=1:kind=propose:program=add-chain	25	6125042
7	7:request-add-four-groups:targets=2:providers=1:kind=propose:program=add-chain	26	6127292
7	7:request-add-four-groups:targets=2:providers=1:kind=propose:program=add-chain	27	6101250
7	7:request-add-four-groups:targets=2:providers=1:kind=propose:program=add-chain	28	6117666
7	7:request-add-four-groups:targets=2:providers=1:kind=propose:program=add-chain	29	6123000
7	7:request-add-four-groups:targets=2:providers=1:kind=propose:program=add-chain	30	6112417
7	7:request-add-four-groups:targets=2:providers=1:kind=propose:program=add-chain	31	6115542
7	7:request-add-four-groups:targets=2:providers=1:kind=propose:program=add-chain	32	6118625
7	7:request-add-four-groups:targets=2:providers=1:kind=propose:program=add-chain	33	6115916
7	7:request-add-four-groups:targets=2:providers=1:kind=propose:program=add-chain	34	6119708
7	7:request-add-four-groups:targets=2:providers=1:kind=propose:program=add-chain	35	6115125
7	7:request-add-four-groups:targets=2:providers=1:kind=propose:program=add-chain	36	6120000
7	7:request-add-four-groups:targets=2:providers=1:kind=propose:program=add-chain	37	6106666
7	7:request-add-four-groups:targets=2:providers=1:kind=propose:program=add-chain	38	6132292
7	7:request-add-four-groups:targets=2:providers=1:kind=propose:program=add-chain	39	6127125
7	7:request-add-four-groups:targets=2:providers=1:kind=propose:program=add-chain	40	6117041
7	7:request-add-four-groups:targets=2:providers=1:kind=propose:program=add-chain	41	6119625
7	7:request-add-four-groups:targets=2:providers=1:kind=propose:program=add-chain	42	6109709
7	7:request-add-four-groups:targets=2:providers=1:kind=propose:program=add-chain	43	6112042
7	7:request-add-four-groups:targets=2:providers=1:kind=propose:program=add-chain	44	6121458
7	7:request-add-four-groups:targets=2:providers=1:kind=propose:program=add-chain	45	6106542
7	7:request-add-four-groups:targets=2:providers=1:kind=propose:program=add-chain	46	6114125
7	7:request-add-four-groups:targets=2:providers=1:kind=propose:program=add-chain	47	6117834
7	7:request-add-four-groups:targets=2:providers=1:kind=propose:program=add-chain	48	6111042
7	7:request-add-four-groups:targets=2:providers=1:kind=propose:program=add-chain	49	6106583
8	8:request-five-governed:targets=8:providers=0:kind=empty:program=five-op	0	31639792
8	8:request-five-governed:targets=8:providers=0:kind=empty:program=five-op	1	31675375
8	8:request-five-governed:targets=8:providers=0:kind=empty:program=five-op	2	31616333
8	8:request-five-governed:targets=8:providers=0:kind=empty:program=five-op	3	31597041
8	8:request-five-governed:targets=8:providers=0:kind=empty:program=five-op	4	31547000
8	8:request-five-governed:targets=8:providers=0:kind=empty:program=five-op	5	31543833
8	8:request-five-governed:targets=8:providers=0:kind=empty:program=five-op	6	31555792
8	8:request-five-governed:targets=8:providers=0:kind=empty:program=five-op	7	31552541
8	8:request-five-governed:targets=8:providers=0:kind=empty:program=five-op	8	31539833
8	8:request-five-governed:targets=8:providers=0:kind=empty:program=five-op	9	31591458
8	8:request-five-governed:targets=8:providers=0:kind=empty:program=five-op	10	31564333
8	8:request-five-governed:targets=8:providers=0:kind=empty:program=five-op	11	31578167
8	8:request-five-governed:targets=8:providers=0:kind=empty:program=five-op	12	31558666
8	8:request-five-governed:targets=8:providers=0:kind=empty:program=five-op	13	31575167
8	8:request-five-governed:targets=8:providers=0:kind=empty:program=five-op	14	31528917
8	8:request-five-governed:targets=8:providers=0:kind=empty:program=five-op	15	31573917
8	8:request-five-governed:targets=8:providers=0:kind=empty:program=five-op	16	31557625
8	8:request-five-governed:targets=8:providers=0:kind=empty:program=five-op	17	31544333
8	8:request-five-governed:targets=8:providers=0:kind=empty:program=five-op	18	31540500
8	8:request-five-governed:targets=8:providers=0:kind=empty:program=five-op	19	31543583
8	8:request-five-governed:targets=8:providers=0:kind=empty:program=five-op	20	31532666
8	8:request-five-governed:targets=8:providers=0:kind=empty:program=five-op	21	31547042
8	8:request-five-governed:targets=8:providers=0:kind=empty:program=five-op	22	31670166
8	8:request-five-governed:targets=8:providers=0:kind=empty:program=five-op	23	31568834
8	8:request-five-governed:targets=8:providers=0:kind=empty:program=five-op	24	31528709
8	8:request-five-governed:targets=8:providers=0:kind=empty:program=five-op	25	31720792
8	8:request-five-governed:targets=8:providers=0:kind=empty:program=five-op	26	31553166
8	8:request-five-governed:targets=8:providers=0:kind=empty:program=five-op	27	31570542
8	8:request-five-governed:targets=8:providers=0:kind=empty:program=five-op	28	31552792
8	8:request-five-governed:targets=8:providers=0:kind=empty:program=five-op	29	31522334
8	8:request-five-governed:targets=8:providers=0:kind=empty:program=five-op	30	31522000
8	8:request-five-governed:targets=8:providers=0:kind=empty:program=five-op	31	31543625
8	8:request-five-governed:targets=8:providers=0:kind=empty:program=five-op	32	31548291
8	8:request-five-governed:targets=8:providers=0:kind=empty:program=five-op	33	31527875
8	8:request-five-governed:targets=8:providers=0:kind=empty:program=five-op	34	31564542
8	8:request-five-governed:targets=8:providers=0:kind=empty:program=five-op	35	31567459
8	8:request-five-governed:targets=8:providers=0:kind=empty:program=five-op	36	31541792
8	8:request-five-governed:targets=8:providers=0:kind=empty:program=five-op	37	31509083
8	8:request-five-governed:targets=8:providers=0:kind=empty:program=five-op	38	31519167
8	8:request-five-governed:targets=8:providers=0:kind=empty:program=five-op	39	31543125
8	8:request-five-governed:targets=8:providers=0:kind=empty:program=five-op	40	31520292
8	8:request-five-governed:targets=8:providers=0:kind=empty:program=five-op	41	31538292
8	8:request-five-governed:targets=8:providers=0:kind=empty:program=five-op	42	31513125
8	8:request-five-governed:targets=8:providers=0:kind=empty:program=five-op	43	31522542
8	8:request-five-governed:targets=8:providers=0:kind=empty:program=five-op	44	31518333
8	8:request-five-governed:targets=8:providers=0:kind=empty:program=five-op	45	31546791
8	8:request-five-governed:targets=8:providers=0:kind=empty:program=five-op	46	31567583
8	8:request-five-governed:targets=8:providers=0:kind=empty:program=five-op	47	31536959
8	8:request-five-governed:targets=8:providers=0:kind=empty:program=five-op	48	31544875
8	8:request-five-governed:targets=8:providers=0:kind=empty:program=five-op	49	31508458
9	9:request-five-specialist:targets=8:providers=1:kind=propose:program=five-op	0	54177792
9	9:request-five-specialist:targets=8:providers=1:kind=propose:program=five-op	1	54218292
9	9:request-five-specialist:targets=8:providers=1:kind=propose:program=five-op	2	54219375
9	9:request-five-specialist:targets=8:providers=1:kind=propose:program=five-op	3	54158542
9	9:request-five-specialist:targets=8:providers=1:kind=propose:program=five-op	4	54183916
9	9:request-five-specialist:targets=8:providers=1:kind=propose:program=five-op	5	54187167
9	9:request-five-specialist:targets=8:providers=1:kind=propose:program=five-op	6	54174875
9	9:request-five-specialist:targets=8:providers=1:kind=propose:program=five-op	7	54219042
9	9:request-five-specialist:targets=8:providers=1:kind=propose:program=five-op	8	54215250
9	9:request-five-specialist:targets=8:providers=1:kind=propose:program=five-op	9	54161667
9	9:request-five-specialist:targets=8:providers=1:kind=propose:program=five-op	10	54193959
9	9:request-five-specialist:targets=8:providers=1:kind=propose:program=five-op	11	54375208
9	9:request-five-specialist:targets=8:providers=1:kind=propose:program=five-op	12	54385500
9	9:request-five-specialist:targets=8:providers=1:kind=propose:program=five-op	13	54322166
9	9:request-five-specialist:targets=8:providers=1:kind=propose:program=five-op	14	55783459
9	9:request-five-specialist:targets=8:providers=1:kind=propose:program=five-op	15	61352459
9	9:request-five-specialist:targets=8:providers=1:kind=propose:program=five-op	16	57051208
9	9:request-five-specialist:targets=8:providers=1:kind=propose:program=five-op	17	57400083
9	9:request-five-specialist:targets=8:providers=1:kind=propose:program=five-op	18	57078167
9	9:request-five-specialist:targets=8:providers=1:kind=propose:program=five-op	19	55379250
9	9:request-five-specialist:targets=8:providers=1:kind=propose:program=five-op	20	54624500
9	9:request-five-specialist:targets=8:providers=1:kind=propose:program=five-op	21	54421792
9	9:request-five-specialist:targets=8:providers=1:kind=propose:program=five-op	22	54396375
9	9:request-five-specialist:targets=8:providers=1:kind=propose:program=five-op	23	54405291
9	9:request-five-specialist:targets=8:providers=1:kind=propose:program=five-op	24	54443833
9	9:request-five-specialist:targets=8:providers=1:kind=propose:program=five-op	25	55800125
9	9:request-five-specialist:targets=8:providers=1:kind=propose:program=five-op	26	54529167
9	9:request-five-specialist:targets=8:providers=1:kind=propose:program=five-op	27	54366875
9	9:request-five-specialist:targets=8:providers=1:kind=propose:program=five-op	28	54378792
9	9:request-five-specialist:targets=8:providers=1:kind=propose:program=five-op	29	54393625
9	9:request-five-specialist:targets=8:providers=1:kind=propose:program=five-op	30	54646208
9	9:request-five-specialist:targets=8:providers=1:kind=propose:program=five-op	31	54659709
9	9:request-five-specialist:targets=8:providers=1:kind=propose:program=five-op	32	54455959
9	9:request-five-specialist:targets=8:providers=1:kind=propose:program=five-op	33	54376333
9	9:request-five-specialist:targets=8:providers=1:kind=propose:program=five-op	34	54320666
9	9:request-five-specialist:targets=8:providers=1:kind=propose:program=five-op	35	54347750
9	9:request-five-specialist:targets=8:providers=1:kind=propose:program=five-op	36	54343917
9	9:request-five-specialist:targets=8:providers=1:kind=propose:program=five-op	37	54370542
9	9:request-five-specialist:targets=8:providers=1:kind=propose:program=five-op	38	54379250
9	9:request-five-specialist:targets=8:providers=1:kind=propose:program=five-op	39	54448750
9	9:request-five-specialist:targets=8:providers=1:kind=propose:program=five-op	40	54347167
9	9:request-five-specialist:targets=8:providers=1:kind=propose:program=five-op	41	54325000
9	9:request-five-specialist:targets=8:providers=1:kind=propose:program=five-op	42	54345959
9	9:request-five-specialist:targets=8:providers=1:kind=propose:program=five-op	43	54437584
9	9:request-five-specialist:targets=8:providers=1:kind=propose:program=five-op	44	54346833
9	9:request-five-specialist:targets=8:providers=1:kind=propose:program=five-op	45	54299334
9	9:request-five-specialist:targets=8:providers=1:kind=propose:program=five-op	46	54332167
9	9:request-five-specialist:targets=8:providers=1:kind=propose:program=five-op	47	54330791
9	9:request-five-specialist:targets=8:providers=1:kind=propose:program=five-op	48	54339792
9	9:request-five-specialist:targets=8:providers=1:kind=propose:program=five-op	49	54411084
10	10:request-add-four-groups:targets=8:providers=1:kind=propose:program=add-chain	0	35075083
10	10:request-add-four-groups:targets=8:providers=1:kind=propose:program=add-chain	1	35054625
10	10:request-add-four-groups:targets=8:providers=1:kind=propose:program=add-chain	2	35077000
10	10:request-add-four-groups:targets=8:providers=1:kind=propose:program=add-chain	3	35055833
10	10:request-add-four-groups:targets=8:providers=1:kind=propose:program=add-chain	4	35069042
10	10:request-add-four-groups:targets=8:providers=1:kind=propose:program=add-chain	5	35077542
10	10:request-add-four-groups:targets=8:providers=1:kind=propose:program=add-chain	6	35074750
10	10:request-add-four-groups:targets=8:providers=1:kind=propose:program=add-chain	7	35043750
10	10:request-add-four-groups:targets=8:providers=1:kind=propose:program=add-chain	8	35046084
10	10:request-add-four-groups:targets=8:providers=1:kind=propose:program=add-chain	9	35075000
10	10:request-add-four-groups:targets=8:providers=1:kind=propose:program=add-chain	10	35058958
10	10:request-add-four-groups:targets=8:providers=1:kind=propose:program=add-chain	11	35064458
10	10:request-add-four-groups:targets=8:providers=1:kind=propose:program=add-chain	12	35075917
10	10:request-add-four-groups:targets=8:providers=1:kind=propose:program=add-chain	13	35056875
10	10:request-add-four-groups:targets=8:providers=1:kind=propose:program=add-chain	14	35048208
10	10:request-add-four-groups:targets=8:providers=1:kind=propose:program=add-chain	15	35043459
10	10:request-add-four-groups:targets=8:providers=1:kind=propose:program=add-chain	16	35056084
10	10:request-add-four-groups:targets=8:providers=1:kind=propose:program=add-chain	17	35049584
10	10:request-add-four-groups:targets=8:providers=1:kind=propose:program=add-chain	18	35043167
10	10:request-add-four-groups:targets=8:providers=1:kind=propose:program=add-chain	19	35041542
10	10:request-add-four-groups:targets=8:providers=1:kind=propose:program=add-chain	20	35052000
10	10:request-add-four-groups:targets=8:providers=1:kind=propose:program=add-chain	21	35060125
10	10:request-add-four-groups:targets=8:providers=1:kind=propose:program=add-chain	22	35048333
10	10:request-add-four-groups:targets=8:providers=1:kind=propose:program=add-chain	23	35026542
10	10:request-add-four-groups:targets=8:providers=1:kind=propose:program=add-chain	24	35054458
10	10:request-add-four-groups:targets=8:providers=1:kind=propose:program=add-chain	25	35071708
10	10:request-add-four-groups:targets=8:providers=1:kind=propose:program=add-chain	26	35028041
10	10:request-add-four-groups:targets=8:providers=1:kind=propose:program=add-chain	27	35030125
10	10:request-add-four-groups:targets=8:providers=1:kind=propose:program=add-chain	28	35051708
10	10:request-add-four-groups:targets=8:providers=1:kind=propose:program=add-chain	29	35036000
10	10:request-add-four-groups:targets=8:providers=1:kind=propose:program=add-chain	30	35022750
10	10:request-add-four-groups:targets=8:providers=1:kind=propose:program=add-chain	31	35039458
10	10:request-add-four-groups:targets=8:providers=1:kind=propose:program=add-chain	32	35035667
10	10:request-add-four-groups:targets=8:providers=1:kind=propose:program=add-chain	33	35051542
10	10:request-add-four-groups:targets=8:providers=1:kind=propose:program=add-chain	34	35038500
10	10:request-add-four-groups:targets=8:providers=1:kind=propose:program=add-chain	35	35016834
10	10:request-add-four-groups:targets=8:providers=1:kind=propose:program=add-chain	36	35043958
10	10:request-add-four-groups:targets=8:providers=1:kind=propose:program=add-chain	37	35040083
10	10:request-add-four-groups:targets=8:providers=1:kind=propose:program=add-chain	38	35068458
10	10:request-add-four-groups:targets=8:providers=1:kind=propose:program=add-chain	39	35015875
10	10:request-add-four-groups:targets=8:providers=1:kind=propose:program=add-chain	40	35032791
10	10:request-add-four-groups:targets=8:providers=1:kind=propose:program=add-chain	41	35017333
10	10:request-add-four-groups:targets=8:providers=1:kind=propose:program=add-chain	42	35037417
10	10:request-add-four-groups:targets=8:providers=1:kind=propose:program=add-chain	43	35028958
10	10:request-add-four-groups:targets=8:providers=1:kind=propose:program=add-chain	44	35060625
10	10:request-add-four-groups:targets=8:providers=1:kind=propose:program=add-chain	45	35035833
10	10:request-add-four-groups:targets=8:providers=1:kind=propose:program=add-chain	46	35029250
10	10:request-add-four-groups:targets=8:providers=1:kind=propose:program=add-chain	47	35012250
10	10:request-add-four-groups:targets=8:providers=1:kind=propose:program=add-chain	48	34998208
10	10:request-add-four-groups:targets=8:providers=1:kind=propose:program=add-chain	49	35016000
11	11:request-five-governed:targets=16:providers=0:kind=empty:program=five-op	0	63514625
11	11:request-five-governed:targets=16:providers=0:kind=empty:program=five-op	1	63535500
11	11:request-five-governed:targets=16:providers=0:kind=empty:program=five-op	2	63488792
11	11:request-five-governed:targets=16:providers=0:kind=empty:program=five-op	3	63469625
11	11:request-five-governed:targets=16:providers=0:kind=empty:program=five-op	4	63522584
11	11:request-five-governed:targets=16:providers=0:kind=empty:program=five-op	5	63553958
11	11:request-five-governed:targets=16:providers=0:kind=empty:program=five-op	6	63553875
11	11:request-five-governed:targets=16:providers=0:kind=empty:program=five-op	7	63452416
11	11:request-five-governed:targets=16:providers=0:kind=empty:program=five-op	8	63470209
11	11:request-five-governed:targets=16:providers=0:kind=empty:program=five-op	9	63466458
11	11:request-five-governed:targets=16:providers=0:kind=empty:program=five-op	10	63474542
11	11:request-five-governed:targets=16:providers=0:kind=empty:program=five-op	11	63504291
11	11:request-five-governed:targets=16:providers=0:kind=empty:program=five-op	12	63465250
11	11:request-five-governed:targets=16:providers=0:kind=empty:program=five-op	13	63461542
11	11:request-five-governed:targets=16:providers=0:kind=empty:program=five-op	14	63520500
11	11:request-five-governed:targets=16:providers=0:kind=empty:program=five-op	15	63478167
11	11:request-five-governed:targets=16:providers=0:kind=empty:program=five-op	16	63508208
11	11:request-five-governed:targets=16:providers=0:kind=empty:program=five-op	17	63508167
11	11:request-five-governed:targets=16:providers=0:kind=empty:program=five-op	18	63481000
11	11:request-five-governed:targets=16:providers=0:kind=empty:program=five-op	19	63473334
11	11:request-five-governed:targets=16:providers=0:kind=empty:program=five-op	20	63448333
11	11:request-five-governed:targets=16:providers=0:kind=empty:program=five-op	21	63452667
11	11:request-five-governed:targets=16:providers=0:kind=empty:program=five-op	22	63517042
11	11:request-five-governed:targets=16:providers=0:kind=empty:program=five-op	23	63459542
11	11:request-five-governed:targets=16:providers=0:kind=empty:program=five-op	24	63532709
11	11:request-five-governed:targets=16:providers=0:kind=empty:program=five-op	25	63475375
11	11:request-five-governed:targets=16:providers=0:kind=empty:program=five-op	26	63464958
11	11:request-five-governed:targets=16:providers=0:kind=empty:program=five-op	27	63494167
11	11:request-five-governed:targets=16:providers=0:kind=empty:program=five-op	28	63469792
11	11:request-five-governed:targets=16:providers=0:kind=empty:program=five-op	29	63482875
11	11:request-five-governed:targets=16:providers=0:kind=empty:program=five-op	30	63491291
11	11:request-five-governed:targets=16:providers=0:kind=empty:program=five-op	31	63519084
11	11:request-five-governed:targets=16:providers=0:kind=empty:program=five-op	32	63448042
11	11:request-five-governed:targets=16:providers=0:kind=empty:program=five-op	33	63472791
11	11:request-five-governed:targets=16:providers=0:kind=empty:program=five-op	34	63451291
11	11:request-five-governed:targets=16:providers=0:kind=empty:program=five-op	35	63511584
11	11:request-five-governed:targets=16:providers=0:kind=empty:program=five-op	36	63483792
11	11:request-five-governed:targets=16:providers=0:kind=empty:program=five-op	37	63438250
11	11:request-five-governed:targets=16:providers=0:kind=empty:program=five-op	38	63441417
11	11:request-five-governed:targets=16:providers=0:kind=empty:program=five-op	39	63433584
11	11:request-five-governed:targets=16:providers=0:kind=empty:program=five-op	40	63414834
11	11:request-five-governed:targets=16:providers=0:kind=empty:program=five-op	41	63538125
11	11:request-five-governed:targets=16:providers=0:kind=empty:program=five-op	42	63502167
11	11:request-five-governed:targets=16:providers=0:kind=empty:program=five-op	43	63483667
11	11:request-five-governed:targets=16:providers=0:kind=empty:program=five-op	44	63494459
11	11:request-five-governed:targets=16:providers=0:kind=empty:program=five-op	45	63510375
11	11:request-five-governed:targets=16:providers=0:kind=empty:program=five-op	46	63495542
11	11:request-five-governed:targets=16:providers=0:kind=empty:program=five-op	47	63557042
11	11:request-five-governed:targets=16:providers=0:kind=empty:program=five-op	48	63480750
11	11:request-five-governed:targets=16:providers=0:kind=empty:program=five-op	49	63490458
12	12:request-five-specialist:targets=16:providers=1:kind=propose:program=five-op	0	110925916
12	12:request-five-specialist:targets=16:providers=1:kind=propose:program=five-op	1	109152583
12	12:request-five-specialist:targets=16:providers=1:kind=propose:program=five-op	2	108960708
12	12:request-five-specialist:targets=16:providers=1:kind=propose:program=five-op	3	108945375
12	12:request-five-specialist:targets=16:providers=1:kind=propose:program=five-op	4	108880875
12	12:request-five-specialist:targets=16:providers=1:kind=propose:program=five-op	5	109015833
12	12:request-five-specialist:targets=16:providers=1:kind=propose:program=five-op	6	108951500
12	12:request-five-specialist:targets=16:providers=1:kind=propose:program=five-op	7	109006041
12	12:request-five-specialist:targets=16:providers=1:kind=propose:program=five-op	8	108913208
12	12:request-five-specialist:targets=16:providers=1:kind=propose:program=five-op	9	109012584
12	12:request-five-specialist:targets=16:providers=1:kind=propose:program=five-op	10	109061709
12	12:request-five-specialist:targets=16:providers=1:kind=propose:program=five-op	11	109034041
12	12:request-five-specialist:targets=16:providers=1:kind=propose:program=five-op	12	109138625
12	12:request-five-specialist:targets=16:providers=1:kind=propose:program=five-op	13	108984250
12	12:request-five-specialist:targets=16:providers=1:kind=propose:program=five-op	14	109025292
12	12:request-five-specialist:targets=16:providers=1:kind=propose:program=five-op	15	109082125
12	12:request-five-specialist:targets=16:providers=1:kind=propose:program=five-op	16	109001375
12	12:request-five-specialist:targets=16:providers=1:kind=propose:program=five-op	17	108982708
12	12:request-five-specialist:targets=16:providers=1:kind=propose:program=five-op	18	108951750
12	12:request-five-specialist:targets=16:providers=1:kind=propose:program=five-op	19	108960791
12	12:request-five-specialist:targets=16:providers=1:kind=propose:program=five-op	20	109048375
12	12:request-five-specialist:targets=16:providers=1:kind=propose:program=five-op	21	109066084
12	12:request-five-specialist:targets=16:providers=1:kind=propose:program=five-op	22	109012917
12	12:request-five-specialist:targets=16:providers=1:kind=propose:program=five-op	23	108969000
12	12:request-five-specialist:targets=16:providers=1:kind=propose:program=five-op	24	109019958
12	12:request-five-specialist:targets=16:providers=1:kind=propose:program=five-op	25	109037417
12	12:request-five-specialist:targets=16:providers=1:kind=propose:program=five-op	26	109043917
12	12:request-five-specialist:targets=16:providers=1:kind=propose:program=five-op	27	109018250
12	12:request-five-specialist:targets=16:providers=1:kind=propose:program=five-op	28	108963500
12	12:request-five-specialist:targets=16:providers=1:kind=propose:program=five-op	29	109083917
12	12:request-five-specialist:targets=16:providers=1:kind=propose:program=five-op	30	109239583
12	12:request-five-specialist:targets=16:providers=1:kind=propose:program=five-op	31	109118916
12	12:request-five-specialist:targets=16:providers=1:kind=propose:program=five-op	32	109007459
12	12:request-five-specialist:targets=16:providers=1:kind=propose:program=five-op	33	109137375
12	12:request-five-specialist:targets=16:providers=1:kind=propose:program=five-op	34	108966791
12	12:request-five-specialist:targets=16:providers=1:kind=propose:program=five-op	35	108996083
12	12:request-five-specialist:targets=16:providers=1:kind=propose:program=five-op	36	109072834
12	12:request-five-specialist:targets=16:providers=1:kind=propose:program=five-op	37	108982000
12	12:request-five-specialist:targets=16:providers=1:kind=propose:program=five-op	38	108908375
12	12:request-five-specialist:targets=16:providers=1:kind=propose:program=five-op	39	108959125
12	12:request-five-specialist:targets=16:providers=1:kind=propose:program=five-op	40	108987792
12	12:request-five-specialist:targets=16:providers=1:kind=propose:program=five-op	41	108992667
12	12:request-five-specialist:targets=16:providers=1:kind=propose:program=five-op	42	109157334
12	12:request-five-specialist:targets=16:providers=1:kind=propose:program=five-op	43	109041625
12	12:request-five-specialist:targets=16:providers=1:kind=propose:program=five-op	44	109014833
12	12:request-five-specialist:targets=16:providers=1:kind=propose:program=five-op	45	109054291
12	12:request-five-specialist:targets=16:providers=1:kind=propose:program=five-op	46	109073667
12	12:request-five-specialist:targets=16:providers=1:kind=propose:program=five-op	47	108971334
12	12:request-five-specialist:targets=16:providers=1:kind=propose:program=five-op	48	108975125
12	12:request-five-specialist:targets=16:providers=1:kind=propose:program=five-op	49	109147250
13	13:request-five-two-specialists:targets=16:providers=2:kind=propose:program=five-op	0	177396584
13	13:request-five-two-specialists:targets=16:providers=2:kind=propose:program=five-op	1	177378500
13	13:request-five-two-specialists:targets=16:providers=2:kind=propose:program=five-op	2	177279667
13	13:request-five-two-specialists:targets=16:providers=2:kind=propose:program=five-op	3	177262791
13	13:request-five-two-specialists:targets=16:providers=2:kind=propose:program=five-op	4	177293375
13	13:request-five-two-specialists:targets=16:providers=2:kind=propose:program=five-op	5	177233375
13	13:request-five-two-specialists:targets=16:providers=2:kind=propose:program=five-op	6	177282500
13	13:request-five-two-specialists:targets=16:providers=2:kind=propose:program=five-op	7	177474167
13	13:request-five-two-specialists:targets=16:providers=2:kind=propose:program=five-op	8	177247208
13	13:request-five-two-specialists:targets=16:providers=2:kind=propose:program=five-op	9	177360500
13	13:request-five-two-specialists:targets=16:providers=2:kind=propose:program=five-op	10	177330750
13	13:request-five-two-specialists:targets=16:providers=2:kind=propose:program=five-op	11	177302375
13	13:request-five-two-specialists:targets=16:providers=2:kind=propose:program=five-op	12	177404917
13	13:request-five-two-specialists:targets=16:providers=2:kind=propose:program=five-op	13	177304375
13	13:request-five-two-specialists:targets=16:providers=2:kind=propose:program=five-op	14	177355291
13	13:request-five-two-specialists:targets=16:providers=2:kind=propose:program=five-op	15	177194542
13	13:request-five-two-specialists:targets=16:providers=2:kind=propose:program=five-op	16	177279583
13	13:request-five-two-specialists:targets=16:providers=2:kind=propose:program=five-op	17	177136000
13	13:request-five-two-specialists:targets=16:providers=2:kind=propose:program=five-op	18	177340750
13	13:request-five-two-specialists:targets=16:providers=2:kind=propose:program=five-op	19	177232250
13	13:request-five-two-specialists:targets=16:providers=2:kind=propose:program=five-op	20	177333625
13	13:request-five-two-specialists:targets=16:providers=2:kind=propose:program=five-op	21	177311583
13	13:request-five-two-specialists:targets=16:providers=2:kind=propose:program=five-op	22	177428542
13	13:request-five-two-specialists:targets=16:providers=2:kind=propose:program=five-op	23	177545625
13	13:request-five-two-specialists:targets=16:providers=2:kind=propose:program=five-op	24	177422750
13	13:request-five-two-specialists:targets=16:providers=2:kind=propose:program=five-op	25	177373875
13	13:request-five-two-specialists:targets=16:providers=2:kind=propose:program=five-op	26	177254166
13	13:request-five-two-specialists:targets=16:providers=2:kind=propose:program=five-op	27	177238958
13	13:request-five-two-specialists:targets=16:providers=2:kind=propose:program=five-op	28	177321042
13	13:request-five-two-specialists:targets=16:providers=2:kind=propose:program=five-op	29	177278583
13	13:request-five-two-specialists:targets=16:providers=2:kind=propose:program=five-op	30	177249834
13	13:request-five-two-specialists:targets=16:providers=2:kind=propose:program=five-op	31	177232334
13	13:request-five-two-specialists:targets=16:providers=2:kind=propose:program=five-op	32	177277750
13	13:request-five-two-specialists:targets=16:providers=2:kind=propose:program=five-op	33	177326917
13	13:request-five-two-specialists:targets=16:providers=2:kind=propose:program=five-op	34	177284959
13	13:request-five-two-specialists:targets=16:providers=2:kind=propose:program=five-op	35	177312708
13	13:request-five-two-specialists:targets=16:providers=2:kind=propose:program=five-op	36	177303917
13	13:request-five-two-specialists:targets=16:providers=2:kind=propose:program=five-op	37	177183875
13	13:request-five-two-specialists:targets=16:providers=2:kind=propose:program=five-op	38	177210833
13	13:request-five-two-specialists:targets=16:providers=2:kind=propose:program=five-op	39	177123667
13	13:request-five-two-specialists:targets=16:providers=2:kind=propose:program=five-op	40	177261917
13	13:request-five-two-specialists:targets=16:providers=2:kind=propose:program=five-op	41	177381000
13	13:request-five-two-specialists:targets=16:providers=2:kind=propose:program=five-op	42	177369750
13	13:request-five-two-specialists:targets=16:providers=2:kind=propose:program=five-op	43	177309167
13	13:request-five-two-specialists:targets=16:providers=2:kind=propose:program=five-op	44	177298917
13	13:request-five-two-specialists:targets=16:providers=2:kind=propose:program=five-op	45	177292750
13	13:request-five-two-specialists:targets=16:providers=2:kind=propose:program=five-op	46	177205167
13	13:request-five-two-specialists:targets=16:providers=2:kind=propose:program=five-op	47	177388042
13	13:request-five-two-specialists:targets=16:providers=2:kind=propose:program=five-op	48	177347625
13	13:request-five-two-specialists:targets=16:providers=2:kind=propose:program=five-op	49	177304209
14	14:request-five-full-32-provider-population:targets=16:providers=31:kind=propose:program=five-op	0	49581042
14	14:request-five-full-32-provider-population:targets=16:providers=31:kind=propose:program=five-op	1	49671958
14	14:request-five-full-32-provider-population:targets=16:providers=31:kind=propose:program=five-op	2	49681875
14	14:request-five-full-32-provider-population:targets=16:providers=31:kind=propose:program=five-op	3	49633459
14	14:request-five-full-32-provider-population:targets=16:providers=31:kind=propose:program=five-op	4	49568209
14	14:request-five-full-32-provider-population:targets=16:providers=31:kind=propose:program=five-op	5	49642625
14	14:request-five-full-32-provider-population:targets=16:providers=31:kind=propose:program=five-op	6	49600708
14	14:request-five-full-32-provider-population:targets=16:providers=31:kind=propose:program=five-op	7	49671500
14	14:request-five-full-32-provider-population:targets=16:providers=31:kind=propose:program=five-op	8	49622541
14	14:request-five-full-32-provider-population:targets=16:providers=31:kind=propose:program=five-op	9	49548042
14	14:request-five-full-32-provider-population:targets=16:providers=31:kind=propose:program=five-op	10	49575083
14	14:request-five-full-32-provider-population:targets=16:providers=31:kind=propose:program=five-op	11	49592333
14	14:request-five-full-32-provider-population:targets=16:providers=31:kind=propose:program=five-op	12	49520166
14	14:request-five-full-32-provider-population:targets=16:providers=31:kind=propose:program=five-op	13	49610542
14	14:request-five-full-32-provider-population:targets=16:providers=31:kind=propose:program=five-op	14	49607625
14	14:request-five-full-32-provider-population:targets=16:providers=31:kind=propose:program=five-op	15	49614042
14	14:request-five-full-32-provider-population:targets=16:providers=31:kind=propose:program=five-op	16	49508291
14	14:request-five-full-32-provider-population:targets=16:providers=31:kind=propose:program=five-op	17	49565834
14	14:request-five-full-32-provider-population:targets=16:providers=31:kind=propose:program=five-op	18	49634250
14	14:request-five-full-32-provider-population:targets=16:providers=31:kind=propose:program=five-op	19	49589250
14	14:request-five-full-32-provider-population:targets=16:providers=31:kind=propose:program=five-op	20	49594375
14	14:request-five-full-32-provider-population:targets=16:providers=31:kind=propose:program=five-op	21	49544917
14	14:request-five-full-32-provider-population:targets=16:providers=31:kind=propose:program=five-op	22	49740333
14	14:request-five-full-32-provider-population:targets=16:providers=31:kind=propose:program=five-op	23	49595750
14	14:request-five-full-32-provider-population:targets=16:providers=31:kind=propose:program=five-op	24	49598709
14	14:request-five-full-32-provider-population:targets=16:providers=31:kind=propose:program=five-op	25	49522250
14	14:request-five-full-32-provider-population:targets=16:providers=31:kind=propose:program=five-op	26	49768666
14	14:request-five-full-32-provider-population:targets=16:providers=31:kind=propose:program=five-op	27	49730500
14	14:request-five-full-32-provider-population:targets=16:providers=31:kind=propose:program=five-op	28	49645000
14	14:request-five-full-32-provider-population:targets=16:providers=31:kind=propose:program=five-op	29	49621125
14	14:request-five-full-32-provider-population:targets=16:providers=31:kind=propose:program=five-op	30	49556084
14	14:request-five-full-32-provider-population:targets=16:providers=31:kind=propose:program=five-op	31	49570792
14	14:request-five-full-32-provider-population:targets=16:providers=31:kind=propose:program=five-op	32	49609208
14	14:request-five-full-32-provider-population:targets=16:providers=31:kind=propose:program=five-op	33	49647834
14	14:request-five-full-32-provider-population:targets=16:providers=31:kind=propose:program=five-op	34	49647542
14	14:request-five-full-32-provider-population:targets=16:providers=31:kind=propose:program=five-op	35	49632250
14	14:request-five-full-32-provider-population:targets=16:providers=31:kind=propose:program=five-op	36	49665500
14	14:request-five-full-32-provider-population:targets=16:providers=31:kind=propose:program=five-op	37	49527042
14	14:request-five-full-32-provider-population:targets=16:providers=31:kind=propose:program=five-op	38	49651042
14	14:request-five-full-32-provider-population:targets=16:providers=31:kind=propose:program=five-op	39	49560292
14	14:request-five-full-32-provider-population:targets=16:providers=31:kind=propose:program=five-op	40	49568833
14	14:request-five-full-32-provider-population:targets=16:providers=31:kind=propose:program=five-op	41	49565083
14	14:request-five-full-32-provider-population:targets=16:providers=31:kind=propose:program=five-op	42	49728625
14	14:request-five-full-32-provider-population:targets=16:providers=31:kind=propose:program=five-op	43	49803667
14	14:request-five-full-32-provider-population:targets=16:providers=31:kind=propose:program=five-op	44	49739541
14	14:request-five-full-32-provider-population:targets=16:providers=31:kind=propose:program=five-op	45	49613125
14	14:request-five-full-32-provider-population:targets=16:providers=31:kind=propose:program=five-op	46	49643958
14	14:request-five-full-32-provider-population:targets=16:providers=31:kind=propose:program=five-op	47	49667667
14	14:request-five-full-32-provider-population:targets=16:providers=31:kind=propose:program=five-op	48	49570416
14	14:request-five-full-32-provider-population:targets=16:providers=31:kind=propose:program=five-op	49	49586500
15	15:request-add-four-groups:targets=16:providers=1:kind=propose:program=add-chain	0	70710417
15	15:request-add-four-groups:targets=16:providers=1:kind=propose:program=add-chain	1	70645250
15	15:request-add-four-groups:targets=16:providers=1:kind=propose:program=add-chain	2	70628583
15	15:request-add-four-groups:targets=16:providers=1:kind=propose:program=add-chain	3	70606958
15	15:request-add-four-groups:targets=16:providers=1:kind=propose:program=add-chain	4	70630833
15	15:request-add-four-groups:targets=16:providers=1:kind=propose:program=add-chain	5	70593916
15	15:request-add-four-groups:targets=16:providers=1:kind=propose:program=add-chain	6	70667209
15	15:request-add-four-groups:targets=16:providers=1:kind=propose:program=add-chain	7	71035416
15	15:request-add-four-groups:targets=16:providers=1:kind=propose:program=add-chain	8	71045250
15	15:request-add-four-groups:targets=16:providers=1:kind=propose:program=add-chain	9	70680500
15	15:request-add-four-groups:targets=16:providers=1:kind=propose:program=add-chain	10	70607125
15	15:request-add-four-groups:targets=16:providers=1:kind=propose:program=add-chain	11	70598208
15	15:request-add-four-groups:targets=16:providers=1:kind=propose:program=add-chain	12	70732458
15	15:request-add-four-groups:targets=16:providers=1:kind=propose:program=add-chain	13	71025834
15	15:request-add-four-groups:targets=16:providers=1:kind=propose:program=add-chain	14	70666875
15	15:request-add-four-groups:targets=16:providers=1:kind=propose:program=add-chain	15	70648208
15	15:request-add-four-groups:targets=16:providers=1:kind=propose:program=add-chain	16	70616250
15	15:request-add-four-groups:targets=16:providers=1:kind=propose:program=add-chain	17	70623792
15	15:request-add-four-groups:targets=16:providers=1:kind=propose:program=add-chain	18	70610334
15	15:request-add-four-groups:targets=16:providers=1:kind=propose:program=add-chain	19	70594084
15	15:request-add-four-groups:targets=16:providers=1:kind=propose:program=add-chain	20	70570334
15	15:request-add-four-groups:targets=16:providers=1:kind=propose:program=add-chain	21	70608167
15	15:request-add-four-groups:targets=16:providers=1:kind=propose:program=add-chain	22	70563375
15	15:request-add-four-groups:targets=16:providers=1:kind=propose:program=add-chain	23	70589125
15	15:request-add-four-groups:targets=16:providers=1:kind=propose:program=add-chain	24	70582875
15	15:request-add-four-groups:targets=16:providers=1:kind=propose:program=add-chain	25	70540083
15	15:request-add-four-groups:targets=16:providers=1:kind=propose:program=add-chain	26	70600875
15	15:request-add-four-groups:targets=16:providers=1:kind=propose:program=add-chain	27	70565958
15	15:request-add-four-groups:targets=16:providers=1:kind=propose:program=add-chain	28	70592834
15	15:request-add-four-groups:targets=16:providers=1:kind=propose:program=add-chain	29	70636542
15	15:request-add-four-groups:targets=16:providers=1:kind=propose:program=add-chain	30	70606250
15	15:request-add-four-groups:targets=16:providers=1:kind=propose:program=add-chain	31	70567458
15	15:request-add-four-groups:targets=16:providers=1:kind=propose:program=add-chain	32	70571709
15	15:request-add-four-groups:targets=16:providers=1:kind=propose:program=add-chain	33	70598625
15	15:request-add-four-groups:targets=16:providers=1:kind=propose:program=add-chain	34	70558333
15	15:request-add-four-groups:targets=16:providers=1:kind=propose:program=add-chain	35	70561500
15	15:request-add-four-groups:targets=16:providers=1:kind=propose:program=add-chain	36	70622333
15	15:request-add-four-groups:targets=16:providers=1:kind=propose:program=add-chain	37	70621875
15	15:request-add-four-groups:targets=16:providers=1:kind=propose:program=add-chain	38	70579625
15	15:request-add-four-groups:targets=16:providers=1:kind=propose:program=add-chain	39	70599625
15	15:request-add-four-groups:targets=16:providers=1:kind=propose:program=add-chain	40	70614208
15	15:request-add-four-groups:targets=16:providers=1:kind=propose:program=add-chain	41	70625125
15	15:request-add-four-groups:targets=16:providers=1:kind=propose:program=add-chain	42	70782917
15	15:request-add-four-groups:targets=16:providers=1:kind=propose:program=add-chain	43	70716333
15	15:request-add-four-groups:targets=16:providers=1:kind=propose:program=add-chain	44	70615125
15	15:request-add-four-groups:targets=16:providers=1:kind=propose:program=add-chain	45	70671750
15	15:request-add-four-groups:targets=16:providers=1:kind=propose:program=add-chain	46	70681042
15	15:request-add-four-groups:targets=16:providers=1:kind=propose:program=add-chain	47	70643458
15	15:request-add-four-groups:targets=16:providers=1:kind=propose:program=add-chain	48	70601667
15	15:request-add-four-groups:targets=16:providers=1:kind=propose:program=add-chain	49	70600916
16	16:two-additive:targets=1:providers=2:kind=propose:program=five-op	0	4614625
16	16:two-additive:targets=1:providers=2:kind=propose:program=five-op	1	4607250
16	16:two-additive:targets=1:providers=2:kind=propose:program=five-op	2	4606458
16	16:two-additive:targets=1:providers=2:kind=propose:program=five-op	3	4603250
16	16:two-additive:targets=1:providers=2:kind=propose:program=five-op	4	4605000
16	16:two-additive:targets=1:providers=2:kind=propose:program=five-op	5	4604917
16	16:two-additive:targets=1:providers=2:kind=propose:program=five-op	6	4607250
16	16:two-additive:targets=1:providers=2:kind=propose:program=five-op	7	4619334
16	16:two-additive:targets=1:providers=2:kind=propose:program=five-op	8	4614917
16	16:two-additive:targets=1:providers=2:kind=propose:program=five-op	9	4595583
16	16:two-additive:targets=1:providers=2:kind=propose:program=five-op	10	4605291
16	16:two-additive:targets=1:providers=2:kind=propose:program=five-op	11	4598625
16	16:two-additive:targets=1:providers=2:kind=propose:program=five-op	12	4598792
16	16:two-additive:targets=1:providers=2:kind=propose:program=five-op	13	4600167
16	16:two-additive:targets=1:providers=2:kind=propose:program=five-op	14	4602584
16	16:two-additive:targets=1:providers=2:kind=propose:program=five-op	15	4598791
16	16:two-additive:targets=1:providers=2:kind=propose:program=five-op	16	4600917
16	16:two-additive:targets=1:providers=2:kind=propose:program=five-op	17	4595708
16	16:two-additive:targets=1:providers=2:kind=propose:program=five-op	18	4598083
16	16:two-additive:targets=1:providers=2:kind=propose:program=five-op	19	4598500
16	16:two-additive:targets=1:providers=2:kind=propose:program=five-op	20	4594792
16	16:two-additive:targets=1:providers=2:kind=propose:program=five-op	21	4592541
16	16:two-additive:targets=1:providers=2:kind=propose:program=five-op	22	4597042
16	16:two-additive:targets=1:providers=2:kind=propose:program=five-op	23	4590833
16	16:two-additive:targets=1:providers=2:kind=propose:program=five-op	24	4601833
16	16:two-additive:targets=1:providers=2:kind=propose:program=five-op	25	4593167
16	16:two-additive:targets=1:providers=2:kind=propose:program=five-op	26	4604917
16	16:two-additive:targets=1:providers=2:kind=propose:program=five-op	27	4594416
16	16:two-additive:targets=1:providers=2:kind=propose:program=five-op	28	4597375
16	16:two-additive:targets=1:providers=2:kind=propose:program=five-op	29	4595291
16	16:two-additive:targets=1:providers=2:kind=propose:program=five-op	30	4599000
16	16:two-additive:targets=1:providers=2:kind=propose:program=five-op	31	4581458
16	16:two-additive:targets=1:providers=2:kind=propose:program=five-op	32	4610625
16	16:two-additive:targets=1:providers=2:kind=propose:program=five-op	33	4583666
16	16:two-additive:targets=1:providers=2:kind=propose:program=five-op	34	4617584
16	16:two-additive:targets=1:providers=2:kind=propose:program=five-op	35	4598000
16	16:two-additive:targets=1:providers=2:kind=propose:program=five-op	36	4602542
16	16:two-additive:targets=1:providers=2:kind=propose:program=five-op	37	4619000
16	16:two-additive:targets=1:providers=2:kind=propose:program=five-op	38	4605792
16	16:two-additive:targets=1:providers=2:kind=propose:program=five-op	39	4595208
16	16:two-additive:targets=1:providers=2:kind=propose:program=five-op	40	4596166
16	16:two-additive:targets=1:providers=2:kind=propose:program=five-op	41	4598042
16	16:two-additive:targets=1:providers=2:kind=propose:program=five-op	42	4600083
16	16:two-additive:targets=1:providers=2:kind=propose:program=five-op	43	4593333
16	16:two-additive:targets=1:providers=2:kind=propose:program=five-op	44	4598541
16	16:two-additive:targets=1:providers=2:kind=propose:program=five-op	45	4599792
16	16:two-additive:targets=1:providers=2:kind=propose:program=five-op	46	4593958
16	16:two-additive:targets=1:providers=2:kind=propose:program=five-op	47	4624083
16	16:two-additive:targets=1:providers=2:kind=propose:program=five-op	48	4600125
16	16:two-additive:targets=1:providers=2:kind=propose:program=five-op	49	4605500
17	17:sweep-empty:targets=1:providers=1:kind=empty:program=five-op	0	3215833
17	17:sweep-empty:targets=1:providers=1:kind=empty:program=five-op	1	3201042
17	17:sweep-empty:targets=1:providers=1:kind=empty:program=five-op	2	3199292
17	17:sweep-empty:targets=1:providers=1:kind=empty:program=five-op	3	3209000
17	17:sweep-empty:targets=1:providers=1:kind=empty:program=five-op	4	3222500
17	17:sweep-empty:targets=1:providers=1:kind=empty:program=five-op	5	3210208
17	17:sweep-empty:targets=1:providers=1:kind=empty:program=five-op	6	3213833
17	17:sweep-empty:targets=1:providers=1:kind=empty:program=five-op	7	3209584
17	17:sweep-empty:targets=1:providers=1:kind=empty:program=five-op	8	3203667
17	17:sweep-empty:targets=1:providers=1:kind=empty:program=five-op	9	3224125
17	17:sweep-empty:targets=1:providers=1:kind=empty:program=five-op	10	3212417
17	17:sweep-empty:targets=1:providers=1:kind=empty:program=five-op	11	3222125
17	17:sweep-empty:targets=1:providers=1:kind=empty:program=five-op	12	3203167
17	17:sweep-empty:targets=1:providers=1:kind=empty:program=five-op	13	3199916
17	17:sweep-empty:targets=1:providers=1:kind=empty:program=five-op	14	3196542
17	17:sweep-empty:targets=1:providers=1:kind=empty:program=five-op	15	3202375
17	17:sweep-empty:targets=1:providers=1:kind=empty:program=five-op	16	3198625
17	17:sweep-empty:targets=1:providers=1:kind=empty:program=five-op	17	3196167
17	17:sweep-empty:targets=1:providers=1:kind=empty:program=five-op	18	3202166
17	17:sweep-empty:targets=1:providers=1:kind=empty:program=five-op	19	3198708
17	17:sweep-empty:targets=1:providers=1:kind=empty:program=five-op	20	3197167
17	17:sweep-empty:targets=1:providers=1:kind=empty:program=five-op	21	3200958
17	17:sweep-empty:targets=1:providers=1:kind=empty:program=five-op	22	3205667
17	17:sweep-empty:targets=1:providers=1:kind=empty:program=five-op	23	3196375
17	17:sweep-empty:targets=1:providers=1:kind=empty:program=five-op	24	3199417
17	17:sweep-empty:targets=1:providers=1:kind=empty:program=five-op	25	3202875
17	17:sweep-empty:targets=1:providers=1:kind=empty:program=five-op	26	3192750
17	17:sweep-empty:targets=1:providers=1:kind=empty:program=five-op	27	3195209
17	17:sweep-empty:targets=1:providers=1:kind=empty:program=five-op	28	3208416
17	17:sweep-empty:targets=1:providers=1:kind=empty:program=five-op	29	3192292
17	17:sweep-empty:targets=1:providers=1:kind=empty:program=five-op	30	3198917
17	17:sweep-empty:targets=1:providers=1:kind=empty:program=five-op	31	3217000
17	17:sweep-empty:targets=1:providers=1:kind=empty:program=five-op	32	3197042
17	17:sweep-empty:targets=1:providers=1:kind=empty:program=five-op	33	3195916
17	17:sweep-empty:targets=1:providers=1:kind=empty:program=five-op	34	3204000
17	17:sweep-empty:targets=1:providers=1:kind=empty:program=five-op	35	3197708
17	17:sweep-empty:targets=1:providers=1:kind=empty:program=five-op	36	3199625
17	17:sweep-empty:targets=1:providers=1:kind=empty:program=five-op	37	3205042
17	17:sweep-empty:targets=1:providers=1:kind=empty:program=five-op	38	3202792
17	17:sweep-empty:targets=1:providers=1:kind=empty:program=five-op	39	3192792
17	17:sweep-empty:targets=1:providers=1:kind=empty:program=five-op	40	3206917
17	17:sweep-empty:targets=1:providers=1:kind=empty:program=five-op	41	3196666
17	17:sweep-empty:targets=1:providers=1:kind=empty:program=five-op	42	3194292
17	17:sweep-empty:targets=1:providers=1:kind=empty:program=five-op	43	3198125
17	17:sweep-empty:targets=1:providers=1:kind=empty:program=five-op	44	3196250
17	17:sweep-empty:targets=1:providers=1:kind=empty:program=five-op	45	3195167
17	17:sweep-empty:targets=1:providers=1:kind=empty:program=five-op	46	3206625
17	17:sweep-empty:targets=1:providers=1:kind=empty:program=five-op	47	3210375
17	17:sweep-empty:targets=1:providers=1:kind=empty:program=five-op	48	3195458
17	17:sweep-empty:targets=1:providers=1:kind=empty:program=five-op	49	3196667
18	18:sweep-empty:targets=1:providers=2:kind=empty:program=five-op	0	3212208
18	18:sweep-empty:targets=1:providers=2:kind=empty:program=five-op	1	3210708
18	18:sweep-empty:targets=1:providers=2:kind=empty:program=five-op	2	3204834
18	18:sweep-empty:targets=1:providers=2:kind=empty:program=five-op	3	3217917
18	18:sweep-empty:targets=1:providers=2:kind=empty:program=five-op	4	3209917
18	18:sweep-empty:targets=1:providers=2:kind=empty:program=five-op	5	3206250
18	18:sweep-empty:targets=1:providers=2:kind=empty:program=five-op	6	3208375
18	18:sweep-empty:targets=1:providers=2:kind=empty:program=five-op	7	3208541
18	18:sweep-empty:targets=1:providers=2:kind=empty:program=five-op	8	3204125
18	18:sweep-empty:targets=1:providers=2:kind=empty:program=five-op	9	3209292
18	18:sweep-empty:targets=1:providers=2:kind=empty:program=five-op	10	3215375
18	18:sweep-empty:targets=1:providers=2:kind=empty:program=five-op	11	3209167
18	18:sweep-empty:targets=1:providers=2:kind=empty:program=five-op	12	3208916
18	18:sweep-empty:targets=1:providers=2:kind=empty:program=five-op	13	3205167
18	18:sweep-empty:targets=1:providers=2:kind=empty:program=five-op	14	3214167
18	18:sweep-empty:targets=1:providers=2:kind=empty:program=five-op	15	3209875
18	18:sweep-empty:targets=1:providers=2:kind=empty:program=five-op	16	3201000
18	18:sweep-empty:targets=1:providers=2:kind=empty:program=five-op	17	3207625
18	18:sweep-empty:targets=1:providers=2:kind=empty:program=five-op	18	3206959
18	18:sweep-empty:targets=1:providers=2:kind=empty:program=five-op	19	3201916
18	18:sweep-empty:targets=1:providers=2:kind=empty:program=five-op	20	3205292
18	18:sweep-empty:targets=1:providers=2:kind=empty:program=five-op	21	3206250
18	18:sweep-empty:targets=1:providers=2:kind=empty:program=five-op	22	3217459
18	18:sweep-empty:targets=1:providers=2:kind=empty:program=five-op	23	3215584
18	18:sweep-empty:targets=1:providers=2:kind=empty:program=five-op	24	3208292
18	18:sweep-empty:targets=1:providers=2:kind=empty:program=five-op	25	3205666
18	18:sweep-empty:targets=1:providers=2:kind=empty:program=five-op	26	3222750
18	18:sweep-empty:targets=1:providers=2:kind=empty:program=five-op	27	3206917
18	18:sweep-empty:targets=1:providers=2:kind=empty:program=five-op	28	3206459
18	18:sweep-empty:targets=1:providers=2:kind=empty:program=five-op	29	3210834
18	18:sweep-empty:targets=1:providers=2:kind=empty:program=five-op	30	3202542
18	18:sweep-empty:targets=1:providers=2:kind=empty:program=five-op	31	3210125
18	18:sweep-empty:targets=1:providers=2:kind=empty:program=five-op	32	3209167
18	18:sweep-empty:targets=1:providers=2:kind=empty:program=five-op	33	3205125
18	18:sweep-empty:targets=1:providers=2:kind=empty:program=five-op	34	3207292
18	18:sweep-empty:targets=1:providers=2:kind=empty:program=five-op	35	3207250
18	18:sweep-empty:targets=1:providers=2:kind=empty:program=five-op	36	3203125
18	18:sweep-empty:targets=1:providers=2:kind=empty:program=five-op	37	3211709
18	18:sweep-empty:targets=1:providers=2:kind=empty:program=five-op	38	3201000
18	18:sweep-empty:targets=1:providers=2:kind=empty:program=five-op	39	3206417
18	18:sweep-empty:targets=1:providers=2:kind=empty:program=five-op	40	3208584
18	18:sweep-empty:targets=1:providers=2:kind=empty:program=five-op	41	3203375
18	18:sweep-empty:targets=1:providers=2:kind=empty:program=five-op	42	3205792
18	18:sweep-empty:targets=1:providers=2:kind=empty:program=five-op	43	3214875
18	18:sweep-empty:targets=1:providers=2:kind=empty:program=five-op	44	3205041
18	18:sweep-empty:targets=1:providers=2:kind=empty:program=five-op	45	3212459
18	18:sweep-empty:targets=1:providers=2:kind=empty:program=five-op	46	3202042
18	18:sweep-empty:targets=1:providers=2:kind=empty:program=five-op	47	3205458
18	18:sweep-empty:targets=1:providers=2:kind=empty:program=five-op	48	3206291
18	18:sweep-empty:targets=1:providers=2:kind=empty:program=five-op	49	3198292
19	19:sweep-empty:targets=1:providers=4:kind=empty:program=five-op	0	3232125
19	19:sweep-empty:targets=1:providers=4:kind=empty:program=five-op	1	3223792
19	19:sweep-empty:targets=1:providers=4:kind=empty:program=five-op	2	3230042
19	19:sweep-empty:targets=1:providers=4:kind=empty:program=five-op	3	3234500
19	19:sweep-empty:targets=1:providers=4:kind=empty:program=five-op	4	3221875
19	19:sweep-empty:targets=1:providers=4:kind=empty:program=five-op	5	3226292
19	19:sweep-empty:targets=1:providers=4:kind=empty:program=five-op	6	3230375
19	19:sweep-empty:targets=1:providers=4:kind=empty:program=five-op	7	3219500
19	19:sweep-empty:targets=1:providers=4:kind=empty:program=five-op	8	3226625
19	19:sweep-empty:targets=1:providers=4:kind=empty:program=five-op	9	3227000
19	19:sweep-empty:targets=1:providers=4:kind=empty:program=five-op	10	3218958
19	19:sweep-empty:targets=1:providers=4:kind=empty:program=five-op	11	3217250
19	19:sweep-empty:targets=1:providers=4:kind=empty:program=five-op	12	3231250
19	19:sweep-empty:targets=1:providers=4:kind=empty:program=five-op	13	3223166
19	19:sweep-empty:targets=1:providers=4:kind=empty:program=five-op	14	3216750
19	19:sweep-empty:targets=1:providers=4:kind=empty:program=five-op	15	3232208
19	19:sweep-empty:targets=1:providers=4:kind=empty:program=five-op	16	3224500
19	19:sweep-empty:targets=1:providers=4:kind=empty:program=five-op	17	3219083
19	19:sweep-empty:targets=1:providers=4:kind=empty:program=five-op	18	3233958
19	19:sweep-empty:targets=1:providers=4:kind=empty:program=five-op	19	3220084
19	19:sweep-empty:targets=1:providers=4:kind=empty:program=five-op	20	3222958
19	19:sweep-empty:targets=1:providers=4:kind=empty:program=five-op	21	3228125
19	19:sweep-empty:targets=1:providers=4:kind=empty:program=five-op	22	3217916
19	19:sweep-empty:targets=1:providers=4:kind=empty:program=five-op	23	3222167
19	19:sweep-empty:targets=1:providers=4:kind=empty:program=five-op	24	3229042
19	19:sweep-empty:targets=1:providers=4:kind=empty:program=five-op	25	3221667
19	19:sweep-empty:targets=1:providers=4:kind=empty:program=five-op	26	3225917
19	19:sweep-empty:targets=1:providers=4:kind=empty:program=five-op	27	3233792
19	19:sweep-empty:targets=1:providers=4:kind=empty:program=five-op	28	3216792
19	19:sweep-empty:targets=1:providers=4:kind=empty:program=five-op	29	3220875
19	19:sweep-empty:targets=1:providers=4:kind=empty:program=five-op	30	3221166
19	19:sweep-empty:targets=1:providers=4:kind=empty:program=five-op	31	3223917
19	19:sweep-empty:targets=1:providers=4:kind=empty:program=five-op	32	3228541
19	19:sweep-empty:targets=1:providers=4:kind=empty:program=five-op	33	3221667
19	19:sweep-empty:targets=1:providers=4:kind=empty:program=five-op	34	3216792
19	19:sweep-empty:targets=1:providers=4:kind=empty:program=five-op	35	3221250
19	19:sweep-empty:targets=1:providers=4:kind=empty:program=five-op	36	3221125
19	19:sweep-empty:targets=1:providers=4:kind=empty:program=five-op	37	3222792
19	19:sweep-empty:targets=1:providers=4:kind=empty:program=five-op	38	3219375
19	19:sweep-empty:targets=1:providers=4:kind=empty:program=five-op	39	3216459
19	19:sweep-empty:targets=1:providers=4:kind=empty:program=five-op	40	3228500
19	19:sweep-empty:targets=1:providers=4:kind=empty:program=five-op	41	3222792
19	19:sweep-empty:targets=1:providers=4:kind=empty:program=five-op	42	3217208
19	19:sweep-empty:targets=1:providers=4:kind=empty:program=five-op	43	3232333
19	19:sweep-empty:targets=1:providers=4:kind=empty:program=five-op	44	3222458
19	19:sweep-empty:targets=1:providers=4:kind=empty:program=five-op	45	3224084
19	19:sweep-empty:targets=1:providers=4:kind=empty:program=five-op	46	3231292
19	19:sweep-empty:targets=1:providers=4:kind=empty:program=five-op	47	3221000
19	19:sweep-empty:targets=1:providers=4:kind=empty:program=five-op	48	3230917
19	19:sweep-empty:targets=1:providers=4:kind=empty:program=five-op	49	3229875
20	20:sweep-empty:targets=1:providers=8:kind=empty:program=five-op	0	3256667
20	20:sweep-empty:targets=1:providers=8:kind=empty:program=five-op	1	3248250
20	20:sweep-empty:targets=1:providers=8:kind=empty:program=five-op	2	3264083
20	20:sweep-empty:targets=1:providers=8:kind=empty:program=five-op	3	3255625
20	20:sweep-empty:targets=1:providers=8:kind=empty:program=five-op	4	3243583
20	20:sweep-empty:targets=1:providers=8:kind=empty:program=five-op	5	3239917
20	20:sweep-empty:targets=1:providers=8:kind=empty:program=five-op	6	3254583
20	20:sweep-empty:targets=1:providers=8:kind=empty:program=five-op	7	3250167
20	20:sweep-empty:targets=1:providers=8:kind=empty:program=five-op	8	3241541
20	20:sweep-empty:targets=1:providers=8:kind=empty:program=five-op	9	3253167
20	20:sweep-empty:targets=1:providers=8:kind=empty:program=five-op	10	3246583
20	20:sweep-empty:targets=1:providers=8:kind=empty:program=five-op	11	3246250
20	20:sweep-empty:targets=1:providers=8:kind=empty:program=five-op	12	3253375
20	20:sweep-empty:targets=1:providers=8:kind=empty:program=five-op	13	3241792
20	20:sweep-empty:targets=1:providers=8:kind=empty:program=five-op	14	3244375
20	20:sweep-empty:targets=1:providers=8:kind=empty:program=five-op	15	3248709
20	20:sweep-empty:targets=1:providers=8:kind=empty:program=five-op	16	3249125
20	20:sweep-empty:targets=1:providers=8:kind=empty:program=five-op	17	3245500
20	20:sweep-empty:targets=1:providers=8:kind=empty:program=five-op	18	3247917
20	20:sweep-empty:targets=1:providers=8:kind=empty:program=five-op	19	3248417
20	20:sweep-empty:targets=1:providers=8:kind=empty:program=five-op	20	3246625
20	20:sweep-empty:targets=1:providers=8:kind=empty:program=five-op	21	3259458
20	20:sweep-empty:targets=1:providers=8:kind=empty:program=five-op	22	3262500
20	20:sweep-empty:targets=1:providers=8:kind=empty:program=five-op	23	3247833
20	20:sweep-empty:targets=1:providers=8:kind=empty:program=five-op	24	3255291
20	20:sweep-empty:targets=1:providers=8:kind=empty:program=five-op	25	3265667
20	20:sweep-empty:targets=1:providers=8:kind=empty:program=five-op	26	3243875
20	20:sweep-empty:targets=1:providers=8:kind=empty:program=five-op	27	3256583
20	20:sweep-empty:targets=1:providers=8:kind=empty:program=five-op	28	3253417
20	20:sweep-empty:targets=1:providers=8:kind=empty:program=five-op	29	3241333
20	20:sweep-empty:targets=1:providers=8:kind=empty:program=five-op	30	3255541
20	20:sweep-empty:targets=1:providers=8:kind=empty:program=five-op	31	3249917
20	20:sweep-empty:targets=1:providers=8:kind=empty:program=five-op	32	3245292
20	20:sweep-empty:targets=1:providers=8:kind=empty:program=five-op	33	3253125
20	20:sweep-empty:targets=1:providers=8:kind=empty:program=five-op	34	3249334
20	20:sweep-empty:targets=1:providers=8:kind=empty:program=five-op	35	3241125
20	20:sweep-empty:targets=1:providers=8:kind=empty:program=five-op	36	3246000
20	20:sweep-empty:targets=1:providers=8:kind=empty:program=five-op	37	3254667
20	20:sweep-empty:targets=1:providers=8:kind=empty:program=five-op	38	3251709
20	20:sweep-empty:targets=1:providers=8:kind=empty:program=five-op	39	3249500
20	20:sweep-empty:targets=1:providers=8:kind=empty:program=five-op	40	3253334
20	20:sweep-empty:targets=1:providers=8:kind=empty:program=five-op	41	3243167
20	20:sweep-empty:targets=1:providers=8:kind=empty:program=five-op	42	3246916
20	20:sweep-empty:targets=1:providers=8:kind=empty:program=five-op	43	3251917
20	20:sweep-empty:targets=1:providers=8:kind=empty:program=five-op	44	3247959
20	20:sweep-empty:targets=1:providers=8:kind=empty:program=five-op	45	3248292
20	20:sweep-empty:targets=1:providers=8:kind=empty:program=five-op	46	3252041
20	20:sweep-empty:targets=1:providers=8:kind=empty:program=five-op	47	3242667
20	20:sweep-empty:targets=1:providers=8:kind=empty:program=five-op	48	3247042
20	20:sweep-empty:targets=1:providers=8:kind=empty:program=five-op	49	3250000
21	21:sweep-empty:targets=1:providers=16:kind=empty:program=five-op	0	3293709
21	21:sweep-empty:targets=1:providers=16:kind=empty:program=five-op	1	3298584
21	21:sweep-empty:targets=1:providers=16:kind=empty:program=five-op	2	3295792
21	21:sweep-empty:targets=1:providers=16:kind=empty:program=five-op	3	3300500
21	21:sweep-empty:targets=1:providers=16:kind=empty:program=five-op	4	3303708
21	21:sweep-empty:targets=1:providers=16:kind=empty:program=five-op	5	3295875
21	21:sweep-empty:targets=1:providers=16:kind=empty:program=five-op	6	3303416
21	21:sweep-empty:targets=1:providers=16:kind=empty:program=five-op	7	3301208
21	21:sweep-empty:targets=1:providers=16:kind=empty:program=five-op	8	3297250
21	21:sweep-empty:targets=1:providers=16:kind=empty:program=five-op	9	3300000
21	21:sweep-empty:targets=1:providers=16:kind=empty:program=five-op	10	3298917
21	21:sweep-empty:targets=1:providers=16:kind=empty:program=five-op	11	3295542
21	21:sweep-empty:targets=1:providers=16:kind=empty:program=five-op	12	3302375
21	21:sweep-empty:targets=1:providers=16:kind=empty:program=five-op	13	3302041
21	21:sweep-empty:targets=1:providers=16:kind=empty:program=five-op	14	3298708
21	21:sweep-empty:targets=1:providers=16:kind=empty:program=five-op	15	3325542
21	21:sweep-empty:targets=1:providers=16:kind=empty:program=five-op	16	3296500
21	21:sweep-empty:targets=1:providers=16:kind=empty:program=five-op	17	3293792
21	21:sweep-empty:targets=1:providers=16:kind=empty:program=five-op	18	3301667
21	21:sweep-empty:targets=1:providers=16:kind=empty:program=five-op	19	3294625
21	21:sweep-empty:targets=1:providers=16:kind=empty:program=five-op	20	3293916
21	21:sweep-empty:targets=1:providers=16:kind=empty:program=five-op	21	3313000
21	21:sweep-empty:targets=1:providers=16:kind=empty:program=five-op	22	3304041
21	21:sweep-empty:targets=1:providers=16:kind=empty:program=five-op	23	3305500
21	21:sweep-empty:targets=1:providers=16:kind=empty:program=five-op	24	3314292
21	21:sweep-empty:targets=1:providers=16:kind=empty:program=five-op	25	3307083
21	21:sweep-empty:targets=1:providers=16:kind=empty:program=five-op	26	3308458
21	21:sweep-empty:targets=1:providers=16:kind=empty:program=five-op	27	3308292
21	21:sweep-empty:targets=1:providers=16:kind=empty:program=five-op	28	3305333
21	21:sweep-empty:targets=1:providers=16:kind=empty:program=five-op	29	3295333
21	21:sweep-empty:targets=1:providers=16:kind=empty:program=five-op	30	3302208
21	21:sweep-empty:targets=1:providers=16:kind=empty:program=five-op	31	3303000
21	21:sweep-empty:targets=1:providers=16:kind=empty:program=five-op	32	3299208
21	21:sweep-empty:targets=1:providers=16:kind=empty:program=five-op	33	3320458
21	21:sweep-empty:targets=1:providers=16:kind=empty:program=five-op	34	3315250
21	21:sweep-empty:targets=1:providers=16:kind=empty:program=five-op	35	3305250
21	21:sweep-empty:targets=1:providers=16:kind=empty:program=five-op	36	3301167
21	21:sweep-empty:targets=1:providers=16:kind=empty:program=five-op	37	3327916
21	21:sweep-empty:targets=1:providers=16:kind=empty:program=five-op	38	3298875
21	21:sweep-empty:targets=1:providers=16:kind=empty:program=five-op	39	3302750
21	21:sweep-empty:targets=1:providers=16:kind=empty:program=five-op	40	3301416
21	21:sweep-empty:targets=1:providers=16:kind=empty:program=five-op	41	3294667
21	21:sweep-empty:targets=1:providers=16:kind=empty:program=five-op	42	3303000
21	21:sweep-empty:targets=1:providers=16:kind=empty:program=five-op	43	3303875
21	21:sweep-empty:targets=1:providers=16:kind=empty:program=five-op	44	3302625
21	21:sweep-empty:targets=1:providers=16:kind=empty:program=five-op	45	3303166
21	21:sweep-empty:targets=1:providers=16:kind=empty:program=five-op	46	3304458
21	21:sweep-empty:targets=1:providers=16:kind=empty:program=five-op	47	3298292
21	21:sweep-empty:targets=1:providers=16:kind=empty:program=five-op	48	3303750
21	21:sweep-empty:targets=1:providers=16:kind=empty:program=five-op	49	3299750
22	22:sweep-empty:targets=1:providers=32:kind=empty:program=five-op	0	3406792
22	22:sweep-empty:targets=1:providers=32:kind=empty:program=five-op	1	3398875
22	22:sweep-empty:targets=1:providers=32:kind=empty:program=five-op	2	3405000
22	22:sweep-empty:targets=1:providers=32:kind=empty:program=five-op	3	3406959
22	22:sweep-empty:targets=1:providers=32:kind=empty:program=five-op	4	3397334
22	22:sweep-empty:targets=1:providers=32:kind=empty:program=five-op	5	3407750
22	22:sweep-empty:targets=1:providers=32:kind=empty:program=five-op	6	3409166
22	22:sweep-empty:targets=1:providers=32:kind=empty:program=five-op	7	3404959
22	22:sweep-empty:targets=1:providers=32:kind=empty:program=five-op	8	3401375
22	22:sweep-empty:targets=1:providers=32:kind=empty:program=five-op	9	3402667
22	22:sweep-empty:targets=1:providers=32:kind=empty:program=five-op	10	3400417
22	22:sweep-empty:targets=1:providers=32:kind=empty:program=five-op	11	3405125
22	22:sweep-empty:targets=1:providers=32:kind=empty:program=five-op	12	3397916
22	22:sweep-empty:targets=1:providers=32:kind=empty:program=five-op	13	3410667
22	22:sweep-empty:targets=1:providers=32:kind=empty:program=five-op	14	3412000
22	22:sweep-empty:targets=1:providers=32:kind=empty:program=five-op	15	3400333
22	22:sweep-empty:targets=1:providers=32:kind=empty:program=five-op	16	3398875
22	22:sweep-empty:targets=1:providers=32:kind=empty:program=five-op	17	3410583
22	22:sweep-empty:targets=1:providers=32:kind=empty:program=five-op	18	3399917
22	22:sweep-empty:targets=1:providers=32:kind=empty:program=five-op	19	3401041
22	22:sweep-empty:targets=1:providers=32:kind=empty:program=five-op	20	3415000
22	22:sweep-empty:targets=1:providers=32:kind=empty:program=five-op	21	3405333
22	22:sweep-empty:targets=1:providers=32:kind=empty:program=five-op	22	3410083
22	22:sweep-empty:targets=1:providers=32:kind=empty:program=five-op	23	3419125
22	22:sweep-empty:targets=1:providers=32:kind=empty:program=five-op	24	3407291
22	22:sweep-empty:targets=1:providers=32:kind=empty:program=five-op	25	3433958
22	22:sweep-empty:targets=1:providers=32:kind=empty:program=five-op	26	3419667
22	22:sweep-empty:targets=1:providers=32:kind=empty:program=five-op	27	3422667
22	22:sweep-empty:targets=1:providers=32:kind=empty:program=five-op	28	3405042
22	22:sweep-empty:targets=1:providers=32:kind=empty:program=five-op	29	3421417
22	22:sweep-empty:targets=1:providers=32:kind=empty:program=five-op	30	3415875
22	22:sweep-empty:targets=1:providers=32:kind=empty:program=five-op	31	3416250
22	22:sweep-empty:targets=1:providers=32:kind=empty:program=five-op	32	3427959
22	22:sweep-empty:targets=1:providers=32:kind=empty:program=five-op	33	3406875
22	22:sweep-empty:targets=1:providers=32:kind=empty:program=five-op	34	3418625
22	22:sweep-empty:targets=1:providers=32:kind=empty:program=five-op	35	3411500
22	22:sweep-empty:targets=1:providers=32:kind=empty:program=five-op	36	3408167
22	22:sweep-empty:targets=1:providers=32:kind=empty:program=five-op	37	3416958
22	22:sweep-empty:targets=1:providers=32:kind=empty:program=five-op	38	3416958
22	22:sweep-empty:targets=1:providers=32:kind=empty:program=five-op	39	3428375
22	22:sweep-empty:targets=1:providers=32:kind=empty:program=five-op	40	3416083
22	22:sweep-empty:targets=1:providers=32:kind=empty:program=five-op	41	3416709
22	22:sweep-empty:targets=1:providers=32:kind=empty:program=five-op	42	3421667
22	22:sweep-empty:targets=1:providers=32:kind=empty:program=five-op	43	3427500
22	22:sweep-empty:targets=1:providers=32:kind=empty:program=five-op	44	3415666
22	22:sweep-empty:targets=1:providers=32:kind=empty:program=five-op	45	3414459
22	22:sweep-empty:targets=1:providers=32:kind=empty:program=five-op	46	3428125
22	22:sweep-empty:targets=1:providers=32:kind=empty:program=five-op	47	3416042
22	22:sweep-empty:targets=1:providers=32:kind=empty:program=five-op	48	3415500
22	22:sweep-empty:targets=1:providers=32:kind=empty:program=five-op	49	3412166
23	23:sweep-empty:targets=1:providers=64:kind=empty:program=five-op	0	3618875
23	23:sweep-empty:targets=1:providers=64:kind=empty:program=five-op	1	3620542
23	23:sweep-empty:targets=1:providers=64:kind=empty:program=five-op	2	3609416
23	23:sweep-empty:targets=1:providers=64:kind=empty:program=five-op	3	3602417
23	23:sweep-empty:targets=1:providers=64:kind=empty:program=five-op	4	3627792
23	23:sweep-empty:targets=1:providers=64:kind=empty:program=five-op	5	3620416
23	23:sweep-empty:targets=1:providers=64:kind=empty:program=five-op	6	3612792
23	23:sweep-empty:targets=1:providers=64:kind=empty:program=five-op	7	3634708
23	23:sweep-empty:targets=1:providers=64:kind=empty:program=five-op	8	3631208
23	23:sweep-empty:targets=1:providers=64:kind=empty:program=five-op	9	3622583
23	23:sweep-empty:targets=1:providers=64:kind=empty:program=five-op	10	3627625
23	23:sweep-empty:targets=1:providers=64:kind=empty:program=five-op	11	3616833
23	23:sweep-empty:targets=1:providers=64:kind=empty:program=five-op	12	3620417
23	23:sweep-empty:targets=1:providers=64:kind=empty:program=five-op	13	3619166
23	23:sweep-empty:targets=1:providers=64:kind=empty:program=five-op	14	3618125
23	23:sweep-empty:targets=1:providers=64:kind=empty:program=five-op	15	3618125
23	23:sweep-empty:targets=1:providers=64:kind=empty:program=five-op	16	3625167
23	23:sweep-empty:targets=1:providers=64:kind=empty:program=five-op	17	3629458
23	23:sweep-empty:targets=1:providers=64:kind=empty:program=five-op	18	3631708
23	23:sweep-empty:targets=1:providers=64:kind=empty:program=five-op	19	3620625
23	23:sweep-empty:targets=1:providers=64:kind=empty:program=five-op	20	3634042
23	23:sweep-empty:targets=1:providers=64:kind=empty:program=five-op	21	3629750
23	23:sweep-empty:targets=1:providers=64:kind=empty:program=five-op	22	3633416
23	23:sweep-empty:targets=1:providers=64:kind=empty:program=five-op	23	3648209
23	23:sweep-empty:targets=1:providers=64:kind=empty:program=five-op	24	3628125
23	23:sweep-empty:targets=1:providers=64:kind=empty:program=five-op	25	3635958
23	23:sweep-empty:targets=1:providers=64:kind=empty:program=five-op	26	3642375
23	23:sweep-empty:targets=1:providers=64:kind=empty:program=five-op	27	3652458
23	23:sweep-empty:targets=1:providers=64:kind=empty:program=five-op	28	3635417
23	23:sweep-empty:targets=1:providers=64:kind=empty:program=five-op	29	3647375
23	23:sweep-empty:targets=1:providers=64:kind=empty:program=five-op	30	3643417
23	23:sweep-empty:targets=1:providers=64:kind=empty:program=five-op	31	3638208
23	23:sweep-empty:targets=1:providers=64:kind=empty:program=five-op	32	3638167
23	23:sweep-empty:targets=1:providers=64:kind=empty:program=five-op	33	3669042
23	23:sweep-empty:targets=1:providers=64:kind=empty:program=five-op	34	3648042
23	23:sweep-empty:targets=1:providers=64:kind=empty:program=five-op	35	3637542
23	23:sweep-empty:targets=1:providers=64:kind=empty:program=five-op	36	3628875
23	23:sweep-empty:targets=1:providers=64:kind=empty:program=five-op	37	3649250
23	23:sweep-empty:targets=1:providers=64:kind=empty:program=five-op	38	3651917
23	23:sweep-empty:targets=1:providers=64:kind=empty:program=five-op	39	3646250
23	23:sweep-empty:targets=1:providers=64:kind=empty:program=five-op	40	3645292
23	23:sweep-empty:targets=1:providers=64:kind=empty:program=five-op	41	3647417
23	23:sweep-empty:targets=1:providers=64:kind=empty:program=five-op	42	3636833
23	23:sweep-empty:targets=1:providers=64:kind=empty:program=five-op	43	3641833
23	23:sweep-empty:targets=1:providers=64:kind=empty:program=five-op	44	3639750
23	23:sweep-empty:targets=1:providers=64:kind=empty:program=five-op	45	3646250
23	23:sweep-empty:targets=1:providers=64:kind=empty:program=five-op	46	3638250
23	23:sweep-empty:targets=1:providers=64:kind=empty:program=five-op	47	3640125
23	23:sweep-empty:targets=1:providers=64:kind=empty:program=five-op	48	3647042
23	23:sweep-empty:targets=1:providers=64:kind=empty:program=five-op	49	3652625
24	24:sweep-decline:targets=1:providers=1:kind=decline:program=five-op	0	3251750
24	24:sweep-decline:targets=1:providers=1:kind=decline:program=five-op	1	3246917
24	24:sweep-decline:targets=1:providers=1:kind=decline:program=five-op	2	3249625
24	24:sweep-decline:targets=1:providers=1:kind=decline:program=five-op	3	3241500
24	24:sweep-decline:targets=1:providers=1:kind=decline:program=five-op	4	3243291
24	24:sweep-decline:targets=1:providers=1:kind=decline:program=five-op	5	3242875
24	24:sweep-decline:targets=1:providers=1:kind=decline:program=five-op	6	3253083
24	24:sweep-decline:targets=1:providers=1:kind=decline:program=five-op	7	3241958
24	24:sweep-decline:targets=1:providers=1:kind=decline:program=five-op	8	3244750
24	24:sweep-decline:targets=1:providers=1:kind=decline:program=five-op	9	3253334
24	24:sweep-decline:targets=1:providers=1:kind=decline:program=five-op	10	3241750
24	24:sweep-decline:targets=1:providers=1:kind=decline:program=five-op	11	3236709
24	24:sweep-decline:targets=1:providers=1:kind=decline:program=five-op	12	3244209
24	24:sweep-decline:targets=1:providers=1:kind=decline:program=five-op	13	3242958
24	24:sweep-decline:targets=1:providers=1:kind=decline:program=five-op	14	3239250
24	24:sweep-decline:targets=1:providers=1:kind=decline:program=five-op	15	3248125
24	24:sweep-decline:targets=1:providers=1:kind=decline:program=five-op	16	3252084
24	24:sweep-decline:targets=1:providers=1:kind=decline:program=five-op	17	3234667
24	24:sweep-decline:targets=1:providers=1:kind=decline:program=five-op	18	3253417
24	24:sweep-decline:targets=1:providers=1:kind=decline:program=five-op	19	3238834
24	24:sweep-decline:targets=1:providers=1:kind=decline:program=five-op	20	3240708
24	24:sweep-decline:targets=1:providers=1:kind=decline:program=five-op	21	3242625
24	24:sweep-decline:targets=1:providers=1:kind=decline:program=five-op	22	3237375
24	24:sweep-decline:targets=1:providers=1:kind=decline:program=five-op	23	3240584
24	24:sweep-decline:targets=1:providers=1:kind=decline:program=five-op	24	3243375
24	24:sweep-decline:targets=1:providers=1:kind=decline:program=five-op	25	3238625
24	24:sweep-decline:targets=1:providers=1:kind=decline:program=five-op	26	3237875
24	24:sweep-decline:targets=1:providers=1:kind=decline:program=five-op	27	3243000
24	24:sweep-decline:targets=1:providers=1:kind=decline:program=five-op	28	3243834
24	24:sweep-decline:targets=1:providers=1:kind=decline:program=five-op	29	3235791
24	24:sweep-decline:targets=1:providers=1:kind=decline:program=five-op	30	3245292
24	24:sweep-decline:targets=1:providers=1:kind=decline:program=five-op	31	3240167
24	24:sweep-decline:targets=1:providers=1:kind=decline:program=five-op	32	3234833
24	24:sweep-decline:targets=1:providers=1:kind=decline:program=five-op	33	3245458
24	24:sweep-decline:targets=1:providers=1:kind=decline:program=five-op	34	3240667
24	24:sweep-decline:targets=1:providers=1:kind=decline:program=five-op	35	3240500
24	24:sweep-decline:targets=1:providers=1:kind=decline:program=five-op	36	3250292
24	24:sweep-decline:targets=1:providers=1:kind=decline:program=five-op	37	3241833
24	24:sweep-decline:targets=1:providers=1:kind=decline:program=five-op	38	3247041
24	24:sweep-decline:targets=1:providers=1:kind=decline:program=five-op	39	3233917
24	24:sweep-decline:targets=1:providers=1:kind=decline:program=five-op	40	3246167
24	24:sweep-decline:targets=1:providers=1:kind=decline:program=five-op	41	3240541
24	24:sweep-decline:targets=1:providers=1:kind=decline:program=five-op	42	3233709
24	24:sweep-decline:targets=1:providers=1:kind=decline:program=five-op	43	3248375
24	24:sweep-decline:targets=1:providers=1:kind=decline:program=five-op	44	3234042
24	24:sweep-decline:targets=1:providers=1:kind=decline:program=five-op	45	3234833
24	24:sweep-decline:targets=1:providers=1:kind=decline:program=five-op	46	3257958
24	24:sweep-decline:targets=1:providers=1:kind=decline:program=five-op	47	3233541
24	24:sweep-decline:targets=1:providers=1:kind=decline:program=five-op	48	3243334
24	24:sweep-decline:targets=1:providers=1:kind=decline:program=five-op	49	3250750
25	25:sweep-decline:targets=1:providers=2:kind=decline:program=five-op	0	3282792
25	25:sweep-decline:targets=1:providers=2:kind=decline:program=five-op	1	3269333
25	25:sweep-decline:targets=1:providers=2:kind=decline:program=five-op	2	3265708
25	25:sweep-decline:targets=1:providers=2:kind=decline:program=five-op	3	3272042
25	25:sweep-decline:targets=1:providers=2:kind=decline:program=five-op	4	3264875
25	25:sweep-decline:targets=1:providers=2:kind=decline:program=five-op	5	3259750
25	25:sweep-decline:targets=1:providers=2:kind=decline:program=five-op	6	3269209
25	25:sweep-decline:targets=1:providers=2:kind=decline:program=five-op	7	3265458
25	25:sweep-decline:targets=1:providers=2:kind=decline:program=five-op	8	3263083
25	25:sweep-decline:targets=1:providers=2:kind=decline:program=five-op	9	3275500
25	25:sweep-decline:targets=1:providers=2:kind=decline:program=five-op	10	3275625
25	25:sweep-decline:targets=1:providers=2:kind=decline:program=five-op	11	3266125
25	25:sweep-decline:targets=1:providers=2:kind=decline:program=five-op	12	3267708
25	25:sweep-decline:targets=1:providers=2:kind=decline:program=five-op	13	3272542
25	25:sweep-decline:targets=1:providers=2:kind=decline:program=five-op	14	3264167
25	25:sweep-decline:targets=1:providers=2:kind=decline:program=five-op	15	3283583
25	25:sweep-decline:targets=1:providers=2:kind=decline:program=five-op	16	3266750
25	25:sweep-decline:targets=1:providers=2:kind=decline:program=five-op	17	3260750
25	25:sweep-decline:targets=1:providers=2:kind=decline:program=five-op	18	3264375
25	25:sweep-decline:targets=1:providers=2:kind=decline:program=five-op	19	3263250
25	25:sweep-decline:targets=1:providers=2:kind=decline:program=five-op	20	3264334
25	25:sweep-decline:targets=1:providers=2:kind=decline:program=five-op	21	3267125
25	25:sweep-decline:targets=1:providers=2:kind=decline:program=five-op	22	3279333
25	25:sweep-decline:targets=1:providers=2:kind=decline:program=five-op	23	3272375
25	25:sweep-decline:targets=1:providers=2:kind=decline:program=five-op	24	3275916
25	25:sweep-decline:targets=1:providers=2:kind=decline:program=five-op	25	3263375
25	25:sweep-decline:targets=1:providers=2:kind=decline:program=five-op	26	3277208
25	25:sweep-decline:targets=1:providers=2:kind=decline:program=five-op	27	3278000
25	25:sweep-decline:targets=1:providers=2:kind=decline:program=five-op	28	3262792
25	25:sweep-decline:targets=1:providers=2:kind=decline:program=five-op	29	3269042
25	25:sweep-decline:targets=1:providers=2:kind=decline:program=five-op	30	3264375
25	25:sweep-decline:targets=1:providers=2:kind=decline:program=five-op	31	3269291
25	25:sweep-decline:targets=1:providers=2:kind=decline:program=five-op	32	3267500
25	25:sweep-decline:targets=1:providers=2:kind=decline:program=five-op	33	3273166
25	25:sweep-decline:targets=1:providers=2:kind=decline:program=five-op	34	3280542
25	25:sweep-decline:targets=1:providers=2:kind=decline:program=five-op	35	3263333
25	25:sweep-decline:targets=1:providers=2:kind=decline:program=five-op	36	3269916
25	25:sweep-decline:targets=1:providers=2:kind=decline:program=five-op	37	3264709
25	25:sweep-decline:targets=1:providers=2:kind=decline:program=five-op	38	3257709
25	25:sweep-decline:targets=1:providers=2:kind=decline:program=five-op	39	3266875
25	25:sweep-decline:targets=1:providers=2:kind=decline:program=five-op	40	3262333
25	25:sweep-decline:targets=1:providers=2:kind=decline:program=five-op	41	3261916
25	25:sweep-decline:targets=1:providers=2:kind=decline:program=five-op	42	3269750
25	25:sweep-decline:targets=1:providers=2:kind=decline:program=five-op	43	3264875
25	25:sweep-decline:targets=1:providers=2:kind=decline:program=five-op	44	3261667
25	25:sweep-decline:targets=1:providers=2:kind=decline:program=five-op	45	3258917
25	25:sweep-decline:targets=1:providers=2:kind=decline:program=five-op	46	3274917
25	25:sweep-decline:targets=1:providers=2:kind=decline:program=five-op	47	3266000
25	25:sweep-decline:targets=1:providers=2:kind=decline:program=five-op	48	3275875
25	25:sweep-decline:targets=1:providers=2:kind=decline:program=five-op	49	3296959
26	26:sweep-decline:targets=1:providers=4:kind=decline:program=five-op	0	3342208
26	26:sweep-decline:targets=1:providers=4:kind=decline:program=five-op	1	3338625
26	26:sweep-decline:targets=1:providers=4:kind=decline:program=five-op	2	3341291
26	26:sweep-decline:targets=1:providers=4:kind=decline:program=five-op	3	3346084
26	26:sweep-decline:targets=1:providers=4:kind=decline:program=five-op	4	3338083
26	26:sweep-decline:targets=1:providers=4:kind=decline:program=five-op	5	3342833
26	26:sweep-decline:targets=1:providers=4:kind=decline:program=five-op	6	3337333
26	26:sweep-decline:targets=1:providers=4:kind=decline:program=five-op	7	3334583
26	26:sweep-decline:targets=1:providers=4:kind=decline:program=five-op	8	3345584
26	26:sweep-decline:targets=1:providers=4:kind=decline:program=five-op	9	3344750
26	26:sweep-decline:targets=1:providers=4:kind=decline:program=five-op	10	3356209
26	26:sweep-decline:targets=1:providers=4:kind=decline:program=five-op	11	3341959
26	26:sweep-decline:targets=1:providers=4:kind=decline:program=five-op	12	3340583
26	26:sweep-decline:targets=1:providers=4:kind=decline:program=five-op	13	3351375
26	26:sweep-decline:targets=1:providers=4:kind=decline:program=five-op	14	3344042
26	26:sweep-decline:targets=1:providers=4:kind=decline:program=five-op	15	3338500
26	26:sweep-decline:targets=1:providers=4:kind=decline:program=five-op	16	3326333
26	26:sweep-decline:targets=1:providers=4:kind=decline:program=five-op	17	3338542
26	26:sweep-decline:targets=1:providers=4:kind=decline:program=five-op	18	3337667
26	26:sweep-decline:targets=1:providers=4:kind=decline:program=five-op	19	3335000
26	26:sweep-decline:targets=1:providers=4:kind=decline:program=five-op	20	3336125
26	26:sweep-decline:targets=1:providers=4:kind=decline:program=five-op	21	3335208
26	26:sweep-decline:targets=1:providers=4:kind=decline:program=five-op	22	3330542
26	26:sweep-decline:targets=1:providers=4:kind=decline:program=five-op	23	3336875
26	26:sweep-decline:targets=1:providers=4:kind=decline:program=five-op	24	3334792
26	26:sweep-decline:targets=1:providers=4:kind=decline:program=five-op	25	3351958
26	26:sweep-decline:targets=1:providers=4:kind=decline:program=five-op	26	3339833
26	26:sweep-decline:targets=1:providers=4:kind=decline:program=five-op	27	3337125
26	26:sweep-decline:targets=1:providers=4:kind=decline:program=five-op	28	3341208
26	26:sweep-decline:targets=1:providers=4:kind=decline:program=five-op	29	3338292
26	26:sweep-decline:targets=1:providers=4:kind=decline:program=five-op	30	3329791
26	26:sweep-decline:targets=1:providers=4:kind=decline:program=five-op	31	3331292
26	26:sweep-decline:targets=1:providers=4:kind=decline:program=five-op	32	3335250
26	26:sweep-decline:targets=1:providers=4:kind=decline:program=five-op	33	3337667
26	26:sweep-decline:targets=1:providers=4:kind=decline:program=five-op	34	3332500
26	26:sweep-decline:targets=1:providers=4:kind=decline:program=five-op	35	3341500
26	26:sweep-decline:targets=1:providers=4:kind=decline:program=five-op	36	3334875
26	26:sweep-decline:targets=1:providers=4:kind=decline:program=five-op	37	3330209
26	26:sweep-decline:targets=1:providers=4:kind=decline:program=five-op	38	3334833
26	26:sweep-decline:targets=1:providers=4:kind=decline:program=five-op	39	3334416
26	26:sweep-decline:targets=1:providers=4:kind=decline:program=five-op	40	3329250
26	26:sweep-decline:targets=1:providers=4:kind=decline:program=five-op	41	3337208
26	26:sweep-decline:targets=1:providers=4:kind=decline:program=five-op	42	3333500
26	26:sweep-decline:targets=1:providers=4:kind=decline:program=five-op	43	3333917
26	26:sweep-decline:targets=1:providers=4:kind=decline:program=five-op	44	3336000
26	26:sweep-decline:targets=1:providers=4:kind=decline:program=five-op	45	3337125
26	26:sweep-decline:targets=1:providers=4:kind=decline:program=five-op	46	3333292
26	26:sweep-decline:targets=1:providers=4:kind=decline:program=five-op	47	3341625
26	26:sweep-decline:targets=1:providers=4:kind=decline:program=five-op	48	3333250
26	26:sweep-decline:targets=1:providers=4:kind=decline:program=five-op	49	3331792
27	27:sweep-decline:targets=1:providers=8:kind=decline:program=five-op	0	3469083
27	27:sweep-decline:targets=1:providers=8:kind=decline:program=five-op	1	3460875
27	27:sweep-decline:targets=1:providers=8:kind=decline:program=five-op	2	3479209
27	27:sweep-decline:targets=1:providers=8:kind=decline:program=five-op	3	3463584
27	27:sweep-decline:targets=1:providers=8:kind=decline:program=five-op	4	3469250
27	27:sweep-decline:targets=1:providers=8:kind=decline:program=five-op	5	3467917
27	27:sweep-decline:targets=1:providers=8:kind=decline:program=five-op	6	3459875
27	27:sweep-decline:targets=1:providers=8:kind=decline:program=five-op	7	3472250
27	27:sweep-decline:targets=1:providers=8:kind=decline:program=five-op	8	3470334
27	27:sweep-decline:targets=1:providers=8:kind=decline:program=five-op	9	3453916
27	27:sweep-decline:targets=1:providers=8:kind=decline:program=five-op	10	3468042
27	27:sweep-decline:targets=1:providers=8:kind=decline:program=five-op	11	3467209
27	27:sweep-decline:targets=1:providers=8:kind=decline:program=five-op	12	3461583
27	27:sweep-decline:targets=1:providers=8:kind=decline:program=five-op	13	3467708
27	27:sweep-decline:targets=1:providers=8:kind=decline:program=five-op	14	3457542
27	27:sweep-decline:targets=1:providers=8:kind=decline:program=five-op	15	3475708
27	27:sweep-decline:targets=1:providers=8:kind=decline:program=five-op	16	3470958
27	27:sweep-decline:targets=1:providers=8:kind=decline:program=five-op	17	3457792
27	27:sweep-decline:targets=1:providers=8:kind=decline:program=five-op	18	3458584
27	27:sweep-decline:targets=1:providers=8:kind=decline:program=five-op	19	3467417
27	27:sweep-decline:targets=1:providers=8:kind=decline:program=five-op	20	3459208
27	27:sweep-decline:targets=1:providers=8:kind=decline:program=five-op	21	3466000
27	27:sweep-decline:targets=1:providers=8:kind=decline:program=five-op	22	3470792
27	27:sweep-decline:targets=1:providers=8:kind=decline:program=five-op	23	3455375
27	27:sweep-decline:targets=1:providers=8:kind=decline:program=five-op	24	3453542
27	27:sweep-decline:targets=1:providers=8:kind=decline:program=five-op	25	3470583
27	27:sweep-decline:targets=1:providers=8:kind=decline:program=five-op	26	3460500
27	27:sweep-decline:targets=1:providers=8:kind=decline:program=five-op	27	3461959
27	27:sweep-decline:targets=1:providers=8:kind=decline:program=five-op	28	3457916
27	27:sweep-decline:targets=1:providers=8:kind=decline:program=five-op	29	3454667
27	27:sweep-decline:targets=1:providers=8:kind=decline:program=five-op	30	3459792
27	27:sweep-decline:targets=1:providers=8:kind=decline:program=five-op	31	3456250
27	27:sweep-decline:targets=1:providers=8:kind=decline:program=five-op	32	3458250
27	27:sweep-decline:targets=1:providers=8:kind=decline:program=five-op	33	3464834
27	27:sweep-decline:targets=1:providers=8:kind=decline:program=five-op	34	3458709
27	27:sweep-decline:targets=1:providers=8:kind=decline:program=five-op	35	3466417
27	27:sweep-decline:targets=1:providers=8:kind=decline:program=five-op	36	3488250
27	27:sweep-decline:targets=1:providers=8:kind=decline:program=five-op	37	3460667
27	27:sweep-decline:targets=1:providers=8:kind=decline:program=five-op	38	3458500
27	27:sweep-decline:targets=1:providers=8:kind=decline:program=five-op	39	3466500
27	27:sweep-decline:targets=1:providers=8:kind=decline:program=five-op	40	3457708
27	27:sweep-decline:targets=1:providers=8:kind=decline:program=five-op	41	3467542
27	27:sweep-decline:targets=1:providers=8:kind=decline:program=five-op	42	3457709
27	27:sweep-decline:targets=1:providers=8:kind=decline:program=five-op	43	3454875
27	27:sweep-decline:targets=1:providers=8:kind=decline:program=five-op	44	3467959
27	27:sweep-decline:targets=1:providers=8:kind=decline:program=five-op	45	3470542
27	27:sweep-decline:targets=1:providers=8:kind=decline:program=five-op	46	3451958
27	27:sweep-decline:targets=1:providers=8:kind=decline:program=five-op	47	3446458
27	27:sweep-decline:targets=1:providers=8:kind=decline:program=five-op	48	3465833
27	27:sweep-decline:targets=1:providers=8:kind=decline:program=five-op	49	3464542
28	28:sweep-decline:targets=1:providers=16:kind=decline:program=five-op	0	3721625
28	28:sweep-decline:targets=1:providers=16:kind=decline:program=five-op	1	3726708
28	28:sweep-decline:targets=1:providers=16:kind=decline:program=five-op	2	3711625
28	28:sweep-decline:targets=1:providers=16:kind=decline:program=five-op	3	3725250
28	28:sweep-decline:targets=1:providers=16:kind=decline:program=five-op	4	3718417
28	28:sweep-decline:targets=1:providers=16:kind=decline:program=five-op	5	3707625
28	28:sweep-decline:targets=1:providers=16:kind=decline:program=five-op	6	3719667
28	28:sweep-decline:targets=1:providers=16:kind=decline:program=five-op	7	3714708
28	28:sweep-decline:targets=1:providers=16:kind=decline:program=five-op	8	3716708
28	28:sweep-decline:targets=1:providers=16:kind=decline:program=five-op	9	3716416
28	28:sweep-decline:targets=1:providers=16:kind=decline:program=five-op	10	3714334
28	28:sweep-decline:targets=1:providers=16:kind=decline:program=five-op	11	3713250
28	28:sweep-decline:targets=1:providers=16:kind=decline:program=five-op	12	3719084
28	28:sweep-decline:targets=1:providers=16:kind=decline:program=five-op	13	3713500
28	28:sweep-decline:targets=1:providers=16:kind=decline:program=five-op	14	3715541
28	28:sweep-decline:targets=1:providers=16:kind=decline:program=five-op	15	3717417
28	28:sweep-decline:targets=1:providers=16:kind=decline:program=five-op	16	3711750
28	28:sweep-decline:targets=1:providers=16:kind=decline:program=five-op	17	3714375
28	28:sweep-decline:targets=1:providers=16:kind=decline:program=five-op	18	3710500
28	28:sweep-decline:targets=1:providers=16:kind=decline:program=five-op	19	3715167
28	28:sweep-decline:targets=1:providers=16:kind=decline:program=five-op	20	3720000
28	28:sweep-decline:targets=1:providers=16:kind=decline:program=five-op	21	3709334
28	28:sweep-decline:targets=1:providers=16:kind=decline:program=five-op	22	3704625
28	28:sweep-decline:targets=1:providers=16:kind=decline:program=five-op	23	3717334
28	28:sweep-decline:targets=1:providers=16:kind=decline:program=five-op	24	3715791
28	28:sweep-decline:targets=1:providers=16:kind=decline:program=five-op	25	3721875
28	28:sweep-decline:targets=1:providers=16:kind=decline:program=five-op	26	3713458
28	28:sweep-decline:targets=1:providers=16:kind=decline:program=five-op	27	3720250
28	28:sweep-decline:targets=1:providers=16:kind=decline:program=five-op	28	3715791
28	28:sweep-decline:targets=1:providers=16:kind=decline:program=five-op	29	3703792
28	28:sweep-decline:targets=1:providers=16:kind=decline:program=five-op	30	3712375
28	28:sweep-decline:targets=1:providers=16:kind=decline:program=five-op	31	3711959
28	28:sweep-decline:targets=1:providers=16:kind=decline:program=five-op	32	3713625
28	28:sweep-decline:targets=1:providers=16:kind=decline:program=five-op	33	3719792
28	28:sweep-decline:targets=1:providers=16:kind=decline:program=five-op	34	3717042
28	28:sweep-decline:targets=1:providers=16:kind=decline:program=five-op	35	3712208
28	28:sweep-decline:targets=1:providers=16:kind=decline:program=five-op	36	3714666
28	28:sweep-decline:targets=1:providers=16:kind=decline:program=five-op	37	3708083
28	28:sweep-decline:targets=1:providers=16:kind=decline:program=five-op	38	3711667
28	28:sweep-decline:targets=1:providers=16:kind=decline:program=five-op	39	3716416
28	28:sweep-decline:targets=1:providers=16:kind=decline:program=five-op	40	3712250
28	28:sweep-decline:targets=1:providers=16:kind=decline:program=five-op	41	3712791
28	28:sweep-decline:targets=1:providers=16:kind=decline:program=five-op	42	3713583
28	28:sweep-decline:targets=1:providers=16:kind=decline:program=five-op	43	3714250
28	28:sweep-decline:targets=1:providers=16:kind=decline:program=five-op	44	3717958
28	28:sweep-decline:targets=1:providers=16:kind=decline:program=five-op	45	3706584
28	28:sweep-decline:targets=1:providers=16:kind=decline:program=five-op	46	3719375
28	28:sweep-decline:targets=1:providers=16:kind=decline:program=five-op	47	3716709
28	28:sweep-decline:targets=1:providers=16:kind=decline:program=five-op	48	3710875
28	28:sweep-decline:targets=1:providers=16:kind=decline:program=five-op	49	3717250
29	29:sweep-decline:targets=1:providers=32:kind=decline:program=five-op	0	4292500
29	29:sweep-decline:targets=1:providers=32:kind=decline:program=five-op	1	4287208
29	29:sweep-decline:targets=1:providers=32:kind=decline:program=five-op	2	4277417
29	29:sweep-decline:targets=1:providers=32:kind=decline:program=five-op	3	4269125
29	29:sweep-decline:targets=1:providers=32:kind=decline:program=five-op	4	4292959
29	29:sweep-decline:targets=1:providers=32:kind=decline:program=five-op	5	4278875
29	29:sweep-decline:targets=1:providers=32:kind=decline:program=five-op	6	4268625
29	29:sweep-decline:targets=1:providers=32:kind=decline:program=five-op	7	4285875
29	29:sweep-decline:targets=1:providers=32:kind=decline:program=five-op	8	4270584
29	29:sweep-decline:targets=1:providers=32:kind=decline:program=five-op	9	4279750
29	29:sweep-decline:targets=1:providers=32:kind=decline:program=five-op	10	4269792
29	29:sweep-decline:targets=1:providers=32:kind=decline:program=five-op	11	4277375
29	29:sweep-decline:targets=1:providers=32:kind=decline:program=five-op	12	4265583
29	29:sweep-decline:targets=1:providers=32:kind=decline:program=five-op	13	4269500
29	29:sweep-decline:targets=1:providers=32:kind=decline:program=five-op	14	4273250
29	29:sweep-decline:targets=1:providers=32:kind=decline:program=five-op	15	4285584
29	29:sweep-decline:targets=1:providers=32:kind=decline:program=five-op	16	4278416
29	29:sweep-decline:targets=1:providers=32:kind=decline:program=five-op	17	4270208
29	29:sweep-decline:targets=1:providers=32:kind=decline:program=five-op	18	4284292
29	29:sweep-decline:targets=1:providers=32:kind=decline:program=five-op	19	4265500
29	29:sweep-decline:targets=1:providers=32:kind=decline:program=five-op	20	4270833
29	29:sweep-decline:targets=1:providers=32:kind=decline:program=five-op	21	4279500
29	29:sweep-decline:targets=1:providers=32:kind=decline:program=five-op	22	4269708
29	29:sweep-decline:targets=1:providers=32:kind=decline:program=five-op	23	4284000
29	29:sweep-decline:targets=1:providers=32:kind=decline:program=five-op	24	4271666
29	29:sweep-decline:targets=1:providers=32:kind=decline:program=five-op	25	4282959
29	29:sweep-decline:targets=1:providers=32:kind=decline:program=five-op	26	4280209
29	29:sweep-decline:targets=1:providers=32:kind=decline:program=five-op	27	4272709
29	29:sweep-decline:targets=1:providers=32:kind=decline:program=five-op	28	4280250
29	29:sweep-decline:targets=1:providers=32:kind=decline:program=five-op	29	4270709
29	29:sweep-decline:targets=1:providers=32:kind=decline:program=five-op	30	4289500
29	29:sweep-decline:targets=1:providers=32:kind=decline:program=five-op	31	4281042
29	29:sweep-decline:targets=1:providers=32:kind=decline:program=five-op	32	4278209
29	29:sweep-decline:targets=1:providers=32:kind=decline:program=five-op	33	4268459
29	29:sweep-decline:targets=1:providers=32:kind=decline:program=five-op	34	4279750
29	29:sweep-decline:targets=1:providers=32:kind=decline:program=five-op	35	4282375
29	29:sweep-decline:targets=1:providers=32:kind=decline:program=five-op	36	4278625
29	29:sweep-decline:targets=1:providers=32:kind=decline:program=five-op	37	4290458
29	29:sweep-decline:targets=1:providers=32:kind=decline:program=five-op	38	4279000
29	29:sweep-decline:targets=1:providers=32:kind=decline:program=five-op	39	4286708
29	29:sweep-decline:targets=1:providers=32:kind=decline:program=five-op	40	4268500
29	29:sweep-decline:targets=1:providers=32:kind=decline:program=five-op	41	4272625
29	29:sweep-decline:targets=1:providers=32:kind=decline:program=five-op	42	4284000
29	29:sweep-decline:targets=1:providers=32:kind=decline:program=five-op	43	4277708
29	29:sweep-decline:targets=1:providers=32:kind=decline:program=five-op	44	4292250
29	29:sweep-decline:targets=1:providers=32:kind=decline:program=five-op	45	4275375
29	29:sweep-decline:targets=1:providers=32:kind=decline:program=five-op	46	4294333
29	29:sweep-decline:targets=1:providers=32:kind=decline:program=five-op	47	4278334
29	29:sweep-decline:targets=1:providers=32:kind=decline:program=five-op	48	4286459
29	29:sweep-decline:targets=1:providers=32:kind=decline:program=five-op	49	4292375
30	30:sweep-decline:targets=1:providers=64:kind=decline:program=five-op	0	5710542
30	30:sweep-decline:targets=1:providers=64:kind=decline:program=five-op	1	5691875
30	30:sweep-decline:targets=1:providers=64:kind=decline:program=five-op	2	5699542
30	30:sweep-decline:targets=1:providers=64:kind=decline:program=five-op	3	5696125
30	30:sweep-decline:targets=1:providers=64:kind=decline:program=five-op	4	5700542
30	30:sweep-decline:targets=1:providers=64:kind=decline:program=five-op	5	5699084
30	30:sweep-decline:targets=1:providers=64:kind=decline:program=five-op	6	5711958
30	30:sweep-decline:targets=1:providers=64:kind=decline:program=five-op	7	5713833
30	30:sweep-decline:targets=1:providers=64:kind=decline:program=five-op	8	5706250
30	30:sweep-decline:targets=1:providers=64:kind=decline:program=five-op	9	5700250
30	30:sweep-decline:targets=1:providers=64:kind=decline:program=five-op	10	5704834
30	30:sweep-decline:targets=1:providers=64:kind=decline:program=five-op	11	5709500
30	30:sweep-decline:targets=1:providers=64:kind=decline:program=five-op	12	5729750
30	30:sweep-decline:targets=1:providers=64:kind=decline:program=five-op	13	5711333
30	30:sweep-decline:targets=1:providers=64:kind=decline:program=five-op	14	5717667
30	30:sweep-decline:targets=1:providers=64:kind=decline:program=five-op	15	5704416
30	30:sweep-decline:targets=1:providers=64:kind=decline:program=five-op	16	5703792
30	30:sweep-decline:targets=1:providers=64:kind=decline:program=five-op	17	5714791
30	30:sweep-decline:targets=1:providers=64:kind=decline:program=five-op	18	5720042
30	30:sweep-decline:targets=1:providers=64:kind=decline:program=five-op	19	5693375
30	30:sweep-decline:targets=1:providers=64:kind=decline:program=five-op	20	5721959
30	30:sweep-decline:targets=1:providers=64:kind=decline:program=five-op	21	5711209
30	30:sweep-decline:targets=1:providers=64:kind=decline:program=five-op	22	5712500
30	30:sweep-decline:targets=1:providers=64:kind=decline:program=five-op	23	5717917
30	30:sweep-decline:targets=1:providers=64:kind=decline:program=five-op	24	5699958
30	30:sweep-decline:targets=1:providers=64:kind=decline:program=five-op	25	5713417
30	30:sweep-decline:targets=1:providers=64:kind=decline:program=five-op	26	5706041
30	30:sweep-decline:targets=1:providers=64:kind=decline:program=five-op	27	5734625
30	30:sweep-decline:targets=1:providers=64:kind=decline:program=five-op	28	5717042
30	30:sweep-decline:targets=1:providers=64:kind=decline:program=five-op	29	5716458
30	30:sweep-decline:targets=1:providers=64:kind=decline:program=five-op	30	5724333
30	30:sweep-decline:targets=1:providers=64:kind=decline:program=five-op	31	5712000
30	30:sweep-decline:targets=1:providers=64:kind=decline:program=five-op	32	5715958
30	30:sweep-decline:targets=1:providers=64:kind=decline:program=five-op	33	5714834
30	30:sweep-decline:targets=1:providers=64:kind=decline:program=five-op	34	5727083
30	30:sweep-decline:targets=1:providers=64:kind=decline:program=five-op	35	5706958
30	30:sweep-decline:targets=1:providers=64:kind=decline:program=five-op	36	5711959
30	30:sweep-decline:targets=1:providers=64:kind=decline:program=five-op	37	5713833
30	30:sweep-decline:targets=1:providers=64:kind=decline:program=five-op	38	5712833
30	30:sweep-decline:targets=1:providers=64:kind=decline:program=five-op	39	5729750
30	30:sweep-decline:targets=1:providers=64:kind=decline:program=five-op	40	5723291
30	30:sweep-decline:targets=1:providers=64:kind=decline:program=five-op	41	5720750
30	30:sweep-decline:targets=1:providers=64:kind=decline:program=five-op	42	5712417
30	30:sweep-decline:targets=1:providers=64:kind=decline:program=five-op	43	5734167
30	30:sweep-decline:targets=1:providers=64:kind=decline:program=five-op	44	5729000
30	30:sweep-decline:targets=1:providers=64:kind=decline:program=five-op	45	5711917
30	30:sweep-decline:targets=1:providers=64:kind=decline:program=five-op	46	5722666
30	30:sweep-decline:targets=1:providers=64:kind=decline:program=five-op	47	5708083
30	30:sweep-decline:targets=1:providers=64:kind=decline:program=five-op	48	5720542
30	30:sweep-decline:targets=1:providers=64:kind=decline:program=five-op	49	5726833
31	31:sweep-decline:targets=1:providers=128:kind=decline:program=five-op	0	5372958
31	31:sweep-decline:targets=1:providers=128:kind=decline:program=five-op	1	5372792
31	31:sweep-decline:targets=1:providers=128:kind=decline:program=five-op	2	5377750
31	31:sweep-decline:targets=1:providers=128:kind=decline:program=five-op	3	5365167
31	31:sweep-decline:targets=1:providers=128:kind=decline:program=five-op	4	5371959
31	31:sweep-decline:targets=1:providers=128:kind=decline:program=five-op	5	5386042
31	31:sweep-decline:targets=1:providers=128:kind=decline:program=five-op	6	5380000
31	31:sweep-decline:targets=1:providers=128:kind=decline:program=five-op	7	5377916
31	31:sweep-decline:targets=1:providers=128:kind=decline:program=five-op	8	5385542
31	31:sweep-decline:targets=1:providers=128:kind=decline:program=five-op	9	5376666
31	31:sweep-decline:targets=1:providers=128:kind=decline:program=five-op	10	5361375
31	31:sweep-decline:targets=1:providers=128:kind=decline:program=five-op	11	5387042
31	31:sweep-decline:targets=1:providers=128:kind=decline:program=five-op	12	5375541
31	31:sweep-decline:targets=1:providers=128:kind=decline:program=five-op	13	5367250
31	31:sweep-decline:targets=1:providers=128:kind=decline:program=five-op	14	5375750
31	31:sweep-decline:targets=1:providers=128:kind=decline:program=five-op	15	5388125
31	31:sweep-decline:targets=1:providers=128:kind=decline:program=five-op	16	5405584
31	31:sweep-decline:targets=1:providers=128:kind=decline:program=five-op	17	5386041
31	31:sweep-decline:targets=1:providers=128:kind=decline:program=five-op	18	5391042
31	31:sweep-decline:targets=1:providers=128:kind=decline:program=five-op	19	5389916
31	31:sweep-decline:targets=1:providers=128:kind=decline:program=five-op	20	5367917
31	31:sweep-decline:targets=1:providers=128:kind=decline:program=five-op	21	5366042
31	31:sweep-decline:targets=1:providers=128:kind=decline:program=five-op	22	5368042
31	31:sweep-decline:targets=1:providers=128:kind=decline:program=five-op	23	5361708
31	31:sweep-decline:targets=1:providers=128:kind=decline:program=five-op	24	5370417
31	31:sweep-decline:targets=1:providers=128:kind=decline:program=five-op	25	5410666
31	31:sweep-decline:targets=1:providers=128:kind=decline:program=five-op	26	5422584
31	31:sweep-decline:targets=1:providers=128:kind=decline:program=five-op	27	5419417
31	31:sweep-decline:targets=1:providers=128:kind=decline:program=five-op	28	5393833
31	31:sweep-decline:targets=1:providers=128:kind=decline:program=five-op	29	5388583
31	31:sweep-decline:targets=1:providers=128:kind=decline:program=five-op	30	5379500
31	31:sweep-decline:targets=1:providers=128:kind=decline:program=five-op	31	5381834
31	31:sweep-decline:targets=1:providers=128:kind=decline:program=five-op	32	5335542
31	31:sweep-decline:targets=1:providers=128:kind=decline:program=five-op	33	5390750
31	31:sweep-decline:targets=1:providers=128:kind=decline:program=five-op	34	5349375
31	31:sweep-decline:targets=1:providers=128:kind=decline:program=five-op	35	5347875
31	31:sweep-decline:targets=1:providers=128:kind=decline:program=five-op	36	5337291
31	31:sweep-decline:targets=1:providers=128:kind=decline:program=five-op	37	5340750
31	31:sweep-decline:targets=1:providers=128:kind=decline:program=five-op	38	5342000
31	31:sweep-decline:targets=1:providers=128:kind=decline:program=five-op	39	5363458
31	31:sweep-decline:targets=1:providers=128:kind=decline:program=five-op	40	5349459
31	31:sweep-decline:targets=1:providers=128:kind=decline:program=five-op	41	5354709
31	31:sweep-decline:targets=1:providers=128:kind=decline:program=five-op	42	5345250
31	31:sweep-decline:targets=1:providers=128:kind=decline:program=five-op	43	5373208
31	31:sweep-decline:targets=1:providers=128:kind=decline:program=five-op	44	5363958
31	31:sweep-decline:targets=1:providers=128:kind=decline:program=five-op	45	5348792
31	31:sweep-decline:targets=1:providers=128:kind=decline:program=five-op	46	5347041
31	31:sweep-decline:targets=1:providers=128:kind=decline:program=five-op	47	5369250
31	31:sweep-decline:targets=1:providers=128:kind=decline:program=five-op	48	5360875
31	31:sweep-decline:targets=1:providers=128:kind=decline:program=five-op	49	5355750
32	32:sweep-propose:targets=1:providers=1:kind=propose:program=five-op	0	3908458
32	32:sweep-propose:targets=1:providers=1:kind=propose:program=five-op	1	3909709
32	32:sweep-propose:targets=1:providers=1:kind=propose:program=five-op	2	3900458
32	32:sweep-propose:targets=1:providers=1:kind=propose:program=five-op	3	3906125
32	32:sweep-propose:targets=1:providers=1:kind=propose:program=five-op	4	3900916
32	32:sweep-propose:targets=1:providers=1:kind=propose:program=five-op	5	3907084
32	32:sweep-propose:targets=1:providers=1:kind=propose:program=five-op	6	3901792
32	32:sweep-propose:targets=1:providers=1:kind=propose:program=five-op	7	3891875
32	32:sweep-propose:targets=1:providers=1:kind=propose:program=five-op	8	3901125
32	32:sweep-propose:targets=1:providers=1:kind=propose:program=five-op	9	3907209
32	32:sweep-propose:targets=1:providers=1:kind=propose:program=five-op	10	3892000
32	32:sweep-propose:targets=1:providers=1:kind=propose:program=five-op	11	3901458
32	32:sweep-propose:targets=1:providers=1:kind=propose:program=five-op	12	3898042
32	32:sweep-propose:targets=1:providers=1:kind=propose:program=five-op	13	3911042
32	32:sweep-propose:targets=1:providers=1:kind=propose:program=five-op	14	3896917
32	32:sweep-propose:targets=1:providers=1:kind=propose:program=five-op	15	3896125
32	32:sweep-propose:targets=1:providers=1:kind=propose:program=five-op	16	3907500
32	32:sweep-propose:targets=1:providers=1:kind=propose:program=five-op	17	3899917
32	32:sweep-propose:targets=1:providers=1:kind=propose:program=five-op	18	3902459
32	32:sweep-propose:targets=1:providers=1:kind=propose:program=five-op	19	3908750
32	32:sweep-propose:targets=1:providers=1:kind=propose:program=five-op	20	3898833
32	32:sweep-propose:targets=1:providers=1:kind=propose:program=five-op	21	3906667
32	32:sweep-propose:targets=1:providers=1:kind=propose:program=five-op	22	3901875
32	32:sweep-propose:targets=1:providers=1:kind=propose:program=five-op	23	3896416
32	32:sweep-propose:targets=1:providers=1:kind=propose:program=five-op	24	3901792
32	32:sweep-propose:targets=1:providers=1:kind=propose:program=five-op	25	3892291
32	32:sweep-propose:targets=1:providers=1:kind=propose:program=five-op	26	3901542
32	32:sweep-propose:targets=1:providers=1:kind=propose:program=five-op	27	3897750
32	32:sweep-propose:targets=1:providers=1:kind=propose:program=five-op	28	3898625
32	32:sweep-propose:targets=1:providers=1:kind=propose:program=five-op	29	3902250
32	32:sweep-propose:targets=1:providers=1:kind=propose:program=five-op	30	3894625
32	32:sweep-propose:targets=1:providers=1:kind=propose:program=five-op	31	3894000
32	32:sweep-propose:targets=1:providers=1:kind=propose:program=five-op	32	3903125
32	32:sweep-propose:targets=1:providers=1:kind=propose:program=five-op	33	3896000
32	32:sweep-propose:targets=1:providers=1:kind=propose:program=five-op	34	3899458
32	32:sweep-propose:targets=1:providers=1:kind=propose:program=five-op	35	3894500
32	32:sweep-propose:targets=1:providers=1:kind=propose:program=five-op	36	3909958
32	32:sweep-propose:targets=1:providers=1:kind=propose:program=five-op	37	4638833
32	32:sweep-propose:targets=1:providers=1:kind=propose:program=five-op	38	4057875
32	32:sweep-propose:targets=1:providers=1:kind=propose:program=five-op	39	4108916
32	32:sweep-propose:targets=1:providers=1:kind=propose:program=five-op	40	4083250
32	32:sweep-propose:targets=1:providers=1:kind=propose:program=five-op	41	4094291
32	32:sweep-propose:targets=1:providers=1:kind=propose:program=five-op	42	4260792
32	32:sweep-propose:targets=1:providers=1:kind=propose:program=five-op	43	5083375
32	32:sweep-propose:targets=1:providers=1:kind=propose:program=five-op	44	5041000
32	32:sweep-propose:targets=1:providers=1:kind=propose:program=five-op	45	5030459
32	32:sweep-propose:targets=1:providers=1:kind=propose:program=five-op	46	4274625
32	32:sweep-propose:targets=1:providers=1:kind=propose:program=five-op	47	4051292
32	32:sweep-propose:targets=1:providers=1:kind=propose:program=five-op	48	3961834
32	32:sweep-propose:targets=1:providers=1:kind=propose:program=five-op	49	3945792
33	33:sweep-propose:targets=1:providers=2:kind=propose:program=five-op	0	4616750
33	33:sweep-propose:targets=1:providers=2:kind=propose:program=five-op	1	4612000
33	33:sweep-propose:targets=1:providers=2:kind=propose:program=five-op	2	4618125
33	33:sweep-propose:targets=1:providers=2:kind=propose:program=five-op	3	4612291
33	33:sweep-propose:targets=1:providers=2:kind=propose:program=five-op	4	4617625
33	33:sweep-propose:targets=1:providers=2:kind=propose:program=five-op	5	4614625
33	33:sweep-propose:targets=1:providers=2:kind=propose:program=five-op	6	4614417
33	33:sweep-propose:targets=1:providers=2:kind=propose:program=five-op	7	4615250
33	33:sweep-propose:targets=1:providers=2:kind=propose:program=five-op	8	4613208
33	33:sweep-propose:targets=1:providers=2:kind=propose:program=five-op	9	4621875
33	33:sweep-propose:targets=1:providers=2:kind=propose:program=five-op	10	4608334
33	33:sweep-propose:targets=1:providers=2:kind=propose:program=five-op	11	4629417
33	33:sweep-propose:targets=1:providers=2:kind=propose:program=five-op	12	4608625
33	33:sweep-propose:targets=1:providers=2:kind=propose:program=five-op	13	4610541
33	33:sweep-propose:targets=1:providers=2:kind=propose:program=five-op	14	4607750
33	33:sweep-propose:targets=1:providers=2:kind=propose:program=five-op	15	4641708
33	33:sweep-propose:targets=1:providers=2:kind=propose:program=five-op	16	4614250
33	33:sweep-propose:targets=1:providers=2:kind=propose:program=five-op	17	4611541
33	33:sweep-propose:targets=1:providers=2:kind=propose:program=five-op	18	4605667
33	33:sweep-propose:targets=1:providers=2:kind=propose:program=five-op	19	4610166
33	33:sweep-propose:targets=1:providers=2:kind=propose:program=five-op	20	4612375
33	33:sweep-propose:targets=1:providers=2:kind=propose:program=five-op	21	4616917
33	33:sweep-propose:targets=1:providers=2:kind=propose:program=five-op	22	4605000
33	33:sweep-propose:targets=1:providers=2:kind=propose:program=five-op	23	4612834
33	33:sweep-propose:targets=1:providers=2:kind=propose:program=five-op	24	4642542
33	33:sweep-propose:targets=1:providers=2:kind=propose:program=five-op	25	4607625
33	33:sweep-propose:targets=1:providers=2:kind=propose:program=five-op	26	4623042
33	33:sweep-propose:targets=1:providers=2:kind=propose:program=five-op	27	4617417
33	33:sweep-propose:targets=1:providers=2:kind=propose:program=five-op	28	4638208
33	33:sweep-propose:targets=1:providers=2:kind=propose:program=five-op	29	4626542
33	33:sweep-propose:targets=1:providers=2:kind=propose:program=five-op	30	4605541
33	33:sweep-propose:targets=1:providers=2:kind=propose:program=five-op	31	4622625
33	33:sweep-propose:targets=1:providers=2:kind=propose:program=five-op	32	4639416
33	33:sweep-propose:targets=1:providers=2:kind=propose:program=five-op	33	4616333
33	33:sweep-propose:targets=1:providers=2:kind=propose:program=five-op	34	4624709
33	33:sweep-propose:targets=1:providers=2:kind=propose:program=five-op	35	4614709
33	33:sweep-propose:targets=1:providers=2:kind=propose:program=five-op	36	4645834
33	33:sweep-propose:targets=1:providers=2:kind=propose:program=five-op	37	4602042
33	33:sweep-propose:targets=1:providers=2:kind=propose:program=five-op	38	4602208
33	33:sweep-propose:targets=1:providers=2:kind=propose:program=five-op	39	4607208
33	33:sweep-propose:targets=1:providers=2:kind=propose:program=five-op	40	4598125
33	33:sweep-propose:targets=1:providers=2:kind=propose:program=five-op	41	4630916
33	33:sweep-propose:targets=1:providers=2:kind=propose:program=five-op	42	4598750
33	33:sweep-propose:targets=1:providers=2:kind=propose:program=five-op	43	4597541
33	33:sweep-propose:targets=1:providers=2:kind=propose:program=five-op	44	4597500
33	33:sweep-propose:targets=1:providers=2:kind=propose:program=five-op	45	4601333
33	33:sweep-propose:targets=1:providers=2:kind=propose:program=five-op	46	4638708
33	33:sweep-propose:targets=1:providers=2:kind=propose:program=five-op	47	4603833
33	33:sweep-propose:targets=1:providers=2:kind=propose:program=five-op	48	4599750
33	33:sweep-propose:targets=1:providers=2:kind=propose:program=five-op	49	4607250
34	34:sweep-propose:targets=1:providers=3:kind=propose:program=five-op	0	5314750
34	34:sweep-propose:targets=1:providers=3:kind=propose:program=five-op	1	5341583
34	34:sweep-propose:targets=1:providers=3:kind=propose:program=five-op	2	5353834
34	34:sweep-propose:targets=1:providers=3:kind=propose:program=five-op	3	5304708
34	34:sweep-propose:targets=1:providers=3:kind=propose:program=five-op	4	5347083
34	34:sweep-propose:targets=1:providers=3:kind=propose:program=five-op	5	5348875
34	34:sweep-propose:targets=1:providers=3:kind=propose:program=five-op	6	5369958
34	34:sweep-propose:targets=1:providers=3:kind=propose:program=five-op	7	5318625
34	34:sweep-propose:targets=1:providers=3:kind=propose:program=five-op	8	5387000
34	34:sweep-propose:targets=1:providers=3:kind=propose:program=five-op	9	5335542
34	34:sweep-propose:targets=1:providers=3:kind=propose:program=five-op	10	5320041
34	34:sweep-propose:targets=1:providers=3:kind=propose:program=five-op	11	5365750
34	34:sweep-propose:targets=1:providers=3:kind=propose:program=five-op	12	5346459
34	34:sweep-propose:targets=1:providers=3:kind=propose:program=five-op	13	5311459
34	34:sweep-propose:targets=1:providers=3:kind=propose:program=five-op	14	5370000
34	34:sweep-propose:targets=1:providers=3:kind=propose:program=five-op	15	5344708
34	34:sweep-propose:targets=1:providers=3:kind=propose:program=five-op	16	5293667
34	34:sweep-propose:targets=1:providers=3:kind=propose:program=five-op	17	5377084
34	34:sweep-propose:targets=1:providers=3:kind=propose:program=five-op	18	5329708
34	34:sweep-propose:targets=1:providers=3:kind=propose:program=five-op	19	5388291
34	34:sweep-propose:targets=1:providers=3:kind=propose:program=five-op	20	5305875
34	34:sweep-propose:targets=1:providers=3:kind=propose:program=five-op	21	5370500
34	34:sweep-propose:targets=1:providers=3:kind=propose:program=five-op	22	5301042
34	34:sweep-propose:targets=1:providers=3:kind=propose:program=five-op	23	5366334
34	34:sweep-propose:targets=1:providers=3:kind=propose:program=five-op	24	5370500
34	34:sweep-propose:targets=1:providers=3:kind=propose:program=five-op	25	5336792
34	34:sweep-propose:targets=1:providers=3:kind=propose:program=five-op	26	5296541
34	34:sweep-propose:targets=1:providers=3:kind=propose:program=five-op	27	5365875
34	34:sweep-propose:targets=1:providers=3:kind=propose:program=five-op	28	5354042
34	34:sweep-propose:targets=1:providers=3:kind=propose:program=five-op	29	5291083
34	34:sweep-propose:targets=1:providers=3:kind=propose:program=five-op	30	5370417
34	34:sweep-propose:targets=1:providers=3:kind=propose:program=five-op	31	5337291
34	34:sweep-propose:targets=1:providers=3:kind=propose:program=five-op	32	5392792
34	34:sweep-propose:targets=1:providers=3:kind=propose:program=five-op	33	5331250
34	34:sweep-propose:targets=1:providers=3:kind=propose:program=five-op	34	5358584
34	34:sweep-propose:targets=1:providers=3:kind=propose:program=five-op	35	5359958
34	34:sweep-propose:targets=1:providers=3:kind=propose:program=five-op	36	5296833
34	34:sweep-propose:targets=1:providers=3:kind=propose:program=five-op	37	5364167
34	34:sweep-propose:targets=1:providers=3:kind=propose:program=five-op	38	5305584
34	34:sweep-propose:targets=1:providers=3:kind=propose:program=five-op	39	5329416
34	34:sweep-propose:targets=1:providers=3:kind=propose:program=five-op	40	5332792
34	34:sweep-propose:targets=1:providers=3:kind=propose:program=five-op	41	5372458
34	34:sweep-propose:targets=1:providers=3:kind=propose:program=five-op	42	5296041
34	34:sweep-propose:targets=1:providers=3:kind=propose:program=five-op	43	5379417
34	34:sweep-propose:targets=1:providers=3:kind=propose:program=five-op	44	5378250
34	34:sweep-propose:targets=1:providers=3:kind=propose:program=five-op	45	5298709
34	34:sweep-propose:targets=1:providers=3:kind=propose:program=five-op	46	5372416
34	34:sweep-propose:targets=1:providers=3:kind=propose:program=five-op	47	5335625
34	34:sweep-propose:targets=1:providers=3:kind=propose:program=five-op	48	5295167
34	34:sweep-propose:targets=1:providers=3:kind=propose:program=five-op	49	5368750
35	35:sweep-propose:targets=1:providers=4:kind=propose:program=five-op	0	6040416
35	35:sweep-propose:targets=1:providers=4:kind=propose:program=five-op	1	6036417
35	35:sweep-propose:targets=1:providers=4:kind=propose:program=five-op	2	6171958
35	35:sweep-propose:targets=1:providers=4:kind=propose:program=five-op	3	6070333
35	35:sweep-propose:targets=1:providers=4:kind=propose:program=five-op	4	6118667
35	35:sweep-propose:targets=1:providers=4:kind=propose:program=five-op	5	6103708
35	35:sweep-propose:targets=1:providers=4:kind=propose:program=five-op	6	6041709
35	35:sweep-propose:targets=1:providers=4:kind=propose:program=five-op	7	6136708
35	35:sweep-propose:targets=1:providers=4:kind=propose:program=five-op	8	6083208
35	35:sweep-propose:targets=1:providers=4:kind=propose:program=five-op	9	6144375
35	35:sweep-propose:targets=1:providers=4:kind=propose:program=five-op	10	6104542
35	35:sweep-propose:targets=1:providers=4:kind=propose:program=five-op	11	6039500
35	35:sweep-propose:targets=1:providers=4:kind=propose:program=five-op	12	6146959
35	35:sweep-propose:targets=1:providers=4:kind=propose:program=five-op	13	6070875
35	35:sweep-propose:targets=1:providers=4:kind=propose:program=five-op	14	6102417
35	35:sweep-propose:targets=1:providers=4:kind=propose:program=five-op	15	6133708
35	35:sweep-propose:targets=1:providers=4:kind=propose:program=five-op	16	6036625
35	35:sweep-propose:targets=1:providers=4:kind=propose:program=five-op	17	6143792
35	35:sweep-propose:targets=1:providers=4:kind=propose:program=five-op	18	6080833
35	35:sweep-propose:targets=1:providers=4:kind=propose:program=five-op	19	6101042
35	35:sweep-propose:targets=1:providers=4:kind=propose:program=five-op	20	6110416
35	35:sweep-propose:targets=1:providers=4:kind=propose:program=five-op	21	6040375
35	35:sweep-propose:targets=1:providers=4:kind=propose:program=five-op	22	6207083
35	35:sweep-propose:targets=1:providers=4:kind=propose:program=five-op	23	6071667
35	35:sweep-propose:targets=1:providers=4:kind=propose:program=five-op	24	6109333
35	35:sweep-propose:targets=1:providers=4:kind=propose:program=five-op	25	6140791
35	35:sweep-propose:targets=1:providers=4:kind=propose:program=five-op	26	6036083
35	35:sweep-propose:targets=1:providers=4:kind=propose:program=five-op	27	6142292
35	35:sweep-propose:targets=1:providers=4:kind=propose:program=five-op	28	6108791
35	35:sweep-propose:targets=1:providers=4:kind=propose:program=five-op	29	6109125
35	35:sweep-propose:targets=1:providers=4:kind=propose:program=five-op	30	6120333
35	35:sweep-propose:targets=1:providers=4:kind=propose:program=five-op	31	6136292
35	35:sweep-propose:targets=1:providers=4:kind=propose:program=five-op	32	6102000
35	35:sweep-propose:targets=1:providers=4:kind=propose:program=five-op	33	6119583
35	35:sweep-propose:targets=1:providers=4:kind=propose:program=five-op	34	6111042
35	35:sweep-propose:targets=1:providers=4:kind=propose:program=five-op	35	6145708
35	35:sweep-propose:targets=1:providers=4:kind=propose:program=five-op	36	6073708
35	35:sweep-propose:targets=1:providers=4:kind=propose:program=five-op	37	6106792
35	35:sweep-propose:targets=1:providers=4:kind=propose:program=five-op	38	6145041
35	35:sweep-propose:targets=1:providers=4:kind=propose:program=five-op	39	6038792
35	35:sweep-propose:targets=1:providers=4:kind=propose:program=five-op	40	6142541
35	35:sweep-propose:targets=1:providers=4:kind=propose:program=five-op	41	6071417
35	35:sweep-propose:targets=1:providers=4:kind=propose:program=five-op	42	6092666
35	35:sweep-propose:targets=1:providers=4:kind=propose:program=five-op	43	6102500
35	35:sweep-propose:targets=1:providers=4:kind=propose:program=five-op	44	6102709
35	35:sweep-propose:targets=1:providers=4:kind=propose:program=five-op	45	6144958
35	35:sweep-propose:targets=1:providers=4:kind=propose:program=five-op	46	6116333
35	35:sweep-propose:targets=1:providers=4:kind=propose:program=five-op	47	6105250
35	35:sweep-propose:targets=1:providers=4:kind=propose:program=five-op	48	6121375
35	35:sweep-propose:targets=1:providers=4:kind=propose:program=five-op	49	6143916
36	36:sweep-propose:targets=1:providers=8:kind=propose:program=five-op	0	9163458
36	36:sweep-propose:targets=1:providers=8:kind=propose:program=five-op	1	9159667
36	36:sweep-propose:targets=1:providers=8:kind=propose:program=five-op	2	9162041
36	36:sweep-propose:targets=1:providers=8:kind=propose:program=five-op	3	9135959
36	36:sweep-propose:targets=1:providers=8:kind=propose:program=five-op	4	9151042
36	36:sweep-propose:targets=1:providers=8:kind=propose:program=five-op	5	9134375
36	36:sweep-propose:targets=1:providers=8:kind=propose:program=five-op	6	9144875
36	36:sweep-propose:targets=1:providers=8:kind=propose:program=five-op	7	9177000
36	36:sweep-propose:targets=1:providers=8:kind=propose:program=five-op	8	9130375
36	36:sweep-propose:targets=1:providers=8:kind=propose:program=five-op	9	9205625
36	36:sweep-propose:targets=1:providers=8:kind=propose:program=five-op	10	9160083
36	36:sweep-propose:targets=1:providers=8:kind=propose:program=five-op	11	9153042
36	36:sweep-propose:targets=1:providers=8:kind=propose:program=five-op	12	9181000
36	36:sweep-propose:targets=1:providers=8:kind=propose:program=five-op	13	9143541
36	36:sweep-propose:targets=1:providers=8:kind=propose:program=five-op	14	9133958
36	36:sweep-propose:targets=1:providers=8:kind=propose:program=five-op	15	9188000
36	36:sweep-propose:targets=1:providers=8:kind=propose:program=five-op	16	9136792
36	36:sweep-propose:targets=1:providers=8:kind=propose:program=five-op	17	9137875
36	36:sweep-propose:targets=1:providers=8:kind=propose:program=five-op	18	9184417
36	36:sweep-propose:targets=1:providers=8:kind=propose:program=five-op	19	9139834
36	36:sweep-propose:targets=1:providers=8:kind=propose:program=five-op	20	9154459
36	36:sweep-propose:targets=1:providers=8:kind=propose:program=five-op	21	9143458
36	36:sweep-propose:targets=1:providers=8:kind=propose:program=five-op	22	9152667
36	36:sweep-propose:targets=1:providers=8:kind=propose:program=five-op	23	9135709
36	36:sweep-propose:targets=1:providers=8:kind=propose:program=five-op	24	9139834
36	36:sweep-propose:targets=1:providers=8:kind=propose:program=five-op	25	9152667
36	36:sweep-propose:targets=1:providers=8:kind=propose:program=five-op	26	9161416
36	36:sweep-propose:targets=1:providers=8:kind=propose:program=five-op	27	9108833
36	36:sweep-propose:targets=1:providers=8:kind=propose:program=five-op	28	9182500
36	36:sweep-propose:targets=1:providers=8:kind=propose:program=five-op	29	9131417
36	36:sweep-propose:targets=1:providers=8:kind=propose:program=five-op	30	9178291
36	36:sweep-propose:targets=1:providers=8:kind=propose:program=five-op	31	9197834
36	36:sweep-propose:targets=1:providers=8:kind=propose:program=five-op	32	9121709
36	36:sweep-propose:targets=1:providers=8:kind=propose:program=five-op	33	9147084
36	36:sweep-propose:targets=1:providers=8:kind=propose:program=five-op	34	9141459
36	36:sweep-propose:targets=1:providers=8:kind=propose:program=five-op	35	9148541
36	36:sweep-propose:targets=1:providers=8:kind=propose:program=five-op	36	9171084
36	36:sweep-propose:targets=1:providers=8:kind=propose:program=five-op	37	9154458
36	36:sweep-propose:targets=1:providers=8:kind=propose:program=five-op	38	9169667
36	36:sweep-propose:targets=1:providers=8:kind=propose:program=five-op	39	9147584
36	36:sweep-propose:targets=1:providers=8:kind=propose:program=five-op	40	9125584
36	36:sweep-propose:targets=1:providers=8:kind=propose:program=five-op	41	9205000
36	36:sweep-propose:targets=1:providers=8:kind=propose:program=five-op	42	9165042
36	36:sweep-propose:targets=1:providers=8:kind=propose:program=five-op	43	9121833
36	36:sweep-propose:targets=1:providers=8:kind=propose:program=five-op	44	9252334
36	36:sweep-propose:targets=1:providers=8:kind=propose:program=five-op	45	9229125
36	36:sweep-propose:targets=1:providers=8:kind=propose:program=five-op	46	9188167
36	36:sweep-propose:targets=1:providers=8:kind=propose:program=five-op	47	9163667
36	36:sweep-propose:targets=1:providers=8:kind=propose:program=five-op	48	9155625
36	36:sweep-propose:targets=1:providers=8:kind=propose:program=five-op	49	9213208
37	37:sweep-propose:targets=1:providers=12:kind=propose:program=five-op	0	12307583
37	37:sweep-propose:targets=1:providers=12:kind=propose:program=five-op	1	12377958
37	37:sweep-propose:targets=1:providers=12:kind=propose:program=five-op	2	12330333
37	37:sweep-propose:targets=1:providers=12:kind=propose:program=five-op	3	12346375
37	37:sweep-propose:targets=1:providers=12:kind=propose:program=five-op	4	12312209
37	37:sweep-propose:targets=1:providers=12:kind=propose:program=five-op	5	12361584
37	37:sweep-propose:targets=1:providers=12:kind=propose:program=five-op	6	12307500
37	37:sweep-propose:targets=1:providers=12:kind=propose:program=five-op	7	12363916
37	37:sweep-propose:targets=1:providers=12:kind=propose:program=five-op	8	12353250
37	37:sweep-propose:targets=1:providers=12:kind=propose:program=five-op	9	12284667
37	37:sweep-propose:targets=1:providers=12:kind=propose:program=five-op	10	12298875
37	37:sweep-propose:targets=1:providers=12:kind=propose:program=five-op	11	12342000
37	37:sweep-propose:targets=1:providers=12:kind=propose:program=five-op	12	12380291
37	37:sweep-propose:targets=1:providers=12:kind=propose:program=five-op	13	12353250
37	37:sweep-propose:targets=1:providers=12:kind=propose:program=five-op	14	12339583
37	37:sweep-propose:targets=1:providers=12:kind=propose:program=five-op	15	12296042
37	37:sweep-propose:targets=1:providers=12:kind=propose:program=five-op	16	12315125
37	37:sweep-propose:targets=1:providers=12:kind=propose:program=five-op	17	12333125
37	37:sweep-propose:targets=1:providers=12:kind=propose:program=five-op	18	12339875
37	37:sweep-propose:targets=1:providers=12:kind=propose:program=five-op	19	12363416
37	37:sweep-propose:targets=1:providers=12:kind=propose:program=five-op	20	12357292
37	37:sweep-propose:targets=1:providers=12:kind=propose:program=five-op	21	12307166
37	37:sweep-propose:targets=1:providers=12:kind=propose:program=five-op	22	12360459
37	37:sweep-propose:targets=1:providers=12:kind=propose:program=five-op	23	12317417
37	37:sweep-propose:targets=1:providers=12:kind=propose:program=five-op	24	12327333
37	37:sweep-propose:targets=1:providers=12:kind=propose:program=five-op	25	12306458
37	37:sweep-propose:targets=1:providers=12:kind=propose:program=five-op	26	12342250
37	37:sweep-propose:targets=1:providers=12:kind=propose:program=five-op	27	12321458
37	37:sweep-propose:targets=1:providers=12:kind=propose:program=five-op	28	12360042
37	37:sweep-propose:targets=1:providers=12:kind=propose:program=five-op	29	12338959
37	37:sweep-propose:targets=1:providers=12:kind=propose:program=five-op	30	12312375
37	37:sweep-propose:targets=1:providers=12:kind=propose:program=five-op	31	12334625
37	37:sweep-propose:targets=1:providers=12:kind=propose:program=five-op	32	12370500
37	37:sweep-propose:targets=1:providers=12:kind=propose:program=five-op	33	12304875
37	37:sweep-propose:targets=1:providers=12:kind=propose:program=five-op	34	12376708
37	37:sweep-propose:targets=1:providers=12:kind=propose:program=five-op	35	12318084
37	37:sweep-propose:targets=1:providers=12:kind=propose:program=five-op	36	12320167
37	37:sweep-propose:targets=1:providers=12:kind=propose:program=five-op	37	12367291
37	37:sweep-propose:targets=1:providers=12:kind=propose:program=five-op	38	12336916
37	37:sweep-propose:targets=1:providers=12:kind=propose:program=five-op	39	12296333
37	37:sweep-propose:targets=1:providers=12:kind=propose:program=five-op	40	12355583
37	37:sweep-propose:targets=1:providers=12:kind=propose:program=five-op	41	12325709
37	37:sweep-propose:targets=1:providers=12:kind=propose:program=five-op	42	12314084
37	37:sweep-propose:targets=1:providers=12:kind=propose:program=five-op	43	12359416
37	37:sweep-propose:targets=1:providers=12:kind=propose:program=five-op	44	12332959
37	37:sweep-propose:targets=1:providers=12:kind=propose:program=five-op	45	12301500
37	37:sweep-propose:targets=1:providers=12:kind=propose:program=five-op	46	12377125
37	37:sweep-propose:targets=1:providers=12:kind=propose:program=five-op	47	12319292
37	37:sweep-propose:targets=1:providers=12:kind=propose:program=five-op	48	12295500
37	37:sweep-propose:targets=1:providers=12:kind=propose:program=five-op	49	12290792
38	38:sweep-propose:targets=1:providers=16:kind=propose:program=five-op	0	15076083
38	38:sweep-propose:targets=1:providers=16:kind=propose:program=five-op	1	15092833
38	38:sweep-propose:targets=1:providers=16:kind=propose:program=five-op	2	15087833
38	38:sweep-propose:targets=1:providers=16:kind=propose:program=five-op	3	15082916
38	38:sweep-propose:targets=1:providers=16:kind=propose:program=five-op	4	15063083
38	38:sweep-propose:targets=1:providers=16:kind=propose:program=five-op	5	15062750
38	38:sweep-propose:targets=1:providers=16:kind=propose:program=five-op	6	15074125
38	38:sweep-propose:targets=1:providers=16:kind=propose:program=five-op	7	15056875
38	38:sweep-propose:targets=1:providers=16:kind=propose:program=five-op	8	15052458
38	38:sweep-propose:targets=1:providers=16:kind=propose:program=five-op	9	15067291
38	38:sweep-propose:targets=1:providers=16:kind=propose:program=five-op	10	15059167
38	38:sweep-propose:targets=1:providers=16:kind=propose:program=five-op	11	15070000
38	38:sweep-propose:targets=1:providers=16:kind=propose:program=five-op	12	15071583
38	38:sweep-propose:targets=1:providers=16:kind=propose:program=five-op	13	15061792
38	38:sweep-propose:targets=1:providers=16:kind=propose:program=five-op	14	15067875
38	38:sweep-propose:targets=1:providers=16:kind=propose:program=five-op	15	15081416
38	38:sweep-propose:targets=1:providers=16:kind=propose:program=five-op	16	15051958
38	38:sweep-propose:targets=1:providers=16:kind=propose:program=five-op	17	15082708
38	38:sweep-propose:targets=1:providers=16:kind=propose:program=five-op	18	15103167
38	38:sweep-propose:targets=1:providers=16:kind=propose:program=five-op	19	15088375
38	38:sweep-propose:targets=1:providers=16:kind=propose:program=five-op	20	15082042
38	38:sweep-propose:targets=1:providers=16:kind=propose:program=five-op	21	15047709
38	38:sweep-propose:targets=1:providers=16:kind=propose:program=five-op	22	15073042
38	38:sweep-propose:targets=1:providers=16:kind=propose:program=five-op	23	15076459
38	38:sweep-propose:targets=1:providers=16:kind=propose:program=five-op	24	15065209
38	38:sweep-propose:targets=1:providers=16:kind=propose:program=five-op	25	15063875
38	38:sweep-propose:targets=1:providers=16:kind=propose:program=five-op	26	15072417
38	38:sweep-propose:targets=1:providers=16:kind=propose:program=five-op	27	15091458
38	38:sweep-propose:targets=1:providers=16:kind=propose:program=five-op	28	15062917
38	38:sweep-propose:targets=1:providers=16:kind=propose:program=five-op	29	15062167
38	38:sweep-propose:targets=1:providers=16:kind=propose:program=five-op	30	15084208
38	38:sweep-propose:targets=1:providers=16:kind=propose:program=five-op	31	15047667
38	38:sweep-propose:targets=1:providers=16:kind=propose:program=five-op	32	15102875
38	38:sweep-propose:targets=1:providers=16:kind=propose:program=five-op	33	15059000
38	38:sweep-propose:targets=1:providers=16:kind=propose:program=five-op	34	15086084
38	38:sweep-propose:targets=1:providers=16:kind=propose:program=five-op	35	15040208
38	38:sweep-propose:targets=1:providers=16:kind=propose:program=five-op	36	15063625
38	38:sweep-propose:targets=1:providers=16:kind=propose:program=five-op	37	15064458
38	38:sweep-propose:targets=1:providers=16:kind=propose:program=five-op	38	15105000
38	38:sweep-propose:targets=1:providers=16:kind=propose:program=five-op	39	15077375
38	38:sweep-propose:targets=1:providers=16:kind=propose:program=five-op	40	15080000
38	38:sweep-propose:targets=1:providers=16:kind=propose:program=five-op	41	15101750
38	38:sweep-propose:targets=1:providers=16:kind=propose:program=five-op	42	15105166
38	38:sweep-propose:targets=1:providers=16:kind=propose:program=five-op	43	15043292
38	38:sweep-propose:targets=1:providers=16:kind=propose:program=five-op	44	15085042
38	38:sweep-propose:targets=1:providers=16:kind=propose:program=five-op	45	15091667
38	38:sweep-propose:targets=1:providers=16:kind=propose:program=five-op	46	15060042
38	38:sweep-propose:targets=1:providers=16:kind=propose:program=five-op	47	15077209
38	38:sweep-propose:targets=1:providers=16:kind=propose:program=five-op	48	15059834
38	38:sweep-propose:targets=1:providers=16:kind=propose:program=five-op	49	15064834
39	39:sweep-infeasible:targets=1:providers=1:kind=infeasible:program=five-op	0	4043458
39	39:sweep-infeasible:targets=1:providers=1:kind=infeasible:program=five-op	1	4017333
39	39:sweep-infeasible:targets=1:providers=1:kind=infeasible:program=five-op	2	4031083
39	39:sweep-infeasible:targets=1:providers=1:kind=infeasible:program=five-op	3	4028333
39	39:sweep-infeasible:targets=1:providers=1:kind=infeasible:program=five-op	4	4021791
39	39:sweep-infeasible:targets=1:providers=1:kind=infeasible:program=five-op	5	4026208
39	39:sweep-infeasible:targets=1:providers=1:kind=infeasible:program=five-op	6	4013583
39	39:sweep-infeasible:targets=1:providers=1:kind=infeasible:program=five-op	7	4023917
39	39:sweep-infeasible:targets=1:providers=1:kind=infeasible:program=five-op	8	4022583
39	39:sweep-infeasible:targets=1:providers=1:kind=infeasible:program=five-op	9	4015042
39	39:sweep-infeasible:targets=1:providers=1:kind=infeasible:program=five-op	10	4024541
39	39:sweep-infeasible:targets=1:providers=1:kind=infeasible:program=five-op	11	4014709
39	39:sweep-infeasible:targets=1:providers=1:kind=infeasible:program=five-op	12	4042625
39	39:sweep-infeasible:targets=1:providers=1:kind=infeasible:program=five-op	13	4015833
39	39:sweep-infeasible:targets=1:providers=1:kind=infeasible:program=five-op	14	4018083
39	39:sweep-infeasible:targets=1:providers=1:kind=infeasible:program=five-op	15	4022291
39	39:sweep-infeasible:targets=1:providers=1:kind=infeasible:program=five-op	16	4019750
39	39:sweep-infeasible:targets=1:providers=1:kind=infeasible:program=five-op	17	4020250
39	39:sweep-infeasible:targets=1:providers=1:kind=infeasible:program=five-op	18	4034500
39	39:sweep-infeasible:targets=1:providers=1:kind=infeasible:program=five-op	19	4037000
39	39:sweep-infeasible:targets=1:providers=1:kind=infeasible:program=five-op	20	4032583
39	39:sweep-infeasible:targets=1:providers=1:kind=infeasible:program=five-op	21	4010000
39	39:sweep-infeasible:targets=1:providers=1:kind=infeasible:program=five-op	22	4019666
39	39:sweep-infeasible:targets=1:providers=1:kind=infeasible:program=five-op	23	4020917
39	39:sweep-infeasible:targets=1:providers=1:kind=infeasible:program=five-op	24	4010833
39	39:sweep-infeasible:targets=1:providers=1:kind=infeasible:program=five-op	25	4021417
39	39:sweep-infeasible:targets=1:providers=1:kind=infeasible:program=five-op	26	4023542
39	39:sweep-infeasible:targets=1:providers=1:kind=infeasible:program=five-op	27	4016958
39	39:sweep-infeasible:targets=1:providers=1:kind=infeasible:program=five-op	28	4025083
39	39:sweep-infeasible:targets=1:providers=1:kind=infeasible:program=five-op	29	4011667
39	39:sweep-infeasible:targets=1:providers=1:kind=infeasible:program=five-op	30	4023417
39	39:sweep-infeasible:targets=1:providers=1:kind=infeasible:program=five-op	31	4010166
39	39:sweep-infeasible:targets=1:providers=1:kind=infeasible:program=five-op	32	4017500
39	39:sweep-infeasible:targets=1:providers=1:kind=infeasible:program=five-op	33	4022209
39	39:sweep-infeasible:targets=1:providers=1:kind=infeasible:program=five-op	34	4013209
39	39:sweep-infeasible:targets=1:providers=1:kind=infeasible:program=five-op	35	4026042
39	39:sweep-infeasible:targets=1:providers=1:kind=infeasible:program=five-op	36	4010417
39	39:sweep-infeasible:targets=1:providers=1:kind=infeasible:program=five-op	37	4017042
39	39:sweep-infeasible:targets=1:providers=1:kind=infeasible:program=five-op	38	4008250
39	39:sweep-infeasible:targets=1:providers=1:kind=infeasible:program=five-op	39	4009958
39	39:sweep-infeasible:targets=1:providers=1:kind=infeasible:program=five-op	40	4024791
39	39:sweep-infeasible:targets=1:providers=1:kind=infeasible:program=five-op	41	4019875
39	39:sweep-infeasible:targets=1:providers=1:kind=infeasible:program=five-op	42	4018667
39	39:sweep-infeasible:targets=1:providers=1:kind=infeasible:program=five-op	43	4012917
39	39:sweep-infeasible:targets=1:providers=1:kind=infeasible:program=five-op	44	4006917
39	39:sweep-infeasible:targets=1:providers=1:kind=infeasible:program=five-op	45	4016500
39	39:sweep-infeasible:targets=1:providers=1:kind=infeasible:program=five-op	46	4003542
39	39:sweep-infeasible:targets=1:providers=1:kind=infeasible:program=five-op	47	4014291
39	39:sweep-infeasible:targets=1:providers=1:kind=infeasible:program=five-op	48	4005042
39	39:sweep-infeasible:targets=1:providers=1:kind=infeasible:program=five-op	49	4005709
40	40:sweep-infeasible:targets=1:providers=2:kind=infeasible:program=five-op	0	4138209
40	40:sweep-infeasible:targets=1:providers=2:kind=infeasible:program=five-op	1	4130167
40	40:sweep-infeasible:targets=1:providers=2:kind=infeasible:program=five-op	2	4129542
40	40:sweep-infeasible:targets=1:providers=2:kind=infeasible:program=five-op	3	4137875
40	40:sweep-infeasible:targets=1:providers=2:kind=infeasible:program=five-op	4	4121667
40	40:sweep-infeasible:targets=1:providers=2:kind=infeasible:program=five-op	5	4132833
40	40:sweep-infeasible:targets=1:providers=2:kind=infeasible:program=five-op	6	4125042
40	40:sweep-infeasible:targets=1:providers=2:kind=infeasible:program=five-op	7	4134041
40	40:sweep-infeasible:targets=1:providers=2:kind=infeasible:program=five-op	8	4124542
40	40:sweep-infeasible:targets=1:providers=2:kind=infeasible:program=five-op	9	4116375
40	40:sweep-infeasible:targets=1:providers=2:kind=infeasible:program=five-op	10	4140292
40	40:sweep-infeasible:targets=1:providers=2:kind=infeasible:program=five-op	11	4124250
40	40:sweep-infeasible:targets=1:providers=2:kind=infeasible:program=five-op	12	4129500
40	40:sweep-infeasible:targets=1:providers=2:kind=infeasible:program=five-op	13	4125084
40	40:sweep-infeasible:targets=1:providers=2:kind=infeasible:program=five-op	14	4115375
40	40:sweep-infeasible:targets=1:providers=2:kind=infeasible:program=five-op	15	4128583
40	40:sweep-infeasible:targets=1:providers=2:kind=infeasible:program=five-op	16	4118292
40	40:sweep-infeasible:targets=1:providers=2:kind=infeasible:program=five-op	17	4155542
40	40:sweep-infeasible:targets=1:providers=2:kind=infeasible:program=five-op	18	4116125
40	40:sweep-infeasible:targets=1:providers=2:kind=infeasible:program=five-op	19	4121833
40	40:sweep-infeasible:targets=1:providers=2:kind=infeasible:program=five-op	20	4121042
40	40:sweep-infeasible:targets=1:providers=2:kind=infeasible:program=five-op	21	4120208
40	40:sweep-infeasible:targets=1:providers=2:kind=infeasible:program=five-op	22	4123167
40	40:sweep-infeasible:targets=1:providers=2:kind=infeasible:program=five-op	23	4112834
40	40:sweep-infeasible:targets=1:providers=2:kind=infeasible:program=five-op	24	4131000
40	40:sweep-infeasible:targets=1:providers=2:kind=infeasible:program=five-op	25	4133250
40	40:sweep-infeasible:targets=1:providers=2:kind=infeasible:program=five-op	26	4120208
40	40:sweep-infeasible:targets=1:providers=2:kind=infeasible:program=five-op	27	4131416
40	40:sweep-infeasible:targets=1:providers=2:kind=infeasible:program=five-op	28	4123375
40	40:sweep-infeasible:targets=1:providers=2:kind=infeasible:program=five-op	29	4127958
40	40:sweep-infeasible:targets=1:providers=2:kind=infeasible:program=five-op	30	4119500
40	40:sweep-infeasible:targets=1:providers=2:kind=infeasible:program=five-op	31	4116875
40	40:sweep-infeasible:targets=1:providers=2:kind=infeasible:program=five-op	32	4126250
40	40:sweep-infeasible:targets=1:providers=2:kind=infeasible:program=five-op	33	4122625
40	40:sweep-infeasible:targets=1:providers=2:kind=infeasible:program=five-op	34	4126958
40	40:sweep-infeasible:targets=1:providers=2:kind=infeasible:program=five-op	35	4119167
40	40:sweep-infeasible:targets=1:providers=2:kind=infeasible:program=five-op	36	4120042
40	40:sweep-infeasible:targets=1:providers=2:kind=infeasible:program=five-op	37	4122833
40	40:sweep-infeasible:targets=1:providers=2:kind=infeasible:program=five-op	38	4118000
40	40:sweep-infeasible:targets=1:providers=2:kind=infeasible:program=five-op	39	4122417
40	40:sweep-infeasible:targets=1:providers=2:kind=infeasible:program=five-op	40	4109583
40	40:sweep-infeasible:targets=1:providers=2:kind=infeasible:program=five-op	41	4125250
40	40:sweep-infeasible:targets=1:providers=2:kind=infeasible:program=five-op	42	4134375
40	40:sweep-infeasible:targets=1:providers=2:kind=infeasible:program=five-op	43	4126041
40	40:sweep-infeasible:targets=1:providers=2:kind=infeasible:program=five-op	44	4130292
40	40:sweep-infeasible:targets=1:providers=2:kind=infeasible:program=five-op	45	4147833
40	40:sweep-infeasible:targets=1:providers=2:kind=infeasible:program=five-op	46	4142541
40	40:sweep-infeasible:targets=1:providers=2:kind=infeasible:program=five-op	47	4130500
40	40:sweep-infeasible:targets=1:providers=2:kind=infeasible:program=five-op	48	4125250
40	40:sweep-infeasible:targets=1:providers=2:kind=infeasible:program=five-op	49	4135208
41	41:sweep-infeasible:targets=1:providers=4:kind=infeasible:program=five-op	0	4334791
41	41:sweep-infeasible:targets=1:providers=4:kind=infeasible:program=five-op	1	4337667
41	41:sweep-infeasible:targets=1:providers=4:kind=infeasible:program=five-op	2	4342292
41	41:sweep-infeasible:targets=1:providers=4:kind=infeasible:program=five-op	3	4334958
41	41:sweep-infeasible:targets=1:providers=4:kind=infeasible:program=five-op	4	4339042
41	41:sweep-infeasible:targets=1:providers=4:kind=infeasible:program=five-op	5	4328500
41	41:sweep-infeasible:targets=1:providers=4:kind=infeasible:program=five-op	6	4331208
41	41:sweep-infeasible:targets=1:providers=4:kind=infeasible:program=five-op	7	4331458
41	41:sweep-infeasible:targets=1:providers=4:kind=infeasible:program=five-op	8	4325833
41	41:sweep-infeasible:targets=1:providers=4:kind=infeasible:program=five-op	9	4336708
41	41:sweep-infeasible:targets=1:providers=4:kind=infeasible:program=five-op	10	4330250
41	41:sweep-infeasible:targets=1:providers=4:kind=infeasible:program=five-op	11	4344333
41	41:sweep-infeasible:targets=1:providers=4:kind=infeasible:program=five-op	12	4339541
41	41:sweep-infeasible:targets=1:providers=4:kind=infeasible:program=five-op	13	4346542
41	41:sweep-infeasible:targets=1:providers=4:kind=infeasible:program=five-op	14	4324541
41	41:sweep-infeasible:targets=1:providers=4:kind=infeasible:program=five-op	15	4329459
41	41:sweep-infeasible:targets=1:providers=4:kind=infeasible:program=five-op	16	4331834
41	41:sweep-infeasible:targets=1:providers=4:kind=infeasible:program=five-op	17	4323416
41	41:sweep-infeasible:targets=1:providers=4:kind=infeasible:program=five-op	18	4332625
41	41:sweep-infeasible:targets=1:providers=4:kind=infeasible:program=five-op	19	4324125
41	41:sweep-infeasible:targets=1:providers=4:kind=infeasible:program=five-op	20	4339333
41	41:sweep-infeasible:targets=1:providers=4:kind=infeasible:program=five-op	21	4325833
41	41:sweep-infeasible:targets=1:providers=4:kind=infeasible:program=five-op	22	4325542
41	41:sweep-infeasible:targets=1:providers=4:kind=infeasible:program=five-op	23	4330333
41	41:sweep-infeasible:targets=1:providers=4:kind=infeasible:program=five-op	24	4318583
41	41:sweep-infeasible:targets=1:providers=4:kind=infeasible:program=five-op	25	4334500
41	41:sweep-infeasible:targets=1:providers=4:kind=infeasible:program=five-op	26	4324917
41	41:sweep-infeasible:targets=1:providers=4:kind=infeasible:program=five-op	27	4336125
41	41:sweep-infeasible:targets=1:providers=4:kind=infeasible:program=five-op	28	4320959
41	41:sweep-infeasible:targets=1:providers=4:kind=infeasible:program=five-op	29	4328167
41	41:sweep-infeasible:targets=1:providers=4:kind=infeasible:program=five-op	30	4324625
41	41:sweep-infeasible:targets=1:providers=4:kind=infeasible:program=five-op	31	4326667
41	41:sweep-infeasible:targets=1:providers=4:kind=infeasible:program=five-op	32	4335541
41	41:sweep-infeasible:targets=1:providers=4:kind=infeasible:program=five-op	33	4328208
41	41:sweep-infeasible:targets=1:providers=4:kind=infeasible:program=five-op	34	4343417
41	41:sweep-infeasible:targets=1:providers=4:kind=infeasible:program=five-op	35	4333167
41	41:sweep-infeasible:targets=1:providers=4:kind=infeasible:program=five-op	36	4324458
41	41:sweep-infeasible:targets=1:providers=4:kind=infeasible:program=five-op	37	4326291
41	41:sweep-infeasible:targets=1:providers=4:kind=infeasible:program=five-op	38	4318667
41	41:sweep-infeasible:targets=1:providers=4:kind=infeasible:program=five-op	39	4330625
41	41:sweep-infeasible:targets=1:providers=4:kind=infeasible:program=five-op	40	4320291
41	41:sweep-infeasible:targets=1:providers=4:kind=infeasible:program=five-op	41	4338250
41	41:sweep-infeasible:targets=1:providers=4:kind=infeasible:program=five-op	42	4322167
41	41:sweep-infeasible:targets=1:providers=4:kind=infeasible:program=five-op	43	4324209
41	41:sweep-infeasible:targets=1:providers=4:kind=infeasible:program=five-op	44	4332834
41	41:sweep-infeasible:targets=1:providers=4:kind=infeasible:program=five-op	45	4329833
41	41:sweep-infeasible:targets=1:providers=4:kind=infeasible:program=five-op	46	4329791
41	41:sweep-infeasible:targets=1:providers=4:kind=infeasible:program=five-op	47	4322500
41	41:sweep-infeasible:targets=1:providers=4:kind=infeasible:program=five-op	48	4330792
41	41:sweep-infeasible:targets=1:providers=4:kind=infeasible:program=five-op	49	4326250
42	42:sweep-infeasible:targets=1:providers=8:kind=infeasible:program=five-op	0	4755459
42	42:sweep-infeasible:targets=1:providers=8:kind=infeasible:program=five-op	1	4760458
42	42:sweep-infeasible:targets=1:providers=8:kind=infeasible:program=five-op	2	4763916
42	42:sweep-infeasible:targets=1:providers=8:kind=infeasible:program=five-op	3	4753292
42	42:sweep-infeasible:targets=1:providers=8:kind=infeasible:program=five-op	4	4787750
42	42:sweep-infeasible:targets=1:providers=8:kind=infeasible:program=five-op	5	4755500
42	42:sweep-infeasible:targets=1:providers=8:kind=infeasible:program=five-op	6	4748333
42	42:sweep-infeasible:targets=1:providers=8:kind=infeasible:program=five-op	7	4766000
42	42:sweep-infeasible:targets=1:providers=8:kind=infeasible:program=five-op	8	4752458
42	42:sweep-infeasible:targets=1:providers=8:kind=infeasible:program=five-op	9	4750791
42	42:sweep-infeasible:targets=1:providers=8:kind=infeasible:program=five-op	10	4754709
42	42:sweep-infeasible:targets=1:providers=8:kind=infeasible:program=five-op	11	4760416
42	42:sweep-infeasible:targets=1:providers=8:kind=infeasible:program=five-op	12	4750458
42	42:sweep-infeasible:targets=1:providers=8:kind=infeasible:program=five-op	13	4744084
42	42:sweep-infeasible:targets=1:providers=8:kind=infeasible:program=five-op	14	4757625
42	42:sweep-infeasible:targets=1:providers=8:kind=infeasible:program=five-op	15	4746584
42	42:sweep-infeasible:targets=1:providers=8:kind=infeasible:program=five-op	16	4755292
42	42:sweep-infeasible:targets=1:providers=8:kind=infeasible:program=five-op	17	4749583
42	42:sweep-infeasible:targets=1:providers=8:kind=infeasible:program=five-op	18	4759042
42	42:sweep-infeasible:targets=1:providers=8:kind=infeasible:program=five-op	19	4756875
42	42:sweep-infeasible:targets=1:providers=8:kind=infeasible:program=five-op	20	4765042
42	42:sweep-infeasible:targets=1:providers=8:kind=infeasible:program=five-op	21	4750291
42	42:sweep-infeasible:targets=1:providers=8:kind=infeasible:program=five-op	22	4763542
42	42:sweep-infeasible:targets=1:providers=8:kind=infeasible:program=five-op	23	4746917
42	42:sweep-infeasible:targets=1:providers=8:kind=infeasible:program=five-op	24	4758000
42	42:sweep-infeasible:targets=1:providers=8:kind=infeasible:program=five-op	25	4752833
42	42:sweep-infeasible:targets=1:providers=8:kind=infeasible:program=five-op	26	4751791
42	42:sweep-infeasible:targets=1:providers=8:kind=infeasible:program=five-op	27	4747833
42	42:sweep-infeasible:targets=1:providers=8:kind=infeasible:program=five-op	28	4753000
42	42:sweep-infeasible:targets=1:providers=8:kind=infeasible:program=five-op	29	4754667
42	42:sweep-infeasible:targets=1:providers=8:kind=infeasible:program=five-op	30	4753084
42	42:sweep-infeasible:targets=1:providers=8:kind=infeasible:program=five-op	31	4752375
42	42:sweep-infeasible:targets=1:providers=8:kind=infeasible:program=five-op	32	4753708
42	42:sweep-infeasible:targets=1:providers=8:kind=infeasible:program=five-op	33	4756292
42	42:sweep-infeasible:targets=1:providers=8:kind=infeasible:program=five-op	34	4761916
42	42:sweep-infeasible:targets=1:providers=8:kind=infeasible:program=five-op	35	4755583
42	42:sweep-infeasible:targets=1:providers=8:kind=infeasible:program=five-op	36	4749583
42	42:sweep-infeasible:targets=1:providers=8:kind=infeasible:program=five-op	37	4757625
42	42:sweep-infeasible:targets=1:providers=8:kind=infeasible:program=five-op	38	4757042
42	42:sweep-infeasible:targets=1:providers=8:kind=infeasible:program=five-op	39	4761833
42	42:sweep-infeasible:targets=1:providers=8:kind=infeasible:program=five-op	40	4745458
42	42:sweep-infeasible:targets=1:providers=8:kind=infeasible:program=five-op	41	4781250
42	42:sweep-infeasible:targets=1:providers=8:kind=infeasible:program=five-op	42	4745875
42	42:sweep-infeasible:targets=1:providers=8:kind=infeasible:program=five-op	43	4760916
42	42:sweep-infeasible:targets=1:providers=8:kind=infeasible:program=five-op	44	4746167
42	42:sweep-infeasible:targets=1:providers=8:kind=infeasible:program=five-op	45	4754500
42	42:sweep-infeasible:targets=1:providers=8:kind=infeasible:program=five-op	46	4750417
42	42:sweep-infeasible:targets=1:providers=8:kind=infeasible:program=five-op	47	4752667
42	42:sweep-infeasible:targets=1:providers=8:kind=infeasible:program=five-op	48	4752167
42	42:sweep-infeasible:targets=1:providers=8:kind=infeasible:program=five-op	49	4753000
43	43:sweep-infeasible:targets=1:providers=16:kind=infeasible:program=five-op	0	5695000
43	43:sweep-infeasible:targets=1:providers=16:kind=infeasible:program=five-op	1	5705708
43	43:sweep-infeasible:targets=1:providers=16:kind=infeasible:program=five-op	2	5691833
43	43:sweep-infeasible:targets=1:providers=16:kind=infeasible:program=five-op	3	5667166
43	43:sweep-infeasible:targets=1:providers=16:kind=infeasible:program=five-op	4	5716500
43	43:sweep-infeasible:targets=1:providers=16:kind=infeasible:program=five-op	5	5692167
43	43:sweep-infeasible:targets=1:providers=16:kind=infeasible:program=five-op	6	5727958
43	43:sweep-infeasible:targets=1:providers=16:kind=infeasible:program=five-op	7	5690125
43	43:sweep-infeasible:targets=1:providers=16:kind=infeasible:program=five-op	8	5691083
43	43:sweep-infeasible:targets=1:providers=16:kind=infeasible:program=five-op	9	5698750
43	43:sweep-infeasible:targets=1:providers=16:kind=infeasible:program=five-op	10	5698375
43	43:sweep-infeasible:targets=1:providers=16:kind=infeasible:program=five-op	11	5726042
43	43:sweep-infeasible:targets=1:providers=16:kind=infeasible:program=five-op	12	5682583
43	43:sweep-infeasible:targets=1:providers=16:kind=infeasible:program=five-op	13	5693291
43	43:sweep-infeasible:targets=1:providers=16:kind=infeasible:program=five-op	14	5677125
43	43:sweep-infeasible:targets=1:providers=16:kind=infeasible:program=five-op	15	5700541
43	43:sweep-infeasible:targets=1:providers=16:kind=infeasible:program=five-op	16	5706709
43	43:sweep-infeasible:targets=1:providers=16:kind=infeasible:program=five-op	17	5694458
43	43:sweep-infeasible:targets=1:providers=16:kind=infeasible:program=five-op	18	5702625
43	43:sweep-infeasible:targets=1:providers=16:kind=infeasible:program=five-op	19	5689875
43	43:sweep-infeasible:targets=1:providers=16:kind=infeasible:program=five-op	20	5697042
43	43:sweep-infeasible:targets=1:providers=16:kind=infeasible:program=five-op	21	5714500
43	43:sweep-infeasible:targets=1:providers=16:kind=infeasible:program=five-op	22	5656708
43	43:sweep-infeasible:targets=1:providers=16:kind=infeasible:program=five-op	23	5683042
43	43:sweep-infeasible:targets=1:providers=16:kind=infeasible:program=five-op	24	5726709
43	43:sweep-infeasible:targets=1:providers=16:kind=infeasible:program=five-op	25	5688166
43	43:sweep-infeasible:targets=1:providers=16:kind=infeasible:program=five-op	26	5690042
43	43:sweep-infeasible:targets=1:providers=16:kind=infeasible:program=five-op	27	5688875
43	43:sweep-infeasible:targets=1:providers=16:kind=infeasible:program=five-op	28	5677917
43	43:sweep-infeasible:targets=1:providers=16:kind=infeasible:program=five-op	29	5722792
43	43:sweep-infeasible:targets=1:providers=16:kind=infeasible:program=five-op	30	5682708
43	43:sweep-infeasible:targets=1:providers=16:kind=infeasible:program=five-op	31	5698458
43	43:sweep-infeasible:targets=1:providers=16:kind=infeasible:program=five-op	32	5678000
43	43:sweep-infeasible:targets=1:providers=16:kind=infeasible:program=five-op	33	5689458
43	43:sweep-infeasible:targets=1:providers=16:kind=infeasible:program=five-op	34	5725334
43	43:sweep-infeasible:targets=1:providers=16:kind=infeasible:program=five-op	35	5657042
43	43:sweep-infeasible:targets=1:providers=16:kind=infeasible:program=five-op	36	5702625
43	43:sweep-infeasible:targets=1:providers=16:kind=infeasible:program=five-op	37	5694583
43	43:sweep-infeasible:targets=1:providers=16:kind=infeasible:program=five-op	38	5699625
43	43:sweep-infeasible:targets=1:providers=16:kind=infeasible:program=five-op	39	5734167
43	43:sweep-infeasible:targets=1:providers=16:kind=infeasible:program=five-op	40	5664666
43	43:sweep-infeasible:targets=1:providers=16:kind=infeasible:program=five-op	41	5704000
43	43:sweep-infeasible:targets=1:providers=16:kind=infeasible:program=five-op	42	5730875
43	43:sweep-infeasible:targets=1:providers=16:kind=infeasible:program=five-op	43	5706250
43	43:sweep-infeasible:targets=1:providers=16:kind=infeasible:program=five-op	44	5718250
43	43:sweep-infeasible:targets=1:providers=16:kind=infeasible:program=five-op	45	5699708
43	43:sweep-infeasible:targets=1:providers=16:kind=infeasible:program=five-op	46	5690125
43	43:sweep-infeasible:targets=1:providers=16:kind=infeasible:program=five-op	47	5701125
43	43:sweep-infeasible:targets=1:providers=16:kind=infeasible:program=five-op	48	5692708
43	43:sweep-infeasible:targets=1:providers=16:kind=infeasible:program=five-op	49	5729042
44	44:sweep-infeasible:targets=1:providers=32:kind=infeasible:program=five-op	0	7492834
44	44:sweep-infeasible:targets=1:providers=32:kind=infeasible:program=five-op	1	7480583
44	44:sweep-infeasible:targets=1:providers=32:kind=infeasible:program=five-op	2	7486292
44	44:sweep-infeasible:targets=1:providers=32:kind=infeasible:program=five-op	3	7470625
44	44:sweep-infeasible:targets=1:providers=32:kind=infeasible:program=five-op	4	7484834
44	44:sweep-infeasible:targets=1:providers=32:kind=infeasible:program=five-op	5	7488333
44	44:sweep-infeasible:targets=1:providers=32:kind=infeasible:program=five-op	6	7495917
44	44:sweep-infeasible:targets=1:providers=32:kind=infeasible:program=five-op	7	7480875
44	44:sweep-infeasible:targets=1:providers=32:kind=infeasible:program=five-op	8	7492084
44	44:sweep-infeasible:targets=1:providers=32:kind=infeasible:program=five-op	9	7488416
44	44:sweep-infeasible:targets=1:providers=32:kind=infeasible:program=five-op	10	7488084
44	44:sweep-infeasible:targets=1:providers=32:kind=infeasible:program=five-op	11	7448083
44	44:sweep-infeasible:targets=1:providers=32:kind=infeasible:program=five-op	12	7481625
44	44:sweep-infeasible:targets=1:providers=32:kind=infeasible:program=five-op	13	7487500
44	44:sweep-infeasible:targets=1:providers=32:kind=infeasible:program=five-op	14	7484417
44	44:sweep-infeasible:targets=1:providers=32:kind=infeasible:program=five-op	15	7487791
44	44:sweep-infeasible:targets=1:providers=32:kind=infeasible:program=five-op	16	7465333
44	44:sweep-infeasible:targets=1:providers=32:kind=infeasible:program=five-op	17	7489625
44	44:sweep-infeasible:targets=1:providers=32:kind=infeasible:program=five-op	18	7497250
44	44:sweep-infeasible:targets=1:providers=32:kind=infeasible:program=five-op	19	7491750
44	44:sweep-infeasible:targets=1:providers=32:kind=infeasible:program=five-op	20	7501459
44	44:sweep-infeasible:targets=1:providers=32:kind=infeasible:program=five-op	21	7504334
44	44:sweep-infeasible:targets=1:providers=32:kind=infeasible:program=five-op	22	7496541
44	44:sweep-infeasible:targets=1:providers=32:kind=infeasible:program=five-op	23	7498750
44	44:sweep-infeasible:targets=1:providers=32:kind=infeasible:program=five-op	24	7500083
44	44:sweep-infeasible:targets=1:providers=32:kind=infeasible:program=five-op	25	7497667
44	44:sweep-infeasible:targets=1:providers=32:kind=infeasible:program=five-op	26	7503042
44	44:sweep-infeasible:targets=1:providers=32:kind=infeasible:program=five-op	27	7498250
44	44:sweep-infeasible:targets=1:providers=32:kind=infeasible:program=five-op	28	7511208
44	44:sweep-infeasible:targets=1:providers=32:kind=infeasible:program=five-op	29	7499292
44	44:sweep-infeasible:targets=1:providers=32:kind=infeasible:program=five-op	30	7512458
44	44:sweep-infeasible:targets=1:providers=32:kind=infeasible:program=five-op	31	7492625
44	44:sweep-infeasible:targets=1:providers=32:kind=infeasible:program=five-op	32	7497125
44	44:sweep-infeasible:targets=1:providers=32:kind=infeasible:program=five-op	33	7503084
44	44:sweep-infeasible:targets=1:providers=32:kind=infeasible:program=five-op	34	7489375
44	44:sweep-infeasible:targets=1:providers=32:kind=infeasible:program=five-op	35	7487917
44	44:sweep-infeasible:targets=1:providers=32:kind=infeasible:program=five-op	36	7489458
44	44:sweep-infeasible:targets=1:providers=32:kind=infeasible:program=five-op	37	7518625
44	44:sweep-infeasible:targets=1:providers=32:kind=infeasible:program=five-op	38	7487166
44	44:sweep-infeasible:targets=1:providers=32:kind=infeasible:program=five-op	39	7480583
44	44:sweep-infeasible:targets=1:providers=32:kind=infeasible:program=five-op	40	7495625
44	44:sweep-infeasible:targets=1:providers=32:kind=infeasible:program=five-op	41	7492667
44	44:sweep-infeasible:targets=1:providers=32:kind=infeasible:program=five-op	42	7496958
44	44:sweep-infeasible:targets=1:providers=32:kind=infeasible:program=five-op	43	7492833
44	44:sweep-infeasible:targets=1:providers=32:kind=infeasible:program=five-op	44	7534042
44	44:sweep-infeasible:targets=1:providers=32:kind=infeasible:program=five-op	45	7518250
44	44:sweep-infeasible:targets=1:providers=32:kind=infeasible:program=five-op	46	7518875
44	44:sweep-infeasible:targets=1:providers=32:kind=infeasible:program=five-op	47	7506208
44	44:sweep-infeasible:targets=1:providers=32:kind=infeasible:program=five-op	48	7485125
44	44:sweep-infeasible:targets=1:providers=32:kind=infeasible:program=five-op	49	7497583
